user_pedon_id,nasis_horizon_sequence,horizon_designation,top_depth_cm,bottom_depth_cm,thickness_cm,field_texture,matrix_color_raw,matrix_color_name,matrix_munsell,matrix_hue,matrix_value,matrix_chroma,color_moisture_status,dry_munsell,moist_munsell,redox_raw,redox_feature_type,redox_concentration_rendered,redox_depletion_rendered,redox_percentages,redox_percentage_max,redox_abundance,redox_size,redox_contrast,redox_location,reduced_matrix_rendered,gley_rendered,wetness_morphology_raw,organic_horizon_or_material_rendered,raw_horizon_description
S2012ND093001,1,A,0.0,6.0,6.0,loam,"black (10YR 2/1), very dark gray (10YR 3/1), dry",very dark gray,10YR 3/1,10YR,3.0,1.0,,,,,,,,,,,,,,,,,,"A—0 to 6 centimeters (0.0 to 2.4 inches); black (10YR 2/1), very dark gray (10YR 3/1), dry; loam; 24 percent clay; weak fine granular structure; soft, very friable, slightly sticky, slightly plastic; many very fine roots throughout and few fine roots throughout; few very fine dendritic tubular pores; 3 percent by volume nonflat 2-?-5 millimeter mixed fragments; noneffervescent, by hcl, 1n; abrupt smooth boundary. Lab sample # 12N05021; dry when described; observed in pit, large or quarry"
S2012ND093001,2,Ap,6.0,16.0,10.0,loam,"black (10YR 2/1), very dark grayish brown (10YR 3/2), dry",very dark grayish brown,10YR 3/2,10YR,3.0,2.0,,,,,,,,,,,,,,,,,,"Ap—6 to 16 centimeters (2.4 to 6.3 inches); black (10YR 2/1), very dark grayish brown (10YR 3/2), dry; loam; 24 percent clay; weak medium prismatic parts to moderate medium subangular blocky structure; slightly hard, friable, slightly sticky, slightly plastic; common very fine roots throughout and common fine roots throughout; many very fine dendritic tubular pores; 6 percent by volume nonflat 2-?-5 millimeter mixed fragments; noneffervescent, by hcl, 1n; abrupt smooth boundary. Lab sample # 12N05022; dry when described; observed in pit, large or quarry"
S2012ND093001,3,2Bw,16.0,32.0,16.0,very gravelly sandy loam,"very dark brown (10YR 2/2), dark brown (10YR 3/3), dry",dark brown,10YR 3/3,10YR,3.0,3.0,,,,,,,,,,,,,,,,,,"2Bw—16 to 32 centimeters (6.3 to 12.6 inches); very dark brown (10YR 2/2), dark brown (10YR 3/3), dry; very gravelly sandy loam; 11 percent clay; loose, loose, nonsticky, nonplastic; common very fine roots throughout; 10 percent distinct irregular carbonate concretions with clear boundaries on bottom of rock fragments; 50 percent by volume nonflat 2-?-75 millimeter mixed fragments; noneffervescent, by hcl, 1n; clear wavy boundary. Lab sample # 12N05023; dry when described; observed in pit, large or quarry"
S2012ND093001,4,2Bk1,32.0,58.0,26.0,very gravelly loamy sand,"dark brown (10YR 3/3), brown (10YR 4/3), dry",brown,10YR 4/3,10YR,4.0,3.0,,,,,,,,,,,,,,,,,,"2Bk1—32 to 58 centimeters (12.6 to 22.8 inches); dark brown (10YR 3/3), brown (10YR 4/3), dry; very gravelly loamy sand; 3 percent clay; loose, loose, nonsticky, nonplastic; few very fine roots throughout; 5 percent distinct irregular carbonate concretions on bottom of rock fragments; 55 percent by volume nonflat 2-?-75 millimeter mixed fragments; strong effervescence, by hcl, 1n; clear wavy boundary. Lab sample # 12N05024; dry when described; observed in pit, large or quarry"
S2012ND093001,5,2Bk2,58.0,92.0,34.0,very gravelly loamy sand,"olive brown (2.5Y 4/3), light yellowish brown (2.5Y 6/3), dry",light yellowish brown,2.5Y 6/3,2.5Y,6.0,3.0,,,,,,,,,,,,,,,,,,"2Bk2—58 to 92 centimeters (22.8 to 36.2 inches); olive brown (2.5Y 4/3), light yellowish brown (2.5Y 6/3), dry; very gravelly loamy sand; 3 percent clay; loose, loose, nonsticky, nonplastic; few very fine roots throughout; 5 percent distinct irregular carbonate concretions on bottom of rock fragments; 60 percent by volume nonflat 2-?-10 millimeter mixed fragments; violent effervescence, by hcl, 1n; clear wavy boundary. Lab sample # 12N05025; dry when described; observed in pit, large or quarry"
S2012ND093001,6,2BCk,92.0,133.0,41.0,very gravelly sand,"60 percent dark brown (7.5YR 3/4) and 40 percent brown (10YR 4/3), 60 percent brown (7.5YR 4/4) and 40 percent brown (10YR 5/3), dry",percent brown,10YR 5/3,10YR,5.0,3.0,,,,,,,,,,,,,,,,,,"2BCk—92 to 133 centimeters (36.2 to 52.4 inches); 60 percent dark brown (7.5YR 3/4) and 40 percent brown (10YR 4/3), 60 percent brown (7.5YR 4/4) and 40 percent brown (10YR 5/3), dry; very gravelly sand; loose, loose, nonsticky, nonplastic; few very fine roots throughout; 10 percent distinct irregular carbonate concretions on bottom of rock fragments; 40 percent by volume nonflat 2-?-75 millimeter mixed fragments; slight effervescence, by hcl, 1n; clear wavy boundary. Lab sample # 12N05026; dry when described; observed in pit, large or quarry"
S2012ND093001,7,2C,133.0,190.0,57.0,very gravelly sand,"60 percent dark brown (7.5YR 3/4) and 40 percent brown (10YR 4/3), 60 percent brown (7.5YR 4/4) and 40 percent brown (10YR 5/3), dry",percent brown,10YR 5/3,10YR,5.0,3.0,,,,,,,,,,,,,,,,,,"2C—133 to 190 centimeters (52.4 to 74.8 inches); 60 percent dark brown (7.5YR 3/4) and 40 percent brown (10YR 4/3), 60 percent brown (7.5YR 4/4) and 40 percent brown (10YR 5/3), dry; very gravelly sand; loose, loose, nonsticky, nonplastic; 25 percent by volume nonflat 75-?-250 millimeter mixed fragments and 30 percent by volume nonflat 2-?-75 millimeter mixed fragments; very slight effervescence, by hcl, 1n. Lab sample # 12N05027; dry when described; observed in pit, large or quarry"
S2015ND093009,1,A,0.0,20.0,20.0,loam,"very dark grayish brown (10YR 3/2), very dark brown (10YR 2/2), moist",very dark brown,10YR 2/2,10YR,2.0,2.0,moist,10YR 3/2,10YR 2/2,,,,,,,,,,,,,,,"A—0 to 20 centimeters (0.0 to 7.9 inches); very dark grayish brown (10YR 3/2), very dark brown (10YR 2/2), moist; loam; moderate fine granular structure; slightly hard, friable, slightly sticky, slightly plastic; moderate permeability; common fine roots throughout; 1 percent by volume nonflat subangular indurated 75-150-250 millimeter mixed fragments observed by visual inspection method and 3 percent by volume nonflat subangular indurated 2-40-75 millimeter mixed fragments observed by visual inspection method; slight effervescence, by hcl, 1n; clear wavy boundary. Lab sample # 16N01585; moist when described; observed in pit, small"
S2015ND093009,2,Bk1,20.0,36.0,16.0,clay loam,"dark grayish brown (2.5Y 4/2), dark olive brown (2.5Y 3/3), moist",dark olive brown,2.5Y 3/3,2.5Y,3.0,3.0,moist,2.5Y 4/2,2.5Y 3/3,,,,,,,,,,,,,,,"Bk1—20 to 36 centimeters (7.9 to 14.2 inches); dark grayish brown (2.5Y 4/2), dark olive brown (2.5Y 3/3), moist; clay loam; moderate medium prismatic parts to moderate medium subangular blocky structure; hard, firm, slightly sticky, slightly plastic; moderately slow permeability; common very fine roots throughout and common fine roots throughout; carbonate, finely disseminated; 1 percent by volume nonflat subangular indurated 75-150-250 millimeter mixed fragments observed by visual inspection method and 5 percent by volume nonflat subangular indurated 2-40-75 millimeter mixed fragments observed by visual inspection method; strong effervescence, by hcl, 1n; clear wavy boundary. Lab sample # 16N01586; moist when described; observed in pit, small"
S2015ND093009,3,Bk2,36.0,63.0,27.0,clay loam,"light olive brown (2.5Y 5/3), olive brown (2.5Y 4/3), moist",olive brown,2.5Y 4/3,2.5Y,4.0,3.0,moist,2.5Y 5/3,2.5Y 4/3,,,,,,,,,,,,,,,"Bk2—36 to 63 centimeters (14.2 to 24.8 inches); light olive brown (2.5Y 5/3), olive brown (2.5Y 4/3), moist; clay loam; moderate coarse prismatic parts to moderate coarse subangular blocky structure; hard, firm, slightly sticky, slightly plastic; moderately slow permeability; few fine roots throughout; 10 percent faint clay films on all faces of peds; 5 percent fine irregular noncoherent cemented carbonate masses in matrix and 10 percent medium irregular noncoherent cemented carbonate masses in matrix; 2 percent by volume nonflat subangular indurated 75-150-250 millimeter mixed fragments observed by visual inspection method and 5 percent by volume nonflat subangular indurated 2-40-75 millimeter mixed fragments observed by visual inspection method; violent effervescence, by hcl, 1n; gradual wavy boundary. Lab sample # 16N01587; dry when described; observed in pit, small. patchy - phpvsfiid 1142308; patchy - phpvsfiid 1142308"
S2015ND093009,4,BCk,63.0,100.0,37.0,loam,"light olive brown (2.5Y 5/3), olive brown (2.5Y 4/3), moist",olive brown,2.5Y 4/3,2.5Y,4.0,3.0,moist,2.5Y 5/3,2.5Y 4/3,"2 percent fine prominent irregular strong brown (7.5YR 4/6), moist, masses of oxidized iron in matrix and 5 percent medium distinct irregular light olive brown (2.5Y 5/6), moist, masses of oxidized iron in matrix",concentration,1.0,,2 | 5,5.0,,fine | medium,prominent | distinct,,,,"2 percent fine prominent irregular strong brown (7.5YR 4/6), moist, masses of oxidized iron in matrix and 5 percent medium distinct irregular light olive brown (2.5Y 5/6), moist, masses of oxidized iron in matrix",,"BCk—63 to 100 centimeters (24.8 to 39.4 inches); light olive brown (2.5Y 5/3), olive brown (2.5Y 4/3), moist; loam; weak very coarse subangular blocky structure; hard, firm, slightly sticky, slightly plastic; moderately slow permeability; few very fine roots throughout; 2 percent fine prominent irregular strong brown (7.5YR 4/6), moist, masses of oxidized iron in matrix and 5 percent medium distinct irregular light olive brown (2.5Y 5/6), moist, masses of oxidized iron in matrix; 5 percent medium irregular noncoherent cemented carbonate masses in matrix; 2 percent by volume nonflat subangular indurated 75-150-250 millimeter mixed fragments observed by visual inspection method and 5 percent by volume nonflat subangular indurated 2-40-75 millimeter mixed fragments observed by visual inspection method; strong effervescence, by hcl, 1n. Lab sample # 16N01588; dry when described; observed in pit, small"
S2015ND093010,1,A,0.0,18.0,18.0,loam,"very dark grayish brown (10YR 3/2), very dark brown (10YR 2/2), moist",very dark brown,10YR 2/2,10YR,2.0,2.0,moist,10YR 3/2,10YR 2/2,,,,,,,,,,,,,,,"A—0 to 18 centimeters (0.0 to 7.1 inches); very dark grayish brown (10YR 3/2), very dark brown (10YR 2/2), moist; loam; moderate fine granular, and moderate medium granular structure; slightly hard, friable, slightly sticky, slightly plastic; moderate permeability; many very fine roots throughout; 5 percent by volume nonflat subangular indurated 2-40-75 millimeter mixed fragments observed by visual inspection method; noneffervescent, by hcl, 1n; clear smooth boundary. Lab sample # 16N01589; moderately dry when described; observed in pit, small"
S2015ND093010,2,Bw,18.0,30.0,12.0,loam,"dark grayish brown (10YR 4/2), very dark grayish brown (10YR 3/2), moist",very dark grayish brown,10YR 3/2,10YR,3.0,2.0,moist,10YR 4/2,10YR 3/2,,,,,,,,,,,,,,,"Bw—18 to 30 centimeters (7.1 to 11.8 inches); dark grayish brown (10YR 4/2), very dark grayish brown (10YR 3/2), moist; loam; moderate medium prismatic parts to moderate medium subangular blocky structure; slightly hard, friable, slightly sticky, slightly plastic; moderate permeability; few very fine roots throughout; 10 percent by volume nonflat subangular indurated 2-40-75 millimeter mixed fragments observed by visual inspection method; noneffervescent, by hcl, 1n; clear wavy boundary. Lab sample # 16N01590; moderately dry when described; observed in pit, small"
S2015ND093010,3,BCk,30.0,100.0,70.0,very gravelly loamy coarse sand,"light yellowish brown (2.5Y 6/4), light olive brown (2.5Y 5/4), moist",light olive brown,2.5Y 5/4,2.5Y,5.0,4.0,moist,2.5Y 6/4,2.5Y 5/4,,,,,,,,,,,,,,,"BCk—30 to 100 centimeters (11.8 to 39.4 inches); light yellowish brown (2.5Y 6/4), light olive brown (2.5Y 5/4), moist; very gravelly loamy coarse sand; weak very coarse subangular blocky parts to single grain; loose, loose, nonsticky, nonplastic; very rapid permeability; few very fine roots throughout; 25 percent carbonate coats on bottom of rock fragments; carbonate, finely disseminated throughout; 50 percent by volume nonflat subangular indurated 2-40-75 millimeter mixed fragments observed by visual inspection method; strong effervescence, by hcl, 1n. Lab sample # 16N01591; dry when described; observed in pit, small. Thin layer with prismatic structure at top of horizon."
S2015ND093013,1,A,0.0,25.0,25.0,silty clay loam,"greenish black (10Y 2/1), very dark gray (10YR 3/1), dry",very dark gray,10YR 3/1,10YR,3.0,1.0,,,,,,,,,,,,,,,,,,"A—0 to 25 centimeters (0.0 to 9.8 inches); greenish black (10Y 2/1), very dark gray (10YR 3/1), dry; silty clay loam; weak medium subangular blocky parts to moderate fine granular, and moderate medium granular structure; slightly hard, friable, moderately sticky, moderately plastic; moderately slow permeability; many very fine roots throughout and common medium roots throughout and common fine roots throughout; 2 percent by volume nonflat subangular indurated 2-40-75 millimeter mixed fragments observed by visual inspection method; noneffervescent, by hcl, 1n; clear wavy boundary. Lab sample # 16N01592; moist when described; observed in pit, small"
S2015ND093013,2,Bw,25.0,34.0,9.0,clay loam,"very dark grayish brown (2.5Y 3/2), olive brown (2.5Y 4/3), dry",olive brown,2.5Y 4/3,2.5Y,4.0,3.0,,,,,,,,,,,,,,,,,,"Bw—25 to 34 centimeters (9.8 to 13.4 inches); very dark grayish brown (2.5Y 3/2), olive brown (2.5Y 4/3), dry; clay loam; moderate medium subangular blocky structure; slightly hard, firm, moderately sticky, moderately plastic; moderately slow permeability; common very fine roots throughout and common fine roots throughout; 2 percent by volume nonflat subangular indurated 2-40-75 millimeter mixed fragments observed by visual inspection method; noneffervescent, by hcl, 1n; clear smooth boundary. Lab sample # 16N01593; moist when described; observed in pit, small"
S2015ND093013,3,Bk,34.0,60.0,26.0,clay loam,"dark grayish brown (2.5Y 4/2), grayish brown (2.5Y 5/2), dry",grayish brown,2.5Y 5/2,2.5Y,5.0,2.0,,,,"3 percent medium faint gray (2.5Y 5/1), moist, iron depletions in matrix and 5 percent medium prominent dark yellowish brown (10YR 4/6), moist, masses of reduced iron in matrix",depletion | reduced matrix,,1.0,3,3.0,,medium,faint | prominent,,1.0,,"3 percent medium faint gray (2.5Y 5/1), moist, iron depletions in matrix and 5 percent medium prominent dark yellowish brown (10YR 4/6), moist, masses of reduced iron in matrix",,"Bk—34 to 60 centimeters (13.4 to 23.6 inches); dark grayish brown (2.5Y 4/2), grayish brown (2.5Y 5/2), dry; clay loam; moderate medium prismatic parts to moderate medium subangular blocky structure; slightly hard, firm, moderately sticky, moderately plastic; moderately slow permeability; common very fine roots throughout; 3 percent medium faint gray (2.5Y 5/1), moist, iron depletions in matrix and 5 percent medium prominent dark yellowish brown (10YR 4/6), moist, masses of reduced iron in matrix; 2 percent fine irregular noncoherent cemented white (2.5Y 8/1), moist, carbonate masses in matrix; 5 percent by volume nonflat subangular indurated 2-40-75 millimeter mixed fragments observed by visual inspection method; violent effervescence, by hcl, 1n; gradual wavy boundary. Lab sample # 16N01594; moist when described; observed in pit, small"
S2015ND093013,4,BCk,60.0,100.0,40.0,clay loam,"grayish brown (2.5Y 5/2), light brownish gray (2.5Y 6/2), dry",light brownish gray,2.5Y 6/2,2.5Y,6.0,2.0,,,,"1 percent fine distinct dark yellowish brown (10YR 4/6), moist, iron-manganese masses in matrix and 2 percent medium faint gray (2.5Y 5/1), moist, iron depletions in matrix and 21 percent medium prominent dark yellowish brown (10YR 4/6), moist, masses of reduced iron in matrix",depletion | reduced matrix,,1.0,1 | 2,2.0,,fine | medium,distinct | faint | prominent,,1.0,,"1 percent fine distinct dark yellowish brown (10YR 4/6), moist, iron-manganese masses in matrix and 2 percent medium faint gray (2.5Y 5/1), moist, iron depletions in matrix and 21 percent medium prominent dark yellowish brown (10YR 4/6), moist, masses of reduced iron in matrix",,"BCk—60 to 100 centimeters (23.6 to 39.4 inches); grayish brown (2.5Y 5/2), light brownish gray (2.5Y 6/2), dry; clay loam; weak coarse prismatic parts to weak coarse subangular blocky structure; slightly hard, firm, moderately sticky, moderately plastic; moderately slow permeability; few very fine roots throughout; 1 percent fine distinct dark yellowish brown (10YR 4/6), moist, iron-manganese masses in matrix and 2 percent medium faint gray (2.5Y 5/1), moist, iron depletions in matrix and 21 percent medium prominent dark yellowish brown (10YR 4/6), moist, masses of reduced iron in matrix; 3 percent medium irregular noncoherent cemented carbonate masses in matrix; 5 percent by volume nonflat subangular indurated 2-40-75 millimeter mixed fragments observed by visual inspection method; violent effervescence, by hcl, 1n. Lab sample # 16N01595; moist when described; observed in pit, small"
S2015ND093017,1,A,0.0,26.0,26.0,sandy loam,"very dark grayish brown (10YR 3/2), very dark brown (10YR 2/2), moist",very dark brown,10YR 2/2,10YR,2.0,2.0,moist,10YR 3/2,10YR 2/2,,,,,,,,,,,,,,,"A—0 to 26 centimeters (0.0 to 10.2 inches); very dark grayish brown (10YR 3/2), very dark brown (10YR 2/2), moist; sandy loam; weak medium subangular blocky parts to weak fine granular structure; soft, very friable, slightly sticky, slightly plastic; common (3.0) very fine roots throughout and common (3.0) fine roots throughout; 5 percent by volume nonflat subrounded indurated 2-3-5 millimeter mixed fragments observed by visual inspection method; noneffervescent, by hcl, 1n; abrupt wavy boundary. Lab sample # 16N01596; moist when described; observed in pit, small"
S2015ND093017,2,Bw,26.0,45.0,19.0,loamy coarse sand,"yellowish brown (10YR 5/4), dark yellowish brown (10YR 4/4), moist",dark yellowish brown,10YR 4/4,10YR,4.0,4.0,moist,10YR 5/4,10YR 4/4,,,,,,,,,,,,,,,"Bw—26 to 45 centimeters (10.2 to 17.7 inches); yellowish brown (10YR 5/4), dark yellowish brown (10YR 4/4), moist; loamy coarse sand; single grain; loose, loose, nonsticky, nonplastic; moderately few (0.5) very fine roots throughout and moderately few (0.5) fine roots throughout; 2 percent faint carbonate coats on bottom of rock fragments; 8 percent by volume nonflat subrounded indurated 20-40-76 millimeter mixed fragments observed by visual inspection method; very slight effervescence, by hcl, 1n; abrupt wavy boundary. Lab sample # 16N01597; moist when described; observed in pit, small. continuous - phpvsfiid 1142309; continuous - phpvsfiid 1142309"
S2015ND093017,3,Bk,45.0,100.0,55.0,gravelly sandy loam,"pale brown (10YR 6/3), brown (10YR 5/3), moist",brown,10YR 5/3,10YR,5.0,3.0,moist,10YR 6/3,10YR 5/3,,,,,,,,,,,,,,,"Bk—45 to 100 centimeters (17.7 to 39.4 inches); pale brown (10YR 6/3), brown (10YR 5/3), moist; gravelly sandy loam; single grain; loose, loose, nonsticky, nonplastic; moderately few (0.5) very fine roots throughout and moderately few (0.5) fine roots throughout; carbonate, finely disseminated throughout and 3 percent fine irregular noncoherent cemented light gray (10YR 7/2), dry, and light brownish gray (10YR 6/2), moist, carbonate masses in matrix; 20 percent by volume nonflat subrounded indurated 2-40-76 millimeter mixed fragments observed by visual inspection method; strong effervescence, by hcl, 1n; gradual wavy boundary. Lab sample # 16N01598; dry when described; observed in pit, small"
S2015ND093017,4,C1,100.0,178.0,78.0,gravelly sand,"light yellowish brown (2.5Y 6/3), light olive brown (2.5Y 5/3), moist",light olive brown,2.5Y 5/3,2.5Y,5.0,3.0,moist,2.5Y 6/3,2.5Y 5/3,,,,,,,,,,,,,,,"C1—100 to 178 centimeters (39.4 to 70.1 inches); light yellowish brown (2.5Y 6/3), light olive brown (2.5Y 5/3), moist; gravelly sand; single grain; loose, loose, nonsticky, nonplastic; carbonate, finely disseminated throughout; 20 percent by volume nonflat subrounded indurated 2-40-76 millimeter mixed fragments observed by visual inspection method; slight effervescence, by hcl, 1n; gradual wavy boundary. Lab sample # 16N01599; dry when described; observed in auger, bucket"
S2015ND093017,5,C2,178.0,200.0,22.0,gravelly sand,"light yellowish brown (2.5Y 6/3), light olive brown (2.5Y 5/4), moist",light olive brown,2.5Y 5/4,2.5Y,5.0,4.0,moist,2.5Y 6/3,2.5Y 5/4,,,,,,,,,,,,,,,"C2—178 to 200 centimeters (70.1 to 78.7 inches); light yellowish brown (2.5Y 6/3), light olive brown (2.5Y 5/4), moist; gravelly sand; single grain; loose, loose, nonsticky, nonplastic; 1 percent fine distinct irregular extremely weakly coherent cemented very dark gray (2.5Y 3/1), moist, manganese masses in matrix; carbonate, finely disseminated throughout; 20 percent by volume nonflat subrounded indurated 2-40-76 millimeter mixed fragments observed by visual inspection method; slight effervescence, by hcl, 1n. Lab sample # 16N01600; dry when described; observed in auger, bucket"
S2015ND093019,1,A,0.0,14.0,14.0,loam,"very dark gray (10YR 3/1), black (10YR 2/1), moist",black,10YR 2/1,10YR,2.0,1.0,moist,10YR 3/1,10YR 2/1,,,,,,,,,,,,,,,"A—0 to 14 centimeters (0.0 to 5.5 inches); very dark gray (10YR 3/1), black (10YR 2/1), moist; loam; moderate fine granular, and moderate medium granular structure; hard, friable, slightly sticky, slightly plastic; moderate permeability; many very fine roots throughout and few medium roots throughout and common fine roots throughout; common (1.0) medium tubular pores; 1 percent by volume nonflat subangular indurated 2-5-20 millimeter mixed fragments observed by visual inspection method; noneffervescent, by hcl, 1n; clear smooth boundary. Lab sample # 16N01601; moist when described; observed in pit, small. 1/2cm of undecomposed material (leaves & roots) on surface."
S2015ND093019,2,Bt,14.0,29.0,15.0,clay loam,"olive brown (2.5Y 4/3), dark olive brown (2.5Y 3/3), moist",dark olive brown,2.5Y 3/3,2.5Y,3.0,3.0,moist,2.5Y 4/3,2.5Y 3/3,,,,,,,,,,,,,,,"Bt—14 to 29 centimeters (5.5 to 11.4 inches); olive brown (2.5Y 4/3), dark olive brown (2.5Y 3/3), moist; clay loam; moderate medium prismatic parts to moderate medium subangular blocky structure; hard, firm, moderately sticky, moderately plastic; moderately slow permeability; many very fine roots throughout and common fine roots throughout; common (3.0) medium tubular pores; 2 percent distinct black (10YR 2/1), moist, organic stains on all faces of peds and 10 percent faint very dark gray (2.5Y 3/1), moist, clay films on vertical faces of peds; 1 percent by volume nonflat subangular indurated 2-20-76 millimeter mixed fragments observed by visual inspection method; noneffervescent, by hcl, 1n; clear wavy boundary. Lab sample # 16N01602; moist when described; observed in pit, small. patchy - phpvsfiid 1142310; patchy - phpvsfiid 1142311; patchy - phpvsfiid 1142310; patchy - phpvsfiid 1142311"
S2015ND093019,3,Btk,29.0,47.0,18.0,clay loam,"light yellowish brown (2.5Y 6/3), light olive brown (2.5Y 5/3), moist",light olive brown,2.5Y 5/3,2.5Y,5.0,3.0,moist,2.5Y 6/3,2.5Y 5/3,,,,,,,,,,,,,,,"Btk—29 to 47 centimeters (11.4 to 18.5 inches); light yellowish brown (2.5Y 6/3), light olive brown (2.5Y 5/3), moist; clay loam; moderate medium prismatic parts to moderate medium subangular blocky structure; slightly hard, friable, moderately sticky, moderately plastic; moderately slow permeability; common very fine roots between peds; common (3.0) medium tubular pores; 25 percent distinct very dark gray (2.5Y 3/1), moist, clay films on vertical faces of peds; carbonate, finely disseminated throughout and 3 percent fine irregular noncoherent cemented white (2.5Y 8/1), moist, carbonate masses in matrix; 3 percent by volume nonflat subangular indurated 2-40-76 millimeter mixed fragments observed by visual inspection method; violent effervescence, by hcl, 1n; clear irregular boundary. Lab sample # 16N01603; dry when described; observed in pit, small. continuous - phpvsfiid 1142312; continuous - phpvsfiid 1142312"
S2015ND093019,4,Bk,47.0,100.0,53.0,loam,"light brownish gray (2.5Y 6/2), light olive brown (2.5Y 5/3), moist",light olive brown,2.5Y 5/3,2.5Y,5.0,3.0,moist,2.5Y 6/2,2.5Y 5/3,,,,,,,,,,,,,,,"Bk—47 to 100 centimeters (18.5 to 39.4 inches); light brownish gray (2.5Y 6/2), light olive brown (2.5Y 5/3), moist; loam; weak coarse prismatic parts to moderate medium subangular blocky structure; slightly hard, friable, slightly sticky, slightly plastic; moderately slow permeability; common very fine roots between peds; common (2.0) medium tubular pores; carbonate, finely disseminated throughout and 3 percent fine irregular noncoherent cemented white (2.5Y 8/1), moist, carbonate masses in matrix; 1 percent by volume nonflat subangular indurated 250-350-600 millimeter mixed fragments observed by visual inspection method and 3 percent by volume nonflat subangular indurated 2-40-76 millimeter mixed fragments observed by visual inspection method; violent effervescence, by hcl, 1n; clear irregular boundary. Lab sample # 16N01604; dry when described; observed in pit, small"
S2015ND093019,5,BCk,100.0,200.0,100.0,loam,"light brownish gray (2.5Y 6/2), light olive brown (2.5Y 5/3), moist",light olive brown,2.5Y 5/3,2.5Y,5.0,3.0,moist,2.5Y 6/2,2.5Y 5/3,"2 percent fine prominent noncoherent cemented black (10YR 2/1), moist, manganese masses in matrix and 4 percent medium distinct very dark grayish brown (2.5Y 3/2), moist, iron depletions in matrix and 4 percent fine prominent yellowish red (5YR 5/6), moist, masses of oxidized iron in matrix",concentration | depletion,1.0,1.0,2 | 4,4.0,,fine | medium,prominent | distinct,,,,"2 percent fine prominent noncoherent cemented black (10YR 2/1), moist, manganese masses in matrix and 4 percent medium distinct very dark grayish brown (2.5Y 3/2), moist, iron depletions in matrix and 4 percent fine prominent yellowish red (5YR 5/6), moist, masses of oxidized iron in matrix",,"BCk—100 to 200 centimeters (39.4 to 78.7 inches); light brownish gray (2.5Y 6/2), light olive brown (2.5Y 5/3), moist; loam; weak very coarse subangular blocky structure; slightly hard, friable, slightly sticky, slightly plastic; moderately slow permeability; 2 percent fine prominent noncoherent cemented black (10YR 2/1), moist, manganese masses in matrix and 4 percent medium distinct very dark grayish brown (2.5Y 3/2), moist, iron depletions in matrix and 4 percent fine prominent yellowish red (5YR 5/6), moist, masses of oxidized iron in matrix; carbonate, finely disseminated throughout and 4 percent medium irregular noncoherent cemented white (2.5Y 8/1), moist, carbonate masses in matrix; 3 percent by volume nonflat subangular indurated 2-40-76 millimeter mixed fragments observed by visual inspection method; violent effervescence, by hcl, 1n. Lab sample # 16N01605; dry when described; observed in auger, bucket"
S2015ND093021,1,Oe,0.0,18.0,18.0,fragments,black (10YR 2/1) mucky peat,black,10YR 2/1,10YR,2.0,1.0,,,,,,,,,,,,,,,,,1.0,"Oe—0 to 18 centimeters (0.0 to 7.1 inches); black (10YR 2/1) mucky peat; fragments; noneffervescent, by hcl, 1n; abrupt smooth boundary. Lab sample # 16N01606; moist when described; observed in pit, small"
S2015ND093021,2,A,18.0,34.0,16.0,silty clay loam,"black (10YR 2/1), black (10YR 2/1), dry",black,10YR 2/1,10YR,2.0,1.0,,,,,,,,,,,,,,,,,,"A—18 to 34 centimeters (7.1 to 13.4 inches); black (10YR 2/1), black (10YR 2/1), dry; silty clay loam; 25 percent clay; weak fine prismatic parts to weak fine subangular blocky structure; friable, moderately sticky, moderately plastic; moderately slow permeability; fragments; very slight effervescence, by hcl, 1n; clear irregular boundary. Lab sample # 16N01607; wet when described; observed in pit, small. Water table is present in and under this horizon."
S2015ND093021,3,Bkg1,34.0,80.0,46.0,silty clay loam,"grayish brown (2.5Y 5/2), light brownish gray (2.5Y 6/2), dry",light brownish gray,2.5Y 6/2,2.5Y,6.0,2.0,,,,"light yellowish brown (10YR 6/4), moist, reduced matrix and 2 percent fine faint light brownish gray (2.5Y 6/2), moist, iron depletions in matrix and 5 percent fine prominent yellowish brown (10YR 5/6), moist, masses of oxidized iron in matrix",concentration | depletion | reduced matrix,1.0,1.0,2 | 5,5.0,,fine,faint | prominent,,1.0,,"light yellowish brown (10YR 6/4), moist, reduced matrix and 2 percent fine faint light brownish gray (2.5Y 6/2), moist, iron depletions in matrix and 5 percent fine prominent yellowish brown (10YR 5/6), moist, masses of oxidized iron in matrix",,"Bkg1—34 to 80 centimeters (13.4 to 31.5 inches); grayish brown (2.5Y 5/2), light brownish gray (2.5Y 6/2), dry; silty clay loam; 25 percent clay; moderate coarse prismatic parts to moderate medium subangular blocky structure; moderately sticky, moderately plastic; moderately slow permeability; light yellowish brown (10YR 6/4), moist, reduced matrix and 2 percent fine faint light brownish gray (2.5Y 6/2), moist, iron depletions in matrix and 5 percent fine prominent yellowish brown (10YR 5/6), moist, masses of oxidized iron in matrix; 1 percent fine irregular noncoherent cemented white (2.5Y 8/1), moist, carbonate masses in matrix; fragments; strong effervescence, by hcl, 1n; clear wavy boundary. Lab sample # 16N01608; wet, satiated when described; observed in pit, small"
S2015ND093021,4,Bkg2,80.0,110.0,30.0,silty clay loam,"dark grayish brown (2.5Y 4/2), light yellowish brown (2.5Y 6/3), dry",light yellowish brown,2.5Y 6/3,2.5Y,6.0,3.0,,,,"gray (2.5Y 5/1), moist, reduced matrix and 5 percent fine faint gray (2.5Y 5/1), moist, iron depletions in matrix and 7 percent fine distinct light olive brown (2.5Y 5/4), moist, masses of oxidized iron in matrix",concentration | depletion | reduced matrix,1.0,1.0,5 | 7,7.0,,fine,faint | distinct,,1.0,,"gray (2.5Y 5/1), moist, reduced matrix and 5 percent fine faint gray (2.5Y 5/1), moist, iron depletions in matrix and 7 percent fine distinct light olive brown (2.5Y 5/4), moist, masses of oxidized iron in matrix",,"Bkg2—80 to 110 centimeters (31.5 to 43.3 inches); dark grayish brown (2.5Y 4/2), light yellowish brown (2.5Y 6/3), dry; silty clay loam; 30 percent clay; moderate coarse prismatic parts to moderate medium subangular blocky structure; very sticky, very plastic; moderately slow permeability; gray (2.5Y 5/1), moist, reduced matrix and 5 percent fine faint gray (2.5Y 5/1), moist, iron depletions in matrix and 7 percent fine distinct light olive brown (2.5Y 5/4), moist, masses of oxidized iron in matrix; 5 percent fine irregular noncoherent cemented white (2.5Y 8/1), moist, carbonate masses in matrix; fragments; strong effervescence, by hcl, 1n; gradual wavy boundary. Lab sample # 16N01609; wet, satiated when described; observed in pit, small"
S2015ND093021,5,Cg,110.0,200.0,90.0,silty clay loam,"grayish brown (2.5Y 5/2), light brownish gray (2.5Y 6/2), dry",light brownish gray,2.5Y 6/2,2.5Y,6.0,2.0,,,,"reduced matrix and 5 percent fine faint gray (2.5Y 5/1), moist, iron depletions in matrix and 7 percent fine distinct yellowish brown (10YR 5/4), moist, masses of oxidized iron in matrix",concentration | depletion | reduced matrix,1.0,1.0,5 | 7,7.0,,fine,faint | distinct,,1.0,,"reduced matrix and 5 percent fine faint gray (2.5Y 5/1), moist, iron depletions in matrix and 7 percent fine distinct yellowish brown (10YR 5/4), moist, masses of oxidized iron in matrix",,"Cg—110 to 200 centimeters (43.3 to 78.7 inches); grayish brown (2.5Y 5/2), light brownish gray (2.5Y 6/2), dry; silty clay loam; 30 percent clay; massive; moderately sticky, moderately plastic; moderately slow permeability; reduced matrix and 5 percent fine faint gray (2.5Y 5/1), moist, iron depletions in matrix and 7 percent fine distinct yellowish brown (10YR 5/4), moist, masses of oxidized iron in matrix; 1 percent fine irregular noncoherent cemented white (2.5Y 8/1), moist, carbonate masses in matrix; 3 percent by volume nonflat subrounded indurated 5-10-20 millimeter mixed fragments observed by visual inspection method; strong effervescence, by hcl, 1n. Lab sample # 16N01610; wet, satiated when described; observed in auger, bucket"
S2015ND093022,1,Oe,0.0,18.0,18.0,fragments,mucky peat,,,,,,,,,,,,,,,,,,,,,,1.0,"Oe—0 to 18 centimeters (0.0 to 7.1 inches); mucky peat; fragments; slight sulfurous odor; noneffervescent, by hcl, 1n; clear smooth boundary. Lab sample # 16N01611; wet when described; observed in pit, small. Water table is present within 18 cm."
S2015ND093022,2,A,18.0,54.0,36.0,mucky silt loam,"black (10YR 2/1), very dark gray (10YR 3/1), dry",very dark gray,10YR 3/1,10YR,3.0,1.0,,,,,,,,,,,,,,,,,1.0,"A—18 to 54 centimeters (7.1 to 21.3 inches); black (10YR 2/1), very dark gray (10YR 3/1), dry; mucky silt loam; weak coarse subangular blocky parts to weak fine subangular blocky structure; slightly sticky, slightly plastic; moderate permeability; ; 2 percent by volume nonflat subangular indurated 250-350-600 millimeter mixed fragments observed by visual inspection method and 2 percent by volume nonflat subangular indurated 76-150-250 millimeter mixed fragments observed by visual inspection method; moderate sulfurous odor; strong effervescence, by hcl, 1n; clear smooth boundary. Lab sample # 16N01612; wet, satiated when described; observed in pit, small. Between the A and BCg a stone line is present. Comprised of stones and cobbles.; Rock fragments are concentrated in the lower half of the horizon."
S2015ND093022,3,BCg,54.0,100.0,46.0,silty clay,"olive gray (5Y 5/2), gray (2.5Y 6/1), dry",gray,2.5Y 6/1,2.5Y,6.0,1.0,,,,"1 percent fine prominent black (10YR 2/1), moist, iron-manganese concretions in matrix and 5 percent fine distinct light olive brown (2.5Y 5/4), moist, masses of oxidized iron in matrix and 5 percent fine distinct grayish green (5GY 5/2), moist, iron depletions in matrix",concentration | depletion,1.0,1.0,1 | 5,5.0,,fine,prominent | distinct,,,,"1 percent fine prominent black (10YR 2/1), moist, iron-manganese concretions in matrix and 5 percent fine distinct light olive brown (2.5Y 5/4), moist, masses of oxidized iron in matrix and 5 percent fine distinct grayish green (5GY 5/2), moist, iron depletions in matrix",,"BCg—54 to 100 centimeters (21.3 to 39.4 inches); olive gray (5Y 5/2), gray (2.5Y 6/1), dry; silty clay; weak coarse subangular blocky structure; very sticky, very plastic; slow permeability; 1 percent fine prominent black (10YR 2/1), moist, iron-manganese concretions in matrix and 5 percent fine distinct light olive brown (2.5Y 5/4), moist, masses of oxidized iron in matrix and 5 percent fine distinct grayish green (5GY 5/2), moist, iron depletions in matrix; 2 percent by volume nonflat subangular indurated 76-150-250 millimeter mixed fragments observed by visual inspection method; strong sulfurous odor; strong effervescence, by hcl, 1n; gradual wavy boundary. Lab sample # 16N01613; wet, satiated when described; observed in pit, small"
S2015ND093022,4,2Cg,100.0,200.0,100.0,clay loam,"gray (5Y 5/1), light brownish gray (2.5Y 6/2), dry",light brownish gray,2.5Y 6/2,2.5Y,6.0,2.0,,,,"5 percent fine distinct grayish green (5GY 5/2), moist, iron depletions in matrix and 5 percent fine distinct light olive brown (2.5Y 5/4), moist, masses of oxidized iron in matrix",concentration | depletion,1.0,1.0,5,5.0,,fine,distinct,,,,"5 percent fine distinct grayish green (5GY 5/2), moist, iron depletions in matrix and 5 percent fine distinct light olive brown (2.5Y 5/4), moist, masses of oxidized iron in matrix",,"2Cg—100 to 200 centimeters (39.4 to 78.7 inches); gray (5Y 5/1), light brownish gray (2.5Y 6/2), dry; clay loam; massive; moderately sticky, moderately plastic; moderately slow permeability; 5 percent fine distinct grayish green (5GY 5/2), moist, iron depletions in matrix and 5 percent fine distinct light olive brown (2.5Y 5/4), moist, masses of oxidized iron in matrix; 5 percent by volume nonflat subangular indurated 5-20-76 millimeter mixed fragments observed by visual inspection method; strong sulfurous odor; strong effervescence, by hcl, 1n. Lab sample # 16N01614; wet, satiated when described; observed in pit, small"
S2015ND093026,1,Oi,0.0,2.0,2.0,shell fragments,black (10YR 2/1) slightly decomposed plant material,black,10YR 2/1,10YR,2.0,1.0,,,,,,,,,,,,,,,,,1.0,"Oi—0 to 2 centimeters (0.0 to 0.8 inches); black (10YR 2/1) slightly decomposed plant material; shell fragments; fragments; noneffervescent, by hcl, 1n; abrupt smooth boundary. Lab sample # 16N01615; wet when described; observed in pit, small. Shells present within this horizon."
S2015ND093026,2,A1,2.0,18.0,16.0,silty clay loam,"black (10YR 2/1), black (10YR 2/1), dry",black,10YR 2/1,10YR,2.0,1.0,,,,,,,,,,,,,,,,,,"A1—2 to 18 centimeters (0.8 to 7.1 inches); black (10YR 2/1), black (10YR 2/1), dry; silty clay loam; moderate fine granular, and weak fine granular structure; moderately sticky, moderately plastic; moderately slow permeability; shell fragments; fragments; noneffervescent, by hcl, 1n; clear wavy boundary. Lab sample # 16N01616; wet when described; observed in pit, small. Shells present within this horizon."
S2015ND093026,3,A2,18.0,36.0,18.0,silty clay loam,"very dark gray (2.5Y 3/1), dark gray (2.5Y 4/1), dry",dark gray,2.5Y 4/1,2.5Y,4.0,1.0,,,,,,,,,,,,,,,,,,"A2—18 to 36 centimeters (7.1 to 14.2 inches); very dark gray (2.5Y 3/1), dark gray (2.5Y 4/1), dry; silty clay loam; moderate fine subangular blocky parts to weak fine granular structure; moderately sticky, moderately plastic; moderately slow permeability; fragments; very slight effervescence, by hcl, 1n; clear wavy boundary. Lab sample # 16N01617; wet when described; observed in pit, small"
S2015ND093026,4,Btg1,36.0,75.0,39.0,clay,"very dark gray (2.5Y 3/1), dark gray (2.5Y 4/1), dry",dark gray,2.5Y 4/1,2.5Y,4.0,1.0,,,,"3 percent medium distinct grayish brown (2.5Y 5/2), moist, iron depletions in matrix and 3 percent fine distinct grayish brown (2.5Y 5/2), moist, iron depletions in matrix and 5 percent fine distinct light olive brown (2.5Y 5/4), moist, masses of oxidized iron in matrix",concentration | depletion,1.0,1.0,3 | 5,5.0,,medium | fine,distinct,,,,"3 percent medium distinct grayish brown (2.5Y 5/2), moist, iron depletions in matrix and 3 percent fine distinct grayish brown (2.5Y 5/2), moist, iron depletions in matrix and 5 percent fine distinct light olive brown (2.5Y 5/4), moist, masses of oxidized iron in matrix",,"Btg1—36 to 75 centimeters (14.2 to 29.5 inches); very dark gray (2.5Y 3/1), dark gray (2.5Y 4/1), dry; clay; weak coarse prismatic parts to weak medium subangular blocky structure; very sticky, very plastic; slow permeability; 3 percent medium distinct grayish brown (2.5Y 5/2), moist, iron depletions in matrix and 3 percent fine distinct grayish brown (2.5Y 5/2), moist, iron depletions in matrix and 5 percent fine distinct light olive brown (2.5Y 5/4), moist, masses of oxidized iron in matrix; ; 1 percent by volume nonflat subrounded indurated 2-40-76 millimeter sedimentary, unspecified fragments observed by visual inspection method; noneffervescent, by hcl, 1n; gradual wavy boundary. Lab sample # 16N01618; wet when described; observed in pit, small"
S2015ND093026,5,Btg2,75.0,100.0,25.0,clay,"grayish brown (2.5Y 5/2), light gray (2.5Y 7/2), dry",light gray,2.5Y 7/2,2.5Y,7.0,2.0,,,,"reduced matrix and 4 percent fine distinct olive brown (2.5Y 4/4), moist, masses of oxidized iron in matrix and 4 percent medium distinct light brownish gray (2.5Y 6/2), moist, iron depletions in matrix",concentration | depletion | reduced matrix,1.0,1.0,4,4.0,,fine | medium,distinct,,1.0,,"reduced matrix and 4 percent fine distinct olive brown (2.5Y 4/4), moist, masses of oxidized iron in matrix and 4 percent medium distinct light brownish gray (2.5Y 6/2), moist, iron depletions in matrix",,"Btg2—75 to 100 centimeters (29.5 to 39.4 inches); grayish brown (2.5Y 5/2), light gray (2.5Y 7/2), dry; clay; moderate coarse prismatic parts to weak coarse subangular blocky structure; very sticky, very plastic; slow permeability; reduced matrix and 4 percent fine distinct olive brown (2.5Y 4/4), moist, masses of oxidized iron in matrix and 4 percent medium distinct light brownish gray (2.5Y 6/2), moist, iron depletions in matrix; shell fragments and 3 percent fine irregular noncoherent cemented white (2.5Y 8/1), moist, carbonate masses in matrix; 1 percent by volume nonflat subrounded indurated 2-40-76 millimeter sedimentary, unspecified fragments observed by visual inspection method; strong effervescence, by hcl, 1n; gradual wavy boundary. Lab sample # 16N01619; wet when described; observed in pit, small. Shells present within this horizon."
S2015ND093026,6,BCkg,100.0,133.0,33.0,silty clay,"grayish brown (2.5Y 5/2), light brownish gray (2.5Y 6/2), dry",light brownish gray,2.5Y 6/2,2.5Y,6.0,2.0,,,,"reduced matrix and 5 percent medium prominent irregular noncoherent cemented light olive brown (2.5Y 5/6), moist, masses of oxidized iron in matrix and 5 percent medium faint irregular noncoherent cemented gray (5Y 5/1), moist, iron depletions in matrix",concentration | depletion | reduced matrix,1.0,1.0,5,5.0,,medium,prominent | faint,,1.0,,"reduced matrix and 5 percent medium prominent irregular noncoherent cemented light olive brown (2.5Y 5/6), moist, masses of oxidized iron in matrix and 5 percent medium faint irregular noncoherent cemented gray (5Y 5/1), moist, iron depletions in matrix",,"BCkg—100 to 133 centimeters (39.4 to 52.4 inches); grayish brown (2.5Y 5/2), light brownish gray (2.5Y 6/2), dry; silty clay; weak very coarse subangular blocky structure; moderately sticky, moderately plastic; slow permeability; reduced matrix and 5 percent medium prominent irregular noncoherent cemented light olive brown (2.5Y 5/6), moist, masses of oxidized iron in matrix and 5 percent medium faint irregular noncoherent cemented gray (5Y 5/1), moist, iron depletions in matrix; carbonate, finely disseminated throughout and 3 percent fine faint irregular noncoherent cemented white (2.5Y 8/1), moist, carbonate masses in matrix; 3 percent by volume nonflat subrounded indurated 2-40-76 millimeter sedimentary, unspecified fragments observed by visual inspection method; slight effervescence, by hcl, 1n; gradual wavy boundary. Lab sample # 16N01620; wet when described; observed in auger, bucket"
S2015ND093026,7,2Cg,133.0,200.0,67.0,stratified stratified silty clay to clay,"grayish brown (2.5Y 5/2), light brownish gray (2.5Y 6/2), dry",light brownish gray,2.5Y 6/2,2.5Y,6.0,2.0,,,,"reduced matrix and 6 percent fine prominent dark yellowish brown (10YR 4/6), moist, masses of oxidized iron in matrix and 6 percent medium faint gray (2.5Y 5/1), moist, iron depletions in matrix",concentration | depletion | reduced matrix,1.0,1.0,6,6.0,,fine | medium,prominent | faint,,1.0,,"reduced matrix and 6 percent fine prominent dark yellowish brown (10YR 4/6), moist, masses of oxidized iron in matrix and 6 percent medium faint gray (2.5Y 5/1), moist, iron depletions in matrix",,"2Cg—133 to 200 centimeters (52.4 to 78.7 inches); grayish brown (2.5Y 5/2), light brownish gray (2.5Y 6/2), dry; stratified stratified silty clay to clay; massive; very sticky, very plastic; slow permeability; reduced matrix and 6 percent fine prominent dark yellowish brown (10YR 4/6), moist, masses of oxidized iron in matrix and 6 percent medium faint gray (2.5Y 5/1), moist, iron depletions in matrix; 5 percent by volume nonflat subrounded indurated 2-40-76 millimeter sedimentary, unspecified fragments observed by visual inspection method; slight effervescence, by hcl, 1n. Lab sample # 16N01621; wet when described; observed in auger, bucket"
S2015ND093028,1,Oi,0.0,5.0,5.0,fragments,greenish black (10Y 2/1) slightly decomposed plant material,greenish black,10Y 2/1,10Y,2.0,1.0,,,,,,,,,,,,,,,,,1.0,"Oi—0 to 5 centimeters (0.0 to 2.0 inches); greenish black (10Y 2/1) slightly decomposed plant material; fragments; noneffervescent, by hcl, 1n; abrupt wavy boundary. Lab sample # 16N01622; moist when described; observed in pit, small"
S2015ND093028,2,A,5.0,28.0,23.0,silty clay loam,"black (10YR 2/1), very dark gray (10YR 3/1), dry",very dark gray,10YR 3/1,10YR,3.0,1.0,,,,,,,,,,,,,,,,,,"A—5 to 28 centimeters (2.0 to 11.0 inches); black (10YR 2/1), very dark gray (10YR 3/1), dry; silty clay loam; 28 percent clay; weak medium subangular blocky, and moderate fine subangular blocky structure; slightly hard, friable, moderately sticky, moderately plastic; moderately slow permeability; many (6.0) fine roots throughout and many (6.0) coarse roots throughout; fragments; noneffervescent, by hcl, 1n; clear wavy boundary. Lab sample # 16N01623; moist when described; observed in pit, small"
S2015ND093028,3,Btg,28.0,53.0,25.0,silty clay,"dark grayish brown (2.5Y 4/2), gray (2.5Y 5/1), dry",gray,2.5Y 5/1,2.5Y,5.0,1.0,,,,"5 percent fine distinct light olive brown (2.5Y 5/4), moist, masses of oxidized iron in matrix",concentration,1.0,,5,5.0,,fine,distinct,,,,"5 percent fine distinct light olive brown (2.5Y 5/4), moist, masses of oxidized iron in matrix",,"Btg—28 to 53 centimeters (11.0 to 20.9 inches); dark grayish brown (2.5Y 4/2), gray (2.5Y 5/1), dry; silty clay; 38 percent clay; moderate medium prismatic parts to moderate fine angular blocky structure; hard, firm, very sticky, very plastic; slow permeability; common (2.0) very fine roots throughout and common (2.0) fine roots throughout; 90 percent distinct dark gray (2.5Y 4/1), moist, clay films on all faces of peds; 5 percent fine distinct light olive brown (2.5Y 5/4), moist, masses of oxidized iron in matrix; fragments; noneffervescent, by hcl, 1n; clear wavy boundary. Lab sample # 16N01624; moist when described; observed in pit, small. continuous - phpvsfiid 1142314; continuous - phpvsfiid 1142314"
S2015ND093028,4,Bkg,53.0,105.0,52.0,silty clay loam,"grayish brown (2.5Y 5/2), light brownish gray (2.5Y 6/2), dry",light brownish gray,2.5Y 6/2,2.5Y,6.0,2.0,,,,"2 percent fine prominent black (10YR 2/1), moist, manganese masses in matrix and 3 percent fine faint light brownish gray (2.5Y 6/2), moist, iron depletions in matrix and 7 percent fine prominent dark yellowish brown (10YR 4/6), moist, masses of oxidized iron in matrix",concentration | depletion,1.0,1.0,2 | 3 | 7,7.0,,fine,prominent | faint,,,,"2 percent fine prominent black (10YR 2/1), moist, manganese masses in matrix and 3 percent fine faint light brownish gray (2.5Y 6/2), moist, iron depletions in matrix and 7 percent fine prominent dark yellowish brown (10YR 4/6), moist, masses of oxidized iron in matrix",,"Bkg—53 to 105 centimeters (20.9 to 41.3 inches); grayish brown (2.5Y 5/2), light brownish gray (2.5Y 6/2), dry; silty clay loam; 28 percent clay; moderate coarse prismatic parts to moderate coarse subangular blocky structure; hard, firm, moderately sticky, moderately plastic; slow permeability; few (0.5) very fine roots throughout; 2 percent fine prominent black (10YR 2/1), moist, manganese masses in matrix and 3 percent fine faint light brownish gray (2.5Y 6/2), moist, iron depletions in matrix and 7 percent fine prominent dark yellowish brown (10YR 4/6), moist, masses of oxidized iron in matrix; 7 percent fine irregular noncoherent cemented white (2.5Y 8/1), moist, carbonate masses in matrix; 1 percent by volume flat very angular very weakly coherent cemented 2-3-5 millimeter shale, unspecified fragments observed by visual inspection method and 2 percent by volume nonflat subangular indurated 2-40-76 millimeter mixed fragments observed by visual inspection method; strong effervescence, by hcl, 1n; clear wavy boundary. Lab sample # 16N01625; moist when described; observed in pit, small"
S2015ND093028,5,2BCg,105.0,160.0,55.0,clay loam,"dark grayish brown (2.5Y 4/2), light brownish gray (2.5Y 6/2), dry",light brownish gray,2.5Y 6/2,2.5Y,6.0,2.0,,,,"2 percent fine distinct black (10YR 2/1), moist, manganese masses in matrix and 5 percent fine faint dark gray (2.5Y 4/1), moist, iron depletions in matrix and 10 percent fine prominent dark yellowish brown (10YR 4/6), moist, masses of oxidized iron in matrix",concentration | depletion,1.0,1.0,2 | 5 | 10,10.0,,fine,distinct | faint | prominent,,,,"2 percent fine distinct black (10YR 2/1), moist, manganese masses in matrix and 5 percent fine faint dark gray (2.5Y 4/1), moist, iron depletions in matrix and 10 percent fine prominent dark yellowish brown (10YR 4/6), moist, masses of oxidized iron in matrix",,"2BCg—105 to 160 centimeters (41.3 to 63.0 inches); dark grayish brown (2.5Y 4/2), light brownish gray (2.5Y 6/2), dry; clay loam; 30 percent clay; massive; hard, firm, moderately sticky, moderately plastic; slow permeability; 2 percent fine distinct black (10YR 2/1), moist, manganese masses in matrix and 5 percent fine faint dark gray (2.5Y 4/1), moist, iron depletions in matrix and 10 percent fine prominent dark yellowish brown (10YR 4/6), moist, masses of oxidized iron in matrix; 2 percent fine irregular noncoherent cemented white (2.5Y 8/1), moist, carbonate masses in matrix; 8 percent by volume nonflat subangular indurated 2-10-20 millimeter mixed fragments observed by visual inspection method; strong effervescence, by hcl, 1n; clear wavy boundary. Lab sample # 16N01626; wet when described; observed in auger, bucket"
S2015ND093028,6,2Cg,160.0,200.0,40.0,clay,"olive brown (2.5Y 4/3), light olive brown (2.5Y 5/3), dry",light olive brown,2.5Y 5/3,2.5Y,5.0,3.0,,,,"1 percent fine distinct black (10YR 2/1), moist, manganese masses in matrix and 5 percent fine prominent yellowish brown (10YR 5/6), moist, masses of oxidized iron in matrix and 7 percent fine distinct dark gray (2.5Y 4/1), moist, iron depletions in matrix",concentration | depletion,1.0,1.0,1 | 5 | 7,7.0,,fine,distinct | prominent,,,,"1 percent fine distinct black (10YR 2/1), moist, manganese masses in matrix and 5 percent fine prominent yellowish brown (10YR 5/6), moist, masses of oxidized iron in matrix and 7 percent fine distinct dark gray (2.5Y 4/1), moist, iron depletions in matrix",,"2Cg—160 to 200 centimeters (63.0 to 78.7 inches); olive brown (2.5Y 4/3), light olive brown (2.5Y 5/3), dry; clay; 38 percent clay; massive; hard, firm, moderately sticky, moderately plastic; slow permeability; 1 percent fine distinct black (10YR 2/1), moist, manganese masses in matrix and 5 percent fine prominent yellowish brown (10YR 5/6), moist, masses of oxidized iron in matrix and 7 percent fine distinct dark gray (2.5Y 4/1), moist, iron depletions in matrix; 1 percent fine irregular noncoherent cemented white (2.5Y 8/1), moist, carbonate masses in matrix; 7 percent by volume nonflat subangular indurated 2-10-20 millimeter mixed fragments observed by visual inspection method; slight effervescence, by hcl, 1n. Lab sample # 16N01627; wet when described; observed in auger, bucket"
S2015ND093029,1,Oi,0.0,1.0,1.0,fragments,slightly decomposed plant material,,,,,,,,,,,,,,,,,,,,,,1.0,"Oi—0 to 1 centimeters (0.0 to 0.4 inches); slightly decomposed plant material; fragments; noneffervescent, by hcl, 1n; abrupt smooth boundary. Lab sample # 16N01628; moist when described; observed in pit, small"
S2015ND093029,2,A1,1.0,25.0,24.0,mucky silt loam,"black (10YR 2/1), very dark gray (10YR 3/1), dry",very dark gray,10YR 3/1,10YR,3.0,1.0,,,,,,,,,,,,,,,,,1.0,"A1—1 to 25 centimeters (0.4 to 9.8 inches); black (10YR 2/1), very dark gray (10YR 3/1), dry; mucky silt loam; weak fine subangular blocky parts to weak fine granular structure; slightly hard, friable, slightly sticky, slightly plastic; moderate permeability; common (3.0) very fine roots throughout and common (1.0) coarse roots throughout; fragments; slight effervescence, by hcl, 1n; clear wavy boundary. Lab sample # 16N01629; moist when described; observed in pit, small"
S2015ND093029,3,A2,25.0,41.0,16.0,silty clay loam,"black (10YR 2/1), very dark gray (10YR 3/1), dry",very dark gray,10YR 3/1,10YR,3.0,1.0,,,,,,,,,,,,,,,,,,"A2—25 to 41 centimeters (9.8 to 16.1 inches); black (10YR 2/1), very dark gray (10YR 3/1), dry; silty clay loam; moderate medium subangular blocky parts to moderate fine granular structure; slightly hard, friable, moderately sticky, moderately plastic; moderately slow permeability; common (3.0) very fine roots throughout and common (3.0) fine roots throughout; 1 percent shell fragments; 1 percent by volume nonflat subangular indurated 2-3-5 millimeter mixed fragments observed by visual inspection method; slight effervescence, by hcl, 1n; clear wavy boundary. Lab sample # 16N01630; wet when described; observed in pit, small. Shells present within this horizon."
S2015ND093029,4,Bg,41.0,61.0,20.0,clay,"dark grayish brown (2.5Y 4/2), grayish brown (2.5Y 5/2), dry",grayish brown,2.5Y 5/2,2.5Y,5.0,2.0,,,,"reduced matrix and 1 percent medium distinct olive (5Y 5/4), moist, masses of oxidized iron in matrix and 2 percent fine distinct olive (5Y 5/4), moist, masses of oxidized iron in matrix and 20 percent medium distinct grayish olive (10Y 5/2), moist, iron depletions in matrix",concentration | depletion | reduced matrix,1.0,1.0,1 | 2 | 20,20.0,,medium | fine,distinct,,1.0,,"reduced matrix and 1 percent medium distinct olive (5Y 5/4), moist, masses of oxidized iron in matrix and 2 percent fine distinct olive (5Y 5/4), moist, masses of oxidized iron in matrix and 20 percent medium distinct grayish olive (10Y 5/2), moist, iron depletions in matrix",,"Bg—41 to 61 centimeters (16.1 to 24.0 inches); dark grayish brown (2.5Y 4/2), grayish brown (2.5Y 5/2), dry; clay; weak coarse prismatic structure; hard, firm, very sticky, very plastic; slow permeability; reduced matrix and 1 percent medium distinct olive (5Y 5/4), moist, masses of oxidized iron in matrix and 2 percent fine distinct olive (5Y 5/4), moist, masses of oxidized iron in matrix and 20 percent medium distinct grayish olive (10Y 5/2), moist, iron depletions in matrix; 2 percent by volume nonflat subangular indurated 75-150-250 millimeter mixed fragments observed by visual inspection method and 10 percent by volume nonflat subangular indurated 20-40-76 millimeter mixed fragments observed by visual inspection method; very slight effervescence, by hcl, 1n; clear wavy boundary. Lab sample # 16N01631; wet, satiated when described; observed in pit, small. Stone line in bottom of horizon, cracks of A horizon material in upper horizon."
S2015ND093029,5,2Cg,61.0,100.0,39.0,very gravelly loamy sand,"olive gray (5Y 5/2), light brownish gray (2.5Y 6/2), dry",light brownish gray,2.5Y 6/2,2.5Y,6.0,2.0,,,,"reduced matrix and 1 percent medium distinct olive (5Y 5/4), moist, masses of oxidized iron in matrix and 2 percent fine distinct olive (5Y 5/4), moist, masses of oxidized iron in matrix and 20 percent medium faint gray (5Y 6/1), moist, iron depletions in matrix",concentration | depletion | reduced matrix,1.0,1.0,1 | 2 | 20,20.0,,medium | fine,distinct | faint,,1.0,,"reduced matrix and 1 percent medium distinct olive (5Y 5/4), moist, masses of oxidized iron in matrix and 2 percent fine distinct olive (5Y 5/4), moist, masses of oxidized iron in matrix and 20 percent medium faint gray (5Y 6/1), moist, iron depletions in matrix",,"2Cg—61 to 100 centimeters (24.0 to 39.4 inches); olive gray (5Y 5/2), light brownish gray (2.5Y 6/2), dry; very gravelly loamy sand; single grain; loose, loose, nonsticky, nonplastic; rapid permeability; reduced matrix and 1 percent medium distinct olive (5Y 5/4), moist, masses of oxidized iron in matrix and 2 percent fine distinct olive (5Y 5/4), moist, masses of oxidized iron in matrix and 20 percent medium faint gray (5Y 6/1), moist, iron depletions in matrix; 35 percent by volume nonflat subrounded indurated 2-40-76 millimeter mixed fragments observed by visual inspection method; slight effervescence, by hcl, 1n. Lab sample # 16N01632; wet, satiated when described; observed in pit, small"
S2015ND093030,1,Oe,0.0,15.0,15.0,fragments,dark grayish brown (2.5Y 4/2) mucky peat,dark grayish brown,2.5Y 4/2,2.5Y,4.0,2.0,,,,,,,,,,,,,,,,,1.0,"Oe—0 to 15 centimeters (0.0 to 5.9 inches); dark grayish brown (2.5Y 4/2) mucky peat; fragments; slight effervescence, by hcl, 1n; abrupt smooth boundary. Lab sample # 16N01633; wet when described; observed in pit, small. 80% fibers unrubbed, 40 % fibers rubbed."
S2015ND093030,2,Ag1,15.0,23.0,8.0,mucky silt loam,"black (2.5Y 2.5/1), dark gray (2.5Y 4/1), dry",dark gray,2.5Y 4/1,2.5Y,4.0,1.0,,,,,,,,,,,,,,,,,1.0,"Ag1—15 to 23 centimeters (5.9 to 9.1 inches); black (2.5Y 2.5/1), dark gray (2.5Y 4/1), dry; mucky silt loam; weak fine granular structure; slightly sticky, slightly plastic; moderate permeability; fragments; slight effervescence, by hcl, 1n; clear wavy boundary. Lab sample # 16N01634; wet when described; observed in pit, small"
S2015ND093030,3,Ag2,23.0,38.0,15.0,silty clay loam,"very dark gray (2.5Y 3/1), dark gray (2.5Y 4/1), dry",dark gray,2.5Y 4/1,2.5Y,4.0,1.0,,,,,,,,,,,,,,,,,,"Ag2—23 to 38 centimeters (9.1 to 15.0 inches); very dark gray (2.5Y 3/1), dark gray (2.5Y 4/1), dry; silty clay loam; weak fine subangular blocky parts to weak fine granular structure; moderately sticky, moderately plastic; moderately slow permeability; fragments; slight effervescence, by hcl, 1n; gradual wavy boundary. Lab sample # 16N01635; wet when described; observed in pit, small"
S2015ND093030,4,Ag3,38.0,107.0,69.0,silty clay loam,"very dark gray (2.5Y 3/1), dark gray (2.5Y 4/1), dry",dark gray,2.5Y 4/1,2.5Y,4.0,1.0,,,,,,,,,,,,,,,,,,"Ag3—38 to 107 centimeters (15.0 to 42.1 inches); very dark gray (2.5Y 3/1), dark gray (2.5Y 4/1), dry; silty clay loam; weak fine subangular blocky parts to weak fine granular structure; moderately sticky, moderately plastic; moderately slow permeability; shell fragments; fragments; slight effervescence, by hcl, 1n; gradual wavy boundary. Lab sample # 16N01636; wet, satiated when described; observed in pit, small."
S2015ND093030,5,Cg1,107.0,133.0,26.0,silty clay,"dark grayish green (5GY 4/2), gray (5Y 5/1), dry",gray,5Y 5/1,5Y,5.0,1.0,,,,"reduced matrix and 2 percent medium distinct olive brown (2.5Y 4/3), moist, masses of oxidized iron in matrix and 2 percent fine distinct olive brown (2.5Y 4/3), moist, masses of oxidized iron in matrix",concentration | reduced matrix,1.0,,2,2.0,,medium | fine,distinct,,1.0,,"reduced matrix and 2 percent medium distinct olive brown (2.5Y 4/3), moist, masses of oxidized iron in matrix and 2 percent fine distinct olive brown (2.5Y 4/3), moist, masses of oxidized iron in matrix",,"Cg1—107 to 133 centimeters (42.1 to 52.4 inches); dark grayish green (5GY 4/2), gray (5Y 5/1), dry; silty clay; massive; very sticky, very plastic; slow permeability; reduced matrix and 2 percent medium distinct olive brown (2.5Y 4/3), moist, masses of oxidized iron in matrix and 2 percent fine distinct olive brown (2.5Y 4/3), moist, masses of oxidized iron in matrix; fragments; strong effervescence, by hcl, 1n; gradual wavy boundary. Lab sample # 16N01637; wet, satiated when described; observed in auger, bucket"
S2015ND093030,6,Cg2,133.0,200.0,67.0,clay,"dark gray (2.5Y 4/1), gray (2.5Y 5/1), dry",gray,2.5Y 5/1,2.5Y,5.0,1.0,,,,"reduced matrix and 2 percent medium distinct olive brown (2.5Y 4/4), moist, masses of oxidized iron in matrix and 2 percent fine distinct olive brown (2.5Y 4/4), moist, masses of oxidized iron in matrix",concentration | reduced matrix,1.0,,2,2.0,,medium | fine,distinct,,1.0,,"reduced matrix and 2 percent medium distinct olive brown (2.5Y 4/4), moist, masses of oxidized iron in matrix and 2 percent fine distinct olive brown (2.5Y 4/4), moist, masses of oxidized iron in matrix",,"Cg2—133 to 200 centimeters (52.4 to 78.7 inches); dark gray (2.5Y 4/1), gray (2.5Y 5/1), dry; clay; massive; very sticky, very plastic; slow permeability; reduced matrix and 2 percent medium distinct olive brown (2.5Y 4/4), moist, masses of oxidized iron in matrix and 2 percent fine distinct olive brown (2.5Y 4/4), moist, masses of oxidized iron in matrix; shell fragments; fragments; strong effervescence, by hcl, 1n. Lab sample # 16N01638; wet, satiated when described; observed in auger, bucket. This horizon has a thin sand lens."
S2015ND093031,1,A,0.0,29.0,29.0,silt loam,"very dark brown (10YR 2/2), very dark grayish brown (10YR 3/2), dry",very dark grayish brown,10YR 3/2,10YR,3.0,2.0,,,,,,,,,,,,,,,,,,"A—0 to 29 centimeters (0.0 to 11.4 inches); very dark brown (10YR 2/2), very dark grayish brown (10YR 3/2), dry; silt loam; slightly hard, friable, slightly sticky, slightly plastic; moderate permeability; many (6.0) very fine roots throughout and many (6.0) fine roots throughout; many (6.0) very fine tubular and many (6.0) fine tubular pores; fragments; noneffervescent, by hcl, 1n. Lab sample # 16N01639; moist when described; observed in auger, bucket"
S2015ND093031,2,EB,29.0,35.0,6.0,silt loam,"dark grayish brown (10YR 4/2), grayish brown (10YR 5/2), dry",grayish brown,10YR 5/2,10YR,5.0,2.0,,,,,,,,,,,,,,,,,,"EB—29 to 35 centimeters (11.4 to 13.8 inches); dark grayish brown (10YR 4/2), grayish brown (10YR 5/2), dry; silt loam; slightly hard, friable, moderately sticky, moderately plastic; moderate permeability; many (6.0) very fine roots throughout and many (6.0) fine roots throughout; many (6.0) very fine tubular and many (6.0) fine tubular pores; fragments; noneffervescent, by hcl, 1n. Lab sample # 16N01640; moist when described; observed in auger, bucket"
S2015ND093031,3,Bt1,35.0,70.0,35.0,clay,"black (10YR 2/1), very dark gray (10YR 3/1), dry",very dark gray,10YR 3/1,10YR,3.0,1.0,,,,,,,,,,,,,,,,,,"Bt1—35 to 70 centimeters (13.8 to 27.6 inches); black (10YR 2/1), very dark gray (10YR 3/1), dry; clay; hard, firm, very sticky, very plastic; slow permeability; common (3.0) very fine roots between peds and common (3.0) fine roots between peds; common (3.0) very fine tubular and common (3.0) fine tubular pores; fragments; noneffervescent, by hcl, 1n. Lab sample # 16N01641; moist when described; observed in auger, bucket"
S2015ND093031,4,Bt2,70.0,100.0,30.0,clay,"black (10YR 2/1), very dark grayish brown (10YR 3/2), dry",very dark grayish brown,10YR 3/2,10YR,3.0,2.0,,,,"3 percent fine prominent strong brown (7.5YR 5/6), moist, masses of oxidized iron in matrix and 7 percent fine faint pale yellow (2.5Y 7/3), moist, iron depletions in matrix",concentration | depletion,1.0,1.0,3 | 7,7.0,,fine,prominent | faint,,,,"3 percent fine prominent strong brown (7.5YR 5/6), moist, masses of oxidized iron in matrix and 7 percent fine faint pale yellow (2.5Y 7/3), moist, iron depletions in matrix",,"Bt2—70 to 100 centimeters (27.6 to 39.4 inches); black (10YR 2/1), very dark grayish brown (10YR 3/2), dry; clay; hard, firm, very sticky, very plastic; slow permeability; common (3.0) very fine roots between peds and common (3.0) fine roots between peds; common (3.0) very fine tubular and common (3.0) fine tubular pores; 3 percent fine prominent strong brown (7.5YR 5/6), moist, masses of oxidized iron in matrix and 7 percent fine faint pale yellow (2.5Y 7/3), moist, iron depletions in matrix; fragments; noneffervescent, by hcl, 1n. Lab sample # 16N01642; moist when described; observed in auger, bucket"
S2015ND093031,5,Bk,100.0,108.0,8.0,silt loam,"light yellowish brown (2.5Y 6/3), pale yellow (2.5Y 7/3), dry",pale yellow,2.5Y 7/3,2.5Y,7.0,3.0,,,,"3 percent fine prominent strong brown (7.5YR 5/6), moist, masses of oxidized iron in matrix and 7 percent fine faint pale yellow (2.5Y 7/3), moist, iron depletions in matrix",concentration | depletion,1.0,1.0,3 | 7,7.0,,fine,prominent | faint,,,,"3 percent fine prominent strong brown (7.5YR 5/6), moist, masses of oxidized iron in matrix and 7 percent fine faint pale yellow (2.5Y 7/3), moist, iron depletions in matrix",,"Bk—100 to 108 centimeters (39.4 to 42.5 inches); light yellowish brown (2.5Y 6/3), pale yellow (2.5Y 7/3), dry; silt loam; slightly hard, friable, slightly sticky, slightly plastic; moderately slow permeability; common (1.0) very fine roots throughout and common (1.0) fine roots throughout; common (1.0) very fine tubular and common (1.0) fine tubular pores; 3 percent fine prominent strong brown (7.5YR 5/6), moist, masses of oxidized iron in matrix and 7 percent fine faint pale yellow (2.5Y 7/3), moist, iron depletions in matrix; carbonate, finely disseminated throughout; fragments; violent effervescence, by hcl, 1n.; moist when described; observed in auger, bucket"
S2015ND093031,6,2BCk,108.0,200.0,92.0,clay loam,"light olive brown (2.5Y 5/4), olive yellow (2.5Y 6/6), dry",olive yellow,2.5Y 6/6,2.5Y,6.0,6.0,,,,"1 percent fine distinct light olive brown (2.5Y 5/6), moist, masses of oxidized iron in matrix",concentration,1.0,,1,1.0,,fine,distinct,,,,"1 percent fine distinct light olive brown (2.5Y 5/6), moist, masses of oxidized iron in matrix",,"2BCk—108 to 200 centimeters (42.5 to 78.7 inches); light olive brown (2.5Y 5/4), olive yellow (2.5Y 6/6), dry; clay loam; hard, firm, moderately sticky, moderately plastic; moderately slow permeability; 1 percent fine distinct light olive brown (2.5Y 5/6), moist, masses of oxidized iron in matrix; carbonate, finely disseminated throughout and 3 percent fine irregular noncoherent cemented pale yellow (2.5Y 7/3), dry, and light olive brown (2.5Y 5/3), moist, carbonate masses throughout; 3 percent by volume nonflat subangular indurated 2-40-75 millimeter mixed fragments observed by visual inspection method; strong effervescence, by hcl, 1n.; moist when described; observed in auger, bucket"
S2015ND093032,1,A,0.0,44.0,44.0,silt loam,"very dark gray (10YR 3/1), black (10YR 2/1), moist",black,10YR 2/1,10YR,2.0,1.0,moist,10YR 3/1,10YR 2/1,,,,,,,,,,,,,,,"A—0 to 44 centimeters (0.0 to 17.3 inches); very dark gray (10YR 3/1), black (10YR 2/1), moist; silt loam; weak fine subangular blocky parts to weak fine granular structure; soft, friable, slightly sticky, slightly plastic; moderate permeability; many (6.0) very fine roots throughout and many (6.0) fine roots throughout; common (2.0) very fine tubular and common (2.0) fine tubular pores; fragments; noneffervescent, by hcl, 1n; clear wavy boundary. Lab sample # 16N01643; moist when described; observed in auger, bucket"
S2015ND093032,2,Bw,44.0,66.0,22.0,silty clay loam,"dark grayish brown (10YR 4/2), very dark grayish brown (10YR 3/2), moist",very dark grayish brown,10YR 3/2,10YR,3.0,2.0,moist,10YR 4/2,10YR 3/2,,,,,,,,,,,,,,,"Bw—44 to 66 centimeters (17.3 to 26.0 inches); dark grayish brown (10YR 4/2), very dark grayish brown (10YR 3/2), moist; silty clay loam; slightly hard, friable, moderately sticky, moderately plastic; moderately slow permeability; many (6.0) very fine roots throughout and many (6.0) fine roots throughout; common (2.0) very fine tubular and common (2.0) fine tubular pores; fragments; noneffervescent, by hcl, 1n; clear wavy boundary. Lab sample # 16N01644; moist when described; observed in auger, bucket"
S2015ND093032,3,Bk,66.0,100.0,34.0,silty clay loam,"brown (10YR 5/3), brown (10YR 4/3), moist",brown,10YR 4/3,10YR,4.0,3.0,moist,10YR 5/3,10YR 4/3,,,,,,,,,,,,,,,"Bk—66 to 100 centimeters (26.0 to 39.4 inches); brown (10YR 5/3), brown (10YR 4/3), moist; silty clay loam; slightly hard, friable, moderately sticky, moderately plastic; moderately slow permeability; few (0.9) very fine roots throughout and few (0.9) fine roots throughout; few (0.9) very fine tubular and few (0.9) fine tubular pores; 5 percent faint dark gray (10YR 4/1), moist, clay films on vertical faces of peds; carbonate, finely disseminated throughout; 1 percent by volume nonflat subrounded indurated 2-40-75 millimeter mixed fragments observed by visual inspection method; violent effervescence, by hcl, 1n; clear wavy boundary. Lab sample # 16N01645; moist when described; observed in auger, bucket. patchy - phpvsfiid 1142315; patchy - phpvsfiid 1142315"
S2015ND093032,4,BCk,100.0,200.0,100.0,silt loam,"light yellowish brown (10YR 6/4), yellowish brown (10YR 5/4), moist",yellowish brown,10YR 5/4,10YR,5.0,4.0,moist,10YR 6/4,10YR 5/4,,,,,,,,,,,,,,,"BCk—100 to 200 centimeters (39.4 to 78.7 inches); light yellowish brown (10YR 6/4), yellowish brown (10YR 5/4), moist; silt loam; soft, very friable, slightly sticky, slightly plastic; moderate permeability; few (0.9) very fine roots throughout and few (0.9) fine roots throughout; few (0.9) very fine tubular and few (0.9) fine tubular pores; carbonate, finely disseminated throughout; 2 percent by volume nonflat subrounded indurated 2-40-75 millimeter mixed fragments observed by visual inspection method; strong effervescence, by hcl, 1n.; moist when described; observed in auger, bucket"
S2015ND093033,1,Ap,0.0,20.0,20.0,silt loam,"very dark brown (10YR 2/2), black (10YR 2/1), moist",black,10YR 2/1,10YR,2.0,1.0,moist,10YR 2/2,10YR 2/1,,,,,,,,,,,,,,,"Ap—0 to 20 centimeters (0.0 to 7.9 inches); very dark brown (10YR 2/2), black (10YR 2/1), moist; silt loam; slightly hard, friable, slightly sticky, slightly plastic; moderate permeability; many (6.0) very fine roots throughout and many (6.0) fine roots throughout; common (3.0) very fine tubular and common (3.0) fine tubular pores; fragments; noneffervescent, by hcl, 1n. Lab sample # 16N01646; moist when described; observed in auger, bucket"
S2015ND093033,2,Bw,20.0,30.0,10.0,silt loam,"grayish brown (2.5Y 5/2), very dark grayish brown (2.5Y 3/2), moist",very dark grayish brown,2.5Y 3/2,2.5Y,3.0,2.0,moist,2.5Y 5/2,2.5Y 3/2,,,,,,,,,,,,,,,"Bw—20 to 30 centimeters (7.9 to 11.8 inches); grayish brown (2.5Y 5/2), very dark grayish brown (2.5Y 3/2), moist; silt loam; slightly hard, friable, slightly sticky, slightly plastic; moderate permeability; many (6.0) very fine roots throughout and many (6.0) fine roots throughout; common (3.0) very fine tubular and common (3.0) fine tubular pores; fragments; noneffervescent, by hcl, 1n. Lab sample # 16N01647; moist when described; observed in auger, bucket"
S2015ND093033,3,Bk,30.0,100.0,70.0,silt loam,"light yellowish brown (2.5Y 6/4), light olive brown (2.5Y 5/4), moist",light olive brown,2.5Y 5/4,2.5Y,5.0,4.0,moist,2.5Y 6/4,2.5Y 5/4,"3 percent fine prominent strong brown (7.5YR 4/6), moist, masses of oxidized iron in matrix and 3 percent fine prominent strong brown (7.5YR 5/8), moist, masses of oxidized iron in matrix",concentration,1.0,,3,3.0,,fine,prominent,,,,"3 percent fine prominent strong brown (7.5YR 4/6), moist, masses of oxidized iron in matrix and 3 percent fine prominent strong brown (7.5YR 5/8), moist, masses of oxidized iron in matrix",,"Bk—30 to 100 centimeters (11.8 to 39.4 inches); light yellowish brown (2.5Y 6/4), light olive brown (2.5Y 5/4), moist; silt loam; soft, friable, slightly sticky, slightly plastic; moderate permeability; common (3.0) very fine roots throughout and common (3.0) fine roots throughout; few (1.0) very fine tubular and few (1.0) fine tubular pores; 3 percent fine prominent strong brown (7.5YR 4/6), moist, masses of oxidized iron in matrix and 3 percent fine prominent strong brown (7.5YR 5/8), moist, masses of oxidized iron in matrix; carbonate, finely disseminated throughout; fragments; violent effervescence, by hcl, 1n. Lab sample # 16N01648; moist when described; observed in auger, bucket"
S2015ND093034,1,Ap,0.0,20.0,20.0,loam,"very dark grayish brown (10YR 3/2), very dark brown (10YR 2/2), moist",very dark brown,10YR 2/2,10YR,2.0,2.0,moist,10YR 3/2,10YR 2/2,,,,,,,,,,,,,,,"Ap—0 to 20 centimeters (0.0 to 7.9 inches); very dark grayish brown (10YR 3/2), very dark brown (10YR 2/2), moist; loam; slightly hard, friable, slightly sticky, slightly plastic; moderate permeability; many (6.0) very fine roots throughout and many (6.0) medium roots throughout and many (6.0) fine roots throughout; common (3.0) medium tubular and common (3.0) fine tubular pores; carbonate, finely disseminated throughout; 3 percent by volume nonflat subangular indurated 2-40-75 millimeter mixed fragments observed by visual inspection method; slight effervescence, by hcl, 1n. Lab sample # 16N01649; moist when described; observed in auger, bucket"
S2015ND093034,2,ABk,20.0,36.0,16.0,loam,"brown (10YR 5/3), 10Y 4/3 (10Y 4/3), moist",brown,10Y 4/3,10Y,4.0,3.0,moist,10YR 5/3,10Y 4/3,,,,,,,,,,,,,,,"ABk—20 to 36 centimeters (7.9 to 14.2 inches); brown (10YR 5/3), 10Y 4/3 (10Y 4/3), moist; loam; slightly hard, friable, slightly sticky, slightly plastic; moderate permeability; common (3.0) very fine roots throughout and common (3.0) medium roots throughout and common (3.0) fine roots throughout; common (3.0) very fine tubular pores; carbonate, finely disseminated throughout; 1 percent by volume nonflat subangular indurated 75-150-250 millimeter mixed fragments observed by visual inspection method and 6 percent by volume nonflat subangular indurated 2-40-75 millimeter mixed fragments observed by visual inspection method; violent effervescence, by hcl, 1n. Lab sample # 16N01650; moist when described; observed in auger, bucket"
S2015ND093034,3,Bk,36.0,70.0,34.0,loam,"pale brown (10YR 6/3), brown (10YR 5/3), moist",brown,10YR 5/3,10YR,5.0,3.0,moist,10YR 6/3,10YR 5/3,,,,,,,,,,,,,,,"Bk—36 to 70 centimeters (14.2 to 27.6 inches); pale brown (10YR 6/3), brown (10YR 5/3), moist; loam; slightly hard, friable, slightly sticky, slightly plastic; moderate permeability; common (3.0) medium roots throughout and common (3.0) fine roots throughout; common (1.0) very fine tubular pores; carbonate, finely disseminated throughout; 2 percent by volume nonflat subangular indurated 75-150-250 millimeter mixed fragments observed by visual inspection method and 10 percent by volume nonflat subangular indurated 2-40-75 millimeter mixed fragments observed by visual inspection method; violent effervescence, by hcl, 1n. Lab sample # 16N01651; moist when described; observed in auger, bucket. A ston line is at the bottom of the horizon."
S2015ND093034,4,BCk,70.0,100.0,30.0,loam,"light yellowish brown (2.5Y 6/4), light olive brown (2.5Y 5/4), moist",light olive brown,2.5Y 5/4,2.5Y,5.0,4.0,moist,2.5Y 6/4,2.5Y 5/4,,,,,,,,,,,,,,,"BCk—70 to 100 centimeters (27.6 to 39.4 inches); light yellowish brown (2.5Y 6/4), light olive brown (2.5Y 5/4), moist; loam; slightly hard, friable, slightly sticky, slightly plastic; moderate permeability; few (0.5) very fine roots throughout; common (1.0) fine tubular pores; carbonate, finely disseminated throughout; 10 percent by volume nonflat subangular indurated 2-40-75 millimeter mixed fragments observed by visual inspection method; strong effervescence, by hcl, 1n. Lab sample # 16N01652; moist when described; observed in auger, bucket. stone line in this horizon at 70cm."
S2016ND059001,1,A1,0.0,30.0,30.0,fine sandy loam,"dark grayish brown (10YR 4/2), very dark grayish brown (10YR 3/2), moist",very dark grayish brown,10YR 3/2,10YR,3.0,2.0,moist,10YR 4/2,10YR 3/2,,,,,,,,,,,,,,,"A1—0 to 30 centimeters (0.0 to 11.8 inches); dark grayish brown (10YR 4/2), very dark grayish brown (10YR 3/2), moist; fine sandy loam; 60 percent sand; 24 percent silt; 16 percent clay; weak medium subangular blocky parts to weak fine granular structure; soft, very friable, nonsticky, nonplastic; common (4.0) very fine roots throughout and common (2.0) fine roots throughout; common (12.0) very fine tubular pores; fragments; 16 Percent of Clay; 60 Percent of Sand; noneffervescent, by hcl, 1n; neutral, pH 6.8, pH meter; clear wavy boundary.; moist when described; observed in pit, small"
S2016ND059001,2,A2,30.0,56.0,26.0,fine sandy loam,"dark gray (10YR 4/1), very dark gray (10YR 3/1), moist",very dark gray,10YR 3/1,10YR,3.0,1.0,moist,10YR 4/1,10YR 3/1,,,,,,,,,,,,,,,"A2—30 to 56 centimeters (11.8 to 22.0 inches); dark gray (10YR 4/1), very dark gray (10YR 3/1), moist; fine sandy loam; 60 percent sand; 24 percent silt; 16 percent clay; weak medium subangular blocky parts to weak fine granular structure; soft, very friable, nonsticky, nonplastic; common (3.0) very fine roots throughout and common (2.0) fine roots throughout; common (3.0) very fine tubular and few (1.0) fine tubular pores; fragments; 16 Percent of Clay; 60 Percent of Sand; noneffervescent, by hcl, 1n; neutral, pH 6.8, pH meter; clear wavy boundary.; moist when described; observed in pit, small"
S2016ND059001,3,Bw1,56.0,89.0,33.0,fine sandy loam,"brown (10YR 5/3), dark brown (10YR 3/3), moist",dark brown,10YR 3/3,10YR,3.0,3.0,moist,10YR 5/3,10YR 3/3,,,,,,,,,,,,,,,"Bw1—56 to 89 centimeters (22.0 to 35.0 inches); brown (10YR 5/3), dark brown (10YR 3/3), moist; fine sandy loam; 68 percent sand; 19 percent silt; 13 percent clay; weak medium prismatic parts to moderate medium subangular blocky structure; soft, very friable, nonsticky, nonplastic; common (3.0) very fine roots throughout and common (2.0) fine roots throughout; common (3.0) very fine tubular and few (1.0) fine tubular pores; fragments; 13 Percent of Clay; 68 Percent of Sand; noneffervescent, by hcl, 1n; neutral, pH 7.1, pH meter; clear wavy boundary.; moist when described; observed in pit, small"
S2016ND059001,4,Bw2,89.0,140.0,51.0,fine sandy loam,"light brownish gray (10YR 6/2), dark grayish brown (10YR 4/2), moist",dark grayish brown,10YR 4/2,10YR,4.0,2.0,moist,10YR 6/2,10YR 4/2,,,,,,,,,,,,,,,"Bw2—89 to 140 centimeters (35.0 to 55.1 inches); light brownish gray (10YR 6/2), dark grayish brown (10YR 4/2), moist; fine sandy loam; 65 percent sand; 19 percent silt; 16 percent clay; weak medium prismatic parts to weak medium subangular blocky structure; soft, very friable, nonsticky, nonplastic; common (3.0) very fine roots throughout; common (3.0) very fine tubular pores; fragments; 16 Percent of Clay; 65 Percent of Sand; noneffervescent, by hcl, 1n; neutral, pH 7.1, pH meter.; moist when described; observed in pit, small"
S2016ND059001,5,Bw3,140.0,160.0,20.0,clay loam,"light olive brown (2.5Y 5/3), olive brown (2.5Y 4/3), moist",olive brown,2.5Y 4/3,2.5Y,4.0,3.0,moist,2.5Y 5/3,2.5Y 4/3,,,,,,,,,,,,,,,"Bw3—140 to 160 centimeters (55.1 to 63.0 inches); light olive brown (2.5Y 5/3), olive brown (2.5Y 4/3), moist; clay loam; 35 percent sand; 35 percent silt; 30 percent clay; moderate medium subangular blocky structure; slightly hard, firm, slightly sticky, slightly plastic; common (2.0) very fine roots throughout; common (2.0) very fine tubular pores; fragments; 30 Percent of Clay; 35 Percent of Sand; noneffervescent, by hcl, 1n; slightly alkaline, pH 7.4, pH meter.; moist when described; observed in auger, bucket"
S2016ND059001,6,Bk,160.0,200.0,40.0,loam,"light olive brown (2.5Y 5/3), olive brown (2.5Y 4/3), moist",olive brown,2.5Y 4/3,2.5Y,4.0,3.0,moist,2.5Y 5/3,2.5Y 4/3,,,,,,,,,,,,,,,"Bk—160 to 200 centimeters (63.0 to 78.7 inches); light olive brown (2.5Y 5/3), olive brown (2.5Y 4/3), moist; loam; 20 percent sand; 55 percent silt; 25 percent clay; moderate medium subangular blocky structure; slightly hard, firm, slightly sticky, slightly plastic; few (1.0) very fine roots throughout; few (1.0) very fine tubular pores; carbonate, finely disseminated and 10 percent fine irregular weakly coherent cemented carbonate masses throughout; fragments; 25 Percent of Clay; 20 Percent of Sand; violent effervescence, by hcl, 1n; moderately alkaline, pH 7.9, pH meter.; moist when described; observed in auger, bucket"
S2016ND059003,1,A,0.0,18.0,18.0,silty clay loam,"very dark grayish brown (10YR 3/2), very dark brown (10YR 2/2), moist",very dark brown,10YR 2/2,10YR,2.0,2.0,moist,10YR 3/2,10YR 2/2,,,,,,,,,,,,,,,"A—0 to 18 centimeters (0.0 to 7.1 inches); very dark grayish brown (10YR 3/2), very dark brown (10YR 2/2), moist; silty clay loam; 4 percent sand; 59 percent silt; 37 percent clay; moderate medium subangular blocky parts to moderate medium granular structure; moderately hard, firm, very sticky, very plastic; many (10.0) very fine roots throughout; many (7.0) very fine tubular pores; fragments; 37 Percent of Clay; 4 Percent of Sand; noneffervescent, by hcl, 1n; slightly alkaline, pH 7.5, pH meter; clear wavy boundary.; moist when described; observed in pit, small"
S2016ND059003,2,Bt,18.0,29.0,11.0,silty clay loam,"brown (10YR 4/3), dark brown (10YR 3/3), moist",dark brown,10YR 3/3,10YR,3.0,3.0,moist,10YR 4/3,10YR 3/3,,,,,,,,,,,,,,,"Bt—18 to 29 centimeters (7.1 to 11.4 inches); brown (10YR 4/3), dark brown (10YR 3/3), moist; silty clay loam; 4 percent sand; 59 percent silt; 37 percent clay; moderate medium prismatic parts to moderate medium subangular blocky structure; moderately hard, firm, very sticky, very plastic; many (10.0) very fine roots throughout and few (1.0) fine roots throughout; many (10.0) fine tubular pores; 45 percent prominent very dark grayish brown (10YR 3/2), moist, clay films on all faces of peds; fragments; 37 Percent of Clay; 4 Percent of Sand; noneffervescent, by hcl, 1n; slightly alkaline, pH 7.6, pH meter; clear wavy boundary.; moist when described; observed in pit, small"
S2016ND059003,3,Btk,29.0,51.0,22.0,clay,"grayish brown (10YR 5/2), dark grayish brown (10YR 4/2), moist",dark grayish brown,10YR 4/2,10YR,4.0,2.0,moist,10YR 5/2,10YR 4/2,,,,,,,,,,,,,,,"Btk—29 to 51 centimeters (11.4 to 20.1 inches); grayish brown (10YR 5/2), dark grayish brown (10YR 4/2), moist; clay; 25 percent sand; 30 percent silt; 45 percent clay; moderate medium prismatic parts to moderate medium subangular blocky structure; moderately hard, firm, very sticky, very plastic; many (10.0) very fine roots throughout and few (1.0) fine roots throughout; many (10.0) fine tubular pores; 40 percent prominent very dark brown (10YR 2/2), moist, clay films on all faces of peds; carbonate, finely disseminated throughout; fragments; 45 percent of Clay; 47 percent of Sand; violent effervescence, by hcl, 1n; moderately alkaline, pH 8.0, pH meter; clear wavy boundary.; moist when described; observed in pit, small"
S2016ND059003,4,Bk,51.0,107.0,56.0,clay loam,"light yellowish brown (2.5Y 6/3), light olive brown (2.5Y 5/3), moist",light olive brown,2.5Y 5/3,2.5Y,5.0,3.0,moist,2.5Y 6/3,2.5Y 5/3,,,,,,,,,,,,,,,"Bk—51 to 107 centimeters (20.1 to 42.1 inches); light yellowish brown (2.5Y 6/3), light olive brown (2.5Y 5/3), moist; clay loam; 40 percent sand; 27 percent silt; 33 percent clay; moderate medium prismatic parts to moderate medium subangular blocky structure; moderately hard, firm, very sticky, very plastic; few (1.0) very fine roots throughout and few (1.0) fine roots throughout; common (2.0) fine tubular pores; carbonate, finely disseminated throughout and 30 percent fine irregular weakly coherent cemented carbonate masses throughout and 15 percent medium irregular weakly coherent cemented carbonate masses throughout; fragments; 33 percent of Clay; 50 percent of Sand; violent effervescence, by hcl, 1n; moderately alkaline, pH 8.2, pH meter; clear wavy boundary.; moist when described; observed in pit, small"
S2016ND059003,5,C,107.0,200.0,93.0,stratified stratified fine sandy loam to clay loam,"light olive brown (2.5Y 5/3), olive brown (2.5Y 4/3), moist",olive brown,2.5Y 4/3,2.5Y,4.0,3.0,moist,2.5Y 5/3,2.5Y 4/3,,,,,,,,,,,,,,,"C—107 to 200 centimeters (42.1 to 78.7 inches); light olive brown (2.5Y 5/3), olive brown (2.5Y 4/3), moist; stratified stratified fine sandy loam to clay loam; 40 percent sand; 30 percent silt; 30 percent clay; structureless massive; soft, friable, slightly sticky, slightly plastic; 10 percent fine irregular weakly coherent cemented carbonate masses throughout; fragments; 30 Percent of Clay; 50 Percent of Sand; strong effervescence, by hcl, 1n; moderately alkaline, pH 8.2, pH meter.; moist when described; observed in auger, bucket. The strong effervesence was only on carbonate masses. No finely disseminated carbonates in this horizon."
S2016ND059005,1,Oi,0.0,4.0,4.0,fragments,slightly decomposed plant material,,,,,,,,,,,,,,,,,,,,,,1.0,"Oi—0 to 4 centimeters (0.0 to 1.6 inches); slightly decomposed plant material; fragments.; moist when described; observed in auger, bucket"
S2016ND059005,2,A,4.0,20.0,16.0,silt loam,"very dark gray (10YR 3/1), black (10YR 2/1), moist",black,10YR 2/1,10YR,2.0,1.0,moist,10YR 3/1,10YR 2/1,,,,,,,,,,,,,,,"A—4 to 20 centimeters (1.6 to 7.9 inches); very dark gray (10YR 3/1), black (10YR 2/1), moist; silt loam; 5 percent sand; 69 percent silt; 26 percent clay; slightly hard, friable, moderately sticky, moderately plastic; common (4.0) very fine roots throughout and few (1.0) fine roots throughout; common (4.0) very fine tubular and few (1.0) fine tubular pores; fragments; 26 percent of Clay; 5 percent of Sand; noneffervescent, by hcl, 1n; neutral, pH 7.0, pH meter.; moist when described; observed in auger, bucket"
S2016ND059005,3,Bw1,20.0,35.0,15.0,silty clay loam,"light olive brown (2.5Y 5/3), olive brown (2.5Y 4/3), moist",olive brown,2.5Y 4/3,2.5Y,4.0,3.0,moist,2.5Y 5/3,2.5Y 4/3,,,,,,,,,,,,,,,"Bw1—20 to 35 centimeters (7.9 to 13.8 inches); light olive brown (2.5Y 5/3), olive brown (2.5Y 4/3), moist; silty clay loam; 5 percent sand; 63 percent silt; 32 percent clay; moderately hard, firm, moderately sticky, moderately plastic; common (3.0) very fine roots throughout; common (3.0) very fine tubular pores; fragments; 32 Percent of Clay; 5 Percent of Sand; noneffervescent, by hcl, 1n; neutral, pH 7.2, pH meter.; moist when described; observed in auger, bucket"
S2016ND059005,4,Bw2,35.0,51.0,16.0,silty clay loam,"light olive brown (2.5Y 5/3), olive brown (2.5Y 4/3), moist",olive brown,2.5Y 4/3,2.5Y,4.0,3.0,moist,2.5Y 5/3,2.5Y 4/3,,,,,,,,,,,,,,,"Bw2—35 to 51 centimeters (13.8 to 20.1 inches); light olive brown (2.5Y 5/3), olive brown (2.5Y 4/3), moist; silty clay loam; 5 percent sand; 57 percent silt; 38 percent clay; moderately hard, firm, very sticky, very plastic; common (2.0) very fine roots throughout; common (2.0) very fine tubular pores; fragments; 38 percent of Clay; 5 percent of Sand; noneffervescent, by hcl, 1n; slightly alkaline, pH 7.5, pH meter.; moist when described; observed in auger, bucket"
S2016ND059005,5,Bk1,51.0,72.0,21.0,silty clay loam,"grayish brown (2.5Y 5/2), dark grayish brown (2.5Y 4/2), moist",dark grayish brown,2.5Y 4/2,2.5Y,4.0,2.0,moist,2.5Y 5/2,2.5Y 4/2,,,,,,,,,,,,,,,"Bk1—51 to 72 centimeters (20.1 to 28.3 inches); grayish brown (2.5Y 5/2), dark grayish brown (2.5Y 4/2), moist; silty clay loam; 8 percent sand; 56 percent silt; 36 percent clay; moderately hard, firm, very sticky, very plastic; very few (0.5) very fine roots throughout; few (0.5) very fine tubular pores; carbonate, finely disseminated throughout and 3 percent fine irregular weakly coherent cemented carbonate masses throughout; fragments; 36 percent of Clay; 8 percent of Sand; strong effervescence, by hcl, 1n; moderately alkaline, pH 8.0, pH meter.; moist when described; observed in auger, bucket"
S2016ND059005,6,Bk2,72.0,101.0,29.0,silty clay loam,"grayish brown (2.5Y 5/2), dark grayish brown (2.5Y 4/2), moist",dark grayish brown,2.5Y 4/2,2.5Y,4.0,2.0,moist,2.5Y 5/2,2.5Y 4/2,"3 percent fine distinct irregular dark yellowish brown (10YR 4/6), moist, masses of oxidized iron throughout",concentration,1.0,,3,3.0,,fine,distinct,throughout,,,"3 percent fine distinct irregular dark yellowish brown (10YR 4/6), moist, masses of oxidized iron throughout",,"Bk2—72 to 101 centimeters (28.3 to 39.8 inches); grayish brown (2.5Y 5/2), dark grayish brown (2.5Y 4/2), moist; silty clay loam; 8 percent sand; 54 percent silt; 38 percent clay; moderately hard, firm, very sticky, very plastic; very few (0.5) very fine roots throughout; few (0.5) very fine tubular pores; 3 percent fine distinct irregular dark yellowish brown (10YR 4/6), moist, masses of oxidized iron throughout; carbonate, finely disseminated throughout and 4 percent medium irregular weakly coherent cemented carbonate masses throughout; fragments; 38 percent of Clay; 8 percent of Sand; strong effervescence, by hcl, 1n; moderately alkaline, pH 8.2, pH meter.; moist when described; observed in auger, bucket"
S2016ND059005,7,2Bk3,101.0,119.0,18.0,silty clay loam,"light brownish gray (2.5Y 6/2), dark grayish brown (2.5Y 4/2), moist",dark grayish brown,2.5Y 4/2,2.5Y,4.0,2.0,moist,2.5Y 6/2,2.5Y 4/2,"5 percent coarse prominent irregular yellowish brown (10YR 5/8), moist, masses of oxidized iron throughout",concentration,1.0,,5,5.0,,coarse,prominent,throughout,,,"5 percent coarse prominent irregular yellowish brown (10YR 5/8), moist, masses of oxidized iron throughout",,"2Bk3—101 to 119 centimeters (39.8 to 46.9 inches); light brownish gray (2.5Y 6/2), dark grayish brown (2.5Y 4/2), moist; silty clay loam; 8 percent sand; 54 percent silt; 38 percent clay; moderately hard, firm, very sticky, very plastic; 5 percent coarse prominent irregular yellowish brown (10YR 5/8), moist, masses of oxidized iron throughout; carbonate, finely disseminated throughout and 3 percent coarse irregular weakly coherent cemented carbonate masses throughout; 1 percent by volume nonflat subrounded indurated 2-40-75 millimeter granite fragments observed by visual inspection method; 38 percent of Clay; 8 percent of Sand; strong effervescence, by hcl, 1n; moderately alkaline, pH 8.3, pH meter.; moist when described; observed in auger, bucket. This 2Bk3 horizon is glacial till parent material."
S2016ND059005,8,2C1,119.0,158.0,39.0,silty clay loam,"light brownish gray (2.5Y 6/2), dark grayish brown (2.5Y 4/2), moist",dark grayish brown,2.5Y 4/2,2.5Y,4.0,2.0,moist,2.5Y 6/2,2.5Y 4/2,"3 percent fine prominent irregular yellowish brown (10YR 5/8), moist, masses of oxidized iron throughout",concentration,1.0,,3,3.0,,fine,prominent,throughout,,,"3 percent fine prominent irregular yellowish brown (10YR 5/8), moist, masses of oxidized iron throughout",,"2C1—119 to 158 centimeters (46.9 to 62.2 inches); light brownish gray (2.5Y 6/2), dark grayish brown (2.5Y 4/2), moist; silty clay loam; 15 percent sand; 51 percent silt; 34 percent clay; hard, very firm, moderately sticky, moderately plastic; 3 percent fine prominent irregular yellowish brown (10YR 5/8), moist, masses of oxidized iron throughout; carbonate, finely disseminated throughout and 1 percent fine irregular weakly coherent cemented carbonate masses throughout; 5 percent by volume nonflat subrounded indurated 2-40-75 millimeter granite fragments observed by visual inspection method; 34 percent of Clay; 15 percent of Sand; slight effervescence, by hcl, 1n; moderately alkaline, pH 8.2, pH meter.; moist when described; observed in auger, bucket. This 2C1 horizon is glacial till parent materials."
S2016ND059005,9,3C2,158.0,185.0,27.0,loam,"light yellowish brown (2.5Y 6/3), olive brown (2.5Y 4/3), moist",olive brown,2.5Y 4/3,2.5Y,4.0,3.0,moist,2.5Y 6/3,2.5Y 4/3,,,,,,,,,,,,,,,"3C2—158 to 185 centimeters (62.2 to 72.8 inches); light yellowish brown (2.5Y 6/3), olive brown (2.5Y 4/3), moist; loam; 25 percent sand; 50 percent silt; 25 percent clay; soft, very friable, slightly sticky, slightly plastic; fragments; 25 percent of Clay; 25 percent of Sand; noneffervescent, by hcl, 1n; slightly alkaline, pH 7.4, pH meter.; moist when described; observed in auger, bucket"
S2016ND059007,1,A,0.0,23.0,23.0,silt loam,"very dark grayish brown (10YR 3/2), very dark brown (10YR 2/2), moist",very dark brown,10YR 2/2,10YR,2.0,2.0,moist,10YR 3/2,10YR 2/2,,,,,,,,,,,,,,,"A—0 to 23 centimeters (0.0 to 9.1 inches); very dark grayish brown (10YR 3/2), very dark brown (10YR 2/2), moist; silt loam; 10 percent sand; 66 percent silt; 24 percent clay; moderate medium granular structure; soft, very friable, slightly sticky, slightly plastic; common (6.0) very fine roots throughout and few (1.0) very coarse roots throughout and common (4.0) fine roots throughout; common (5.0) very fine tubular and few (1.0) fine tubular pores; fragments; 24 Percent of Clay; 10 Percent of Sand; noneffervescent, by hcl, 1n; slightly alkaline, pH 7.4, pH meter; clear wavy boundary.; moist when described; observed in pit, small"
S2016ND059007,2,Bw,23.0,38.0,15.0,silt loam,"dark grayish brown (10YR 4/2), very dark grayish brown (10YR 3/2), moist",very dark grayish brown,10YR 3/2,10YR,3.0,2.0,moist,10YR 4/2,10YR 3/2,"3 percent fine distinct irregular strong brown (7.5YR 4/6), moist, masses of oxidized iron throughout | observed in pit, small. Numerous redoximorphic features due to wicking effect of the water table of the creek upward through the soil profile. This pedon is adjacent to a small intermittent creek.",concentration,1.0,,3,3.0,,fine,distinct,throughout,,,"3 percent fine distinct irregular strong brown (7.5YR 4/6), moist, masses of oxidized iron throughout | observed in pit, small. Numerous redoximorphic features due to wicking effect of the water table of the creek upward through the soil profile. This pedon is adjacent to a small intermittent creek.",,"Bw—23 to 38 centimeters (9.1 to 15.0 inches); dark grayish brown (10YR 4/2), very dark grayish brown (10YR 3/2), moist; silt loam; 6 percent sand; 69 percent silt; 25 percent clay; moderate medium prismatic parts to moderate medium subangular blocky structure; soft, very friable, slightly sticky, slightly plastic; common (4.0) very fine roots throughout and common (2.0) very coarse roots throughout and common (2.0) fine roots throughout; common (3.0) very fine tubular pores; 3 percent fine distinct irregular strong brown (7.5YR 4/6), moist, masses of oxidized iron throughout; fragments; 25 Percent of Clay; 6 Percent of Sand; very slight effervescence, by hcl, 1n; slightly alkaline, pH 7.6, pH meter; clear wavy boundary.; moist when described; observed in pit, small. Numerous redoximorphic features due to wicking effect of the water table of the creek upward through the soil profile. This pedon is adjacent to a small intermittent creek."
S2016ND059007,3,Bk1,38.0,67.0,29.0,silt loam,"light brownish gray (2.5Y 6/2), dark grayish brown (2.5Y 4/2), moist",dark grayish brown,2.5Y 4/2,2.5Y,4.0,2.0,moist,2.5Y 6/2,2.5Y 4/2,"10 percent fine distinct irregular strong brown (7.5YR 4/6), moist, masses of oxidized iron throughout and 10 percent medium distinct irregular strong brown (7.5YR 4/6), moist, masses of oxidized iron throughout | observed in pit, small. Numerous redoximorphic features due to wicking effect of the water table of the creek upward through the soil profile. This pedon is adjacent to a small intermittent creek.",concentration,1.0,,10,10.0,,fine | medium,distinct,throughout,,,"10 percent fine distinct irregular strong brown (7.5YR 4/6), moist, masses of oxidized iron throughout and 10 percent medium distinct irregular strong brown (7.5YR 4/6), moist, masses of oxidized iron throughout | observed in pit, small. Numerous redoximorphic features due to wicking effect of the water table of the creek upward through the soil profile. This pedon is adjacent to a small intermittent creek.",,"Bk1—38 to 67 centimeters (15.0 to 26.4 inches); light brownish gray (2.5Y 6/2), dark grayish brown (2.5Y 4/2), moist; silt loam; 6 percent sand; 69 percent silt; 25 percent clay; strong medium prismatic parts to moderate medium subangular blocky structure; moderately hard, firm, slightly sticky, slightly plastic; common (3.0) very fine roots throughout; common (3.0) very fine tubular pores; 10 percent fine distinct irregular strong brown (7.5YR 4/6), moist, masses of oxidized iron throughout and 10 percent medium distinct irregular strong brown (7.5YR 4/6), moist, masses of oxidized iron throughout; carbonate, finely disseminated throughout; fragments; 25 Percent of Clay; 6 Percent of Sand; strong effervescence, by hcl, 1n; moderately alkaline, pH 8.1, pH meter; gradual wavy boundary.; moist when described; observed in pit, small. Numerous redoximorphic features due to wicking effect of the water table of the creek upward through the soil profile. This pedon is adjacent to a small intermittent creek."
S2016ND059007,4,Bk2,67.0,110.0,43.0,silt loam,"pale red (2.5YR 6/2), dark grayish brown (2.5Y 4/2), moist",dark grayish brown,2.5Y 4/2,2.5Y,4.0,2.0,moist,2.5YR 6/2,2.5Y 4/2,"1 percent fine distinct irregular strong brown (7.5YR 4/6), moist, masses of oxidized iron throughout and 1 percent medium distinct irregular strong brown (7.5YR 4/6), moist, masses of oxidized iron throughout and 25 percent fine distinct irregular strong brown (7.5YR 5/8), moist, masses of oxidized iron throughout and 25 percent medium distinct irregular strong brown (7.5YR 5/8), moist, masses of oxidized iron throughout | observed in pit, small. Numerous redoximorphic features due to wicking effect of the water table of the creek upward through the soil profile. This pedon is adjacent to a small intermittent creek.",concentration,1.0,,1 | 25,25.0,,fine | medium,distinct,throughout,,,"1 percent fine distinct irregular strong brown (7.5YR 4/6), moist, masses of oxidized iron throughout and 1 percent medium distinct irregular strong brown (7.5YR 4/6), moist, masses of oxidized iron throughout and 25 percent fine distinct irregular strong brown (7.5YR 5/8), moist, masses of oxidized iron throughout and 25 percent medium distinct irregular strong brown (7.5YR 5/8), moist, masses of oxidized iron throughout | observed in pit, small. Numerous redoximorphic features due to wicking effect of the water table of the creek upward through the soil profile. This pedon is adjacent to a small intermittent creek.",,"Bk2—67 to 110 centimeters (26.4 to 43.3 inches); pale red (2.5YR 6/2), dark grayish brown (2.5Y 4/2), moist; silt loam; 6 percent sand; 69 percent silt; 25 percent clay; strong medium prismatic parts to moderate medium subangular blocky structure; moderately hard, firm, slightly sticky, slightly plastic; few (1.0) very fine roots throughout; few (1.0) very fine tubular pores; 1 percent fine distinct irregular strong brown (7.5YR 4/6), moist, masses of oxidized iron throughout and 1 percent medium distinct irregular strong brown (7.5YR 4/6), moist, masses of oxidized iron throughout and 25 percent fine distinct irregular strong brown (7.5YR 5/8), moist, masses of oxidized iron throughout and 25 percent medium distinct irregular strong brown (7.5YR 5/8), moist, masses of oxidized iron throughout; carbonate, finely disseminated throughout and 15 percent fine irregular weakly coherent cemented carbonate masses throughout and 25 percent medium irregular weakly coherent cemented carbonate masses throughout; fragments; 25 Percent of Clay; 6 Percent of Sand; violent effervescence, by hcl, 1n; moderately alkaline, pH 8.2, pH meter.; moist when described; observed in pit, small. Numerous redoximorphic features due to wicking effect of the water table of the creek upward through the soil profile. This pedon is adjacent to a small intermittent creek."
S2016ND059007,5,BC,110.0,145.0,35.0,silt loam,"light yellowish brown (2.5Y 6/3), light olive brown (2.5Y 5/3), moist",light olive brown,2.5Y 5/3,2.5Y,5.0,3.0,moist,2.5Y 6/3,2.5Y 5/3,"10 percent medium prominent irregular dark yellowish brown (10YR 4/6), moist, masses of oxidized iron throughout and 20 percent fine prominent irregular strong brown (7.5YR 4/6), moist, masses of oxidized iron throughout | observed in auger, bucket. Carbonate masses are effervescent but no effervescence in the soil matrix in this horizon. Numerous redoximorphic features due to wicking effect of the water table of the creek upward through the soil profile. This pedon is adjacent to a small intermittent creek.",concentration,1.0,,10 | 20,20.0,,medium | fine,prominent,throughout,,,"10 percent medium prominent irregular dark yellowish brown (10YR 4/6), moist, masses of oxidized iron throughout and 20 percent fine prominent irregular strong brown (7.5YR 4/6), moist, masses of oxidized iron throughout | observed in auger, bucket. Carbonate masses are effervescent but no effervescence in the soil matrix in this horizon. Numerous redoximorphic features due to wicking effect of the water table of the creek upward through the soil profile. This pedon is adjacent to a small intermittent creek.",,"BC—110 to 145 centimeters (43.3 to 57.1 inches); light yellowish brown (2.5Y 6/3), light olive brown (2.5Y 5/3), moist; silt loam; 6 percent sand; 69 percent silt; 25 percent clay; moderate medium prismatic structure; moderately hard, firm, slightly sticky, slightly plastic; 10 percent medium prominent irregular dark yellowish brown (10YR 4/6), moist, masses of oxidized iron throughout and 20 percent fine prominent irregular strong brown (7.5YR 4/6), moist, masses of oxidized iron throughout; 5 percent fine irregular weakly coherent cemented carbonate masses throughout; fragments; 25 Percent of Clay; 6 Percent of Sand; slight effervescence, by hcl, 1n; moderately alkaline, pH 8.0, pH meter.; moist when described; observed in auger, bucket. Carbonate masses are effervescent but no effervescence in the soil matrix in this horizon. Numerous redoximorphic features due to wicking effect of the water table of the creek upward through the soil profile. This pedon is adjacent to a small intermittent creek."
S2016ND059007,6,C,145.0,186.0,41.0,silt loam,"light yellowish brown (2.5Y 6/3), light olive brown (2.5Y 5/3), moist",light olive brown,2.5Y 5/3,2.5Y,5.0,3.0,moist,2.5Y 6/3,2.5Y 5/3,"20 percent fine prominent irregular yellowish brown (10YR 5/8), moist, masses of oxidized iron throughout and 20 percent medium prominent irregular strong brown (7.5YR 4/6), moist, masses of oxidized iron throughout and 20 percent fine prominent irregular strong brown (7.5YR 4/6), moist, masses of oxidized iron throughout and 20 percent medium prominent irregular yellowish brown (10YR 5/8), moist, masses of oxidized iron throughout | observed in auger, bucket. Numerous redoximorphic features due to wicking effect of the water table of the creek upward through the soil profile. This pedon is adjacent to a small intermittent creek.",concentration,1.0,,20,20.0,,fine | medium,prominent,throughout,,,"20 percent fine prominent irregular yellowish brown (10YR 5/8), moist, masses of oxidized iron throughout and 20 percent medium prominent irregular strong brown (7.5YR 4/6), moist, masses of oxidized iron throughout and 20 percent fine prominent irregular strong brown (7.5YR 4/6), moist, masses of oxidized iron throughout and 20 percent medium prominent irregular yellowish brown (10YR 5/8), moist, masses of oxidized iron throughout | observed in auger, bucket. Numerous redoximorphic features due to wicking effect of the water table of the creek upward through the soil profile. This pedon is adjacent to a small intermittent creek.",,"C—145 to 186 centimeters (57.1 to 73.2 inches); light yellowish brown (2.5Y 6/3), light olive brown (2.5Y 5/3), moist; silt loam; 6 percent sand; 69 percent silt; 25 percent clay; massive; moderately hard, firm, slightly sticky, slightly plastic; 20 percent fine prominent irregular yellowish brown (10YR 5/8), moist, masses of oxidized iron throughout and 20 percent medium prominent irregular strong brown (7.5YR 4/6), moist, masses of oxidized iron throughout and 20 percent fine prominent irregular strong brown (7.5YR 4/6), moist, masses of oxidized iron throughout and 20 percent medium prominent irregular yellowish brown (10YR 5/8), moist, masses of oxidized iron throughout; fragments; 25 Percent of Clay; 6 Percent of Sand; noneffervescent, by hcl, 1n; moderately alkaline, pH 8.0, pH meter.; moist when described; observed in auger, bucket. Numerous redoximorphic features due to wicking effect of the water table of the creek upward through the soil profile. This pedon is adjacent to a small intermittent creek."
S2016ND059007,7,Cr,186.0,200.0,14.0,fragments,bedrock,,,,,,,,,,,,,,,,,,,,,,,"Cr—186 to 200 centimeters (73.2 to 78.7 inches); bedrock; fragments.; moderately dry when described; observed in auger, bucket"
S2016ND059008,1,A,0.0,23.0,23.0,silty clay loam,"very dark grayish brown (10YR 3/2), very dark brown (10YR 2/2), moist",very dark brown,10YR 2/2,10YR,2.0,2.0,moist,10YR 3/2,10YR 2/2,,,,,,,,,,,,,,,"A—0 to 23 centimeters (0.0 to 9.1 inches); very dark grayish brown (10YR 3/2), very dark brown (10YR 2/2), moist; silty clay loam; 5 percent sand; 57 percent silt; 38 percent clay; moderate medium subangular blocky parts to moderate medium granular structure; moderately hard, firm, very sticky, very plastic; common (8.0) very fine roots throughout; many (6.0) very fine tubular pores; fragments; 5 Percent of Sand; 38 percent of Clay; noneffervescent, by hcl, 1n; neutral, pH 7.2, pH meter; clear wavy boundary.; moist when described; observed in pit, small"
S2016ND059008,2,Bt,23.0,53.0,30.0,silty clay,"grayish brown (10YR 5/2), dark grayish brown (10YR 4/2), moist",dark grayish brown,10YR 4/2,10YR,4.0,2.0,moist,10YR 5/2,10YR 4/2,,,,,,,,,,,,,,,"Bt—23 to 53 centimeters (9.1 to 20.9 inches); grayish brown (10YR 5/2), dark grayish brown (10YR 4/2), moist; silty clay; 5 percent sand; 47 percent silt; 48 percent clay; strong medium prismatic parts to strong medium angular blocky structure; hard, very firm, very sticky, very plastic; common (5.0) very fine roots throughout; common (4.0) very fine tubular pores; 80 percent prominent very dark gray (10YR 3/1), moist, clay films on all faces of peds; fragments; 48 Percent of Clay; 5 percent of Sand; noneffervescent, by hcl, 1n; slightly alkaline, pH 7.4, pH meter; clear wavy boundary.; moist when described; observed in pit, small"
S2016ND059008,3,Btk,53.0,88.0,35.0,silty clay,"brown (10YR 5/3), brown (10YR 4/3), moist",brown,10YR 4/3,10YR,4.0,3.0,moist,10YR 5/3,10YR 4/3,,,,,,,,,,,,,,,"Btk—53 to 88 centimeters (20.9 to 34.6 inches); brown (10YR 5/3), brown (10YR 4/3), moist; silty clay; 4 percent sand; 41 percent silt; 55 percent clay; strong medium prismatic parts to strong medium angular blocky structure; hard, very firm, very sticky, very plastic; common (2.0) very fine roots between peds; common (2.0) very fine tubular pores; 80 percent distinct very dark grayish brown (10YR 3/2), moist, clay films on all faces of peds; carbonate, finely disseminated throughout and 25 percent fine irregular weakly coherent cemented carbonate masses throughout; fragments; 55 Percent of Clay; 4 percent of Sand; strong effervescence, by hcl, 1n; slightly alkaline, pH 7.8, pH meter; gradual wavy boundary.; moist when described; observed in pit, small"
S2016ND059008,4,C,88.0,200.0,112.0,silty clay,"grayish brown (2.5Y 5/2), dark grayish brown (2.5Y 4/2), moist",dark grayish brown,2.5Y 4/2,2.5Y,4.0,2.0,moist,2.5Y 5/2,2.5Y 4/2,,,,,,,,,,,,,,,"C—88 to 200 centimeters (34.6 to 78.7 inches); grayish brown (2.5Y 5/2), dark grayish brown (2.5Y 4/2), moist; silty clay; 4 percent sand; 46 percent silt; 50 percent clay; massive; hard, very firm, very sticky, very plastic; few (1.0) very fine roots throughout; few (1.0) very fine tubular pores; 5 percent fine irregular weakly coherent cemented carbonate masses throughout and 2 percent medium irregular weakly coherent cemented carbonate masses throughout; 2 percent by volume nonflat angular strongly coherent cemented 5-12-20 millimeter ironstone nodules fragments observed by visual inspection method and 8 percent by volume nonflat angular strongly coherent cemented 2-3-5 millimeter ironstone nodules fragments observed by visual inspection method; 50 Percent of Clay; 4 Percent of Sand; strong effervescence, by hcl, 1n; moderately alkaline, pH 8.0, pH meter.; moist when described; observed in auger, bucket"
S2016ND059011,1,A,0.0,18.0,18.0,silt loam,"dark grayish brown (10YR 4/2), very dark grayish brown (10YR 3/2), moist",very dark grayish brown,10YR 3/2,10YR,3.0,2.0,moist,10YR 4/2,10YR 3/2,,,,,,,,,,,,,,,"A—0 to 18 centimeters (0.0 to 7.1 inches); dark grayish brown (10YR 4/2), very dark grayish brown (10YR 3/2), moist; silt loam; 10 percent sand; 68 percent silt; 22 percent clay; weak fine subangular blocky parts to moderate medium granular structure; soft, very friable, slightly sticky, slightly plastic; common (5.0) very fine roots throughout and few (1.0) fine roots throughout; common (3.0) very fine tubular and few (1.0) fine tubular pores; fragments; 22 Percent of Clay; 10 Percent of Sand; noneffervescent, by hcl, 1n; neutral, pH 7.0, pH meter; clear wavy boundary.; moist when described; observed in pit, small"
S2016ND059011,2,Bt,18.0,51.0,33.0,silty clay loam,"brown (10YR 5/3), brown (10YR 4/3), moist",brown,10YR 4/3,10YR,4.0,3.0,moist,10YR 5/3,10YR 4/3,,,,,,,,,,,,,,,"Bt—18 to 51 centimeters (7.1 to 20.1 inches); brown (10YR 5/3), brown (10YR 4/3), moist; silty clay loam; 10 percent sand; 60 percent silt; 30 percent clay; moderate medium prismatic parts to moderate medium subangular blocky structure; slightly hard, friable, moderately sticky, moderately plastic; common (4.0) very fine roots throughout; common (3.0) very fine tubular pores; 80 percent prominent black (10YR 2/1), moist, clay films on all faces of peds; fragments; 30 Percent of Clay; 10 Percent of Sand; noneffervescent, by hcl, 1n; neutral, pH 7.3, pH meter; clear wavy boundary.; moist when described; observed in pit, small"
S2016ND059011,3,Btk,51.0,88.0,37.0,silty clay loam,"grayish brown (2.5Y 5/2), dark grayish brown (2.5Y 4/2), moist",dark grayish brown,2.5Y 4/2,2.5Y,4.0,2.0,moist,2.5Y 5/2,2.5Y 4/2,"2 percent medium prominent irregular strong brown (7.5YR 5/8), moist, masses of oxidized iron throughout and 3 percent fine prominent irregular strong brown (7.5YR 5/8), moist, masses of oxidized iron throughout | observed in pit, small. The redoximorphic features present in this Btk horizon were near the bottom of the horizon just above the sedimentary beds (Cr horizon).",concentration,1.0,,2 | 3,3.0,,medium | fine,prominent,throughout,,,"2 percent medium prominent irregular strong brown (7.5YR 5/8), moist, masses of oxidized iron throughout and 3 percent fine prominent irregular strong brown (7.5YR 5/8), moist, masses of oxidized iron throughout | observed in pit, small. The redoximorphic features present in this Btk horizon were near the bottom of the horizon just above the sedimentary beds (Cr horizon).",,"Btk—51 to 88 centimeters (20.1 to 34.6 inches); grayish brown (2.5Y 5/2), dark grayish brown (2.5Y 4/2), moist; silty clay loam; 10 percent sand; 61 percent silt; 29 percent clay; moderate medium prismatic parts to moderate medium subangular blocky structure; slightly hard, friable, moderately sticky, moderately plastic; common (2.0) very fine roots throughout; common (3.0) very fine tubular pores; 60 percent prominent black (10YR 2/1), moist, clay films on all faces of peds; 2 percent medium prominent irregular strong brown (7.5YR 5/8), moist, masses of oxidized iron throughout and 3 percent fine prominent irregular strong brown (7.5YR 5/8), moist, masses of oxidized iron throughout; carbonate, finely disseminated and 5 percent fine irregular weakly coherent cemented carbonate masses throughout and 5 percent medium irregular weakly coherent cemented carbonate masses throughout; fragments; 29 Percent of Clay; 10 Percent of Sand; violent effervescence, by hcl, 1n; moderately alkaline, pH 8.0, pH meter; clear wavy boundary.; moist when described; observed in pit, small. The redoximorphic features present in this Btk horizon were near the bottom of the horizon just above the sedimentary beds (Cr horizon)."
S2016ND059011,4,Cr,88.0,200.0,112.0,structureless massive,bedrock,,,,,,,,,,,,,,,,,,,,,,,"Cr—88 to 200 centimeters (34.6 to 78.7 inches); bedrock; structureless massive; fragments.; moderately dry when described; observed in auger, bucket"
S2016ND059013,1,A,0.0,18.0,18.0,loamy sand,"dark grayish brown (10YR 4/2), very dark grayish brown (10YR 3/2), moist",very dark grayish brown,10YR 3/2,10YR,3.0,2.0,moist,10YR 4/2,10YR 3/2,,,,,,,,,,,,,,,"A—0 to 18 centimeters (0.0 to 7.1 inches); dark grayish brown (10YR 4/2), very dark grayish brown (10YR 3/2), moist; loamy sand; 75 percent sand; 20 percent silt; 5 percent clay; weak fine granular structure; soft, very friable, nonsticky, nonplastic; common (5.0) very fine roots throughout and common (3.0) fine roots throughout; common (5.0) very fine tubular and common (3.0) fine tubular pores; 3 percent by volume nonflat subrounded indurated 5-10-20 millimeter mixed fragments observed by visual inspection method and 5 percent by volume nonflat subrounded indurated 2-3-5 millimeter mixed fragments observed by visual inspection method; 5 Percent of Clay; 75 Percent of Sand; noneffervescent, by hcl, 1n; slightly alkaline, pH 7.5, pH meter; clear wavy boundary.; moist when described; observed in pit, small"
S2016ND059013,2,AC,18.0,32.0,14.0,loamy sand,"dark grayish brown (10YR 4/2), very dark grayish brown (10YR 3/2), moist",very dark grayish brown,10YR 3/2,10YR,3.0,2.0,moist,10YR 4/2,10YR 3/2,,,,,,,,,,,,,,,"AC—18 to 32 centimeters (7.1 to 12.6 inches); dark grayish brown (10YR 4/2), very dark grayish brown (10YR 3/2), moist; loamy sand; 75 percent sand; 20 percent silt; 5 percent clay; weak fine granular structure; loose, loose, nonsticky, nonplastic; common (3.0) very fine roots throughout and common (2.0) fine roots throughout; common (3.0) very fine tubular and common (2.0) fine tubular pores; 4 percent by volume nonflat subrounded indurated 5-8-20 millimeter mixed fragments observed by visual inspection method and 8 percent by volume nonflat subrounded indurated 2-3-5 millimeter mixed fragments observed by visual inspection method; 5 Percent of Clay; 75 Percent of Sand; noneffervescent, by hcl, 1n; slightly alkaline, pH 7.5, pH meter; abrupt wavy boundary.; moist when described; observed in pit, small"
S2016ND059013,3,C1,32.0,46.0,14.0,very gravelly sand,"yellowish brown (10YR 5/6), dark yellowish brown (10YR 4/6), moist",dark yellowish brown,10YR 4/6,10YR,4.0,6.0,moist,10YR 5/6,10YR 4/6,,,,,,,,,,,,,,,"C1—32 to 46 centimeters (12.6 to 18.1 inches); yellowish brown (10YR 5/6), dark yellowish brown (10YR 4/6), moist; very gravelly sand; 88 percent sand; 9 percent silt; 3 percent clay; structureless single grain; loose, loose, nonsticky, nonplastic; few (1.0) very fine roots throughout and few (1.0) fine roots throughout; few (1.0) very fine tubular and few (1.0) fine tubular pores; 15 percent fine irregular weakly coherent cemented carbonate masses on bottom of rock fragments; 1 percent by volume nonflat subrounded indurated 20-25-76 millimeter mixed fragments observed by visual inspection method and 9 percent by volume nonflat subrounded indurated 5-10-20 millimeter mixed fragments observed by visual inspection method and 30 percent by volume nonflat subrounded indurated 2-3-5 millimeter mixed fragments observed by visual inspection method; 3 Percent of Clay; 88 Percent of Sand; strong effervescence, by hcl, 1n; slightly alkaline, pH 7.6, pH meter; abrupt wavy boundary.; moist when described; observed in pit, small. The soil matrix of the C1 horizon is non-effervescent but the carbonate masses coating the bottoms of the rock fragments in this horizon exhibited strong effervescence."
S2016ND059013,4,C2,46.0,130.0,84.0,fine sand,"light yellowish brown (2.5Y 6/3), olive brown (2.5Y 4/3), moist",olive brown,2.5Y 4/3,2.5Y,4.0,3.0,moist,2.5Y 6/3,2.5Y 4/3,,,,,,,,,,,,,,,"C2—46 to 130 centimeters (18.1 to 51.2 inches); light yellowish brown (2.5Y 6/3), olive brown (2.5Y 4/3), moist; fine sand; 90 percent sand; 8 percent silt; 2 percent clay; structureless single grain; loose, loose, nonsticky, nonplastic; common (2.0) very fine roots throughout; common (2.0) very fine tubular pores; carbonate, finely disseminated throughout; fragments; 2 Percent of Clay; 10 Percent of Sand; slight effervescence, by hcl, 1n; moderately alkaline, pH 7.9, pH meter; clear wavy boundary.; moist when described; observed in pit, small"
S2016ND059013,5,Ab,130.0,140.0,10.0,loamy sand,"olive brown (2.5Y 4/3), dark olive brown (2.5Y 3/3), moist",dark olive brown,2.5Y 3/3,2.5Y,3.0,3.0,moist,2.5Y 4/3,2.5Y 3/3,,,,,,,,,,,,,,,"Ab—130 to 140 centimeters (51.2 to 55.1 inches); olive brown (2.5Y 4/3), dark olive brown (2.5Y 3/3), moist; loamy sand; 80 percent sand; 12 percent silt; 8 percent clay; structureless single grain; loose, loose, nonsticky, nonplastic; carbonate, finely disseminated throughout; 4 percent by volume nonflat subrounded indurated 2-3-5 millimeter mixed fragments observed by visual inspection method; 8 Percent of Clay; 80 Percent of Sand; slight effervescence, by hcl, 1n; moderately alkaline, pH 7.9, pH meter; clear wavy boundary.; moist when described; observed in auger, bucket"
S2016ND059013,6,C3,140.0,200.0,60.0,gravelly sand,"light olive brown (2.5Y 5/3), dark olive brown (2.5Y 3/3), moist",dark olive brown,2.5Y 3/3,2.5Y,3.0,3.0,moist,2.5Y 5/3,2.5Y 3/3,,,,,,,,,,,,,,,"C3—140 to 200 centimeters (55.1 to 78.7 inches); light olive brown (2.5Y 5/3), dark olive brown (2.5Y 3/3), moist; gravelly sand; 90 percent sand; 8 percent silt; 2 percent clay; structureless single grain; loose, loose, nonsticky, nonplastic; carbonate, finely disseminated throughout; 10 percent by volume nonflat subrounded indurated 2-3-5 millimeter mixed fragments observed by visual inspection method and 10 percent by volume nonflat subrounded indurated 5-12-20 millimeter mixed fragments observed by visual inspection method; 2 Percent of Clay; 90 Percent of Sand; slight effervescence, by hcl, 1n; moderately alkaline, pH 7.9, pH meter.; moist when described; observed in auger, bucket. Lots of coarse sand present in this horizon."
S2016ND059014,1,A,0.0,27.0,27.0,clay loam,"dark grayish brown (10YR 4/2), very dark brown (10YR 2/2), moist",very dark brown,10YR 2/2,10YR,2.0,2.0,moist,10YR 4/2,10YR 2/2,,,,,,,,,,,,,,,"A—0 to 27 centimeters (0.0 to 10.6 inches); dark grayish brown (10YR 4/2), very dark brown (10YR 2/2), moist; clay loam; 22 percent sand; 46 percent silt; 32 percent clay; strong medium granular structure; moderately hard, firm, moderately sticky, moderately plastic; common (5.0) very fine roots throughout and few (1.0) medium roots throughout and common (2.0) fine roots throughout and few (1.0) coarse roots throughout; common (5.0) very fine tubular and common (2.0) fine tubular pores; fragments; 32 Percent of Clay; 22 Percent of Sand; noneffervescent, by hcl, 1n; neutral, pH 6.8, pH meter; clear wavy boundary.; moist when described; observed in pit, small"
S2016ND059014,2,Bt1,27.0,44.0,17.0,clay loam,"grayish brown (2.5Y 5/2), very dark grayish brown (2.5Y 3/2), moist",very dark grayish brown,2.5Y 3/2,2.5Y,3.0,2.0,moist,2.5Y 5/2,2.5Y 3/2,,,,,,,,,,,,,,,"Bt1—27 to 44 centimeters (10.6 to 17.3 inches); grayish brown (2.5Y 5/2), very dark grayish brown (2.5Y 3/2), moist; clay loam; 23 percent sand; 41 percent silt; 36 percent clay; moderate coarse prismatic parts to moderate medium angular blocky structure; moderately hard, firm, moderately sticky, moderately plastic; common (3.0) very fine roots between peds and few (1.0) fine roots throughout; common (3.0) very fine tubular and few (1.0) fine tubular pores; 70 percent prominent very dark gray (2.5Y 3/1), moist, clay films on all faces of peds; fragments; 36 Percent of Clay; 23 Percent of Sand; noneffervescent, by hcl, 1n; neutral, pH 7.2, pH meter; gradual wavy boundary.; moist when described; observed in pit, small"
S2016ND059014,3,Bt2,44.0,73.0,29.0,clay loam,"light olive brown (2.5Y 5/3), olive brown (2.5Y 4/3), moist",olive brown,2.5Y 4/3,2.5Y,4.0,3.0,moist,2.5Y 5/3,2.5Y 4/3,,,,,,,,,,,,,,,"Bt2—44 to 73 centimeters (17.3 to 28.7 inches); light olive brown (2.5Y 5/3), olive brown (2.5Y 4/3), moist; clay loam; 25 percent sand; 37 percent silt; 38 percent clay; moderate coarse prismatic parts to moderate medium angular blocky structure; hard, very firm, moderately sticky, moderately plastic; few (1.0) very fine roots between peds and few (1.0) fine roots throughout; few (1.0) very fine tubular and few (1.0) fine tubular pores; 85 percent prominent very dark grayish brown (2.5Y 3/2), moist, clay films on all faces of peds; 1 percent by volume nonflat subrounded indurated 5-10-20 millimeter granite fragments observed by visual inspection method; 38 Percent of Clay; 25 Percent of Sand; noneffervescent, by hcl, 1n; slightly alkaline, pH 7.4, pH meter; gradual wavy boundary.; moist when described; observed in pit, small"
S2016ND059014,4,Bt3,73.0,85.0,12.0,clay loam,"light olive brown (2.5Y 5/4), olive brown (2.5Y 4/4), moist",olive brown,2.5Y 4/4,2.5Y,4.0,4.0,moist,2.5Y 5/4,2.5Y 4/4,"8 percent coarse prominent irregular yellowish brown (10YR 5/6), moist, and brown (7.5YR 4/4), moist, masses of oxidized iron on faces of peds",concentration,1.0,,8,8.0,,coarse,prominent,on faces of peds,,,"8 percent coarse prominent irregular yellowish brown (10YR 5/6), moist, and brown (7.5YR 4/4), moist, masses of oxidized iron on faces of peds",,"Bt3—73 to 85 centimeters (28.7 to 33.5 inches); light olive brown (2.5Y 5/4), olive brown (2.5Y 4/4), moist; clay loam; 30 percent sand; 36 percent silt; 34 percent clay; moderate coarse prismatic parts to moderate medium angular blocky structure; hard, very firm, moderately sticky, moderately plastic; few (1.0) very fine roots between peds; few (1.0) very fine tubular pores; 60 percent distinct dark olive brown (2.5Y 3/3), moist, clay films on all faces of peds; 8 percent coarse prominent irregular yellowish brown (10YR 5/6), moist, and brown (7.5YR 4/4), moist, masses of oxidized iron on faces of peds; 1 percent by volume nonflat subrounded indurated 5-10-20 millimeter granite fragments observed by visual inspection method; 34 Percent of Clay; 30 Percent of Sand; noneffervescent, by hcl, 1n; slightly alkaline, pH 7.5, pH meter; clear wavy boundary.; slightly moist when described; observed in pit, small"
S2016ND059014,5,Bk,85.0,104.0,19.0,clay loam,"light yellowish brown (2.5Y 6/3), light olive brown (2.5Y 5/3), moist",light olive brown,2.5Y 5/3,2.5Y,5.0,3.0,moist,2.5Y 6/3,2.5Y 5/3,"2 percent coarse prominent irregular yellowish brown (10YR 5/6), moist, masses of oxidized iron on faces of peds",concentration,1.0,,2,2.0,,coarse,prominent,on faces of peds,,,"2 percent coarse prominent irregular yellowish brown (10YR 5/6), moist, masses of oxidized iron on faces of peds",,"Bk—85 to 104 centimeters (33.5 to 40.9 inches); light yellowish brown (2.5Y 6/3), light olive brown (2.5Y 5/3), moist; clay loam; 40 percent sand; 29 percent silt; 31 percent clay; moderate coarse prismatic parts to weak medium subangular blocky structure; hard, very firm, moderately sticky, moderately plastic; few (1.0) very fine roots between peds; few (1.0) very fine tubular pores; 10 percent distinct olive brown (2.5Y 4/3), moist, clay films on vertical faces of peds; 2 percent coarse prominent irregular yellowish brown (10YR 5/6), moist, masses of oxidized iron on faces of peds; 25 percent coarse irregular weakly coherent cemented carbonate masses on horizontal faces of peds; 1 percent by volume nonflat subrounded indurated 5-10-20 millimeter granite fragments observed by visual inspection method; 31 Percent of Clay; 40 Percent of Sand; strong effervescence, by hcl, 1n; slightly alkaline, pH 7.7, pH meter.; slightly moist when described; observed in pit, small"
S2016ND059014,6,2C,104.0,114.0,10.0,50 percent sand,loam,,,,,,,,,,,,,,,,,,,,,,,"2C—104 to 114 centimeters (40.9 to 44.9 inches); loam; 50 percent sand; 30 percent silt; 20 percent clay; massive; slightly hard, friable, slightly sticky, slightly plastic; fragments; 20 Percent of Clay; 50 Percent of Sand; noneffervescent, by hcl, 1n; slightly alkaline, pH 7.6, pH meter.; slightly moist when described; observed in auger, bucket"
S2016ND059014,7,2Cr,114.0,200.0,86.0,fragments,bedrock,,,,,,,,,,,,,,,,,,,,,,,"2Cr—114 to 200 centimeters (44.9 to 78.7 inches); bedrock; fragments; noneffervescent, by hcl, 1n.; dry when described; observed in auger, bucket"
S2016ND059016,1,A,0.0,22.0,22.0,silty clay loam,"dark gray (10YR 4/1), very dark gray (10YR 3/1), moist",very dark gray,10YR 3/1,10YR,3.0,1.0,moist,10YR 4/1,10YR 3/1,,,,,,,,,,,,,,,"A—0 to 22 centimeters (0.0 to 8.7 inches); dark gray (10YR 4/1), very dark gray (10YR 3/1), moist; silty clay loam; 10 percent sand; 62 percent silt; 28 percent clay; strong medium granular structure; moderately hard, firm, moderately sticky, moderately plastic; 3.0 very fine roots throughout and 2.0 fine roots throughout and 1.0 coarse roots throughout; 3.0 very fine tubular and 2.0 fine tubular and 1.0 coarse tubular pores; fragments; noneffervescent, by hcl, 1n; neutral, pH 7.3, pH meter; clear wavy boundary.; moist when described; observed in pit, small"
S2016ND059016,2,Bw,22.0,36.0,14.0,silty clay loam,"grayish brown (2.5Y 5/2), dark grayish brown (2.5Y 4/2), moist",dark grayish brown,2.5Y 4/2,2.5Y,4.0,2.0,moist,2.5Y 5/2,2.5Y 4/2,,,,,,,,,,,,,,,"Bw—22 to 36 centimeters (8.7 to 14.2 inches); grayish brown (2.5Y 5/2), dark grayish brown (2.5Y 4/2), moist; silty clay loam; 10 percent sand; 57 percent silt; 33 percent clay; weak medium prismatic parts to weak medium subangular blocky structure; moderately hard, firm, moderately sticky, moderately plastic; 2.0 very fine roots throughout and 1.0 fine roots throughout and 1.0 coarse roots throughout; 2.0 very fine tubular and 1.0 fine tubular and 1.0 coarse tubular pores; 10 percent faint very dark grayish brown (2.5Y 3/2), moist, clay films on vertical faces of peds; fragments; noneffervescent, by hcl, 1n; moderately alkaline, pH 7.9, pH meter; clear wavy boundary.; moist when described; observed in pit, small"
S2016ND059016,3,Bk,36.0,67.0,31.0,silty clay loam,"light yellowish brown (2.5Y 6/3), light olive brown (2.5Y 5/3), moist",light olive brown,2.5Y 5/3,2.5Y,5.0,3.0,moist,2.5Y 6/3,2.5Y 5/3,"4 percent medium distinct irregular weakly coherent cemented yellowish brown (10YR 5/6), moist, masses of oxidized iron throughout",concentration,1.0,,4,4.0,,medium,distinct,throughout,,,"4 percent medium distinct irregular weakly coherent cemented yellowish brown (10YR 5/6), moist, masses of oxidized iron throughout",,"Bk—36 to 67 centimeters (14.2 to 26.4 inches); light yellowish brown (2.5Y 6/3), light olive brown (2.5Y 5/3), moist; silty clay loam; 10 percent sand; 55 percent silt; 35 percent clay; weak medium prismatic parts to weak medium subangular blocky structure; moderately hard, firm, moderately sticky, moderately plastic; 1.0 very fine roots throughout; 1.0 very fine tubular pores; 4 percent medium distinct irregular weakly coherent cemented yellowish brown (10YR 5/6), moist, masses of oxidized iron throughout; 3 percent coarse irregular weakly coherent cemented carbonate masses throughout; fragments; strong effervescence, by hcl, 1n; moderately alkaline, pH 8.3, pH meter; clear wavy boundary.; moist when described; observed in pit, small"
S2016ND059016,4,Cr,67.0,200.0,133.0,bedrock,"light brownish gray (2.5Y 6/2), dark grayish brown (2.5Y 4/2), moist",dark grayish brown,2.5Y 4/2,2.5Y,4.0,2.0,moist,2.5Y 6/2,2.5Y 4/2,"8 percent medium prominent irregular weakly coherent cemented yellowish brown (10YR 5/6), moist, masses of oxidized iron along lamina or strata surfaces",concentration,1.0,,8,8.0,,medium,prominent,,,,"8 percent medium prominent irregular weakly coherent cemented yellowish brown (10YR 5/6), moist, masses of oxidized iron along lamina or strata surfaces",,"Cr—67 to 200 centimeters (26.4 to 78.7 inches); light brownish gray (2.5Y 6/2), dark grayish brown (2.5Y 4/2), moist; bedrock; 10 percent sand; 55 percent silt; 35 percent clay; 8 percent medium prominent irregular weakly coherent cemented yellowish brown (10YR 5/6), moist, masses of oxidized iron along lamina or strata surfaces; 2 percent medium irregular weakly coherent cemented carbonate masses throughout; fragments; strong effervescence, by hcl, 1n.; moist when described; observed in pit, small"
S2016ND059017,1,A,0.0,30.0,30.0,silt loam,"very dark grayish brown (10YR 3/2), very dark brown (10YR 2/2), moist",very dark brown,10YR 2/2,10YR,2.0,2.0,moist,10YR 3/2,10YR 2/2,,,,,,,,,,,,,,,"A—0 to 30 centimeters (0.0 to 11.8 inches); very dark grayish brown (10YR 3/2), very dark brown (10YR 2/2), moist; silt loam; 10 percent sand; 68 percent silt; 22 percent clay; moderate medium granular structure; slightly hard, friable, slightly sticky, slightly plastic; 6.0 very fine roots throughout; 5.0 very fine tubular pores; fragments; noneffervescent, by hcl, 1n; clear wavy boundary.; moist when described; observed in pit, small"
S2016ND059017,2,Bw1,30.0,49.0,19.0,silt loam,"brown (10YR 4/3), dark brown (10YR 3/3), moist",dark brown,10YR 3/3,10YR,3.0,3.0,moist,10YR 4/3,10YR 3/3,,,,,,,,,,,,,,,"Bw1—30 to 49 centimeters (11.8 to 19.3 inches); brown (10YR 4/3), dark brown (10YR 3/3), moist; silt loam; 10 percent sand; 65 percent silt; 25 percent clay; moderate medium prismatic parts to moderate medium subangular blocky structure; slightly hard, friable, slightly sticky, slightly plastic; 4.0 very fine roots throughout; 4.0 very fine tubular pores; fragments; noneffervescent, by hcl, 1n; clear wavy boundary.; moist when described; observed in pit, small"
S2016ND059017,3,Bw2,49.0,56.0,7.0,silty clay loam,"brown (10YR 5/3), brown (10YR 4/3), moist",brown,10YR 4/3,10YR,4.0,3.0,moist,10YR 5/3,10YR 4/3,,,,,,,,,,,,,,,"Bw2—49 to 56 centimeters (19.3 to 22.0 inches); brown (10YR 5/3), brown (10YR 4/3), moist; silty clay loam; 18 percent sand; 54 percent silt; 28 percent clay; weak medium prismatic parts to weak medium subangular blocky structure; moderately hard, firm, slightly sticky, slightly plastic; 2.0 very fine roots throughout; 2.0 very fine tubular pores; 2 percent by volume nonflat subangular indurated 5-15-20 millimeter mixed fragments observed by visual inspection method; noneffervescent, by hcl, 1n; clear wavy boundary.; moist when described; observed in pit, small"
S2016ND059017,4,2Bk1,56.0,90.0,34.0,clay loam,"grayish brown (10YR 5/2), dark grayish brown (10YR 4/2), moist",dark grayish brown,10YR 4/2,10YR,4.0,2.0,moist,10YR 5/2,10YR 4/2,"1 percent medium prominent irregular strong brown (7.5YR 5/8), moist, masses of oxidized iron in matrix and 2 percent medium distinct irregular red (2.5YR 4/6), moist, masses of oxidized iron in matrix",concentration,1.0,,1 | 2,2.0,,medium,prominent | distinct,,,,"1 percent medium prominent irregular strong brown (7.5YR 5/8), moist, masses of oxidized iron in matrix and 2 percent medium distinct irregular red (2.5YR 4/6), moist, masses of oxidized iron in matrix",,"2Bk1—56 to 90 centimeters (22.0 to 35.4 inches); grayish brown (10YR 5/2), dark grayish brown (10YR 4/2), moist; clay loam; 35 percent sand; 37 percent silt; 28 percent clay; weak medium prismatic parts to weak medium subangular blocky structure; moderately hard, firm, slightly sticky, slightly plastic; 2.0 very fine roots throughout; 1.0 very fine tubular pores; 5 percent carbonate coats on bottom of rock fragments; 1 percent medium prominent irregular strong brown (7.5YR 5/8), moist, masses of oxidized iron in matrix and 2 percent medium distinct irregular red (2.5YR 4/6), moist, masses of oxidized iron in matrix; carbonate, finely disseminated throughout and 5 percent coarse irregular weakly coherent cemented carbonate masses throughout and 5 percent medium irregular weakly coherent cemented carbonate masses throughout; 10 percent by volume nonflat subangular indurated 5-15-20 millimeter granite fragments observed by visual inspection method; strong effervescence, by hcl, 1n; clear wavy boundary.; moist when described; observed in auger, bucket"
S2016ND059017,5,3Bk2,90.0,133.0,43.0,clay loam,"brown (10YR 5/3), brown (10YR 4/3), moist",brown,10YR 4/3,10YR,4.0,3.0,moist,10YR 5/3,10YR 4/3,"2 percent medium distinct irregular red (2.5YR 4/6), moist, masses of oxidized iron in matrix and 5 percent coarse prominent irregular strong brown (7.5YR 5/8), moist, masses of oxidized iron in matrix",concentration,1.0,,2 | 5,5.0,,medium | coarse,distinct | prominent,,,,"2 percent medium distinct irregular red (2.5YR 4/6), moist, masses of oxidized iron in matrix and 5 percent coarse prominent irregular strong brown (7.5YR 5/8), moist, masses of oxidized iron in matrix",,"3Bk2—90 to 133 centimeters (35.4 to 52.4 inches); brown (10YR 5/3), brown (10YR 4/3), moist; clay loam; 25 percent sand; 43 percent silt; 32 percent clay; weak medium subangular blocky structure; moderately hard, firm, slightly sticky, slightly plastic; 2 percent medium distinct irregular red (2.5YR 4/6), moist, masses of oxidized iron in matrix and 5 percent coarse prominent irregular strong brown (7.5YR 5/8), moist, masses of oxidized iron in matrix; carbonate, finely disseminated throughout and 5 percent coarse irregular weakly coherent cemented carbonate masses throughout and 5 percent medium irregular weakly coherent cemented carbonate masses throughout; 1 percent by volume nonflat subangular indurated 2-3-5 millimeter granite fragments observed by visual inspection method and 1 percent by volume nonflat subangular indurated 5-15-20 millimeter granite fragments observed by visual inspection method; strong effervescence, by hcl, 1n; clear wavy boundary.; moist when described; observed in auger, bucket"
S2016ND059017,6,3C,133.0,200.0,67.0,clay loam,"yellowish brown (10YR 5/4), dark yellowish brown (10YR 4/4), moist",dark yellowish brown,10YR 4/4,10YR,4.0,4.0,moist,10YR 5/4,10YR 4/4,"3 percent medium distinct irregular red (2.5YR 4/6), moist, masses of oxidized iron in matrix and 15 percent coarse prominent irregular strong brown (7.5YR 5/8), moist, masses of oxidized iron in matrix",concentration,1.0,,3 | 15,15.0,,medium | coarse,distinct | prominent,,,,"3 percent medium distinct irregular red (2.5YR 4/6), moist, masses of oxidized iron in matrix and 15 percent coarse prominent irregular strong brown (7.5YR 5/8), moist, masses of oxidized iron in matrix",,"3C—133 to 200 centimeters (52.4 to 78.7 inches); yellowish brown (10YR 5/4), dark yellowish brown (10YR 4/4), moist; clay loam; 30 percent sand; 40 percent silt; 30 percent clay; massive; slightly hard, friable, slightly sticky, slightly plastic; 3 percent medium distinct irregular red (2.5YR 4/6), moist, masses of oxidized iron in matrix and 15 percent coarse prominent irregular strong brown (7.5YR 5/8), moist, masses of oxidized iron in matrix; carbonate, finely disseminated throughout and 5 percent coarse irregular weakly coherent cemented carbonate masses lining pores and 5 percent medium irregular weakly coherent cemented carbonate masses lining pores; 1 percent by volume nonflat subangular indurated 2-3-5 millimeter granite fragments observed by visual inspection method and 1 percent by volume nonflat subangular indurated 5-15-20 millimeter granite fragments observed by visual inspection method; slight effervescence, by hcl, 1n.; moist when described; observed in auger, bucket"
S2016ND059020,1,A,0.0,14.0,14.0,silty clay loam,"brown (10YR 4/3), dark brown (10YR 3/3), moist",dark brown,10YR 3/3,10YR,3.0,3.0,moist,10YR 4/3,10YR 3/3,,,,,,,,,,,,,,,"A—0 to 14 centimeters (0.0 to 5.5 inches); brown (10YR 4/3), dark brown (10YR 3/3), moist; silty clay loam; 4 percent sand; 64 percent silt; 32 percent clay; moderate medium granular structure; moderately hard, friable, moderately sticky, moderately plastic; common (5.0) very fine roots throughout and common (5.0) fine roots throughout; common (4.0) very fine tubular and common (4.0) fine tubular pores; carbonate, finely disseminated throughout; fragments; 32 percent of Clay; 4 percent of Sand; slight effervescence, by hcl, 1n; neutral, pH 7.2, pH meter; clear wavy boundary.; moist when described; observed in pit, small"
S2016ND059020,2,Bk,14.0,54.0,40.0,silty clay loam,"brown (10YR 5/3), brown (10YR 4/3), moist",brown,10YR 4/3,10YR,4.0,3.0,moist,10YR 5/3,10YR 4/3,,,,,,,,,,,,,,,"Bk—14 to 54 centimeters (5.5 to 21.3 inches); brown (10YR 5/3), brown (10YR 4/3), moist; silty clay loam; 4 percent sand; 66 percent silt; 30 percent clay; moderate coarse prismatic parts to moderate medium subangular blocky structure; moderately hard, friable, moderately sticky, moderately plastic; common (4.0) very fine roots throughout and common (4.0) fine roots throughout; common (2.0) very fine tubular and common (2.0) fine tubular pores; carbonate, finely disseminated throughout; fragments; 30 Percent of Clay; 4 Percent of Sand; strong effervescence, by hcl, 1n; slightly alkaline, pH 7.8, pH meter; clear wavy boundary.; moist when described; observed in pit, small"
S2016ND059020,3,BCk,54.0,68.0,14.0,silty clay loam,"grayish brown (2.5Y 5/2), dark grayish brown (2.5Y 4/2), moist",dark grayish brown,2.5Y 4/2,2.5Y,4.0,2.0,moist,2.5Y 5/2,2.5Y 4/2,"10 percent fine prominent irregular light olive brown (2.5Y 5/6), moist, masses of oxidized iron throughout | observed in pit, small. Redoximorphic features have formed in a thin band right above the sedimentary beds of the Cr horizon due to lateral flow of subsurface water along the top of the beds.",concentration,1.0,,10,10.0,,fine,prominent,throughout,,,"10 percent fine prominent irregular light olive brown (2.5Y 5/6), moist, masses of oxidized iron throughout | observed in pit, small. Redoximorphic features have formed in a thin band right above the sedimentary beds of the Cr horizon due to lateral flow of subsurface water along the top of the beds.",,"BCk—54 to 68 centimeters (21.3 to 26.8 inches); grayish brown (2.5Y 5/2), dark grayish brown (2.5Y 4/2), moist; silty clay loam; 4 percent sand; 67 percent silt; 29 percent clay; moderate medium subangular blocky structure; moderately hard, friable, moderately sticky, moderately plastic; common (3.0) very fine roots throughout; common (2.0) very fine tubular pores; 10 percent fine prominent irregular light olive brown (2.5Y 5/6), moist, masses of oxidized iron throughout; carbonate, finely disseminated throughout and 10 percent fine irregular weakly coherent cemented carbonate masses throughout and 10 percent medium irregular weakly coherent cemented carbonate masses throughout; fragments; 4 Percent of Sand; 29 percent of Clay; strong effervescence, by hcl, 1n; slightly alkaline, pH 7.8, pH meter; clear wavy boundary.; moist when described; observed in pit, small. Redoximorphic features have formed in a thin band right above the sedimentary beds of the Cr horizon due to lateral flow of subsurface water along the top of the beds."
S2016ND059020,4,Cr,68.0,200.0,132.0,fragments,bedrock,,,,,,,,,,,,,,,,,,,,,,,"Cr—68 to 200 centimeters (26.8 to 78.7 inches); bedrock; fragments.; slightly moist when described; observed in auger, bucket"
S2016ND059021,1,Ap,0.0,13.0,13.0,loam,"dark grayish brown (10YR 4/2), very dark grayish brown (10YR 3/2), moist",very dark grayish brown,10YR 3/2,10YR,3.0,2.0,moist,10YR 4/2,10YR 3/2,,,,,,,,,,,,,,,"Ap—0 to 13 centimeters (0.0 to 5.1 inches); dark grayish brown (10YR 4/2), very dark grayish brown (10YR 3/2), moist; loam; 35 percent sand; 45 percent silt; 20 percent clay; weak fine granular structure; slightly hard, friable, slightly sticky, slightly plastic; common (6.0) very fine roots throughout and few (1.0) fine roots throughout and few (1.0) coarse roots throughout; common (6.0) very fine tubular and few (1.0) fine tubular and few (1.0) coarse tubular pores; fragments; 20 percent of Clay; 35 percent of Sand; noneffervescent, by hcl, 1n; neutral, pH 7.1, pH meter; abrupt smooth boundary.; moist when described; observed in pit, small. Weak platy structure evident near the bottom of the Ap horizon resulting from soil compaction caused by cultivation in the past."
S2016ND059021,2,A,13.0,25.0,12.0,loam,"dark grayish brown (10YR 4/2), very dark grayish brown (10YR 3/2), moist",very dark grayish brown,10YR 3/2,10YR,3.0,2.0,moist,10YR 4/2,10YR 3/2,,,,,,,,,,,,,,,"A—13 to 25 centimeters (5.1 to 9.8 inches); dark grayish brown (10YR 4/2), very dark grayish brown (10YR 3/2), moist; loam; 35 percent sand; 42 percent silt; 23 percent clay; moderate medium subangular blocky parts to moderate medium granular structure; slightly hard, friable, slightly sticky, slightly plastic; common (5.0) very fine roots throughout and common (2.0) fine roots throughout and few (1.0) coarse roots throughout; common (5.0) very fine tubular and common (2.0) fine tubular and few (1.0) coarse tubular pores; fragments; 23 percent of Clay; 35 percent of Sand; noneffervescent, by hcl, 1n; slightly alkaline, pH 7.4, pH meter; clear wavy boundary.; moist when described; observed in pit, small"
S2016ND059021,3,Bt,25.0,37.0,12.0,clay loam,"grayish brown (2.5Y 5/2), dark grayish brown (2.5Y 4/2), moist",dark grayish brown,2.5Y 4/2,2.5Y,4.0,2.0,moist,2.5Y 5/2,2.5Y 4/2,,,,,,,,,,,,,,,"Bt—25 to 37 centimeters (9.8 to 14.6 inches); grayish brown (2.5Y 5/2), dark grayish brown (2.5Y 4/2), moist; clay loam; 30 percent sand; 40 percent silt; 30 percent clay; moderate medium prismatic parts to moderate medium subangular blocky structure; moderately hard, firm, moderately sticky, moderately plastic; common (3.0) very fine roots throughout; common (3.0) very fine tubular pores; 25 percent distinct very dark grayish brown (2.5Y 3/2), moist, clay films on all faces of peds; fragments; 30 percent of Clay; 30 percent of Sand; noneffervescent, by hcl, 1n; slightly alkaline, pH 7.5, pH meter; clear wavy boundary.; moist when described; observed in pit, small"
S2016ND059021,4,Btk,37.0,57.0,20.0,clay loam,"light yellowish brown (2.5Y 6/3), olive brown (2.5Y 4/3), moist",olive brown,2.5Y 4/3,2.5Y,4.0,3.0,moist,2.5Y 6/3,2.5Y 4/3,,,,,,,,,,,,,,,"Btk—37 to 57 centimeters (14.6 to 22.4 inches); light yellowish brown (2.5Y 6/3), olive brown (2.5Y 4/3), moist; clay loam; 25 percent sand; 46 percent silt; 29 percent clay; moderate medium prismatic parts to moderate medium subangular blocky structure; moderately hard, firm, moderately sticky, moderately plastic; common (3.0) very fine roots throughout; common (3.0) very fine tubular pores; 25 percent distinct very dark grayish brown (2.5Y 3/2), moist, clay films on all faces of peds; carbonate, finely disseminated throughout and 3 percent medium irregular weakly coherent cemented carbonate masses throughout; fragments; 29 percent of Clay; 25 percent of Sand; strong effervescence, by hcl, 1n; slightly alkaline, pH 7.8, pH meter; gradual wavy boundary.; moist when described; observed in pit, small"
S2016ND059021,5,Bk,57.0,105.0,48.0,clay loam,"light yellowish brown (2.5Y 6/4), olive brown (2.5Y 4/4), moist",olive brown,2.5Y 4/4,2.5Y,4.0,4.0,moist,2.5Y 6/4,2.5Y 4/4,,,,,,,,,,,,,,,"Bk—57 to 105 centimeters (22.4 to 41.3 inches); light yellowish brown (2.5Y 6/4), olive brown (2.5Y 4/4), moist; clay loam; 25 percent sand; 46 percent silt; 29 percent clay; weak coarse prismatic parts to moderate coarse subangular blocky structure; moderately hard, firm, moderately sticky, moderately plastic; common (3.0) very fine roots throughout; common (3.0) very fine tubular pores; carbonate, finely disseminated throughout and 8 percent coarse irregular weakly coherent cemented carbonate masses throughout; fragments; 29 percent of Clay; 25 percent of Sand; violent effervescence, by hcl, 1n; moderately alkaline, pH 8.4, pH meter; gradual wavy boundary.; moist when described; observed in pit, small"
S2016ND059021,6,BCk,105.0,130.0,25.0,clay loam,"light yellowish brown (2.5Y 6/4), olive brown (2.5Y 4/4), moist",olive brown,2.5Y 4/4,2.5Y,4.0,4.0,moist,2.5Y 6/4,2.5Y 4/4,,,,,,,,,,,,,,,"BCk—105 to 130 centimeters (41.3 to 51.2 inches); light yellowish brown (2.5Y 6/4), olive brown (2.5Y 4/4), moist; clay loam; 40 percent sand; 32 percent silt; 28 percent clay; weak coarse subangular blocky structure; moderately hard, firm, moderately sticky, moderately plastic; few (1.0) very fine roots throughout; few (1.0) very fine tubular pores; carbonate, finely disseminated throughout and 4 percent coarse irregular weakly coherent cemented carbonate masses throughout; fragments; 28 percent of Clay; 40 percent of Sand; violent effervescence, by hcl, 1n; moderately alkaline, pH 8.4, pH meter; gradual wavy boundary.; moist when described; observed in auger, bucket"
S2016ND059021,7,C,130.0,200.0,70.0,loam,"light yellowish brown (2.5Y 6/3), olive brown (2.5Y 4/3), moist",olive brown,2.5Y 4/3,2.5Y,4.0,3.0,moist,2.5Y 6/3,2.5Y 4/3,,,,,,,,,,,,,,,"C—130 to 200 centimeters (51.2 to 78.7 inches); light yellowish brown (2.5Y 6/3), olive brown (2.5Y 4/3), moist; loam; 40 percent sand; 35 percent silt; 25 percent clay; massive; slightly hard, friable, slightly sticky, slightly plastic; few (1.0) very fine roots throughout; few (1.0) very fine tubular pores; 3 percent medium irregular weakly coherent cemented carbonate masses throughout; fragments; 25 Percent of Clay; 40 Percent of Sand; strong effervescence, by hcl, 1n; moderately alkaline, pH 8.3, pH meter.; moist when described; observed in auger, bucket. Percentage of sand increases with depth in the C horizon."
S2016ND059022,1,A,0.0,12.0,12.0,loam,"very dark grayish brown (10YR 3/2), grayish brown (10YR 5/2), dry",grayish brown,10YR 5/2,10YR,5.0,2.0,,,,,,,,,,,,,,,,,,"A—0 to 12 centimeters (0.0 to 4.7 inches); very dark grayish brown (10YR 3/2), grayish brown (10YR 5/2), dry; loam; 30 percent sand; 47 percent silt; 23 percent clay; weak medium subangular blocky parts to moderate medium granular structure; slightly hard, friable, slightly sticky, slightly plastic; 3.0 very fine roots throughout and 2.0 fine roots throughout; 3.0 very fine tubular and 2.0 fine tubular pores; 1 percent by volume nonflat subrounded indurated 5-10-20 millimeter granite fragments observed by visual inspection method; noneffervescent, by hcl, 1n; moderately alkaline, pH 8.1, pH meter; clear wavy boundary.; moist when described; observed in pit, small"
S2016ND059022,2,Bk,12.0,28.0,16.0,loam,"brown (10YR 4/3), pale brown (10YR 6/3), dry",pale brown,10YR 6/3,10YR,6.0,3.0,,,,,,,,,,,,,,,,,,"Bk—12 to 28 centimeters (4.7 to 11.0 inches); brown (10YR 4/3), pale brown (10YR 6/3), dry; loam; 28 percent sand; 49 percent silt; 23 percent clay; weak medium subangular blocky structure; slightly hard, friable, slightly sticky, slightly plastic; 2.0 very fine roots throughout and 1.0 fine roots throughout; 2.0 very fine tubular and 1.0 fine tubular pores; carbonate, finely disseminated throughout and 1 percent medium irregular weakly coherent cemented carbonate masses throughout; fragments; strong effervescence, by hcl, 1n; moderately alkaline, pH 8.3, pH meter; clear wavy boundary.; moist when described; observed in pit, small"
S2016ND059022,3,BCk,28.0,40.0,12.0,loam,"olive brown (2.5Y 4/3), light yellowish brown (2.5Y 6/3), dry",light yellowish brown,2.5Y 6/3,2.5Y,6.0,3.0,,,,"2 percent medium distinct irregular dark yellowish brown (10YR 4/6), moist, masses of oxidized iron on horizontal faces of peds and 3 percent fine distinct irregular yellowish brown (10YR 5/6), moist, masses of oxidized iron lining pores",concentration,1.0,,2 | 3,3.0,,medium | fine,distinct,,,,"2 percent medium distinct irregular dark yellowish brown (10YR 4/6), moist, masses of oxidized iron on horizontal faces of peds and 3 percent fine distinct irregular yellowish brown (10YR 5/6), moist, masses of oxidized iron lining pores",,"BCk—28 to 40 centimeters (11.0 to 15.7 inches); olive brown (2.5Y 4/3), light yellowish brown (2.5Y 6/3), dry; loam; 30 percent sand; 47 percent silt; 23 percent clay; weak coarse subangular blocky structure; slightly hard, friable, slightly sticky, slightly plastic; 1.0 very fine roots throughout; 1.0 very fine tubular and 1.0 fine tubular pores; 2 percent medium distinct irregular dark yellowish brown (10YR 4/6), moist, masses of oxidized iron on horizontal faces of peds and 3 percent fine distinct irregular yellowish brown (10YR 5/6), moist, masses of oxidized iron lining pores; carbonate, finely disseminated throughout and 2 percent medium irregular weakly coherent cemented carbonate masses throughout; fragments; strong effervescence, by hcl, 1n; moderately alkaline, pH 8.4, pH meter; clear wavy boundary.; moist when described; observed in pit, small"
S2016ND059022,4,Cr,40.0,200.0,160.0,bedrock,"light olive brown (2.5Y 5/4), light yellowish brown (2.5Y 6/3), dry",light yellowish brown,2.5Y 6/3,2.5Y,6.0,3.0,,,,"3 percent coarse distinct irregular strong brown (7.5YR 5/6), moist, masses of oxidized iron on horizontal faces of peds",concentration,1.0,,3,3.0,,coarse,distinct,,,,"3 percent coarse distinct irregular strong brown (7.5YR 5/6), moist, masses of oxidized iron on horizontal faces of peds",,"Cr—40 to 200 centimeters (15.7 to 78.7 inches); light olive brown (2.5Y 5/4), light yellowish brown (2.5Y 6/3), dry; bedrock; structureless massive; 1.0 very fine roots top of horizon; 3 percent coarse distinct irregular strong brown (7.5YR 5/6), moist, masses of oxidized iron on horizontal faces of peds; 3 percent coarse irregular weakly coherent cemented carbonate masses along lamina or strata surfaces; fragments; strong effervescence, by hcl, 1n.; moist when described; observed in auger, bucket"
S2016ND059023,1,Ap,0.0,13.0,13.0,silt loam,"very dark grayish brown (10YR 3/2), black (10YR 2/1), moist",black,10YR 2/1,10YR,2.0,1.0,moist,10YR 3/2,10YR 2/1,,,,,,,,,,,,,,,"Ap—0 to 13 centimeters (0.0 to 5.1 inches); very dark grayish brown (10YR 3/2), black (10YR 2/1), moist; silt loam; 5 percent sand; 75 percent silt; 20 percent clay; weak fine granular structure; slightly hard, friable, slightly sticky, slightly plastic; common (6.0) very fine roots throughout and common (2.0) fine roots throughout; common (6.0) very fine tubular and common (2.0) fine tubular pores; fragments; 20 percent of Clay; 5 percent of Sand; noneffervescent, by hcl, 1n; neutral, pH 7.2, pH meter; abrupt smooth boundary.; moist when described; observed in pit, small"
S2016ND059023,2,Bw1,13.0,21.0,8.0,silt loam,"very dark grayish brown (10YR 3/2), very dark brown (10YR 2/2), moist",very dark brown,10YR 2/2,10YR,2.0,2.0,moist,10YR 3/2,10YR 2/2,,,,,,,,,,,,,,,"Bw1—13 to 21 centimeters (5.1 to 8.3 inches); very dark grayish brown (10YR 3/2), very dark brown (10YR 2/2), moist; silt loam; 5 percent sand; 72 percent silt; 23 percent clay; weak medium prismatic parts to moderate medium subangular blocky structure; slightly hard, friable, slightly sticky, slightly plastic; common (4.0) very fine roots throughout and few (1.0) fine roots throughout; common (4.0) very fine tubular and few (1.0) fine tubular pores; fragments; 23 Percent of Clay; 5 Percent of Sand; noneffervescent, by hcl, 1n; slightly alkaline, pH 7.4, pH meter; clear smooth boundary.; moist when described; observed in pit, small"
S2016ND059023,3,Bw2,21.0,50.0,29.0,silt loam,"grayish brown (10YR 5/2), dark grayish brown (10YR 4/2), moist",dark grayish brown,10YR 4/2,10YR,4.0,2.0,moist,10YR 5/2,10YR 4/2,,,,,,,,,,,,,,,"Bw2—21 to 50 centimeters (8.3 to 19.7 inches); grayish brown (10YR 5/2), dark grayish brown (10YR 4/2), moist; silt loam; 5 percent sand; 70 percent silt; 25 percent clay; moderate coarse prismatic parts to moderate medium subangular blocky structure; moderately hard, firm, slightly sticky, slightly plastic; common (2.0) very fine roots throughout; common (2.0) very fine tubular pores; 40 percent prominent black (10YR 2/1), moist, clay films on all faces of peds; fragments; 5 percent of Sand; 25 percent of Clay; noneffervescent, by hcl, 1n; slightly alkaline, pH 7.5, pH meter; clear wavy boundary.; moist when described; observed in pit, small"
S2016ND059023,4,2Btnk,50.0,75.0,25.0,silty clay,"dark grayish brown (10YR 4/2), very dark grayish brown (10YR 3/2), moist",very dark grayish brown,10YR 3/2,10YR,3.0,2.0,moist,10YR 4/2,10YR 3/2,,,,,,,,,,,,,,,"2Btnk—50 to 75 centimeters (19.7 to 29.5 inches); dark grayish brown (10YR 4/2), very dark grayish brown (10YR 3/2), moist; silty clay; 8 percent sand; 47 percent silt; 45 percent clay; strong medium columnar parts to strong medium angular blocky structure; moderately hard, firm, very sticky, very plastic; few (1.0) very fine roots between peds; few (1.0) very fine tubular pores; 10 percent distinct gray (10YR 5/1), moist, silt coats on tops of soil columns and 75 percent distinct black (10YR 2/1), moist, clay films on all faces of peds; carbonate, finely disseminated throughout and 3 percent fine irregular weakly coherent cemented carbonate masses throughout and 3 percent medium irregular weakly coherent cemented carbonate masses throughout; fragments; 8 Percent of Clay; 45 Percent of Sand; violent effervescence, by hcl, 1n; moderately alkaline, pH 8.1, pH meter; gradual wavy boundary.; moist when described; observed in pit, small"
S2016ND059023,5,2Bk,75.0,87.0,12.0,silty clay,"light brownish gray (2.5Y 6/2), grayish brown (2.5Y 5/2), moist",grayish brown,2.5Y 5/2,2.5Y,5.0,2.0,moist,2.5Y 6/2,2.5Y 5/2,"1 percent fine distinct irregular dark yellowish brown (10YR 4/6), moist, masses of oxidized iron throughout and 5 percent medium distinct irregular brownish yellow (10YR 6/6), moist, masses of oxidized iron throughout",concentration,1.0,,1 | 5,5.0,,fine | medium,distinct,throughout,,,"1 percent fine distinct irregular dark yellowish brown (10YR 4/6), moist, masses of oxidized iron throughout and 5 percent medium distinct irregular brownish yellow (10YR 6/6), moist, masses of oxidized iron throughout",,"2Bk—75 to 87 centimeters (29.5 to 34.3 inches); light brownish gray (2.5Y 6/2), grayish brown (2.5Y 5/2), moist; silty clay; 8 percent sand; 62 percent silt; 30 percent clay; moderate medium prismatic parts to moderate medium angular blocky structure; moderately hard, firm, very sticky, very plastic; few (1.0) very fine roots throughout; few (1.0) very fine tubular pores; 1 percent fine distinct irregular dark yellowish brown (10YR 4/6), moist, masses of oxidized iron throughout and 5 percent medium distinct irregular brownish yellow (10YR 6/6), moist, masses of oxidized iron throughout; carbonate, finely disseminated throughout and 20 percent medium irregular weakly coherent cemented carbonate masses throughout; fragments; 30 Percent of Clay; 8 Percent of Sand; violent effervescence, by hcl, 1n; moderately alkaline, pH 8.4, pH meter; gradual wavy boundary.; moist when described; observed in pit, small"
S2016ND059023,6,2BCky,87.0,99.0,12.0,silty clay,"light brownish gray (2.5Y 6/2), grayish brown (2.5Y 5/2), moist",grayish brown,2.5Y 5/2,2.5Y,5.0,2.0,moist,2.5Y 6/2,2.5Y 5/2,"1 percent medium prominent irregular brownish yellow (10YR 6/6), moist, masses of oxidized iron throughout",concentration,1.0,,1,1.0,,medium,prominent,throughout,,,"1 percent medium prominent irregular brownish yellow (10YR 6/6), moist, masses of oxidized iron throughout",,"2BCky—87 to 99 centimeters (34.3 to 39.0 inches); light brownish gray (2.5Y 6/2), grayish brown (2.5Y 5/2), moist; silty clay; 8 percent sand; 59 percent silt; 33 percent clay; weak coarse angular blocky parts to moderate medium angular blocky structure; moderately hard, firm, very sticky, very plastic; few (1.0) very fine roots throughout; few (1.0) very fine tubular pores; 1 percent medium prominent irregular brownish yellow (10YR 6/6), moist, masses of oxidized iron throughout; 15 percent fine gypsum crystals, unspecified between peds and 18 percent medium irregular weakly coherent cemented carbonate masses between peds; fragments; 33 Percent of Clay; 8 Percent of Sand; violent effervescence, by hcl, 1n; strongly alkaline, pH 8.6, pH meter; clear wavy boundary.; moist when described; observed in pit, small"
S2016ND059023,7,2Cr,99.0,200.0,101.0,structureless massive,bedrock,,,,,,,,,,,,,,,,,,,,,,,"2Cr—99 to 200 centimeters (39.0 to 78.7 inches); bedrock; structureless massive; fragments; noneffervescent, by hcl, 1n; moderately alkaline, pH 8.3, pH meter.; slightly moist when described; observed in auger, bucket"
S2016ND059024,1,A,0.0,32.0,32.0,silt loam,"very dark grayish brown (10YR 3/2), very dark brown (10YR 2/2), moist",very dark brown,10YR 2/2,10YR,2.0,2.0,moist,10YR 3/2,10YR 2/2,,,,,,,,,,,,,,,"A—0 to 32 centimeters (0.0 to 12.6 inches); very dark grayish brown (10YR 3/2), very dark brown (10YR 2/2), moist; silt loam; 10 percent sand; 68 percent silt; 22 percent clay; moderate medium granular structure; slightly hard, friable, slightly sticky, slightly plastic; 5.0 very fine roots throughout and 2.0 fine roots throughout; 4.0 very fine tubular and 1.0 fine tubular pores; 1 percent by volume nonflat subrounded indurated 5-12-20 millimeter granite fragments observed by visual inspection method; noneffervescent, by hcl, 1n; neutral, pH 7.2, pH meter; clear wavy boundary.; moist when described; observed in pit, small"
S2016ND059024,2,Bw1,32.0,52.0,20.0,silt loam,"dark grayish brown (10YR 4/2), very dark grayish brown (10YR 3/2), moist",very dark grayish brown,10YR 3/2,10YR,3.0,2.0,moist,10YR 4/2,10YR 3/2,,,,,,,,,,,,,,,"Bw1—32 to 52 centimeters (12.6 to 20.5 inches); dark grayish brown (10YR 4/2), very dark grayish brown (10YR 3/2), moist; silt loam; 12 percent sand; 64 percent silt; 24 percent clay; moderate medium prismatic parts to moderate medium subangular blocky structure; slightly hard, friable, slightly sticky, slightly plastic; 3.0 very fine roots throughout and 2.0 fine roots throughout; 3.0 very fine tubular and 2.0 fine tubular pores; 10 percent faint very dark brown (10YR 2/2), moist, clay films on all faces of peds; 1 percent by volume nonflat subrounded indurated 5-12-20 millimeter granite fragments observed by visual inspection method; noneffervescent, by hcl, 1n; slightly alkaline, pH 7.4, pH meter; clear wavy boundary.; moist when described; observed in pit, small. discontinuous - phpvsfiid 1506473; discontinuous - phpvsfiid 1506473"
S2016ND059024,3,Bw2,52.0,64.0,12.0,silt loam,"brown (10YR 5/3), brown (10YR 4/3), moist",brown,10YR 4/3,10YR,4.0,3.0,moist,10YR 5/3,10YR 4/3,,,,,,,,,,,,,,,"Bw2—52 to 64 centimeters (20.5 to 25.2 inches); brown (10YR 5/3), brown (10YR 4/3), moist; silt loam; 12 percent sand; 62 percent silt; 26 percent clay; moderate medium prismatic parts to moderate medium subangular blocky structure; slightly hard, friable, slightly sticky, slightly plastic; 3.0 very fine roots throughout and 1.0 fine roots throughout; 3.0 very fine tubular and 1.0 fine tubular pores; 3 percent faint very dark grayish brown (10YR 3/2), moist, clay films on all faces of peds; 1 percent by volume nonflat subrounded indurated 5-12-20 millimeter granite fragments observed by visual inspection method; noneffervescent, by hcl, 1n; slightly alkaline, pH 7.5, pH meter; clear wavy boundary.; moist when described; observed in pit, small. discontinuous - phpvsfiid 1506474; discontinuous - phpvsfiid 1506474"
S2016ND059024,4,Bk1,64.0,75.0,11.0,silty clay loam,"brown (10YR 5/3), brown (10YR 4/3), moist",brown,10YR 4/3,10YR,4.0,3.0,moist,10YR 5/3,10YR 4/3,,,,,,,,,,,,,,,"Bk1—64 to 75 centimeters (25.2 to 29.5 inches); brown (10YR 5/3), brown (10YR 4/3), moist; silty clay loam; 18 percent sand; 54 percent silt; 28 percent clay; moderate medium prismatic parts to moderate medium subangular blocky structure; moderately hard, firm, slightly sticky, slightly plastic; 3.0 very fine roots throughout; 3.0 very fine tubular pores; carbonate, finely disseminated throughout; 1 percent by volume nonflat subrounded indurated 5-12-20 millimeter granite fragments observed by visual inspection method and 1 percent by volume flat subangular indurated 2-15-150 millimeter mixed fragments observed by visual inspection method; slight effervescence, by hcl, 1n; moderately alkaline, pH 7.9, pH meter; clear wavy boundary.; moist when described; observed in pit, small"
S2016ND059024,5,2Bk2,75.0,150.0,75.0,clay loam,"light brownish gray (10YR 6/2), dark grayish brown (10YR 4/2), moist",dark grayish brown,10YR 4/2,10YR,4.0,2.0,moist,10YR 6/2,10YR 4/2,,,,,,,,,,,,,,,"2Bk2—75 to 150 centimeters (29.5 to 59.1 inches); light brownish gray (10YR 6/2), dark grayish brown (10YR 4/2), moist; clay loam; 22 percent sand; 45 percent silt; 33 percent clay; moderate medium subangular blocky structure; moderately hard, firm, slightly sticky, slightly plastic; 1.0 very fine roots throughout; 2.0 very fine tubular pores; carbonate, finely disseminated throughout and 25 percent fine irregular weakly coherent cemented carbonate masses throughout and 10 percent medium irregular weakly coherent cemented carbonate masses throughout; 1 percent by volume nonflat subrounded indurated 2-3-5 millimeter granite fragments observed by visual inspection method and 1 percent by volume nonflat subrounded indurated 5-12-20 millimeter granite fragments observed by visual inspection method; violent effervescence, by hcl, 1n; moderately alkaline, pH 8.2, pH meter; clear wavy boundary.; moist when described; observed in pit, small"
S2016ND059024,6,2C,150.0,200.0,50.0,clay loam,"light olive brown (2.5Y 5/3), olive brown (2.5Y 4/3), moist",olive brown,2.5Y 4/3,2.5Y,4.0,3.0,moist,2.5Y 5/3,2.5Y 4/3,"1 percent coarse distinct irregular strong brown (7.5YR 4/6), moist, masses of oxidized iron in matrix and 10 percent medium distinct irregular strong brown (7.5YR 4/6), moist, masses of oxidized iron in matrix",concentration,1.0,,1 | 10,10.0,,coarse | medium,distinct,,,,"1 percent coarse distinct irregular strong brown (7.5YR 4/6), moist, masses of oxidized iron in matrix and 10 percent medium distinct irregular strong brown (7.5YR 4/6), moist, masses of oxidized iron in matrix",,"2C—150 to 200 centimeters (59.1 to 78.7 inches); light olive brown (2.5Y 5/3), olive brown (2.5Y 4/3), moist; clay loam; 30 percent sand; 40 percent silt; 30 percent clay; massive; slightly hard, friable, slightly sticky, slightly plastic; 1.0 very fine roots throughout; 1.0 very fine tubular pores; 1 percent coarse distinct irregular strong brown (7.5YR 4/6), moist, masses of oxidized iron in matrix and 10 percent medium distinct irregular strong brown (7.5YR 4/6), moist, masses of oxidized iron in matrix; carbonate, finely disseminated throughout and 5 percent fine irregular weakly coherent cemented carbonate masses lining pores; 1 percent by volume nonflat subrounded indurated 2-3-5 millimeter granite fragments observed by visual inspection method and 1 percent by volume nonflat subrounded indurated 5-12-20 millimeter granite fragments observed by visual inspection method; slight effervescence, by hcl, 1n; moderately alkaline, pH 8.0, pH meter.; moist when described; observed in auger, bucket"
S2016ND059027,1,Ap,0.0,15.0,15.0,loam,"very dark gray (10YR 3/1), black (10YR 2/1), moist",black,10YR 2/1,10YR,2.0,1.0,moist,10YR 3/1,10YR 2/1,,,,,,,,,,,,,,,"Ap—0 to 15 centimeters (0.0 to 5.9 inches); very dark gray (10YR 3/1), black (10YR 2/1), moist; loam; 20 percent sand; 58 percent silt; 22 percent clay; moderate medium subangular blocky parts to moderate fine granular structure; slightly hard, friable, slightly sticky, slightly plastic; common (10.0) very fine roots throughout and common (3.0) fine roots throughout; common (5.0) very fine tubular and common (3.0) fine tubular pores; fragments; 22 Percent of Clay; 20 Percent of Sand; noneffervescent, by hcl, 1n; neutral, pH 7.2, pH meter; abrupt smooth boundary.; moist when described; observed in pit, small"
S2016ND059027,2,A,15.0,34.0,19.0,loam,"very dark grayish brown (10YR 3/2), very dark brown (10YR 2/2), moist",very dark brown,10YR 2/2,10YR,2.0,2.0,moist,10YR 3/2,10YR 2/2,,,,,,,,,,,,,,,"A—15 to 34 centimeters (5.9 to 13.4 inches); very dark grayish brown (10YR 3/2), very dark brown (10YR 2/2), moist; loam; 20 percent sand; 58 percent silt; 22 percent clay; moderate medium subangular blocky parts to moderate fine granular structure; slightly hard, friable, slightly sticky, slightly plastic; common (3.0) very fine roots throughout and common (3.0) fine roots throughout; common (3.0) very fine tubular and common (3.0) fine tubular pores; fragments; 22 Percent of Clay; 20 Percent of Sand; noneffervescent, by hcl, 1n; neutral, pH 7.2, pH meter; clear wavy boundary.; moist when described; observed in pit, small"
S2016ND059027,3,Bt,34.0,85.0,51.0,clay loam,"brown (10YR 4/3), dark brown (10YR 3/3), moist",dark brown,10YR 3/3,10YR,3.0,3.0,moist,10YR 4/3,10YR 3/3,,,,,,,,,,,,,,,"Bt—34 to 85 centimeters (13.4 to 33.5 inches); brown (10YR 4/3), dark brown (10YR 3/3), moist; clay loam; 30 percent sand; 33 percent silt; 37 percent clay; moderate medium prismatic parts to strong medium angular blocky structure; very hard, extremely firm, moderately sticky, moderately plastic; common (2.0) very fine roots throughout and common (2.0) fine roots throughout; common (2.0) very fine tubular and common (2.0) fine tubular pores; 75 percent distinct black (10YR 2/1), moist, clay films on all faces of peds; fragments; 37 Percent of Clay; 30 Percent of Sand; noneffervescent, by hcl, 1n; slightly alkaline, pH 7.5, pH meter; clear wavy boundary.; moist when described; observed in pit, small"
S2016ND059027,4,Btk,85.0,105.0,20.0,clay loam,"grayish brown (2.5Y 5/2), dark grayish brown (2.5Y 4/2), moist",dark grayish brown,2.5Y 4/2,2.5Y,4.0,2.0,moist,2.5Y 5/2,2.5Y 4/2,,,,,,,,,,,,,,,"Btk—85 to 105 centimeters (33.5 to 41.3 inches); grayish brown (2.5Y 5/2), dark grayish brown (2.5Y 4/2), moist; clay loam; 30 percent sand; 34 percent silt; 36 percent clay; moderate medium prismatic parts to strong medium angular blocky structure; very hard, extremely firm, moderately sticky, moderately plastic; few (1.0) very fine roots throughout and few (1.0) fine roots throughout; few (1.0) very fine tubular and few (1.0) fine tubular pores; 30 percent distinct black (10YR 2/1), moist, clay films on all faces of peds and 40 percent distinct very dark gray (10YR 3/1), moist, clay films on all faces of peds; carbonate, finely disseminated throughout and 5 percent fine irregular weakly coherent cemented carbonate masses throughout and 15 percent medium irregular weakly coherent cemented carbonate masses throughout; fragments; 36 Percent of Clay; 30 Percent of Sand; violent effervescence, by hcl, 1n; moderately alkaline, pH 8.1, pH meter; gradual wavy boundary.; dry when described; observed in pit, small"
S2016ND059027,5,C1,105.0,162.0,57.0,clay loam,"light olive brown (2.5Y 5/3), olive brown (2.5Y 4/3), moist",olive brown,2.5Y 4/3,2.5Y,4.0,3.0,moist,2.5Y 5/3,2.5Y 4/3,,,,,,,,,,,,,,,"C1—105 to 162 centimeters (41.3 to 63.8 inches); light olive brown (2.5Y 5/3), olive brown (2.5Y 4/3), moist; clay loam; 40 percent sand; 26 percent silt; 34 percent clay; massive; hard, very firm, moderately sticky, moderately plastic; few (1.0) very fine roots throughout; few (1.0) very fine tubular pores; carbonate, finely disseminated throughout and 15 percent fine irregular weakly coherent cemented carbonate masses throughout and 5 percent medium irregular weakly coherent cemented carbonate masses throughout; fragments; 34 Percent of Clay; 40 Percent of Sand; violent effervescence, by hcl, 1n; moderately alkaline, pH 8.0, pH meter.; dry when described; observed in auger, bucket"
S2016ND059027,6,C2,162.0,175.0,13.0,clay loam,"light olive brown (2.5Y 5/3), olive brown (2.5Y 4/3), moist",olive brown,2.5Y 4/3,2.5Y,4.0,3.0,moist,2.5Y 5/3,2.5Y 4/3,,,,,,,,,,,,,,,"C2—162 to 175 centimeters (63.8 to 68.9 inches); light olive brown (2.5Y 5/3), olive brown (2.5Y 4/3), moist; clay loam; 45 percent sand; 23 percent silt; 32 percent clay; massive; slightly hard, friable, moderately sticky, moderately plastic; few (1.0) very fine roots throughout; 2 percent fine irregular weakly coherent cemented carbonate masses throughout; fragments; 32 Percent of Clay; 45 Percent of Sand; slight effervescence, by hcl, 1n; slightly alkaline, pH 7.8, pH meter.; dry when described; observed in auger, bucket"
S2016ND059027,7,C3,175.0,200.0,25.0,loam,"light olive brown (2.5Y 5/3), olive brown (2.5Y 4/3), moist",olive brown,2.5Y 4/3,2.5Y,4.0,3.0,moist,2.5Y 5/3,2.5Y 4/3,,,,,,,,,,,,,,,"C3—175 to 200 centimeters (68.9 to 78.7 inches); light olive brown (2.5Y 5/3), olive brown (2.5Y 4/3), moist; loam; 50 percent sand; 30 percent silt; 20 percent clay; massive; soft, very friable, slightly sticky, slightly plastic; fragments; 20 Percent of Clay; 50 Percent of Sand; noneffervescent, by hcl, 1n; slightly alkaline, pH 7.6, pH meter.; dry when described; observed in auger, bucket"
S2016ND059029,1,A,0.0,20.0,20.0,loam,"dark grayish brown (10YR 4/2), very dark grayish brown (10YR 3/2), moist",very dark grayish brown,10YR 3/2,10YR,3.0,2.0,moist,10YR 4/2,10YR 3/2,,,,,,,,,,,,,,,"A—0 to 20 centimeters (0.0 to 7.9 inches); dark grayish brown (10YR 4/2), very dark grayish brown (10YR 3/2), moist; loam; 40 percent sand; 38 percent silt; 22 percent clay; moderate medium subangular blocky parts to moderate medium granular structure; soft, very friable, slightly sticky, slightly plastic; common (5.0) very fine roots throughout and common (10.0) fine roots throughout; few (1.0) very fine tubular and common (3.0) fine tubular pores; fragments; 40 Percent of Sand; 22 percent of Clay; noneffervescent, by hcl, 1n; slightly alkaline, pH 7.4, pH meter; clear wavy boundary.; moist when described; observed in pit, small"
S2016ND059029,2,Bw,20.0,37.0,17.0,loam,"brown (10YR 4/3), dark brown (10YR 3/3), moist",dark brown,10YR 3/3,10YR,3.0,3.0,moist,10YR 4/3,10YR 3/3,,,,,,,,,,,,,,,"Bw—20 to 37 centimeters (7.9 to 14.6 inches); brown (10YR 4/3), dark brown (10YR 3/3), moist; loam; 50 percent sand; 30 percent silt; 20 percent clay; moderate medium prismatic parts to moderate medium subangular blocky structure; soft, very friable, slightly sticky, slightly plastic; common (5.0) very fine roots throughout and common (5.0) fine roots throughout; few (1.0) very fine tubular and common (2.0) fine tubular pores; carbonate, finely disseminated throughout; fragments; 20 Percent of Clay; 50 Percent of Sand; slight effervescence, by hcl, 1n; slightly alkaline, pH 7.6, pH meter; clear wavy boundary.; moist when described; observed in pit, small"
S2016ND059029,3,Bk,37.0,74.0,37.0,fine sandy loam,"light olive brown (2.5Y 5/3), olive brown (2.5Y 4/3), moist",olive brown,2.5Y 4/3,2.5Y,4.0,3.0,moist,2.5Y 5/3,2.5Y 4/3,"observed in pit, small. A few small oxidized iron redoximorphic features were present at the very bottom of the Bk horizon directly above and adjacent to the soft sandstone bedrock parent material. These redoximorphic features formed due to subsurface water flowing laterally along the top of the beds.",concentration,1.0,,,,few,,,,,,"observed in pit, small. A few small oxidized iron redoximorphic features were present at the very bottom of the Bk horizon directly above and adjacent to the soft sandstone bedrock parent material. These redoximorphic features formed due to subsurface water flowing laterally along the top of the beds.",,"Bk—37 to 74 centimeters (14.6 to 29.1 inches); light olive brown (2.5Y 5/3), olive brown (2.5Y 4/3), moist; fine sandy loam; 57 percent sand; 27 percent silt; 16 percent clay; weak medium prismatic parts to moderate medium subangular blocky structure; soft, very friable, slightly sticky, slightly plastic; few (1.0) very fine roots throughout and common (3.0) fine roots throughout; few (1.0) very fine tubular and common (2.0) fine tubular pores; carbonate, finely disseminated throughout; fragments; 16 Percent of Clay; 57 Percent of Sand; violent effervescence, by hcl, 1n; moderately alkaline, pH 8.0, pH meter; clear wavy boundary.; moist when described; observed in pit, small. A few small oxidized iron redoximorphic features were present at the very bottom of the Bk horizon directly above and adjacent to the soft sandstone bedrock parent material. These redoximorphic features formed due to subsurface water flowing laterally along the top of the beds."
S2016ND059029,4,Cr,74.0,200.0,126.0,carbonate masses along lamina or strata surfaces,bedrock,,,,,,,,,,,,,,,,,,,,,,,"Cr—74 to 200 centimeters (29.1 to 78.7 inches); bedrock; carbonate masses along lamina or strata surfaces; fragments; strong effervescence, by hcl, 1n.; moist when described; observed in auger, bucket. The Cr horizon is soft sandstone sedimentary beds that were encountered at 74 cm below the surface. The Cr horizon has strong effervescence and numerous soft carbonate masses between the strata of the paralithic bedrock."
S2016ND059030,1,A,0.0,14.0,14.0,loam,"very dark grayish brown (10YR 3/2), very dark brown (10YR 2/2), moist",very dark brown,10YR 2/2,10YR,2.0,2.0,moist,10YR 3/2,10YR 2/2,,,,,,,,,,,,,,,"A—0 to 14 centimeters (0.0 to 5.5 inches); very dark grayish brown (10YR 3/2), very dark brown (10YR 2/2), moist; loam; 30 percent sand; 45 percent silt; 25 percent clay; moderate medium granular structure; slightly hard, friable, slightly sticky, slightly plastic; 3.0 very fine roots throughout and 1.0 medium roots throughout and 1.0 fine roots throughout; 3.0 very fine tubular and 1.0 medium tubular and 1.0 fine tubular pores; 1 percent by volume nonflat subrounded indurated 20-40-76 millimeter granite fragments observed by visual inspection method; noneffervescent, by hcl, 1n; neutral, pH 7.2, pH meter; clear wavy boundary.; moist when described; observed in pit, small"
S2016ND059030,2,Bw1,14.0,25.0,11.0,loam,"dark grayish brown (2.5Y 4/2), very dark grayish brown (2.5Y 3/2), moist",very dark grayish brown,2.5Y 3/2,2.5Y,3.0,2.0,moist,2.5Y 4/2,2.5Y 3/2,,,,,,,,,,,,,,,"Bw1—14 to 25 centimeters (5.5 to 9.8 inches); dark grayish brown (2.5Y 4/2), very dark grayish brown (2.5Y 3/2), moist; loam; 30 percent sand; 45 percent silt; 25 percent clay; weak medium prismatic parts to moderate medium subangular blocky structure; slightly hard, friable, slightly sticky, slightly plastic; 2.0 very fine roots throughout and 1.0 fine roots throughout; 2.0 very fine tubular and 1.0 fine tubular pores; fragments; noneffervescent, by hcl, 1n; neutral, pH 7.3, pH meter; clear wavy boundary.; moist when described; observed in pit, small"
S2016ND059030,3,Bw2,25.0,41.0,16.0,loam,"light olive brown (2.5Y 5/3), olive brown (2.5Y 4/3), moist",olive brown,2.5Y 4/3,2.5Y,4.0,3.0,moist,2.5Y 5/3,2.5Y 4/3,,,,,,,,,,,,,,,"Bw2—25 to 41 centimeters (9.8 to 16.1 inches); light olive brown (2.5Y 5/3), olive brown (2.5Y 4/3), moist; loam; 30 percent sand; 45 percent silt; 25 percent clay; weak medium prismatic parts to moderate medium subangular blocky structure; slightly hard, friable, slightly sticky, slightly plastic; 2.0 very fine roots throughout and 1.0 fine roots throughout; 2.0 very fine tubular and 1.0 fine tubular pores; fragments; noneffervescent, by hcl, 1n; slightly alkaline, pH 7.4, pH meter; clear wavy boundary.; moist when described; observed in pit, small"
S2016ND059030,4,Bk1,41.0,53.0,12.0,silt loam,"light brownish gray (2.5Y 6/2), dark grayish brown (2.5Y 4/2), moist",dark grayish brown,2.5Y 4/2,2.5Y,4.0,2.0,moist,2.5Y 6/2,2.5Y 4/2,,,,,,,,,,,,,,,"Bk1—41 to 53 centimeters (16.1 to 20.9 inches); light brownish gray (2.5Y 6/2), dark grayish brown (2.5Y 4/2), moist; silt loam; 22 percent sand; 54 percent silt; 24 percent clay; weak medium prismatic parts to moderate medium subangular blocky structure; slightly hard, friable, slightly sticky, slightly plastic; 2.0 very fine roots throughout and 1.0 fine roots throughout; 2.0 very fine tubular and 1.0 fine tubular pores; carbonate, finely disseminated throughout and 1 percent fine irregular weakly coherent cemented carbonate masses throughout; fragments; violent effervescence, by hcl, 1n; slightly alkaline, pH 7.8, pH meter; clear wavy boundary.; moist when described; observed in pit, small"
S2016ND059030,5,2Abk,53.0,62.0,9.0,silt loam,"grayish brown (10YR 5/2), very dark grayish brown (10YR 3/2), moist",very dark grayish brown,10YR 3/2,10YR,3.0,2.0,moist,10YR 5/2,10YR 3/2,,,,,,,,,,,,,,,"2Abk—53 to 62 centimeters (20.9 to 24.4 inches); grayish brown (10YR 5/2), very dark grayish brown (10YR 3/2), moist; silt loam; 15 percent sand; 63 percent silt; 22 percent clay; weak coarse prismatic parts to moderate medium subangular blocky structure; slightly hard, friable, slightly sticky, slightly plastic; 1.0 very fine roots throughout and 1.0 fine roots throughout; 1.0 very fine tubular and 1.0 fine tubular pores; carbonate, finely disseminated throughout and 1 percent fine irregular weakly coherent cemented carbonate bands throughout; fragments; violent effervescence, by hcl, 1n; moderately alkaline, pH 8.0, pH meter; clear wavy boundary.; moist when described; observed in pit, small"
S2016ND059030,6,2Bk2,62.0,80.0,18.0,silt loam,"light olive brown (2.5Y 5/3), olive brown (2.5Y 4/3), moist",olive brown,2.5Y 4/3,2.5Y,4.0,3.0,moist,2.5Y 5/3,2.5Y 4/3,,,,,,,,,,,,,,,"2Bk2—62 to 80 centimeters (24.4 to 31.5 inches); light olive brown (2.5Y 5/3), olive brown (2.5Y 4/3), moist; silt loam; 15 percent sand; 63 percent silt; 22 percent clay; weak coarse prismatic parts to weak medium subangular blocky structure; slightly hard, friable, slightly sticky, slightly plastic; 1.0 very fine roots throughout and 1.0 fine roots throughout; 1.0 very fine tubular and 1.0 fine tubular pores; carbonate, finely disseminated throughout and 2 percent fine irregular weakly coherent cemented carbonate masses throughout; fragments; violent effervescence, by hcl, 1n; moderately alkaline, pH 8.0, pH meter; gradual wavy boundary.; moist when described; observed in pit, small"
S2016ND059030,7,2Bk3,80.0,128.0,48.0,silt loam,"light olive brown (2.5Y 5/3), olive brown (2.5Y 4/3), moist",olive brown,2.5Y 4/3,2.5Y,4.0,3.0,moist,2.5Y 5/3,2.5Y 4/3,"4 percent fine prominent irregular yellowish brown (10YR 5/8), moist, masses of oxidized iron | observed in pit, small. Redoximorphic features in the 2Bk3 horizon formed in the lower part of the horizon adjacent to and just above the glacial till parent material.",concentration,1.0,,4,4.0,,fine,prominent,,,,"4 percent fine prominent irregular yellowish brown (10YR 5/8), moist, masses of oxidized iron | observed in pit, small. Redoximorphic features in the 2Bk3 horizon formed in the lower part of the horizon adjacent to and just above the glacial till parent material.",,"2Bk3—80 to 128 centimeters (31.5 to 50.4 inches); light olive brown (2.5Y 5/3), olive brown (2.5Y 4/3), moist; silt loam; 25 percent sand; 53 percent silt; 22 percent clay; weak coarse prismatic parts to weak medium subangular blocky structure; slightly hard, friable, slightly sticky, slightly plastic; 1.0 very fine roots throughout and 1.0 fine roots throughout; 1.0 very fine tubular and 1.0 fine tubular pores; 4 percent fine prominent irregular yellowish brown (10YR 5/8), moist, masses of oxidized iron; carbonate, finely disseminated throughout and 2 percent medium irregular weakly coherent cemented carbonate masses throughout; fragments; violent effervescence, by hcl, 1n; moderately alkaline, pH 8.0, pH meter.; moist when described; observed in pit, small. Redoximorphic features in the 2Bk3 horizon formed in the lower part of the horizon adjacent to and just above the glacial till parent material."
S2016ND059030,8,3C,128.0,200.0,72.0,clay loam,"light yellowish brown (2.5Y 6/4), light olive brown (2.5Y 5/4), moist",light olive brown,2.5Y 5/4,2.5Y,5.0,4.0,moist,2.5Y 6/4,2.5Y 5/4,,,,,,,,,,,,,,,"3C—128 to 200 centimeters (50.4 to 78.7 inches); light yellowish brown (2.5Y 6/4), light olive brown (2.5Y 5/4), moist; clay loam; 25 percent sand; 42 percent silt; 33 percent clay; massive; hard, very firm, very sticky, very plastic; carbonate, finely disseminated throughout and 5 percent medium irregular weakly coherent cemented carbonate masses throughout; fragments; violent effervescence, by hcl, 1n; moderately alkaline, pH 8.0, pH meter.; moist when described; observed in auger, bucket"
S2017ND093001,1,A,0.0,15.0,15.0,loam,"dark gray (10YR 4/1), black (10YR 2/1), moist",black,10YR 2/1,10YR,2.0,1.0,moist,10YR 4/1,10YR 2/1,,,,,,,,,,,,,,,"A—0 to 15 centimeters (0.0 to 5.9 inches); dark gray (10YR 4/1), black (10YR 2/1), moist; loam; 35 percent sand; 22 percent clay; moderate medium granular structure; slightly hard, friable, slightly sticky, slightly plastic; 8.0 very fine roots throughout and 1.0 fine roots throughout; 5.0 very fine dendritic tubular and 1.0 fine dendritic tubular pores; 2 percent by volume nonflat subrounded indurated 2-40-75 millimeter mixed fragments observed by visual inspection method; noneffervescent; clear smooth boundary.; moist when described; observed in pit, small"
S2017ND093001,2,Bk,15.0,42.0,27.0,clay loam,"light brownish gray (10YR 6/2), dark grayish brown (10YR 4/2), moist",dark grayish brown,10YR 4/2,10YR,4.0,2.0,moist,10YR 6/2,10YR 4/2,,,,,,,,,,,,,,,"Bk—15 to 42 centimeters (5.9 to 16.5 inches); light brownish gray (10YR 6/2), dark grayish brown (10YR 4/2), moist; clay loam; 45 percent sand; 28 percent clay; moderate medium prismatic parts to moderate medium subangular blocky structure; moderately hard, firm, moderately sticky, moderately plastic; 5.0 very fine roots throughout; 3.0 very fine dendritic tubular pores; carbonate, finely disseminated and 2 percent fine irregular carbonate masses throughout; 5 percent by volume nonflat subrounded indurated 2-40-75 millimeter mixed fragments observed by visual inspection method; violent effervescence; clear wavy boundary.; moist when described; observed in pit, small"
S2017ND093001,3,C,42.0,100.0,58.0,loam,"light gray (10YR 7/2), light brownish gray (10YR 6/2), moist",light brownish gray,10YR 6/2,10YR,6.0,2.0,moist,10YR 7/2,10YR 6/2,,,,,,,,,,,,,,,"C—42 to 100 centimeters (16.5 to 39.4 inches); light gray (10YR 7/2), light brownish gray (10YR 6/2), moist; loam; 43 percent sand; 25 percent clay; massive; slightly hard, friable, moderately sticky, moderately plastic; 2.0 very fine roots throughout; 1.0 very fine dendritic tubular pores; 10 percent fine irregular carbonate masses throughout and 3 percent medium irregular carbonate bands throughout; 8 percent by volume nonflat subrounded indurated 2-40-75 millimeter mixed fragments observed by visual inspection method; violent effervescence.; moist when described; observed in pit, small"
S2017ND093004,1,A,0.0,11.0,11.0,very gravelly loam,"very dark grayish brown (10YR 3/2), dark grayish brown (10YR 4/2), dry",dark grayish brown,10YR 4/2,10YR,4.0,2.0,,,,,,,,,,,,,,,,,,"A—0 to 11 centimeters (0.0 to 4.3 inches); very dark grayish brown (10YR 3/2), dark grayish brown (10YR 4/2), dry; very gravelly loam; 48 percent sand; 22 percent clay; moderate medium granular structure; soft, very friable, slightly sticky, slightly plastic; 5.0 very fine roots throughout and 2.0 fine roots throughout; 4.0 very fine dendritic tubular and 1.0 fine dendritic tubular pores; 40 percent by volume nonflat subrounded indurated 2-40-75 millimeter mixed fragments observed by visual inspection method; noneffervescent; clear wavy boundary.; moist when described; observed in pit, small"
S2017ND093004,2,Bk,11.0,40.0,29.0,very gravelly loamy coarse sand,"dark yellowish brown (10YR 4/4), dark yellowish brown (10YR 4/4), dry",dark yellowish brown,10YR 4/4,10YR,4.0,4.0,,,,,,,,,,,,,,,,,,"Bk—11 to 40 centimeters (4.3 to 15.7 inches); dark yellowish brown (10YR 4/4), dark yellowish brown (10YR 4/4), dry; very gravelly loamy coarse sand; 85 percent sand; 10 percent clay; weak medium subangular blocky structure; loose, loose, nonsticky, nonplastic; 3.0 very fine roots throughout; carbonate, finely disseminated; 55 percent by volume nonflat subrounded indurated 2-40-75 millimeter mixed fragments observed by visual inspection method; strong effervescence; clear wavy boundary.; moist when described; observed in pit, small"
S2017ND093004,3,C,40.0,100.0,60.0,extremely gravelly coarse sand,"dark yellowish brown (10YR 4/4), yellowish brown (10YR 5/6), dry",yellowish brown,10YR 5/6,10YR,5.0,6.0,,,,,,,,,,,,,,,,,,"C—40 to 100 centimeters (15.7 to 39.4 inches); dark yellowish brown (10YR 4/4), yellowish brown (10YR 5/6), dry; extremely gravelly coarse sand; 90 percent sand; 4 percent clay; single grain; loose, loose, nonsticky, nonplastic; 1.0 very fine roots throughout; 1 percent fine carbonate masses throughout; 67 percent by volume nonflat subangular indurated 2-40-75 millimeter mixed fragments observed by visual inspection method; violent effervescence.; moist when described; observed in pit, small"
S2017ND093007,1,A,0.0,27.0,27.0,silt loam,"very dark grayish brown (2.5Y 3/2), black (2.5Y 2.5/1), moist",black,2.5Y 2.5/1,2.5Y,2.5,1.0,moist,2.5Y 3/2,2.5Y 2.5/1,,,,,,,,,,,,,,,"A—0 to 27 centimeters (0.0 to 10.6 inches); very dark grayish brown (2.5Y 3/2), black (2.5Y 2.5/1), moist; silt loam; 30 percent sand; 19 percent clay; moderate coarse subangular blocky parts to moderate coarse granular structure; soft, very friable, slightly sticky, slightly plastic; 6.0 very fine roots throughout and 1.0 fine roots throughout; 4.0 very fine dendritic tubular pores; 3 percent by volume nonflat subrounded indurated 2-5-10 millimeter mixed fragments observed by visual inspection method; noneffervescent; clear wavy boundary.; moist when described; observed in pit, small"
S2017ND093007,2,Bt,27.0,40.0,13.0,clay loam,"light olive brown (2.5Y 5/4), olive brown (2.5Y 4/4), moist",olive brown,2.5Y 4/4,2.5Y,4.0,4.0,moist,2.5Y 5/4,2.5Y 4/4,,,,,,,,,,,,,,,"Bt—27 to 40 centimeters (10.6 to 15.7 inches); light olive brown (2.5Y 5/4), olive brown (2.5Y 4/4), moist; clay loam; 30 percent sand; 30 percent clay; moderate medium prismatic parts to moderate medium subangular blocky structure; slightly hard, friable, moderately sticky, moderately plastic; 4.0 very fine roots throughout; 3.0 very fine dendritic tubular pores; 70 percent distinct very dark grayish brown (2.5Y 3/2), moist, clay films on all faces of peds; 4 percent by volume nonflat subrounded indurated 2-5-10 millimeter mixed fragments observed by visual inspection method; noneffervescent; clear wavy boundary.; moist when described; observed in pit, small"
S2017ND093007,3,Bk,40.0,70.0,30.0,clay loam,"light olive brown (2.5Y 5/3), light brownish gray (2.5Y 6/2), moist",light brownish gray,2.5Y 6/2,2.5Y,6.0,2.0,moist,2.5Y 5/3,2.5Y 6/2,,,,,,,,,,,,,,,"Bk—40 to 70 centimeters (15.7 to 27.6 inches); light olive brown (2.5Y 5/3), light brownish gray (2.5Y 6/2), moist; clay loam; 40 percent sand; 28 percent clay; moderate medium subangular blocky structure; slightly hard, friable, moderately sticky, moderately plastic; 3.0 very fine roots throughout; 3.0 very fine dendritic tubular pores; carbonate coats on bottom of rock fragments; carbonate, finely disseminated throughout and 6 percent fine irregular carbonate masses throughout; 6 percent by volume flat angular moderately coherent cemented 2-40-75 millimeter shale, unspecified fragments observed by visual inspection method and 8 percent by volume nonflat subrounded indurated 2-5-10 millimeter mixed fragments observed by visual inspection method; strong effervescence; gradual wavy boundary.; moist when described; observed in pit, small"
S2017ND093007,4,C,70.0,104.0,34.0,clay loam,"light yellowish brown (2.5Y 6/3), light olive brown (2.5Y 5/3), moist",light olive brown,2.5Y 5/3,2.5Y,5.0,3.0,moist,2.5Y 6/3,2.5Y 5/3,3 percent fine prominent masses of oxidized iron in matrix,concentration,1.0,,3,3.0,,fine,prominent,,,,3 percent fine prominent masses of oxidized iron in matrix,,"C—70 to 104 centimeters (27.6 to 40.9 inches); light yellowish brown (2.5Y 6/3), light olive brown (2.5Y 5/3), moist; clay loam; 40 percent sand; 28 percent clay; massive; slightly hard, friable, moderately sticky, moderately plastic; 3.0 very fine roots throughout; 2.0 very fine dendritic tubular pores; carbonate coats on bottom of rock fragments; 3 percent fine prominent masses of oxidized iron in matrix; carbonate, finely disseminated in matrix and 8 percent coarse irregular carbonate masses in matrix; 5 percent by volume flat angular moderately coherent cemented 2-40-75 millimeter shale, unspecified fragments observed by visual inspection method and 7 percent by volume nonflat subrounded indurated 2-5-10 millimeter mixed fragments observed by visual inspection method; strong effervescence.; moist when described; observed in pit, small"
S2017ND093010,1,A1,0.0,21.0,21.0,silt loam,"very dark brown (10YR 2/2), black (10YR 2/1), moist",black,10YR 2/1,10YR,2.0,1.0,moist,10YR 2/2,10YR 2/1,,,,,,,,,,,,,,,"A1—0 to 21 centimeters (0.0 to 8.3 inches); very dark brown (10YR 2/2), black (10YR 2/1), moist; silt loam; 22 percent sand; 22 percent clay; weak medium subangular blocky parts to moderate fine granular structure; slightly hard, friable, slightly sticky, slightly plastic; 15.0 very fine roots throughout and 3.0 fine roots throughout; fragments; noneffervescent; clear smooth boundary.; moist when described; observed in pit, small"
S2017ND093010,2,A2,21.0,38.0,17.0,clay loam,"black (10YR 2/1), black (10YR 2/1), moist",black,10YR 2/1,10YR,2.0,1.0,moist,10YR 2/1,10YR 2/1,,,,,,,,,,,,,,,"A2—21 to 38 centimeters (8.3 to 15.0 inches); black (10YR 2/1), black (10YR 2/1), moist; clay loam; 35 percent sand; 30 percent clay; weak medium subangular blocky parts to moderate fine granular structure; slightly hard, friable, slightly sticky, slightly plastic; 7.0 very fine roots throughout and 1.0 fine roots throughout; 2.0 fine dendritic tubular pores; fragments; noneffervescent; gradual smooth boundary.; moist when described; observed in pit, small"
S2017ND093010,3,Btss1,38.0,70.0,32.0,clay,"black (2.5Y 2.5/1), black (2.5Y 2.5/1), moist",black,2.5Y 2.5/1,2.5Y,2.5,1.0,moist,2.5Y 2.5/1,2.5Y 2.5/1,,,,,,,,,,,,,,,"Btss1—38 to 70 centimeters (15.0 to 27.6 inches); black (2.5Y 2.5/1), black (2.5Y 2.5/1), moist; clay; 20 percent sand; 50 percent clay; weak coarse prismatic parts to moderate medium angular blocky structure; moderately hard, firm, moderately sticky, moderately plastic; 1.0 fine roots throughout; 4.0 fine dendritic tubular pores; 20 percent black (10YR 2/1), moist, slickensides (pedogenic) on all faces of peds and 20 percent black (10YR 2/1), moist, clay films on all faces of peds; fragments; noneffervescent; gradual wavy boundary.; moist when described; observed in pit, small"
S2017ND093010,4,Btss2,70.0,87.0,17.0,silty clay,"very dark gray (2.5Y 3/1), very dark gray (2.5Y 3/1), moist",very dark gray,2.5Y 3/1,2.5Y,3.0,1.0,moist,2.5Y 3/1,2.5Y 3/1,,,,,,,,,,,,,,,"Btss2—70 to 87 centimeters (27.6 to 34.3 inches); very dark gray (2.5Y 3/1), very dark gray (2.5Y 3/1), moist; silty clay; 15 percent sand; 44 percent clay; weak coarse prismatic structure; moderately hard, firm, moderately sticky, moderately plastic; 1.0 fine roots throughout; 2.0 fine dendritic tubular pores; 20 percent black (10YR 2/1), moist, clay films on all faces of peds and 20 percent slickensides (pedogenic) on all faces of peds; fragments; noneffervescent; gradual wavy boundary.; moist when described; observed in pit, small"
S2017ND093010,5,2C,87.0,100.0,13.0,sandy clay loam,"grayish brown (2.5Y 5/2), dark grayish brown (2.5Y 4/2), moist",dark grayish brown,2.5Y 4/2,2.5Y,4.0,2.0,moist,2.5Y 5/2,2.5Y 4/2,"5 percent fine distinct light olive brown (2.5Y 5/4), moist, masses of oxidized iron in matrix and 15 percent medium prominent olive yellow (2.5Y 6/8), moist, masses of oxidized iron in matrix",concentration,1.0,,5 | 15,15.0,,fine | medium,distinct | prominent,,,,"5 percent fine distinct light olive brown (2.5Y 5/4), moist, masses of oxidized iron in matrix and 15 percent medium prominent olive yellow (2.5Y 6/8), moist, masses of oxidized iron in matrix",,"2C—87 to 100 centimeters (34.3 to 39.4 inches); grayish brown (2.5Y 5/2), dark grayish brown (2.5Y 4/2), moist; sandy clay loam; 55 percent sand; 10 percent silt; 30 percent clay; massive; slightly hard, friable, slightly sticky, slightly plastic; 0.5 fine roots throughout; 3.0 very fine dendritic tubular pores; 5 percent fine distinct light olive brown (2.5Y 5/4), moist, masses of oxidized iron in matrix and 15 percent medium prominent olive yellow (2.5Y 6/8), moist, masses of oxidized iron in matrix; 10 percent by volume nonflat subrounded indurated 2-10-20 millimeter mixed fragments observed by visual inspection method; noneffervescent.; moist when described; observed in pit, small"
S2017ND093011,1,A,0.0,25.0,25.0,loam,"very dark gray (10YR 3/1), black (10YR 2/1), moist",black,10YR 2/1,10YR,2.0,1.0,moist,10YR 3/1,10YR 2/1,,,,,,,,,,,,,,,"A—0 to 25 centimeters (0.0 to 9.8 inches); very dark gray (10YR 3/1), black (10YR 2/1), moist; loam; 30 percent sand; 20 percent clay; moderate medium subangular blocky parts to moderate medium granular structure; soft, very friable, slightly sticky, slightly plastic; 2.0 fine roots throughout; 10.0 fine dendritic tubular pores; 1 percent by volume nonflat subrounded indurated 20-50-75 millimeter mixed fragments observed by visual inspection method; noneffervescent; clear wavy boundary.; moist when described; observed in pit, small"
S2017ND093011,2,Bt1,25.0,68.0,43.0,loam,"dark grayish brown (10YR 4/2), very dark grayish brown (10YR 3/2), moist",very dark grayish brown,10YR 3/2,10YR,3.0,2.0,moist,10YR 4/2,10YR 3/2,,,,,,,,,,,,,,,"Bt1—25 to 68 centimeters (9.8 to 26.8 inches); dark grayish brown (10YR 4/2), very dark grayish brown (10YR 3/2), moist; loam; 35 percent sand; 26 percent clay; strong medium prismatic parts to moderate medium subangular blocky structure; slightly hard, friable, slightly sticky, slightly plastic; 2.0 fine roots throughout; 1.0 fine dendritic tubular pores; 50 percent faint very dark brown (10YR 2/2), moist, clay films on all faces of peds; 1 percent by volume nonflat subrounded indurated 20-50-75 millimeter mixed fragments observed by visual inspection method; noneffervescent; clear irregular boundary.; moist when described; observed in pit, small"
S2017ND093011,3,Bt2,68.0,108.0,40.0,clay loam,"light olive brown (2.5Y 5/3), olive brown (2.5Y 4/3), moist",olive brown,2.5Y 4/3,2.5Y,4.0,3.0,moist,2.5Y 5/3,2.5Y 4/3,"15 percent medium yellowish brown (10YR 5/6), moist, masses of oxidized iron in matrix",concentration,1.0,,15,15.0,,medium,,,,,"15 percent medium yellowish brown (10YR 5/6), moist, masses of oxidized iron in matrix",,"Bt2—68 to 108 centimeters (26.8 to 42.5 inches); light olive brown (2.5Y 5/3), olive brown (2.5Y 4/3), moist; clay loam; 40 percent sand; 34 percent clay; strong medium prismatic parts to moderate medium angular blocky structure; moderately hard, firm, moderately sticky, moderately plastic; 1.0 fine dendritic tubular pores; 75 percent faint dark olive brown (2.5Y 3/3), moist, clay films on all faces of peds; 15 percent medium yellowish brown (10YR 5/6), moist, masses of oxidized iron in matrix; 3 percent by volume nonflat subrounded indurated 2-10-20 millimeter mixed fragments observed by visual inspection method; noneffervescent; gradual wavy boundary.; moist when described; observed in pit, small"
S2017ND093011,4,Bk,108.0,120.0,12.0,clay loam,"olive brown (2.5Y 4/4), olive brown (2.5Y 4/4), moist",olive brown,2.5Y 4/4,2.5Y,4.0,4.0,moist,2.5Y 4/4,2.5Y 4/4,"1 percent fine strong brown (7.5YR 5/8), moist, masses of oxidized iron in matrix and 3 percent medium grayish brown (2.5Y 5/2), moist, iron depletions in matrix",concentration | depletion,1.0,1.0,1 | 3,3.0,,fine | medium,,,,,"1 percent fine strong brown (7.5YR 5/8), moist, masses of oxidized iron in matrix and 3 percent medium grayish brown (2.5Y 5/2), moist, iron depletions in matrix",,"Bk—108 to 120 centimeters (42.5 to 47.2 inches); olive brown (2.5Y 4/4), olive brown (2.5Y 4/4), moist; clay loam; 10 percent sand; 32 percent clay; moderate medium subangular blocky structure; moderately hard, firm, moderately sticky, moderately plastic; 1.0 fine roots throughout; 1 percent fine strong brown (7.5YR 5/8), moist, masses of oxidized iron in matrix and 3 percent medium grayish brown (2.5Y 5/2), moist, iron depletions in matrix; 7 percent coarse irregular carbonate masses in matrix; 5 percent by volume nonflat subrounded indurated 2-15-20 millimeter mixed fragments observed by visual inspection method; strong effervescence.; moist when described; observed in pit, small"
S2017ND093014,1,A,0.0,34.0,34.0,loam,"very dark gray (10YR 3/1), black (10YR 2/1), moist",black,10YR 2/1,10YR,2.0,1.0,moist,10YR 3/1,10YR 2/1,,,,,,,,,,,,,,,"A—0 to 34 centimeters (0.0 to 13.4 inches); very dark gray (10YR 3/1), black (10YR 2/1), moist; loam; 42 percent sand; 25 percent clay; moderate medium granular parts to moderate fine granular structure; slightly hard, friable, slightly sticky, slightly plastic; 6.0 very fine roots throughout and 1.0 fine roots throughout; fragments; noneffervescent; gradual wavy boundary.; moist when described;"
S2017ND093014,2,Bw,34.0,57.0,23.0,clay loam,"brown (10YR 4/3), very dark grayish brown (10YR 3/2), moist",very dark grayish brown,10YR 3/2,10YR,3.0,2.0,moist,10YR 4/3,10YR 3/2,,,,,,,,,,,,,,,"Bw—34 to 57 centimeters (13.4 to 22.4 inches); brown (10YR 4/3), very dark grayish brown (10YR 3/2), moist; clay loam; 40 percent sand; 27 percent clay; moderate coarse prismatic parts to moderate coarse subangular blocky structure; slightly hard, friable, slightly sticky, slightly plastic; 3.0 very fine roots throughout and 1.0 fine roots throughout; 3.0 fine dendritic tubular pores; 30 percent very dark brown (10YR 2/2), moist, clay films on all faces of peds; 2 percent by volume nonflat subrounded indurated 10-20-50 millimeter mixed fragments observed by visual inspection method; noneffervescent; clear wavy boundary.; moist when described;"
S2017ND093014,3,Bk1,57.0,93.0,36.0,clay loam,"light olive brown (2.5Y 5/3), olive brown (2.5Y 4/3), moist",olive brown,2.5Y 4/3,2.5Y,4.0,3.0,moist,2.5Y 5/3,2.5Y 4/3,,,,,,,,,,,,,,,"Bk1—57 to 93 centimeters (22.4 to 36.6 inches); light olive brown (2.5Y 5/3), olive brown (2.5Y 4/3), moist; clay loam; 40 percent sand; 28 percent clay; moderate medium subangular blocky structure; slightly hard, friable, slightly sticky, slightly plastic; 2.0 very fine roots throughout and 1.0 fine roots throughout; 6.0 fine dendritic tubular pores; carbonate, finely disseminated in matrix and 5 percent medium irregular carbonate masses in matrix; 2 percent by volume nonflat subrounded indurated 10-20-50 millimeter mixed fragments observed by visual inspection method; violent effervescence; gradual wavy boundary.; moist when described;"
S2017ND093014,4,Bk2,93.0,105.0,12.0,loam,"light yellowish brown (2.5Y 6/3), light olive brown (2.5Y 5/3), moist",light olive brown,2.5Y 5/3,2.5Y,5.0,3.0,moist,2.5Y 6/3,2.5Y 5/3,2 percent fine prominent yellowish red (5YR 4/6) masses of oxidized iron in matrix,concentration,1.0,,2,2.0,,fine,prominent,,,,2 percent fine prominent yellowish red (5YR 4/6) masses of oxidized iron in matrix,,"Bk2—93 to 105 centimeters (36.6 to 41.3 inches); light yellowish brown (2.5Y 6/3), light olive brown (2.5Y 5/3), moist; loam; 30 percent sand; 25 percent clay; weak coarse subangular blocky structure; slightly hard, friable, slightly sticky, slightly plastic; 2.0 very fine roots throughout; 5.0 fine dendritic tubular pores; 2 percent fine prominent yellowish red (5YR 4/6) masses of oxidized iron in matrix; carbonate, finely disseminated in matrix and 4 percent fine irregular carbonate masses in matrix; 2 percent by volume nonflat subrounded indurated 10-20-50 millimeter mixed fragments observed by visual inspection method; violent effervescence.; moist when described;"
S2017ND093016,1,A,0.0,18.0,18.0,loam,"very dark gray (10YR 3/1), black (10YR 2/1), moist",black,10YR 2/1,10YR,2.0,1.0,moist,10YR 3/1,10YR 2/1,,,,,,,,,,,,,,,"A—0 to 18 centimeters (0.0 to 7.1 inches); very dark gray (10YR 3/1), black (10YR 2/1), moist; loam; 45 percent sand; 18 percent clay; moderate medium subangular blocky parts to moderate medium granular structure; slightly hard, friable, slightly sticky, slightly plastic; 7.0 very fine roots throughout and 1.0 medium roots throughout and 2.0 fine roots throughout; fragments; noneffervescent; clear wavy boundary.; moist when described; observed in pit, small"
S2017ND093016,2,Bt,18.0,51.0,33.0,clay loam,"brown (10YR 4/3), very dark grayish brown (10YR 3/2), moist",very dark grayish brown,10YR 3/2,10YR,3.0,2.0,moist,10YR 4/3,10YR 3/2,,,,,,,,,,,,,,,"Bt—18 to 51 centimeters (7.1 to 20.1 inches); brown (10YR 4/3), very dark grayish brown (10YR 3/2), moist; clay loam; 37 percent sand; 30 percent clay; moderate medium prismatic parts to moderate medium subangular blocky structure; moderately hard, firm, moderately sticky, moderately plastic; 2.0 very fine roots throughout and 4.0 fine roots throughout; 1.0 very fine dendritic tubular and 1.0 fine dendritic tubular pores; 5 percent faint very dark brown (10YR 2/2), moist, clay films on all faces of peds; 1 percent by volume nonflat subrounded indurated 2-5-10 millimeter mixed fragments observed by visual inspection method; noneffervescent; clear wavy boundary.; moist when described; observed in pit, small"
S2017ND093016,3,Btk,51.0,80.0,29.0,clay loam,"light olive brown (2.5Y 5/4), olive brown (2.5Y 4/4), moist",olive brown,2.5Y 4/4,2.5Y,4.0,4.0,moist,2.5Y 5/4,2.5Y 4/4,"4 percent fine distinct light yellowish brown (10YR 6/4), moist, masses of oxidized iron in matrix",concentration,1.0,,4,4.0,,fine,distinct,,,,"4 percent fine distinct light yellowish brown (10YR 6/4), moist, masses of oxidized iron in matrix",,"Btk—51 to 80 centimeters (20.1 to 31.5 inches); light olive brown (2.5Y 5/4), olive brown (2.5Y 4/4), moist; clay loam; 35 percent sand; 32 percent clay; moderate medium prismatic parts to moderate medium subangular blocky structure; moderately hard, firm, moderately sticky, moderately plastic; 3.0 very fine roots throughout and 3.0 fine roots throughout; 6.0 fine dendritic tubular pores; 1 percent faint olive brown (2.5Y 4/3), moist, clay films on all faces of peds; 4 percent fine distinct light yellowish brown (10YR 6/4), moist, masses of oxidized iron in matrix; carbonate, finely disseminated in matrix and 7 percent medium irregular light gray (2.5Y 7/2), moist, carbonate masses in matrix; 3 percent by volume nonflat subrounded indurated 10-20-75 millimeter mixed fragments observed by visual inspection method and 7 percent by volume nonflat subrounded indurated 2-5-10 millimeter mixed fragments observed by visual inspection method; strong effervescence; gradual wavy boundary.; moist when described; observed in pit, small"
S2017ND093016,4,C,80.0,110.0,30.0,clay loam,"light yellowish brown (2.5Y 6/3), light olive brown (2.5Y 5/3), moist",light olive brown,2.5Y 5/3,2.5Y,5.0,3.0,moist,2.5Y 6/3,2.5Y 5/3,"3 percent fine prominent strong brown (7.5YR 5/8), moist, masses of oxidized iron in matrix and 7 percent medium prominent brownish yellow (10YR 6/6), moist, masses of reduced iron in matrix",concentration | reduced matrix,1.0,,3,3.0,,fine | medium,prominent,,1.0,,"3 percent fine prominent strong brown (7.5YR 5/8), moist, masses of oxidized iron in matrix and 7 percent medium prominent brownish yellow (10YR 6/6), moist, masses of reduced iron in matrix",,"C—80 to 110 centimeters (31.5 to 43.3 inches); light yellowish brown (2.5Y 6/3), light olive brown (2.5Y 5/3), moist; clay loam; 40 percent sand; 31 percent clay; massive; moderately hard, firm, moderately sticky, moderately plastic; 6.0 fine dendritic tubular pores; 3 percent fine prominent strong brown (7.5YR 5/8), moist, masses of oxidized iron in matrix and 7 percent medium prominent brownish yellow (10YR 6/6), moist, masses of reduced iron in matrix; carbonate, finely disseminated in matrix and 10 percent medium irregular light gray (2.5Y 7/2), moist, carbonate masses in matrix; 1 percent by volume nonflat subrounded indurated 5-40-75 millimeter mixed fragments observed by visual inspection method and 2 percent by volume nonflat subrounded indurated 2-4-5 millimeter mixed fragments observed by visual inspection method; strong effervescence.; moist when described; observed in pit, small"
S2017ND093020,1,A,0.0,24.0,24.0,loam,"dark brown (10YR 3/3), brown (10YR 4/3), dry",brown,10YR 4/3,10YR,4.0,3.0,,,,,,,,,,,,,,,,,,"A—0 to 24 centimeters (0.0 to 9.4 inches); dark brown (10YR 3/3), brown (10YR 4/3), dry; loam; 35 percent sand; 20 percent clay; moderate medium prismatic parts to moderate medium subangular blocky structure; soft, friable, slightly sticky, slightly plastic; 10.0 fine roots throughout; 25.0 fine dendritic tubular pores; 5 percent by volume nonflat subrounded indurated 76-150-250 millimeter mixed fragments observed by visual inspection method and 7 percent by volume nonflat subrounded indurated 2-40-75 millimeter mixed fragments observed by visual inspection method; noneffervescent; clear smooth boundary.; moist when described; observed in pit, small"
S2017ND093020,2,Bt,24.0,50.0,26.0,extremely cobbly sandy clay loam,"very dark grayish brown (10YR 3/2), brown (10YR 4/3), dry",brown,10YR 4/3,10YR,4.0,3.0,,,,,,,,,,,,,,,,,,"Bt—24 to 50 centimeters (9.4 to 19.7 inches); very dark grayish brown (10YR 3/2), brown (10YR 4/3), dry; extremely cobbly sandy clay loam; 55 percent sand; 34 percent clay; strong medium prismatic parts to moderate medium subangular blocky structure; soft, friable, slightly sticky, slightly plastic; 1.0 medium roots throughout and 10.0 fine roots throughout; 10.0 medium dendritic tubular pores; 10 percent dark brown (10YR 3/3), moist, clay films on all faces of peds; 20 percent by volume nonflat subrounded indurated 2-40-75 millimeter mixed fragments observed by visual inspection method and 50 percent by volume nonflat subrounded indurated 76-150-250 millimeter mixed fragments observed by visual inspection method; noneffervescent; clear smooth boundary.; moist when described; observed in pit, small"
S2017ND093020,3,Btk,50.0,74.0,24.0,clay loam,"olive brown (2.5Y 4/3), olive brown (2.5Y 4/4), dry",olive brown,2.5Y 4/4,2.5Y,4.0,4.0,,,,,,,,,,,,,,,,,,"Btk—50 to 74 centimeters (19.7 to 29.1 inches); olive brown (2.5Y 4/3), olive brown (2.5Y 4/4), dry; clay loam; 30 percent sand; 30 percent clay; strong medium prismatic parts to moderate medium subangular blocky structure; soft, friable, moderately sticky, moderately plastic; 1.0 fine roots throughout; 2.5 fine dendritic tubular pores; 10 percent olive brown (2.5Y 4/3), moist, clay films on all faces of peds; carbonate, finely disseminated in matrix; 4 percent by volume nonflat subangular indurated 2-40-75 millimeter mixed fragments observed by visual inspection method; strong effervescence; gradual smooth boundary.; moist when described; observed in pit, small"
S2017ND093020,4,C,74.0,105.0,31.0,clay loam,"light olive brown (2.5Y 5/4), light yellowish brown (2.5Y 6/4), dry",light yellowish brown,2.5Y 6/4,2.5Y,6.0,4.0,,,,,,,,,,,,,,,,,,"C—74 to 105 centimeters (29.1 to 41.3 inches); light olive brown (2.5Y 5/4), light yellowish brown (2.5Y 6/4), dry; clay loam; 30 percent sand; 30 percent clay; massive; soft, friable, moderately sticky, moderately plastic; 5 percent by volume nonflat subrounded indurated 2-40-75 millimeter mixed fragments observed by visual inspection method; strong effervescence.; moderately dry when described; observed in pit, small"
S2017ND093022,1,A,0.0,18.0,18.0,clay loam,"black (10YR 2/1), black (10YR 2/1), dry",black,10YR 2/1,10YR,2.0,1.0,,,,,,,,,,,,,,,,,,"A—0 to 18 centimeters (0.0 to 7.1 inches); black (10YR 2/1), black (10YR 2/1), dry; clay loam; 35 percent sand; 28 percent clay; moderate medium subangular blocky parts to weak fine granular structure; soft, friable, slightly sticky, slightly plastic; many (25.0) very fine roots throughout and many (22.0) fine roots throughout; common (20.0) fine tubular pores; fragments; noneffervescent, by hcl, 1n; gradual wavy boundary.; moist when described; observed in pit, small"
S2017ND093022,2,Bt,18.0,33.0,15.0,clay,"very dark brown (10YR 2/2), very dark grayish brown (10YR 3/2), dry",very dark grayish brown,10YR 3/2,10YR,3.0,2.0,,,,5 percent fine dark grayish brown (10YR 4/2) masses of oxidized iron on faces of peds,concentration,1.0,,5,5.0,,fine,,on faces of peds,,,5 percent fine dark grayish brown (10YR 4/2) masses of oxidized iron on faces of peds,,"Bt—18 to 33 centimeters (7.1 to 13.0 inches); very dark brown (10YR 2/2), very dark grayish brown (10YR 3/2), dry; clay; 22 percent sand; 42 percent clay; moderate medium prismatic parts to moderate medium subangular blocky structure; slightly hard, friable, moderately sticky, moderately plastic; 2.0 very fine roots throughout and 2.0 medium roots throughout and 3.0 fine roots throughout; common (5.0) fine tubular pores; 5 percent very dark gray (10YR 3/1) organic stains on all faces of peds and 10 percent very dark gray (10YR 3/1) clay films on all faces of peds; 5 percent fine dark grayish brown (10YR 4/2) masses of oxidized iron on faces of peds; fragments; noneffervescent, by hcl, 1n; clear wavy boundary.; moist when described; observed in pit, small"
S2017ND093022,3,Bk1,33.0,66.0,33.0,loam,"brown (10YR 4/3), brown (10YR 5/3), dry",brown,10YR 5/3,10YR,5.0,3.0,,,,7 percent fine light olive brown (2.5Y 5/6) masses of oxidized iron on faces of peds,concentration,1.0,,7,7.0,,fine,,on faces of peds,,,7 percent fine light olive brown (2.5Y 5/6) masses of oxidized iron on faces of peds,,"Bk1—33 to 66 centimeters (13.0 to 26.0 inches); brown (10YR 4/3), brown (10YR 5/3), dry; loam; 34 percent sand; 26 percent clay; weak medium prismatic parts to moderate medium subangular blocky structure; soft, friable, slightly sticky, moderately plastic; few (1.0) fine roots throughout; few (1.0) fine tubular pores; 7 percent fine light olive brown (2.5Y 5/6) masses of oxidized iron on faces of peds; 10 percent fine carbonate masses; 3 percent by volume nonflat subrounded indurated 2-45-75 millimeter mixed fragments; violent effervescence, by hcl, 1n; gradual wavy boundary.; moist when described; observed in pit, small"
S2017ND093022,4,Bk2,66.0,100.0,34.0,loam,"light olive brown (2.5Y 5/3), light olive brown (2.5Y 5/3), dry",light olive brown,2.5Y 5/3,2.5Y,5.0,3.0,,,,10 percent fine light olive brown (2.5Y 5/6) masses of oxidized iron on faces of peds,concentration,1.0,,10,10.0,,fine,,on faces of peds,,,10 percent fine light olive brown (2.5Y 5/6) masses of oxidized iron on faces of peds,,"Bk2—66 to 100 centimeters (26.0 to 39.4 inches); light olive brown (2.5Y 5/3), light olive brown (2.5Y 5/3), dry; loam; 36 percent sand; 25 percent clay; weak medium prismatic parts to moderate medium subangular blocky structure; soft, friable, slightly sticky, moderately plastic; few (1.0) medium roots throughout and common (10.0) fine roots throughout; few (1.0) medium tubular and common (10.0) fine tubular pores; 10 percent fine light olive brown (2.5Y 5/6) masses of oxidized iron on faces of peds; 5 percent fine carbonate masses; 3 percent by volume nonflat subrounded indurated 2-45-75 millimeter mixed fragments; violent effervescence, by hcl, 1n.; moist when described; observed in pit, small"
S2017ND093023,1,A,0.0,18.0,18.0,loam,"very dark grayish brown (10YR 3/2), very dark brown (10YR 2/2), moist",very dark brown,10YR 2/2,10YR,2.0,2.0,moist,10YR 3/2,10YR 2/2,,,,,,,,,,,,,,,"A—0 to 18 centimeters (0.0 to 7.1 inches); very dark grayish brown (10YR 3/2), very dark brown (10YR 2/2), moist; loam; 40 percent sand; 23 percent clay; weak medium granular structure; soft, very friable, slightly sticky, slightly plastic; common (7.0) very fine roots throughout and few (1.0) medium roots throughout and common (2.0) fine roots throughout; common (3.0) fine tubular pores; 7 percent by volume nonflat subrounded indurated 2-4-5 millimeter granite fragments; noneffervescent, by hcl, 1n; clear wavy boundary.; moist when described; observed in pit, small"
S2017ND093023,2,Bt,18.0,35.0,17.0,44 percent sand,clay loam,,,,,,,,,,,,,,,,,,,,,,,"Bt—18 to 35 centimeters (7.1 to 13.8 inches); clay loam; 44 percent sand; 28 percent clay; weak medium prismatic parts to weak medium granular structure; soft, very friable, slightly sticky, slightly plastic; common (7.0) very fine roots throughout and few (1.0) medium roots throughout and few (1.0) fine roots throughout; common (2.0) fine tubular pores; 10 percent faint very dark grayish brown (10YR 3/2) clay bridges on all faces of peds; 12 percent by volume nonflat subrounded indurated 5-10-20 millimeter mixed fragments; noneffervescent, by hcl, 1n; clear wavy boundary.; moist when described; observed in pit, small. patchy - phpvsfiid 1461360; patchy - phpvsfiid 1461360"
S2017ND093023,3,Btk,35.0,63.0,28.0,gravelly sandy clay loam,"light brownish gray (10YR 6/2), brown (10YR 4/3), moist",brown,10YR 4/3,10YR,4.0,3.0,moist,10YR 6/2,10YR 4/3,5 percent fine yellowish brown (10YR 5/6) masses of oxidized iron,concentration,1.0,,5,5.0,,fine,,,,,5 percent fine yellowish brown (10YR 5/6) masses of oxidized iron,,"Btk—35 to 63 centimeters (13.8 to 24.8 inches); light brownish gray (10YR 6/2), brown (10YR 4/3), moist; gravelly sandy clay loam; 50 percent sand; 31 percent clay; weak medium prismatic parts to weak medium subangular blocky structure; soft, very friable, slightly sticky, slightly plastic; common (2.0) very fine roots throughout and few (1.0) fine roots throughout; common (2.0) fine tubular pores; 5 percent faint clay bridges on all faces of peds; 5 percent fine yellowish brown (10YR 5/6) masses of oxidized iron; carbonate, finely disseminated; 18 percent by volume nonflat subrounded indurated 10-15-20 millimeter mixed fragments; strong effervescence, by hcl, 1n; gradual wavy boundary.; moist when described; observed in pit, small. patchy - phpvsfiid 1461361; patchy - phpvsfiid 1461361"
S2017ND093023,4,C,63.0,148.0,85.0,gravelly sandy clay loam,"light brownish gray (2.5Y 6/2), light olive brown (2.5Y 5/3), moist",light olive brown,2.5Y 5/3,2.5Y,5.0,3.0,moist,2.5Y 6/2,2.5Y 5/3,5 percent medium yellowish brown (10YR 5/6) masses of oxidized iron,concentration,1.0,,5,5.0,,medium,,,,,5 percent medium yellowish brown (10YR 5/6) masses of oxidized iron,,"C—63 to 148 centimeters (24.8 to 58.3 inches); light brownish gray (2.5Y 6/2), light olive brown (2.5Y 5/3), moist; gravelly sandy clay loam; 55 percent sand; 29 percent clay; massive; soft, very friable, slightly sticky, slightly plastic; common (2.0) very fine roots throughout; 5 percent medium yellowish brown (10YR 5/6) masses of oxidized iron; carbonate, finely disseminated; 20 percent by volume nonflat subrounded indurated 10-15-20 millimeter mixed fragments; strong effervescence, by hcl, 1n.; moist when described; observed in pit, small"
S2017ND093027,1,A,0.0,12.0,12.0,silt loam,"very dark brown (10YR 2/2), black (10YR 2/1), moist",black,10YR 2/1,10YR,2.0,1.0,moist,10YR 2/2,10YR 2/1,,,,,,,,,,,,,,,"A—0 to 12 centimeters (0.0 to 4.7 inches); very dark brown (10YR 2/2), black (10YR 2/1), moist; silt loam; 25 percent sand; 18 percent clay; moderate medium subangular blocky parts to moderate fine granular, and moderate fine subangular blocky structure; soft, friable, slightly sticky, slightly plastic; many (25.0) very fine roots throughout and many (25.0) fine roots throughout; common (6.0) very fine dendritic tubular pores; 5 percent by volume nonflat subrounded indurated 2-45-75 millimeter mixed fragments; noneffervescent, by hcl, 1n; clear wavy boundary.; moist when described; observed in pit, small"
S2017ND093027,2,AB,12.0,38.0,26.0,loam,"dark brown (10YR 3/3), very dark grayish brown (10YR 3/2), moist",very dark grayish brown,10YR 3/2,10YR,3.0,2.0,moist,10YR 3/3,10YR 3/2,,,,,,,,,,,,,,,"AB—12 to 38 centimeters (4.7 to 15.0 inches); dark brown (10YR 3/3), very dark grayish brown (10YR 3/2), moist; loam; 35 percent sand; 20 percent clay; moderate coarse subangular blocky parts to moderate medium subangular blocky structure; soft, friable, slightly sticky, slightly plastic; many (25.0) very fine roots throughout and common (10.0) fine roots throughout; common (4.0) very fine dendritic tubular pores; 1 percent by volume nonflat subrounded indurated 75-160-250 millimeter mixed fragments and 3 percent by volume nonflat subrounded indurated 2-45-75 millimeter mixed fragments; noneffervescent, by hcl, 1n; clear wavy boundary.; moist when described; observed in pit, small"
S2017ND093027,3,Bt1,38.0,59.0,21.0,silty clay loam,"dark yellowish brown (10YR 3/4), dark brown (10YR 3/3), moist",dark brown,10YR 3/3,10YR,3.0,3.0,moist,10YR 3/4,10YR 3/3,,,,,,,,,,,,,,,"Bt1—38 to 59 centimeters (15.0 to 23.2 inches); dark yellowish brown (10YR 3/4), dark brown (10YR 3/3), moist; silty clay loam; 18 percent sand; 30 percent clay; weak medium prismatic parts to weak fine subangular blocky structure; soft, friable, slightly sticky, slightly plastic; few (1.0) fine roots throughout; common (14.0) very fine dendritic tubular pores; dark brown (10YR 3/3) clay films on all faces of peds; 1 percent by volume nonflat subrounded indurated 75-160-250 millimeter mixed fragments and 3 percent by volume nonflat subrounded indurated 2-45-75 millimeter mixed fragments; noneffervescent, by hcl, 1n; gradual wavy boundary.; moist when described; observed in pit, small"
S2017ND093027,4,Bt2,59.0,87.0,28.0,silty clay loam,"gray (10YR 5/1), gray (10YR 5/1), moist",gray,10YR 5/1,10YR,5.0,1.0,moist,10YR 5/1,10YR 5/1,,,,,,,,,,,,,,,"Bt2—59 to 87 centimeters (23.2 to 34.3 inches); gray (10YR 5/1), gray (10YR 5/1), moist; silty clay loam; 19 percent sand; 32 percent clay; 5 percent yellowish brown (10YR 5/8) fine distinct and 10 percent dark yellowish brown (10YR 3/4) fine faint mottles; weak fine prismatic parts to weak medium subangular blocky structure; slightly hard, friable, slightly sticky, slightly plastic; common (4.0) very fine roots throughout; common (10.0) very fine dendritic tubular pores; dark brown (10YR 3/3) clay films on all faces of peds; 1 percent by volume nonflat subrounded indurated 75-160-250 millimeter mixed fragments and 5 percent by volume nonflat subrounded indurated 2-45-75 millimeter mixed fragments; noneffervescent, by hcl, 1n; gradual wavy boundary.; moist when described; observed in pit, small"
S2017ND093027,5,C,87.0,100.0,13.0,clay loam,"light olive brown (2.5Y 5/4), olive brown (2.5Y 4/4), moist",olive brown,2.5Y 4/4,2.5Y,4.0,4.0,moist,2.5Y 5/4,2.5Y 4/4,,,,,,,,,,,,,,,"C—87 to 100 centimeters (34.3 to 39.4 inches); light olive brown (2.5Y 5/4), olive brown (2.5Y 4/4), moist; clay loam; 30 percent sand; 30 percent clay; 5 percent yellowish brown (10YR 5/8) fine distinct and 10 percent dark yellowish brown (10YR 4/6) fine faint mottles; massive; slightly hard, friable, slightly sticky, slightly plastic; common (10.0) very fine dendritic tubular pores; carbonate, finely disseminated; 2 percent by volume nonflat subrounded indurated 75-160-250 millimeter mixed fragments and 6 percent by volume nonflat subrounded indurated 2-45-75 millimeter mixed fragments; strong effervescence, by hcl, 1n.; moist when described; observed in pit, small"
S2017ND093029,1,A1,0.0,15.0,15.0,loam,"very dark grayish brown (10YR 3/2), black (10YR 2/1), moist",black,10YR 2/1,10YR,2.0,1.0,moist,10YR 3/2,10YR 2/1,,,,,,,,,,,,,,,"A1—0 to 15 centimeters (0.0 to 5.9 inches); very dark grayish brown (10YR 3/2), black (10YR 2/1), moist; loam; 32 percent sand; 22 percent clay; moderate medium subangular blocky parts to moderate medium granular structure; slightly hard, friable, slightly sticky, slightly plastic; common (3.0) very fine roots throughout and common (6.0) fine roots throughout; common (3.0) very fine tubular and few (1.0) fine tubular pores; fragments; noneffervescent, by hcl, 1n; clear smooth boundary.; moist when described; observed in pit, small"
S2017ND093029,2,A2,15.0,36.0,21.0,loam,"very dark grayish brown (10YR 3/2), black (10YR 2/1), moist",black,10YR 2/1,10YR,2.0,1.0,moist,10YR 3/2,10YR 2/1,,,,,,,,,,,,,,,"A2—15 to 36 centimeters (5.9 to 14.2 inches); very dark grayish brown (10YR 3/2), black (10YR 2/1), moist; loam; 32 percent sand; 22 percent clay; moderate medium prismatic parts to moderate medium subangular blocky structure; slightly hard, friable, slightly sticky, slightly plastic; common (4.0) very fine roots throughout and common (2.0) fine roots throughout; common (4.0) very fine tubular and common (2.0) fine tubular pores; fragments; noneffervescent, by hcl, 1n; abrupt smooth boundary.; moist when described; observed in pit, small"
S2017ND093029,3,Bt,36.0,52.0,16.0,clay loam,"dark brown (10YR 3/3), very dark grayish brown (10YR 3/2), moist",very dark grayish brown,10YR 3/2,10YR,3.0,2.0,moist,10YR 3/3,10YR 3/2,,,,,,,,,,,,,,,"Bt—36 to 52 centimeters (14.2 to 20.5 inches); dark brown (10YR 3/3), very dark grayish brown (10YR 3/2), moist; clay loam; 40 percent sand; 32 percent clay; moderate medium prismatic parts to moderate medium subangular blocky structure; moderately hard, firm, moderately sticky, moderately plastic; common (3.0) very fine roots throughout; common (3.0) very fine tubular and few (1.0) fine tubular pores; 30 percent black (10YR 2/1) organic stains on all faces of peds and 40 percent black (10YR 2/1) clay films on all faces of peds; fragments; noneffervescent, by hcl, 1n; clear smooth boundary.; moist when described; observed in pit, small"
S2017ND093029,4,Ab,52.0,76.0,24.0,clay loam,"very dark grayish brown (10YR 3/2), very dark brown (10YR 2/2), moist",very dark brown,10YR 2/2,10YR,2.0,2.0,moist,10YR 3/2,10YR 2/2,,,,,,,,,,,,,,,"Ab—52 to 76 centimeters (20.5 to 29.9 inches); very dark grayish brown (10YR 3/2), very dark brown (10YR 2/2), moist; clay loam; 35 percent sand; 38 percent clay; weak medium prismatic parts to moderate medium subangular blocky structure; moderately hard, firm, moderately sticky, moderately plastic; common (2.0) very fine roots throughout; common (2.0) very fine tubular pores; 60 percent black (10YR 2/1) clay films on all faces of peds; fragments; noneffervescent, by hcl, 1n; clear smooth boundary.; moist when described; observed in pit, small"
S2017ND093029,5,BC,76.0,100.0,24.0,clay,"light brownish gray (10YR 6/2), dark grayish brown (10YR 4/2), moist",dark grayish brown,10YR 4/2,10YR,4.0,2.0,moist,10YR 6/2,10YR 4/2,,,,,,,,,,,,,,,"BC—76 to 100 centimeters (29.9 to 39.4 inches); light brownish gray (10YR 6/2), dark grayish brown (10YR 4/2), moist; clay; 25 percent sand; 48 percent clay; 25 percent yellowish red (5YR 4/6) medium prominent mottles; strong medium prismatic parts to moderate medium subangular blocky structure; hard, very firm, very sticky, very plastic; few (1.0) very fine roots throughout; common (2.0) very fine tubular pores; 80 percent very dark grayish brown (10YR 3/2) clay films on all faces of peds; 3 percent by volume nonflat subrounded indurated 2-45-75 millimeter mixed fragments observed by visual inspection method; noneffervescent, by hcl, 1n.; moist when described; observed in pit, small. Lag line at the top of the horizon."
S2017ND093030,1,A,0.0,15.0,15.0,loam,"black (10YR 2/1), very dark brown (10YR 2/2), dry",very dark brown,10YR 2/2,10YR,2.0,2.0,,,,,,,,,,,,,,,,,,"A—0 to 15 centimeters (0.0 to 5.9 inches); black (10YR 2/1), very dark brown (10YR 2/2), dry; loam; 50 percent sand; 20 percent clay; moderate medium subangular blocky parts to moderate medium granular, and moderate medium subangular blocky parts to moderate fine granular structure; soft, friable, slightly sticky, nonplastic; many (25.0) fine roots throughout; interstitial pores; 10 percent by volume nonflat subrounded indurated 2-46-75 millimeter mixed fragments; noneffervescent, by hcl, 1n; clear smooth boundary.; moist when described; observed in pit, small"
S2017ND093030,2,Bw,15.0,26.0,11.0,very gravelly sandy clay loam,"very dark grayish brown (10YR 3/2), dark brown (10YR 3/3), dry",dark brown,10YR 3/3,10YR,3.0,3.0,,,,,,,,,,,,,,,,,,"Bw—15 to 26 centimeters (5.9 to 10.2 inches); very dark grayish brown (10YR 3/2), dark brown (10YR 3/3), dry; very gravelly sandy clay loam; 70 percent sand; 22 percent clay; weak medium subangular blocky parts to structureless single grain; soft, friable, slightly sticky, nonplastic; many (25.0) very fine roots throughout; interstitial pores; 20 percent by volume nonflat subrounded indurated 2-45-75 millimeter mixed fragments and 20 percent by volume nonflat subrounded indurated 75-160-250 millimeter mixed fragments; noneffervescent, by hcl, 1n; clear smooth boundary.; moist when described; observed in pit, small"
S2017ND093030,3,Bk,26.0,40.0,14.0,very gravelly loamy coarse sand,"dark yellowish brown (10YR 3/4), dark yellowish brown (10YR 4/4), dry",dark yellowish brown,10YR 4/4,10YR,4.0,4.0,,,,,,,,,,,,,,,,,,"Bk—26 to 40 centimeters (10.2 to 15.7 inches); dark yellowish brown (10YR 3/4), dark yellowish brown (10YR 4/4), dry; very gravelly loamy coarse sand; 85 percent sand; 10 percent clay; structureless single grain; loose, loose, slightly sticky, nonplastic; many (25.0) fine roots throughout; interstitial pores; carbonate, finely disseminated; 22 percent by volume nonflat subrounded indurated 75-160-250 millimeter mixed fragments and 33 percent by volume nonflat subrounded indurated 2-45-75 millimeter mixed fragments; violent effervescence, by hcl, 1n; gradual wavy boundary.; moist when described; observed in pit, small"
S2017ND093030,4,C,40.0,100.0,60.0,extremely gravelly loamy coarse sand,"olive brown (2.5Y 4/3), dark yellowish brown (10YR 4/4), dry",dark yellowish brown,10YR 4/4,10YR,4.0,4.0,,,,,,,,,,,,,,,,,,"C—40 to 100 centimeters (15.7 to 39.4 inches); olive brown (2.5Y 4/3), dark yellowish brown (10YR 4/4), dry; extremely gravelly loamy coarse sand; 85 percent sand; 10 percent clay; structureless single grain; loose, loose, slightly sticky, nonplastic; common (10.0) fine roots throughout; interstitial pores; carbonate, finely disseminated; 30 percent by volume nonflat subrounded indurated 2-45-75 millimeter mixed fragments and 40 percent by volume nonflat subrounded indurated 75-160-250 millimeter mixed fragments; strong effervescence, by hcl, 1n.; moist when described; observed in pit, small"
S2017ND093063,1,A1,0.0,27.0,27.0,silty clay loam,"black (10YR 2/1), black (10YR 2/1), dry",black,10YR 2/1,10YR,2.0,1.0,,,,,,,,,,,,,,,,,,"A1—0 to 27 centimeters (0.0 to 10.6 inches); black (10YR 2/1), black (10YR 2/1), dry; silty clay loam; 15 percent sand; 32 percent clay; slightly hard, friable, moderately sticky, moderately plastic; common (5.0) very fine roots throughout and common (3.0) fine roots throughout; fragments; noneffervescent, by hcl, 1n; gradual wavy boundary.; moist when described; observed in auger, bucket"
S2017ND093063,2,A2,27.0,40.0,13.0,clay loam,"very dark grayish brown (2.5Y 3/2), dark grayish brown (2.5Y 4/2), dry",dark grayish brown,2.5Y 4/2,2.5Y,4.0,2.0,,,,30 percent fine distinct brown (7.5YR 4/4) masses of oxidized iron,concentration,1.0,,30,30.0,,fine,distinct,,,,30 percent fine distinct brown (7.5YR 4/4) masses of oxidized iron,,"A2—27 to 40 centimeters (10.6 to 15.7 inches); very dark grayish brown (2.5Y 3/2), dark grayish brown (2.5Y 4/2), dry; clay loam; 25 percent sand; 38 percent clay; moderately hard, firm, moderately sticky, moderately plastic; common (3.0) very fine roots throughout; 30 percent fine distinct brown (7.5YR 4/4) masses of oxidized iron; fragments; noneffervescent, by hcl, 1n; gradual wavy boundary.; moist when described; observed in auger, bucket"
S2017ND093063,3,Btg1,40.0,57.0,17.0,silty clay,"dark grayish brown (2.5Y 4/2), grayish brown (2.5Y 5/2), dry",grayish brown,2.5Y 5/2,2.5Y,5.0,2.0,,,,and 10 percent fine distinct black (10YR 2/1) masses of reduced iron and 85 percent medium prominent strong brown (7.5YR 5/6) masses of oxidized iron,concentration | reduced matrix,1.0,,10 | 85,85.0,,fine | medium,distinct | prominent,,1.0,,and 10 percent fine distinct black (10YR 2/1) masses of reduced iron and 85 percent medium prominent strong brown (7.5YR 5/6) masses of oxidized iron,,"Btg1—40 to 57 centimeters (15.7 to 22.4 inches); dark grayish brown (2.5Y 4/2), grayish brown (2.5Y 5/2), dry; silty clay; 15 percent sand; 45 percent clay; hard, very firm, very sticky, very plastic; common (2.0) fine roots throughout; and 10 percent fine distinct black (10YR 2/1) masses of reduced iron and 85 percent medium prominent strong brown (7.5YR 5/6) masses of oxidized iron; fragments; noneffervescent, by hcl, 1n; gradual wavy boundary.; moist when described; observed in auger, bucket"
S2017ND093063,4,Btg2,57.0,80.0,23.0,clay,"50 percent 3/2 3/2) and 50 percent olive (5Y 5/3), 50 percent pale olive (5Y 6/3) and 50 percent olive (5Y 4/3), dry",percent olive,5Y 4/3,5Y,4.0,3.0,,,,10 percent coarse distinct light yellowish brown (2.5Y 6/3) masses of reduced iron and 20 percent fine prominent strong brown (7.5YR 5/6) masses of oxidized iron,concentration | reduced matrix,1.0,,10 | 20,20.0,,coarse | fine,distinct | prominent,,1.0,,10 percent coarse distinct light yellowish brown (2.5Y 6/3) masses of reduced iron and 20 percent fine prominent strong brown (7.5YR 5/6) masses of oxidized iron,,"Btg2—57 to 80 centimeters (22.4 to 31.5 inches); 50 percent 3/2 3/2) and 50 percent olive (5Y 5/3), 50 percent pale olive (5Y 6/3) and 50 percent olive (5Y 4/3), dry; clay; 43 percent sand; 55 percent clay; hard, very firm, very sticky, very plastic; few (1.0) very fine roots throughout; 10 percent coarse distinct light yellowish brown (2.5Y 6/3) masses of reduced iron and 20 percent fine prominent strong brown (7.5YR 5/6) masses of oxidized iron; 10 percent by volume nonflat subrounded indurated 2-45-75 millimeter mixed fragments; noneffervescent, by hcl, 1n; clear wavy boundary.; moist when described; observed in auger, bucket"
S2017ND093063,5,Cg,80.0,100.0,20.0,clay,"olive gray (5Y 5/2), light olive gray (5Y 6/2), dry",light olive gray,5Y 6/2,5Y,6.0,2.0,,,,2 percent fine faint black (10YR 2/1) masses of reduced iron and 10 percent coarse prominent strong brown (7.5YR 5/6) masses of oxidized iron and 25 percent medium prominent strong brown (7.5YR 5/6) masses of oxidized iron,concentration | reduced matrix,1.0,,2 | 10 | 25,25.0,,fine | coarse | medium,faint | prominent,,1.0,,2 percent fine faint black (10YR 2/1) masses of reduced iron and 10 percent coarse prominent strong brown (7.5YR 5/6) masses of oxidized iron and 25 percent medium prominent strong brown (7.5YR 5/6) masses of oxidized iron,,"Cg—80 to 100 centimeters (31.5 to 39.4 inches); olive gray (5Y 5/2), light olive gray (5Y 6/2), dry; clay; 12 percent sand; 50 percent clay; hard, very firm, very sticky, very plastic; 2 percent fine faint black (10YR 2/1) masses of reduced iron and 10 percent coarse prominent strong brown (7.5YR 5/6) masses of oxidized iron and 25 percent medium prominent strong brown (7.5YR 5/6) masses of oxidized iron; 3 percent by volume nonflat subrounded indurated 2-45-75 millimeter mixed fragments; noneffervescent, by hcl, 1n.; moist when described; observed in auger, bucket"
