lims_pedon_id,user_pedon_id,indicator_code,LRR,MLRA,applicable_here,evaluation_status,indicator_present,horizon_or_layers_used,depths_used,matrix_colors_used,redox_values_used,texture_used,organic_material_used,failed_requirements,missing_requirements,explanation
34938,S2015ND093009,A1,F,53B,True,INDICATOR_NOT_DEMONSTRATED,False,,,,,,,taxonomy is not qualifying Histosol/Histel,,taxonomy is not qualifying Histosol/Histel
34938,S2015ND093009,A2,F,53B,True,INSUFFICIENT_INFORMATION,,,,,,,,,validated executable rule not included in high-confidence first pass,Approved indicator retained in rulebook but not executed in this first-pass implementation.
34938,S2015ND093009,A3,F,53B,True,INSUFFICIENT_INFORMATION,,,,,,,,no observed layer satisfies all depth/thickness/material/color conditions,explicit organic material type,no observed layer satisfies all depth/thickness/material/color conditions; Missing: explicit organic material type
34938,S2015ND093009,A4,F,53B,True,INSUFFICIENT_INFORMATION,,,,,,,,,validated executable rule not included in high-confidence first pass,Approved indicator retained in rulebook but not executed in this first-pass implementation.
34938,S2015ND093009,A5,F,53B,True,INSUFFICIENT_INFORMATION,,,,,,,,,validated executable rule not included in high-confidence first pass,Approved indicator retained in rulebook but not executed in this first-pass implementation.
34938,S2015ND093009,A6,F,53B,False,NOT_APPLICABLE,,,,,,,,,validated executable rule not included in high-confidence first pass,Approved indicator retained in rulebook but not executed in this first-pass implementation.
34938,S2015ND093009,A7,F,53B,False,NOT_APPLICABLE,,,,,,,,,,Indicator A7 is not approved for LRR F/MLRA 53B.
34938,S2015ND093009,A8,F,53B,False,NOT_APPLICABLE,,,,,,,,,,Indicator A8 is not approved for LRR F/MLRA 53B.
34938,S2015ND093009,A9,F,53B,True,INSUFFICIENT_INFORMATION,,,,,,,,no observed layer satisfies all depth/thickness/material/color conditions,explicit organic material type,no observed layer satisfies all depth/thickness/material/color conditions; Missing: explicit organic material type
34938,S2015ND093009,A10,F,53B,False,NOT_APPLICABLE,,,,,,,,,,Indicator A10 is not approved for LRR F/MLRA 53B.
34938,S2015ND093009,A11,F,53B,True,INSUFFICIENT_INFORMATION,,,,,,,,no continuous depleted layer satisfies depth/thickness requirements,explicit wetness-derived depleted matrix,no continuous depleted layer satisfies depth/thickness requirements; Missing: explicit wetness-derived depleted matrix
34938,S2015ND093009,A12,F,53B,True,INSUFFICIENT_INFORMATION,,,,,,,,no continuous depleted layer satisfies depth/thickness requirements,explicit wetness-derived depleted matrix,no continuous depleted layer satisfies depth/thickness requirements; Missing: explicit wetness-derived depleted matrix
34938,S2015ND093009,A13,F,53B,False,NOT_APPLICABLE,,,,,,,,,validated executable rule not included in high-confidence first pass,Approved indicator retained in rulebook but not executed in this first-pass implementation.
34938,S2015ND093009,A14,F,53B,False,NOT_APPLICABLE,,,,,,,,,validated executable rule not included in high-confidence first pass,Approved indicator retained in rulebook but not executed in this first-pass implementation.
34938,S2015ND093009,A15,F,53B,False,NOT_APPLICABLE,,,,,,,,,validated executable rule not included in high-confidence first pass,Approved indicator retained in rulebook but not executed in this first-pass implementation.
34938,S2015ND093009,A16,F,53B,False,NOT_APPLICABLE,,,,,,,,,validated executable rule not included in high-confidence first pass,Approved indicator retained in rulebook but not executed in this first-pass implementation.
34938,S2015ND093009,A17,F,53B,False,NOT_APPLICABLE,,,,,,,,,validated executable rule not included in high-confidence first pass,Approved indicator retained in rulebook but not executed in this first-pass implementation.
34938,S2015ND093009,A18,F,53B,True,INSUFFICIENT_INFORMATION,,,,,,,,,validated executable rule not included in high-confidence first pass,Approved indicator retained in rulebook but not executed in this first-pass implementation.
34938,S2015ND093009,S1,F,53B,True,INSUFFICIENT_INFORMATION,,,,,,,,,validated executable rule not included in high-confidence first pass,Approved indicator retained in rulebook but not executed in this first-pass implementation.
34938,S2015ND093009,S2,F,53B,False,NOT_APPLICABLE,,,,,,,,,validated executable rule not included in high-confidence first pass,Approved indicator retained in rulebook but not executed in this first-pass implementation.
34938,S2015ND093009,S3,F,53B,True,INSUFFICIENT_INFORMATION,,,,,,,,,validated executable rule not included in high-confidence first pass,Approved indicator retained in rulebook but not executed in this first-pass implementation.
34938,S2015ND093009,S4,F,53B,True,INDICATOR_NOT_DEMONSTRATED,False,,,,,,,no explicit qualifying gley-page matrix at required depth,,no explicit qualifying gley-page matrix at required depth
34938,S2015ND093009,S5,F,53B,True,INDICATOR_NOT_DEMONSTRATED,False,,,,,,,no continuous 10-cm sandy layer meets matrix and redox requirements,,no continuous 10-cm sandy layer meets matrix and redox requirements
34938,S2015ND093009,S6,F,53B,True,INSUFFICIENT_INFORMATION,,,,,,,,,validated executable rule not included in high-confidence first pass,Approved indicator retained in rulebook but not executed in this first-pass implementation.
34938,S2015ND093009,S7,F,53B,False,NOT_APPLICABLE,,,,,,,,,validated executable rule not included in high-confidence first pass,Approved indicator retained in rulebook but not executed in this first-pass implementation.
34938,S2015ND093009,S8,F,53B,False,NOT_APPLICABLE,,,,,,,,,validated executable rule not included in high-confidence first pass,Approved indicator retained in rulebook but not executed in this first-pass implementation.
34938,S2015ND093009,S9,F,53B,False,NOT_APPLICABLE,,,,,,,,,validated executable rule not included in high-confidence first pass,Approved indicator retained in rulebook but not executed in this first-pass implementation.
34938,S2015ND093009,S11,F,53B,False,NOT_APPLICABLE,,,,,,,,,validated executable rule not included in high-confidence first pass,Approved indicator retained in rulebook but not executed in this first-pass implementation.
34938,S2015ND093009,S12,F,53B,False,NOT_APPLICABLE,,,,,,,,,validated executable rule not included in high-confidence first pass,Approved indicator retained in rulebook but not executed in this first-pass implementation.
34938,S2015ND093009,F1,F,53B,True,INSUFFICIENT_INFORMATION,,,,,,,,,validated executable rule not included in high-confidence first pass,Approved indicator retained in rulebook but not executed in this first-pass implementation.
34938,S2015ND093009,F2,F,53B,True,INDICATOR_NOT_DEMONSTRATED,False,,,,,,,no explicit qualifying gley-page matrix at required depth,,no explicit qualifying gley-page matrix at required depth
34938,S2015ND093009,F3,F,53B,True,INSUFFICIENT_INFORMATION,,,,,,,,no continuous depleted layer satisfies depth/thickness requirements,explicit wetness-derived depleted matrix,no continuous depleted layer satisfies depth/thickness requirements; Missing: explicit wetness-derived depleted matrix
34938,S2015ND093009,F6,F,53B,True,INDICATOR_NOT_DEMONSTRATED,False,,,,,,,no continuous 10-cm loamy/clayey layer meets conditional color/redox requirements,,no continuous 10-cm loamy/clayey layer meets conditional color/redox requirements
34938,S2015ND093009,F7,F,53B,True,INDICATOR_NOT_DEMONSTRATED,False,,,,,,,no continuous 10-cm loamy/clayey layer meets conditional color/redox requirements,,no continuous 10-cm loamy/clayey layer meets conditional color/redox requirements
34938,S2015ND093009,F8,F,53B,True,INSUFFICIENT_INFORMATION,,,,,,,,,validated executable rule not included in high-confidence first pass,Approved indicator retained in rulebook but not executed in this first-pass implementation.
34938,S2015ND093009,F10,F,53B,False,NOT_APPLICABLE,,,,,,,,,validated executable rule not included in high-confidence first pass,Approved indicator retained in rulebook but not executed in this first-pass implementation.
34938,S2015ND093009,F11,F,53B,False,NOT_APPLICABLE,,,,,,,,,validated executable rule not included in high-confidence first pass,Approved indicator retained in rulebook but not executed in this first-pass implementation.
34938,S2015ND093009,F12,F,53B,False,NOT_APPLICABLE,,,,,,,,,validated executable rule not included in high-confidence first pass,Approved indicator retained in rulebook but not executed in this first-pass implementation.
34938,S2015ND093009,F13,F,53B,False,NOT_APPLICABLE,,,,,,,,,validated executable rule not included in high-confidence first pass,Approved indicator retained in rulebook but not executed in this first-pass implementation.
34938,S2015ND093009,F16,F,53B,False,NOT_APPLICABLE,,,,,,,,,validated executable rule not included in high-confidence first pass,Approved indicator retained in rulebook but not executed in this first-pass implementation.
34938,S2015ND093009,F17,F,53B,False,NOT_APPLICABLE,,,,,,,,,validated executable rule not included in high-confidence first pass,Approved indicator retained in rulebook but not executed in this first-pass implementation.
34938,S2015ND093009,F18,F,53B,False,NOT_APPLICABLE,,,,,,,,,validated executable rule not included in high-confidence first pass,Approved indicator retained in rulebook but not executed in this first-pass implementation.
34938,S2015ND093009,F19,F,53B,False,NOT_APPLICABLE,,,,,,,,,validated executable rule not included in high-confidence first pass,Approved indicator retained in rulebook but not executed in this first-pass implementation.
34938,S2015ND093009,F20,F,53B,False,NOT_APPLICABLE,,,,,,,,,validated executable rule not included in high-confidence first pass,Approved indicator retained in rulebook but not executed in this first-pass implementation.
34938,S2015ND093009,F21,F,53B,False,NOT_APPLICABLE,,,,,,,,,validated executable rule not included in high-confidence first pass,Approved indicator retained in rulebook but not executed in this first-pass implementation.
34938,S2015ND093009,F22,F,53B,False,NOT_APPLICABLE,,,,,,,,,validated executable rule not included in high-confidence first pass,Approved indicator retained in rulebook but not executed in this first-pass implementation.
34939,S2015ND093010,A1,F,53B,True,INDICATOR_NOT_DEMONSTRATED,False,,,,,,,taxonomy is not qualifying Histosol/Histel,,taxonomy is not qualifying Histosol/Histel
34939,S2015ND093010,A2,F,53B,True,INSUFFICIENT_INFORMATION,,,,,,,,,validated executable rule not included in high-confidence first pass,Approved indicator retained in rulebook but not executed in this first-pass implementation.
34939,S2015ND093010,A3,F,53B,True,INSUFFICIENT_INFORMATION,,,,,,,,no observed layer satisfies all depth/thickness/material/color conditions,explicit organic material type,no observed layer satisfies all depth/thickness/material/color conditions; Missing: explicit organic material type
34939,S2015ND093010,A4,F,53B,True,INSUFFICIENT_INFORMATION,,,,,,,,,validated executable rule not included in high-confidence first pass,Approved indicator retained in rulebook but not executed in this first-pass implementation.
34939,S2015ND093010,A5,F,53B,True,INSUFFICIENT_INFORMATION,,,,,,,,,validated executable rule not included in high-confidence first pass,Approved indicator retained in rulebook but not executed in this first-pass implementation.
34939,S2015ND093010,A6,F,53B,False,NOT_APPLICABLE,,,,,,,,,validated executable rule not included in high-confidence first pass,Approved indicator retained in rulebook but not executed in this first-pass implementation.
34939,S2015ND093010,A7,F,53B,False,NOT_APPLICABLE,,,,,,,,,,Indicator A7 is not approved for LRR F/MLRA 53B.
34939,S2015ND093010,A8,F,53B,False,NOT_APPLICABLE,,,,,,,,,,Indicator A8 is not approved for LRR F/MLRA 53B.
34939,S2015ND093010,A9,F,53B,True,INSUFFICIENT_INFORMATION,,,,,,,,no observed layer satisfies all depth/thickness/material/color conditions,explicit organic material type,no observed layer satisfies all depth/thickness/material/color conditions; Missing: explicit organic material type
34939,S2015ND093010,A10,F,53B,False,NOT_APPLICABLE,,,,,,,,,,Indicator A10 is not approved for LRR F/MLRA 53B.
34939,S2015ND093010,A11,F,53B,True,INSUFFICIENT_INFORMATION,,,,,,,,no continuous depleted layer satisfies depth/thickness requirements,explicit wetness-derived depleted matrix,no continuous depleted layer satisfies depth/thickness requirements; Missing: explicit wetness-derived depleted matrix
34939,S2015ND093010,A12,F,53B,True,INSUFFICIENT_INFORMATION,,,,,,,,no continuous depleted layer satisfies depth/thickness requirements,explicit wetness-derived depleted matrix,no continuous depleted layer satisfies depth/thickness requirements; Missing: explicit wetness-derived depleted matrix
34939,S2015ND093010,A13,F,53B,False,NOT_APPLICABLE,,,,,,,,,validated executable rule not included in high-confidence first pass,Approved indicator retained in rulebook but not executed in this first-pass implementation.
34939,S2015ND093010,A14,F,53B,False,NOT_APPLICABLE,,,,,,,,,validated executable rule not included in high-confidence first pass,Approved indicator retained in rulebook but not executed in this first-pass implementation.
34939,S2015ND093010,A15,F,53B,False,NOT_APPLICABLE,,,,,,,,,validated executable rule not included in high-confidence first pass,Approved indicator retained in rulebook but not executed in this first-pass implementation.
34939,S2015ND093010,A16,F,53B,False,NOT_APPLICABLE,,,,,,,,,validated executable rule not included in high-confidence first pass,Approved indicator retained in rulebook but not executed in this first-pass implementation.
34939,S2015ND093010,A17,F,53B,False,NOT_APPLICABLE,,,,,,,,,validated executable rule not included in high-confidence first pass,Approved indicator retained in rulebook but not executed in this first-pass implementation.
34939,S2015ND093010,A18,F,53B,True,INSUFFICIENT_INFORMATION,,,,,,,,,validated executable rule not included in high-confidence first pass,Approved indicator retained in rulebook but not executed in this first-pass implementation.
34939,S2015ND093010,S1,F,53B,True,INSUFFICIENT_INFORMATION,,,,,,,,,validated executable rule not included in high-confidence first pass,Approved indicator retained in rulebook but not executed in this first-pass implementation.
34939,S2015ND093010,S2,F,53B,False,NOT_APPLICABLE,,,,,,,,,validated executable rule not included in high-confidence first pass,Approved indicator retained in rulebook but not executed in this first-pass implementation.
34939,S2015ND093010,S3,F,53B,True,INSUFFICIENT_INFORMATION,,,,,,,,,validated executable rule not included in high-confidence first pass,Approved indicator retained in rulebook but not executed in this first-pass implementation.
34939,S2015ND093010,S4,F,53B,True,INDICATOR_NOT_DEMONSTRATED,False,,,,,,,no explicit qualifying gley-page matrix at required depth,,no explicit qualifying gley-page matrix at required depth
34939,S2015ND093010,S5,F,53B,True,INSUFFICIENT_INFORMATION,,,,,,,,no continuous 10-cm sandy layer meets matrix and redox requirements,redox percentage/type/contrast,no continuous 10-cm sandy layer meets matrix and redox requirements; Missing: redox percentage/type/contrast
34939,S2015ND093010,S6,F,53B,True,INSUFFICIENT_INFORMATION,,,,,,,,,validated executable rule not included in high-confidence first pass,Approved indicator retained in rulebook but not executed in this first-pass implementation.
34939,S2015ND093010,S7,F,53B,False,NOT_APPLICABLE,,,,,,,,,validated executable rule not included in high-confidence first pass,Approved indicator retained in rulebook but not executed in this first-pass implementation.
34939,S2015ND093010,S8,F,53B,False,NOT_APPLICABLE,,,,,,,,,validated executable rule not included in high-confidence first pass,Approved indicator retained in rulebook but not executed in this first-pass implementation.
34939,S2015ND093010,S9,F,53B,False,NOT_APPLICABLE,,,,,,,,,validated executable rule not included in high-confidence first pass,Approved indicator retained in rulebook but not executed in this first-pass implementation.
34939,S2015ND093010,S11,F,53B,False,NOT_APPLICABLE,,,,,,,,,validated executable rule not included in high-confidence first pass,Approved indicator retained in rulebook but not executed in this first-pass implementation.
34939,S2015ND093010,S12,F,53B,False,NOT_APPLICABLE,,,,,,,,,validated executable rule not included in high-confidence first pass,Approved indicator retained in rulebook but not executed in this first-pass implementation.
34939,S2015ND093010,F1,F,53B,True,INSUFFICIENT_INFORMATION,,,,,,,,,validated executable rule not included in high-confidence first pass,Approved indicator retained in rulebook but not executed in this first-pass implementation.
34939,S2015ND093010,F2,F,53B,True,INDICATOR_NOT_DEMONSTRATED,False,,,,,,,no explicit qualifying gley-page matrix at required depth,,no explicit qualifying gley-page matrix at required depth
34939,S2015ND093010,F3,F,53B,True,INSUFFICIENT_INFORMATION,,,,,,,,no continuous depleted layer satisfies depth/thickness requirements,explicit wetness-derived depleted matrix,no continuous depleted layer satisfies depth/thickness requirements; Missing: explicit wetness-derived depleted matrix
34939,S2015ND093010,F6,F,53B,True,INSUFFICIENT_INFORMATION,,,,,,,,no continuous 10-cm loamy/clayey layer meets conditional color/redox requirements,quantitative redox description,no continuous 10-cm loamy/clayey layer meets conditional color/redox requirements; Missing: quantitative redox description
34939,S2015ND093010,F7,F,53B,True,INSUFFICIENT_INFORMATION,,,,,,,,no continuous 10-cm loamy/clayey layer meets conditional color/redox requirements,quantitative redox description,no continuous 10-cm loamy/clayey layer meets conditional color/redox requirements; Missing: quantitative redox description
34939,S2015ND093010,F8,F,53B,True,INSUFFICIENT_INFORMATION,,,,,,,,,validated executable rule not included in high-confidence first pass,Approved indicator retained in rulebook but not executed in this first-pass implementation.
34939,S2015ND093010,F10,F,53B,False,NOT_APPLICABLE,,,,,,,,,validated executable rule not included in high-confidence first pass,Approved indicator retained in rulebook but not executed in this first-pass implementation.
34939,S2015ND093010,F11,F,53B,False,NOT_APPLICABLE,,,,,,,,,validated executable rule not included in high-confidence first pass,Approved indicator retained in rulebook but not executed in this first-pass implementation.
34939,S2015ND093010,F12,F,53B,False,NOT_APPLICABLE,,,,,,,,,validated executable rule not included in high-confidence first pass,Approved indicator retained in rulebook but not executed in this first-pass implementation.
34939,S2015ND093010,F13,F,53B,False,NOT_APPLICABLE,,,,,,,,,validated executable rule not included in high-confidence first pass,Approved indicator retained in rulebook but not executed in this first-pass implementation.
34939,S2015ND093010,F16,F,53B,False,NOT_APPLICABLE,,,,,,,,,validated executable rule not included in high-confidence first pass,Approved indicator retained in rulebook but not executed in this first-pass implementation.
34939,S2015ND093010,F17,F,53B,False,NOT_APPLICABLE,,,,,,,,,validated executable rule not included in high-confidence first pass,Approved indicator retained in rulebook but not executed in this first-pass implementation.
34939,S2015ND093010,F18,F,53B,False,NOT_APPLICABLE,,,,,,,,,validated executable rule not included in high-confidence first pass,Approved indicator retained in rulebook but not executed in this first-pass implementation.
34939,S2015ND093010,F19,F,53B,False,NOT_APPLICABLE,,,,,,,,,validated executable rule not included in high-confidence first pass,Approved indicator retained in rulebook but not executed in this first-pass implementation.
34939,S2015ND093010,F20,F,53B,False,NOT_APPLICABLE,,,,,,,,,validated executable rule not included in high-confidence first pass,Approved indicator retained in rulebook but not executed in this first-pass implementation.
34939,S2015ND093010,F21,F,53B,False,NOT_APPLICABLE,,,,,,,,,validated executable rule not included in high-confidence first pass,Approved indicator retained in rulebook but not executed in this first-pass implementation.
34939,S2015ND093010,F22,F,53B,False,NOT_APPLICABLE,,,,,,,,,validated executable rule not included in high-confidence first pass,Approved indicator retained in rulebook but not executed in this first-pass implementation.
34940,S2015ND093013,A1,F,53B,True,INDICATOR_NOT_DEMONSTRATED,False,,,,,,,taxonomy is not qualifying Histosol/Histel,,taxonomy is not qualifying Histosol/Histel
34940,S2015ND093013,A2,F,53B,True,INSUFFICIENT_INFORMATION,,,,,,,,,validated executable rule not included in high-confidence first pass,Approved indicator retained in rulebook but not executed in this first-pass implementation.
34940,S2015ND093013,A3,F,53B,True,INSUFFICIENT_INFORMATION,,,,,,,,no observed layer satisfies all depth/thickness/material/color conditions,explicit organic material type; identifiable moist matrix color,"no observed layer satisfies all depth/thickness/material/color conditions; Missing: explicit organic material type, identifiable moist matrix color"
34940,S2015ND093013,A4,F,53B,True,INSUFFICIENT_INFORMATION,,,,,,,,,validated executable rule not included in high-confidence first pass,Approved indicator retained in rulebook but not executed in this first-pass implementation.
34940,S2015ND093013,A5,F,53B,True,INSUFFICIENT_INFORMATION,,,,,,,,,validated executable rule not included in high-confidence first pass,Approved indicator retained in rulebook but not executed in this first-pass implementation.
34940,S2015ND093013,A6,F,53B,False,NOT_APPLICABLE,,,,,,,,,validated executable rule not included in high-confidence first pass,Approved indicator retained in rulebook but not executed in this first-pass implementation.
34940,S2015ND093013,A7,F,53B,False,NOT_APPLICABLE,,,,,,,,,,Indicator A7 is not approved for LRR F/MLRA 53B.
34940,S2015ND093013,A8,F,53B,False,NOT_APPLICABLE,,,,,,,,,,Indicator A8 is not approved for LRR F/MLRA 53B.
34940,S2015ND093013,A9,F,53B,True,INSUFFICIENT_INFORMATION,,,,,,,,no observed layer satisfies all depth/thickness/material/color conditions,explicit organic material type; identifiable moist matrix color,"no observed layer satisfies all depth/thickness/material/color conditions; Missing: explicit organic material type, identifiable moist matrix color"
34940,S2015ND093013,A10,F,53B,False,NOT_APPLICABLE,,,,,,,,,,Indicator A10 is not approved for LRR F/MLRA 53B.
34940,S2015ND093013,A11,F,53B,True,INSUFFICIENT_INFORMATION,,,,,,,,no continuous depleted layer satisfies depth/thickness requirements,identifiable moist matrix color,no continuous depleted layer satisfies depth/thickness requirements; Missing: identifiable moist matrix color
34940,S2015ND093013,A12,F,53B,True,INSUFFICIENT_INFORMATION,,,,,,,,no continuous depleted layer satisfies depth/thickness requirements,identifiable moist matrix color,no continuous depleted layer satisfies depth/thickness requirements; Missing: identifiable moist matrix color
34940,S2015ND093013,A13,F,53B,False,NOT_APPLICABLE,,,,,,,,,validated executable rule not included in high-confidence first pass,Approved indicator retained in rulebook but not executed in this first-pass implementation.
34940,S2015ND093013,A14,F,53B,False,NOT_APPLICABLE,,,,,,,,,validated executable rule not included in high-confidence first pass,Approved indicator retained in rulebook but not executed in this first-pass implementation.
34940,S2015ND093013,A15,F,53B,False,NOT_APPLICABLE,,,,,,,,,validated executable rule not included in high-confidence first pass,Approved indicator retained in rulebook but not executed in this first-pass implementation.
34940,S2015ND093013,A16,F,53B,False,NOT_APPLICABLE,,,,,,,,,validated executable rule not included in high-confidence first pass,Approved indicator retained in rulebook but not executed in this first-pass implementation.
34940,S2015ND093013,A17,F,53B,False,NOT_APPLICABLE,,,,,,,,,validated executable rule not included in high-confidence first pass,Approved indicator retained in rulebook but not executed in this first-pass implementation.
34940,S2015ND093013,A18,F,53B,True,INSUFFICIENT_INFORMATION,,,,,,,,,validated executable rule not included in high-confidence first pass,Approved indicator retained in rulebook but not executed in this first-pass implementation.
34940,S2015ND093013,S1,F,53B,True,INSUFFICIENT_INFORMATION,,,,,,,,,validated executable rule not included in high-confidence first pass,Approved indicator retained in rulebook but not executed in this first-pass implementation.
34940,S2015ND093013,S2,F,53B,False,NOT_APPLICABLE,,,,,,,,,validated executable rule not included in high-confidence first pass,Approved indicator retained in rulebook but not executed in this first-pass implementation.
34940,S2015ND093013,S3,F,53B,True,INSUFFICIENT_INFORMATION,,,,,,,,,validated executable rule not included in high-confidence first pass,Approved indicator retained in rulebook but not executed in this first-pass implementation.
34940,S2015ND093013,S4,F,53B,True,INSUFFICIENT_INFORMATION,,,,,,,,no explicit qualifying gley-page matrix at required depth,identifiable moist matrix color,no explicit qualifying gley-page matrix at required depth; Missing: identifiable moist matrix color
34940,S2015ND093013,S5,F,53B,True,INSUFFICIENT_INFORMATION,,,,,,,,no continuous 10-cm sandy layer meets matrix and redox requirements,identifiable moist matrix color,no continuous 10-cm sandy layer meets matrix and redox requirements; Missing: identifiable moist matrix color
34940,S2015ND093013,S6,F,53B,True,INSUFFICIENT_INFORMATION,,,,,,,,,validated executable rule not included in high-confidence first pass,Approved indicator retained in rulebook but not executed in this first-pass implementation.
34940,S2015ND093013,S7,F,53B,False,NOT_APPLICABLE,,,,,,,,,validated executable rule not included in high-confidence first pass,Approved indicator retained in rulebook but not executed in this first-pass implementation.
34940,S2015ND093013,S8,F,53B,False,NOT_APPLICABLE,,,,,,,,,validated executable rule not included in high-confidence first pass,Approved indicator retained in rulebook but not executed in this first-pass implementation.
34940,S2015ND093013,S9,F,53B,False,NOT_APPLICABLE,,,,,,,,,validated executable rule not included in high-confidence first pass,Approved indicator retained in rulebook but not executed in this first-pass implementation.
34940,S2015ND093013,S11,F,53B,False,NOT_APPLICABLE,,,,,,,,,validated executable rule not included in high-confidence first pass,Approved indicator retained in rulebook but not executed in this first-pass implementation.
34940,S2015ND093013,S12,F,53B,False,NOT_APPLICABLE,,,,,,,,,validated executable rule not included in high-confidence first pass,Approved indicator retained in rulebook but not executed in this first-pass implementation.
34940,S2015ND093013,F1,F,53B,True,INSUFFICIENT_INFORMATION,,,,,,,,,validated executable rule not included in high-confidence first pass,Approved indicator retained in rulebook but not executed in this first-pass implementation.
34940,S2015ND093013,F2,F,53B,True,INSUFFICIENT_INFORMATION,,,,,,,,no explicit qualifying gley-page matrix at required depth,identifiable moist matrix color,no explicit qualifying gley-page matrix at required depth; Missing: identifiable moist matrix color
34940,S2015ND093013,F3,F,53B,True,INSUFFICIENT_INFORMATION,,,,,,,,no continuous depleted layer satisfies depth/thickness requirements,identifiable moist matrix color,no continuous depleted layer satisfies depth/thickness requirements; Missing: identifiable moist matrix color
34940,S2015ND093013,F6,F,53B,True,INSUFFICIENT_INFORMATION,,,,,,,,no continuous 10-cm loamy/clayey layer meets conditional color/redox requirements,identifiable moist matrix color,no continuous 10-cm loamy/clayey layer meets conditional color/redox requirements; Missing: identifiable moist matrix color
34940,S2015ND093013,F7,F,53B,True,INSUFFICIENT_INFORMATION,,,,,,,,no continuous 10-cm loamy/clayey layer meets conditional color/redox requirements,identifiable moist matrix color,no continuous 10-cm loamy/clayey layer meets conditional color/redox requirements; Missing: identifiable moist matrix color
34940,S2015ND093013,F8,F,53B,True,INSUFFICIENT_INFORMATION,,,,,,,,,validated executable rule not included in high-confidence first pass,Approved indicator retained in rulebook but not executed in this first-pass implementation.
34940,S2015ND093013,F10,F,53B,False,NOT_APPLICABLE,,,,,,,,,validated executable rule not included in high-confidence first pass,Approved indicator retained in rulebook but not executed in this first-pass implementation.
34940,S2015ND093013,F11,F,53B,False,NOT_APPLICABLE,,,,,,,,,validated executable rule not included in high-confidence first pass,Approved indicator retained in rulebook but not executed in this first-pass implementation.
34940,S2015ND093013,F12,F,53B,False,NOT_APPLICABLE,,,,,,,,,validated executable rule not included in high-confidence first pass,Approved indicator retained in rulebook but not executed in this first-pass implementation.
34940,S2015ND093013,F13,F,53B,False,NOT_APPLICABLE,,,,,,,,,validated executable rule not included in high-confidence first pass,Approved indicator retained in rulebook but not executed in this first-pass implementation.
34940,S2015ND093013,F16,F,53B,False,NOT_APPLICABLE,,,,,,,,,validated executable rule not included in high-confidence first pass,Approved indicator retained in rulebook but not executed in this first-pass implementation.
34940,S2015ND093013,F17,F,53B,False,NOT_APPLICABLE,,,,,,,,,validated executable rule not included in high-confidence first pass,Approved indicator retained in rulebook but not executed in this first-pass implementation.
34940,S2015ND093013,F18,F,53B,False,NOT_APPLICABLE,,,,,,,,,validated executable rule not included in high-confidence first pass,Approved indicator retained in rulebook but not executed in this first-pass implementation.
34940,S2015ND093013,F19,F,53B,False,NOT_APPLICABLE,,,,,,,,,validated executable rule not included in high-confidence first pass,Approved indicator retained in rulebook but not executed in this first-pass implementation.
34940,S2015ND093013,F20,F,53B,False,NOT_APPLICABLE,,,,,,,,,validated executable rule not included in high-confidence first pass,Approved indicator retained in rulebook but not executed in this first-pass implementation.
34940,S2015ND093013,F21,F,53B,False,NOT_APPLICABLE,,,,,,,,,validated executable rule not included in high-confidence first pass,Approved indicator retained in rulebook but not executed in this first-pass implementation.
34940,S2015ND093013,F22,F,53B,False,NOT_APPLICABLE,,,,,,,,,validated executable rule not included in high-confidence first pass,Approved indicator retained in rulebook but not executed in this first-pass implementation.
34941,S2015ND093017,A1,F,53B,True,INDICATOR_NOT_DEMONSTRATED,False,,,,,,,taxonomy is not qualifying Histosol/Histel,,taxonomy is not qualifying Histosol/Histel
34941,S2015ND093017,A2,F,53B,True,INSUFFICIENT_INFORMATION,,,,,,,,,validated executable rule not included in high-confidence first pass,Approved indicator retained in rulebook but not executed in this first-pass implementation.
34941,S2015ND093017,A3,F,53B,True,INSUFFICIENT_INFORMATION,,,,,,,,no observed layer satisfies all depth/thickness/material/color conditions,explicit organic material type,no observed layer satisfies all depth/thickness/material/color conditions; Missing: explicit organic material type
34941,S2015ND093017,A4,F,53B,True,INSUFFICIENT_INFORMATION,,,,,,,,,validated executable rule not included in high-confidence first pass,Approved indicator retained in rulebook but not executed in this first-pass implementation.
34941,S2015ND093017,A5,F,53B,True,INSUFFICIENT_INFORMATION,,,,,,,,,validated executable rule not included in high-confidence first pass,Approved indicator retained in rulebook but not executed in this first-pass implementation.
34941,S2015ND093017,A6,F,53B,False,NOT_APPLICABLE,,,,,,,,,validated executable rule not included in high-confidence first pass,Approved indicator retained in rulebook but not executed in this first-pass implementation.
34941,S2015ND093017,A7,F,53B,False,NOT_APPLICABLE,,,,,,,,,,Indicator A7 is not approved for LRR F/MLRA 53B.
34941,S2015ND093017,A8,F,53B,False,NOT_APPLICABLE,,,,,,,,,,Indicator A8 is not approved for LRR F/MLRA 53B.
34941,S2015ND093017,A9,F,53B,True,INSUFFICIENT_INFORMATION,,,,,,,,no observed layer satisfies all depth/thickness/material/color conditions,explicit organic material type,no observed layer satisfies all depth/thickness/material/color conditions; Missing: explicit organic material type
34941,S2015ND093017,A10,F,53B,False,NOT_APPLICABLE,,,,,,,,,,Indicator A10 is not approved for LRR F/MLRA 53B.
34941,S2015ND093017,A11,F,53B,True,INSUFFICIENT_INFORMATION,,,,,,,,no continuous depleted layer satisfies depth/thickness requirements,explicit wetness-derived depleted matrix,no continuous depleted layer satisfies depth/thickness requirements; Missing: explicit wetness-derived depleted matrix
34941,S2015ND093017,A12,F,53B,True,INSUFFICIENT_INFORMATION,,,,,,,,no continuous depleted layer satisfies depth/thickness requirements,explicit wetness-derived depleted matrix,no continuous depleted layer satisfies depth/thickness requirements; Missing: explicit wetness-derived depleted matrix
34941,S2015ND093017,A13,F,53B,False,NOT_APPLICABLE,,,,,,,,,validated executable rule not included in high-confidence first pass,Approved indicator retained in rulebook but not executed in this first-pass implementation.
34941,S2015ND093017,A14,F,53B,False,NOT_APPLICABLE,,,,,,,,,validated executable rule not included in high-confidence first pass,Approved indicator retained in rulebook but not executed in this first-pass implementation.
34941,S2015ND093017,A15,F,53B,False,NOT_APPLICABLE,,,,,,,,,validated executable rule not included in high-confidence first pass,Approved indicator retained in rulebook but not executed in this first-pass implementation.
34941,S2015ND093017,A16,F,53B,False,NOT_APPLICABLE,,,,,,,,,validated executable rule not included in high-confidence first pass,Approved indicator retained in rulebook but not executed in this first-pass implementation.
34941,S2015ND093017,A17,F,53B,False,NOT_APPLICABLE,,,,,,,,,validated executable rule not included in high-confidence first pass,Approved indicator retained in rulebook but not executed in this first-pass implementation.
34941,S2015ND093017,A18,F,53B,True,INSUFFICIENT_INFORMATION,,,,,,,,,validated executable rule not included in high-confidence first pass,Approved indicator retained in rulebook but not executed in this first-pass implementation.
34941,S2015ND093017,S1,F,53B,True,INSUFFICIENT_INFORMATION,,,,,,,,,validated executable rule not included in high-confidence first pass,Approved indicator retained in rulebook but not executed in this first-pass implementation.
34941,S2015ND093017,S2,F,53B,False,NOT_APPLICABLE,,,,,,,,,validated executable rule not included in high-confidence first pass,Approved indicator retained in rulebook but not executed in this first-pass implementation.
34941,S2015ND093017,S3,F,53B,True,INSUFFICIENT_INFORMATION,,,,,,,,,validated executable rule not included in high-confidence first pass,Approved indicator retained in rulebook but not executed in this first-pass implementation.
34941,S2015ND093017,S4,F,53B,True,INDICATOR_NOT_DEMONSTRATED,False,,,,,,,no explicit qualifying gley-page matrix at required depth,,no explicit qualifying gley-page matrix at required depth
34941,S2015ND093017,S5,F,53B,True,INSUFFICIENT_INFORMATION,,,,,,,,no continuous 10-cm sandy layer meets matrix and redox requirements,redox percentage/type/contrast,no continuous 10-cm sandy layer meets matrix and redox requirements; Missing: redox percentage/type/contrast
34941,S2015ND093017,S6,F,53B,True,INSUFFICIENT_INFORMATION,,,,,,,,,validated executable rule not included in high-confidence first pass,Approved indicator retained in rulebook but not executed in this first-pass implementation.
34941,S2015ND093017,S7,F,53B,False,NOT_APPLICABLE,,,,,,,,,validated executable rule not included in high-confidence first pass,Approved indicator retained in rulebook but not executed in this first-pass implementation.
34941,S2015ND093017,S8,F,53B,False,NOT_APPLICABLE,,,,,,,,,validated executable rule not included in high-confidence first pass,Approved indicator retained in rulebook but not executed in this first-pass implementation.
34941,S2015ND093017,S9,F,53B,False,NOT_APPLICABLE,,,,,,,,,validated executable rule not included in high-confidence first pass,Approved indicator retained in rulebook but not executed in this first-pass implementation.
34941,S2015ND093017,S11,F,53B,False,NOT_APPLICABLE,,,,,,,,,validated executable rule not included in high-confidence first pass,Approved indicator retained in rulebook but not executed in this first-pass implementation.
34941,S2015ND093017,S12,F,53B,False,NOT_APPLICABLE,,,,,,,,,validated executable rule not included in high-confidence first pass,Approved indicator retained in rulebook but not executed in this first-pass implementation.
34941,S2015ND093017,F1,F,53B,True,INSUFFICIENT_INFORMATION,,,,,,,,,validated executable rule not included in high-confidence first pass,Approved indicator retained in rulebook but not executed in this first-pass implementation.
34941,S2015ND093017,F2,F,53B,True,INDICATOR_NOT_DEMONSTRATED,False,,,,,,,no explicit qualifying gley-page matrix at required depth,,no explicit qualifying gley-page matrix at required depth
34941,S2015ND093017,F3,F,53B,True,INSUFFICIENT_INFORMATION,,,,,,,,no continuous depleted layer satisfies depth/thickness requirements,explicit wetness-derived depleted matrix,no continuous depleted layer satisfies depth/thickness requirements; Missing: explicit wetness-derived depleted matrix
34941,S2015ND093017,F6,F,53B,True,INSUFFICIENT_INFORMATION,,,,,,,,no continuous 10-cm loamy/clayey layer meets conditional color/redox requirements,quantitative redox description,no continuous 10-cm loamy/clayey layer meets conditional color/redox requirements; Missing: quantitative redox description
34941,S2015ND093017,F7,F,53B,True,INSUFFICIENT_INFORMATION,,,,,,,,no continuous 10-cm loamy/clayey layer meets conditional color/redox requirements,quantitative redox description,no continuous 10-cm loamy/clayey layer meets conditional color/redox requirements; Missing: quantitative redox description
34941,S2015ND093017,F8,F,53B,True,INSUFFICIENT_INFORMATION,,,,,,,,,validated executable rule not included in high-confidence first pass,Approved indicator retained in rulebook but not executed in this first-pass implementation.
34941,S2015ND093017,F10,F,53B,False,NOT_APPLICABLE,,,,,,,,,validated executable rule not included in high-confidence first pass,Approved indicator retained in rulebook but not executed in this first-pass implementation.
34941,S2015ND093017,F11,F,53B,False,NOT_APPLICABLE,,,,,,,,,validated executable rule not included in high-confidence first pass,Approved indicator retained in rulebook but not executed in this first-pass implementation.
34941,S2015ND093017,F12,F,53B,False,NOT_APPLICABLE,,,,,,,,,validated executable rule not included in high-confidence first pass,Approved indicator retained in rulebook but not executed in this first-pass implementation.
34941,S2015ND093017,F13,F,53B,False,NOT_APPLICABLE,,,,,,,,,validated executable rule not included in high-confidence first pass,Approved indicator retained in rulebook but not executed in this first-pass implementation.
34941,S2015ND093017,F16,F,53B,False,NOT_APPLICABLE,,,,,,,,,validated executable rule not included in high-confidence first pass,Approved indicator retained in rulebook but not executed in this first-pass implementation.
34941,S2015ND093017,F17,F,53B,False,NOT_APPLICABLE,,,,,,,,,validated executable rule not included in high-confidence first pass,Approved indicator retained in rulebook but not executed in this first-pass implementation.
34941,S2015ND093017,F18,F,53B,False,NOT_APPLICABLE,,,,,,,,,validated executable rule not included in high-confidence first pass,Approved indicator retained in rulebook but not executed in this first-pass implementation.
34941,S2015ND093017,F19,F,53B,False,NOT_APPLICABLE,,,,,,,,,validated executable rule not included in high-confidence first pass,Approved indicator retained in rulebook but not executed in this first-pass implementation.
34941,S2015ND093017,F20,F,53B,False,NOT_APPLICABLE,,,,,,,,,validated executable rule not included in high-confidence first pass,Approved indicator retained in rulebook but not executed in this first-pass implementation.
34941,S2015ND093017,F21,F,53B,False,NOT_APPLICABLE,,,,,,,,,validated executable rule not included in high-confidence first pass,Approved indicator retained in rulebook but not executed in this first-pass implementation.
34941,S2015ND093017,F22,F,53B,False,NOT_APPLICABLE,,,,,,,,,validated executable rule not included in high-confidence first pass,Approved indicator retained in rulebook but not executed in this first-pass implementation.
34942,S2015ND093019,A1,F,53B,True,INDICATOR_NOT_DEMONSTRATED,False,,,,,,,taxonomy is not qualifying Histosol/Histel,,taxonomy is not qualifying Histosol/Histel
34942,S2015ND093019,A2,F,53B,True,INSUFFICIENT_INFORMATION,,,,,,,,,validated executable rule not included in high-confidence first pass,Approved indicator retained in rulebook but not executed in this first-pass implementation.
34942,S2015ND093019,A3,F,53B,True,INSUFFICIENT_INFORMATION,,,,,,,,no observed layer satisfies all depth/thickness/material/color conditions,explicit organic material type,no observed layer satisfies all depth/thickness/material/color conditions; Missing: explicit organic material type
34942,S2015ND093019,A4,F,53B,True,INSUFFICIENT_INFORMATION,,,,,,,,,validated executable rule not included in high-confidence first pass,Approved indicator retained in rulebook but not executed in this first-pass implementation.
34942,S2015ND093019,A5,F,53B,True,INSUFFICIENT_INFORMATION,,,,,,,,,validated executable rule not included in high-confidence first pass,Approved indicator retained in rulebook but not executed in this first-pass implementation.
34942,S2015ND093019,A6,F,53B,False,NOT_APPLICABLE,,,,,,,,,validated executable rule not included in high-confidence first pass,Approved indicator retained in rulebook but not executed in this first-pass implementation.
34942,S2015ND093019,A7,F,53B,False,NOT_APPLICABLE,,,,,,,,,,Indicator A7 is not approved for LRR F/MLRA 53B.
34942,S2015ND093019,A8,F,53B,False,NOT_APPLICABLE,,,,,,,,,,Indicator A8 is not approved for LRR F/MLRA 53B.
34942,S2015ND093019,A9,F,53B,True,INSUFFICIENT_INFORMATION,,,,,,,,no observed layer satisfies all depth/thickness/material/color conditions,explicit organic material type,no observed layer satisfies all depth/thickness/material/color conditions; Missing: explicit organic material type
34942,S2015ND093019,A10,F,53B,False,NOT_APPLICABLE,,,,,,,,,,Indicator A10 is not approved for LRR F/MLRA 53B.
34942,S2015ND093019,A11,F,53B,True,INDICATOR_NOT_DEMONSTRATED,False,,,,,,,no continuous depleted layer satisfies depth/thickness requirements,,no continuous depleted layer satisfies depth/thickness requirements
34942,S2015ND093019,A12,F,53B,True,INDICATOR_NOT_DEMONSTRATED,False,,,,,,,no continuous depleted layer satisfies depth/thickness requirements,,no continuous depleted layer satisfies depth/thickness requirements
34942,S2015ND093019,A13,F,53B,False,NOT_APPLICABLE,,,,,,,,,validated executable rule not included in high-confidence first pass,Approved indicator retained in rulebook but not executed in this first-pass implementation.
34942,S2015ND093019,A14,F,53B,False,NOT_APPLICABLE,,,,,,,,,validated executable rule not included in high-confidence first pass,Approved indicator retained in rulebook but not executed in this first-pass implementation.
34942,S2015ND093019,A15,F,53B,False,NOT_APPLICABLE,,,,,,,,,validated executable rule not included in high-confidence first pass,Approved indicator retained in rulebook but not executed in this first-pass implementation.
34942,S2015ND093019,A16,F,53B,False,NOT_APPLICABLE,,,,,,,,,validated executable rule not included in high-confidence first pass,Approved indicator retained in rulebook but not executed in this first-pass implementation.
34942,S2015ND093019,A17,F,53B,False,NOT_APPLICABLE,,,,,,,,,validated executable rule not included in high-confidence first pass,Approved indicator retained in rulebook but not executed in this first-pass implementation.
34942,S2015ND093019,A18,F,53B,True,INSUFFICIENT_INFORMATION,,,,,,,,,validated executable rule not included in high-confidence first pass,Approved indicator retained in rulebook but not executed in this first-pass implementation.
34942,S2015ND093019,S1,F,53B,True,INSUFFICIENT_INFORMATION,,,,,,,,,validated executable rule not included in high-confidence first pass,Approved indicator retained in rulebook but not executed in this first-pass implementation.
34942,S2015ND093019,S2,F,53B,False,NOT_APPLICABLE,,,,,,,,,validated executable rule not included in high-confidence first pass,Approved indicator retained in rulebook but not executed in this first-pass implementation.
34942,S2015ND093019,S3,F,53B,True,INSUFFICIENT_INFORMATION,,,,,,,,,validated executable rule not included in high-confidence first pass,Approved indicator retained in rulebook but not executed in this first-pass implementation.
34942,S2015ND093019,S4,F,53B,True,INDICATOR_NOT_DEMONSTRATED,False,,,,,,,no explicit qualifying gley-page matrix at required depth,,no explicit qualifying gley-page matrix at required depth
34942,S2015ND093019,S5,F,53B,True,INDICATOR_NOT_DEMONSTRATED,False,,,,,,,no continuous 10-cm sandy layer meets matrix and redox requirements,,no continuous 10-cm sandy layer meets matrix and redox requirements
34942,S2015ND093019,S6,F,53B,True,INSUFFICIENT_INFORMATION,,,,,,,,,validated executable rule not included in high-confidence first pass,Approved indicator retained in rulebook but not executed in this first-pass implementation.
34942,S2015ND093019,S7,F,53B,False,NOT_APPLICABLE,,,,,,,,,validated executable rule not included in high-confidence first pass,Approved indicator retained in rulebook but not executed in this first-pass implementation.
34942,S2015ND093019,S8,F,53B,False,NOT_APPLICABLE,,,,,,,,,validated executable rule not included in high-confidence first pass,Approved indicator retained in rulebook but not executed in this first-pass implementation.
34942,S2015ND093019,S9,F,53B,False,NOT_APPLICABLE,,,,,,,,,validated executable rule not included in high-confidence first pass,Approved indicator retained in rulebook but not executed in this first-pass implementation.
34942,S2015ND093019,S11,F,53B,False,NOT_APPLICABLE,,,,,,,,,validated executable rule not included in high-confidence first pass,Approved indicator retained in rulebook but not executed in this first-pass implementation.
34942,S2015ND093019,S12,F,53B,False,NOT_APPLICABLE,,,,,,,,,validated executable rule not included in high-confidence first pass,Approved indicator retained in rulebook but not executed in this first-pass implementation.
34942,S2015ND093019,F1,F,53B,True,INSUFFICIENT_INFORMATION,,,,,,,,,validated executable rule not included in high-confidence first pass,Approved indicator retained in rulebook but not executed in this first-pass implementation.
34942,S2015ND093019,F2,F,53B,True,INDICATOR_NOT_DEMONSTRATED,False,,,,,,,no explicit qualifying gley-page matrix at required depth,,no explicit qualifying gley-page matrix at required depth
34942,S2015ND093019,F3,F,53B,True,INDICATOR_NOT_DEMONSTRATED,False,,,,,,,no continuous depleted layer satisfies depth/thickness requirements,,no continuous depleted layer satisfies depth/thickness requirements
34942,S2015ND093019,F6,F,53B,True,INDICATOR_NOT_DEMONSTRATED,False,,,,,,,no continuous 10-cm loamy/clayey layer meets conditional color/redox requirements,,no continuous 10-cm loamy/clayey layer meets conditional color/redox requirements
34942,S2015ND093019,F7,F,53B,True,INDICATOR_NOT_DEMONSTRATED,False,,,,,,,no continuous 10-cm loamy/clayey layer meets conditional color/redox requirements,,no continuous 10-cm loamy/clayey layer meets conditional color/redox requirements
34942,S2015ND093019,F8,F,53B,True,INSUFFICIENT_INFORMATION,,,,,,,,,validated executable rule not included in high-confidence first pass,Approved indicator retained in rulebook but not executed in this first-pass implementation.
34942,S2015ND093019,F10,F,53B,False,NOT_APPLICABLE,,,,,,,,,validated executable rule not included in high-confidence first pass,Approved indicator retained in rulebook but not executed in this first-pass implementation.
34942,S2015ND093019,F11,F,53B,False,NOT_APPLICABLE,,,,,,,,,validated executable rule not included in high-confidence first pass,Approved indicator retained in rulebook but not executed in this first-pass implementation.
34942,S2015ND093019,F12,F,53B,False,NOT_APPLICABLE,,,,,,,,,validated executable rule not included in high-confidence first pass,Approved indicator retained in rulebook but not executed in this first-pass implementation.
34942,S2015ND093019,F13,F,53B,False,NOT_APPLICABLE,,,,,,,,,validated executable rule not included in high-confidence first pass,Approved indicator retained in rulebook but not executed in this first-pass implementation.
34942,S2015ND093019,F16,F,53B,False,NOT_APPLICABLE,,,,,,,,,validated executable rule not included in high-confidence first pass,Approved indicator retained in rulebook but not executed in this first-pass implementation.
34942,S2015ND093019,F17,F,53B,False,NOT_APPLICABLE,,,,,,,,,validated executable rule not included in high-confidence first pass,Approved indicator retained in rulebook but not executed in this first-pass implementation.
34942,S2015ND093019,F18,F,53B,False,NOT_APPLICABLE,,,,,,,,,validated executable rule not included in high-confidence first pass,Approved indicator retained in rulebook but not executed in this first-pass implementation.
34942,S2015ND093019,F19,F,53B,False,NOT_APPLICABLE,,,,,,,,,validated executable rule not included in high-confidence first pass,Approved indicator retained in rulebook but not executed in this first-pass implementation.
34942,S2015ND093019,F20,F,53B,False,NOT_APPLICABLE,,,,,,,,,validated executable rule not included in high-confidence first pass,Approved indicator retained in rulebook but not executed in this first-pass implementation.
34942,S2015ND093019,F21,F,53B,False,NOT_APPLICABLE,,,,,,,,,validated executable rule not included in high-confidence first pass,Approved indicator retained in rulebook but not executed in this first-pass implementation.
34942,S2015ND093019,F22,F,53B,False,NOT_APPLICABLE,,,,,,,,,validated executable rule not included in high-confidence first pass,Approved indicator retained in rulebook but not executed in this first-pass implementation.
34943,S2015ND093021,A1,F,53B,True,INDICATOR_NOT_DEMONSTRATED,False,,,,,,,taxonomy is not qualifying Histosol/Histel,,taxonomy is not qualifying Histosol/Histel
34943,S2015ND093021,A2,F,53B,True,INSUFFICIENT_INFORMATION,,,,,,,,,validated executable rule not included in high-confidence first pass,Approved indicator retained in rulebook but not executed in this first-pass implementation.
34943,S2015ND093021,A3,F,53B,True,INSUFFICIENT_INFORMATION,,,,,,,,no observed layer satisfies all depth/thickness/material/color conditions,identifiable moist matrix color,no observed layer satisfies all depth/thickness/material/color conditions; Missing: identifiable moist matrix color
34943,S2015ND093021,A4,F,53B,True,INSUFFICIENT_INFORMATION,,,,,,,,,validated executable rule not included in high-confidence first pass,Approved indicator retained in rulebook but not executed in this first-pass implementation.
34943,S2015ND093021,A5,F,53B,True,INSUFFICIENT_INFORMATION,,,,,,,,,validated executable rule not included in high-confidence first pass,Approved indicator retained in rulebook but not executed in this first-pass implementation.
34943,S2015ND093021,A6,F,53B,False,NOT_APPLICABLE,,,,,,,,,validated executable rule not included in high-confidence first pass,Approved indicator retained in rulebook but not executed in this first-pass implementation.
34943,S2015ND093021,A7,F,53B,False,NOT_APPLICABLE,,,,,,,,,,Indicator A7 is not approved for LRR F/MLRA 53B.
34943,S2015ND093021,A8,F,53B,False,NOT_APPLICABLE,,,,,,,,,,Indicator A8 is not approved for LRR F/MLRA 53B.
34943,S2015ND093021,A9,F,53B,True,INSUFFICIENT_INFORMATION,,,,,,,,no observed layer satisfies all depth/thickness/material/color conditions,identifiable moist matrix color,no observed layer satisfies all depth/thickness/material/color conditions; Missing: identifiable moist matrix color
34943,S2015ND093021,A10,F,53B,False,NOT_APPLICABLE,,,,,,,,,,Indicator A10 is not approved for LRR F/MLRA 53B.
34943,S2015ND093021,A11,F,53B,True,INSUFFICIENT_INFORMATION,,,,,,,,no continuous depleted layer satisfies depth/thickness requirements,identifiable moist matrix color,no continuous depleted layer satisfies depth/thickness requirements; Missing: identifiable moist matrix color
34943,S2015ND093021,A12,F,53B,True,INSUFFICIENT_INFORMATION,,,,,,,,no continuous depleted layer satisfies depth/thickness requirements,identifiable moist matrix color,no continuous depleted layer satisfies depth/thickness requirements; Missing: identifiable moist matrix color
34943,S2015ND093021,A13,F,53B,False,NOT_APPLICABLE,,,,,,,,,validated executable rule not included in high-confidence first pass,Approved indicator retained in rulebook but not executed in this first-pass implementation.
34943,S2015ND093021,A14,F,53B,False,NOT_APPLICABLE,,,,,,,,,validated executable rule not included in high-confidence first pass,Approved indicator retained in rulebook but not executed in this first-pass implementation.
34943,S2015ND093021,A15,F,53B,False,NOT_APPLICABLE,,,,,,,,,validated executable rule not included in high-confidence first pass,Approved indicator retained in rulebook but not executed in this first-pass implementation.
34943,S2015ND093021,A16,F,53B,False,NOT_APPLICABLE,,,,,,,,,validated executable rule not included in high-confidence first pass,Approved indicator retained in rulebook but not executed in this first-pass implementation.
34943,S2015ND093021,A17,F,53B,False,NOT_APPLICABLE,,,,,,,,,validated executable rule not included in high-confidence first pass,Approved indicator retained in rulebook but not executed in this first-pass implementation.
34943,S2015ND093021,A18,F,53B,True,INSUFFICIENT_INFORMATION,,,,,,,,,validated executable rule not included in high-confidence first pass,Approved indicator retained in rulebook but not executed in this first-pass implementation.
34943,S2015ND093021,S1,F,53B,True,INSUFFICIENT_INFORMATION,,,,,,,,,validated executable rule not included in high-confidence first pass,Approved indicator retained in rulebook but not executed in this first-pass implementation.
34943,S2015ND093021,S2,F,53B,False,NOT_APPLICABLE,,,,,,,,,validated executable rule not included in high-confidence first pass,Approved indicator retained in rulebook but not executed in this first-pass implementation.
34943,S2015ND093021,S3,F,53B,True,INSUFFICIENT_INFORMATION,,,,,,,,,validated executable rule not included in high-confidence first pass,Approved indicator retained in rulebook but not executed in this first-pass implementation.
34943,S2015ND093021,S4,F,53B,True,INSUFFICIENT_INFORMATION,,,,,,,,no explicit qualifying gley-page matrix at required depth,identifiable moist matrix color,no explicit qualifying gley-page matrix at required depth; Missing: identifiable moist matrix color
34943,S2015ND093021,S5,F,53B,True,INSUFFICIENT_INFORMATION,,,,,,,,no continuous 10-cm sandy layer meets matrix and redox requirements,identifiable moist matrix color,no continuous 10-cm sandy layer meets matrix and redox requirements; Missing: identifiable moist matrix color
34943,S2015ND093021,S6,F,53B,True,INSUFFICIENT_INFORMATION,,,,,,,,,validated executable rule not included in high-confidence first pass,Approved indicator retained in rulebook but not executed in this first-pass implementation.
34943,S2015ND093021,S7,F,53B,False,NOT_APPLICABLE,,,,,,,,,validated executable rule not included in high-confidence first pass,Approved indicator retained in rulebook but not executed in this first-pass implementation.
34943,S2015ND093021,S8,F,53B,False,NOT_APPLICABLE,,,,,,,,,validated executable rule not included in high-confidence first pass,Approved indicator retained in rulebook but not executed in this first-pass implementation.
34943,S2015ND093021,S9,F,53B,False,NOT_APPLICABLE,,,,,,,,,validated executable rule not included in high-confidence first pass,Approved indicator retained in rulebook but not executed in this first-pass implementation.
34943,S2015ND093021,S11,F,53B,False,NOT_APPLICABLE,,,,,,,,,validated executable rule not included in high-confidence first pass,Approved indicator retained in rulebook but not executed in this first-pass implementation.
34943,S2015ND093021,S12,F,53B,False,NOT_APPLICABLE,,,,,,,,,validated executable rule not included in high-confidence first pass,Approved indicator retained in rulebook but not executed in this first-pass implementation.
34943,S2015ND093021,F1,F,53B,True,INSUFFICIENT_INFORMATION,,,,,,,,,validated executable rule not included in high-confidence first pass,Approved indicator retained in rulebook but not executed in this first-pass implementation.
34943,S2015ND093021,F2,F,53B,True,INSUFFICIENT_INFORMATION,,,,,,,,no explicit qualifying gley-page matrix at required depth,identifiable moist matrix color,no explicit qualifying gley-page matrix at required depth; Missing: identifiable moist matrix color
34943,S2015ND093021,F3,F,53B,True,INSUFFICIENT_INFORMATION,,,,,,,,no continuous depleted layer satisfies depth/thickness requirements,identifiable moist matrix color,no continuous depleted layer satisfies depth/thickness requirements; Missing: identifiable moist matrix color
34943,S2015ND093021,F6,F,53B,True,INSUFFICIENT_INFORMATION,,,,,,,,no continuous 10-cm loamy/clayey layer meets conditional color/redox requirements,identifiable moist matrix color,no continuous 10-cm loamy/clayey layer meets conditional color/redox requirements; Missing: identifiable moist matrix color
34943,S2015ND093021,F7,F,53B,True,INSUFFICIENT_INFORMATION,,,,,,,,no continuous 10-cm loamy/clayey layer meets conditional color/redox requirements,identifiable moist matrix color,no continuous 10-cm loamy/clayey layer meets conditional color/redox requirements; Missing: identifiable moist matrix color
34943,S2015ND093021,F8,F,53B,True,INSUFFICIENT_INFORMATION,,,,,,,,,validated executable rule not included in high-confidence first pass,Approved indicator retained in rulebook but not executed in this first-pass implementation.
34943,S2015ND093021,F10,F,53B,False,NOT_APPLICABLE,,,,,,,,,validated executable rule not included in high-confidence first pass,Approved indicator retained in rulebook but not executed in this first-pass implementation.
34943,S2015ND093021,F11,F,53B,False,NOT_APPLICABLE,,,,,,,,,validated executable rule not included in high-confidence first pass,Approved indicator retained in rulebook but not executed in this first-pass implementation.
34943,S2015ND093021,F12,F,53B,False,NOT_APPLICABLE,,,,,,,,,validated executable rule not included in high-confidence first pass,Approved indicator retained in rulebook but not executed in this first-pass implementation.
34943,S2015ND093021,F13,F,53B,False,NOT_APPLICABLE,,,,,,,,,validated executable rule not included in high-confidence first pass,Approved indicator retained in rulebook but not executed in this first-pass implementation.
34943,S2015ND093021,F16,F,53B,False,NOT_APPLICABLE,,,,,,,,,validated executable rule not included in high-confidence first pass,Approved indicator retained in rulebook but not executed in this first-pass implementation.
34943,S2015ND093021,F17,F,53B,False,NOT_APPLICABLE,,,,,,,,,validated executable rule not included in high-confidence first pass,Approved indicator retained in rulebook but not executed in this first-pass implementation.
34943,S2015ND093021,F18,F,53B,False,NOT_APPLICABLE,,,,,,,,,validated executable rule not included in high-confidence first pass,Approved indicator retained in rulebook but not executed in this first-pass implementation.
34943,S2015ND093021,F19,F,53B,False,NOT_APPLICABLE,,,,,,,,,validated executable rule not included in high-confidence first pass,Approved indicator retained in rulebook but not executed in this first-pass implementation.
34943,S2015ND093021,F20,F,53B,False,NOT_APPLICABLE,,,,,,,,,validated executable rule not included in high-confidence first pass,Approved indicator retained in rulebook but not executed in this first-pass implementation.
34943,S2015ND093021,F21,F,53B,False,NOT_APPLICABLE,,,,,,,,,validated executable rule not included in high-confidence first pass,Approved indicator retained in rulebook but not executed in this first-pass implementation.
34943,S2015ND093021,F22,F,53B,False,NOT_APPLICABLE,,,,,,,,,validated executable rule not included in high-confidence first pass,Approved indicator retained in rulebook but not executed in this first-pass implementation.
34944,S2015ND093022,A1,F,53B,True,INDICATOR_NOT_DEMONSTRATED,False,,,,,,,taxonomy is not qualifying Histosol/Histel,,taxonomy is not qualifying Histosol/Histel
34944,S2015ND093022,A2,F,53B,True,INSUFFICIENT_INFORMATION,,,,,,,,,validated executable rule not included in high-confidence first pass,Approved indicator retained in rulebook but not executed in this first-pass implementation.
34944,S2015ND093022,A3,F,53B,True,INSUFFICIENT_INFORMATION,,,,,,,,no observed layer satisfies all depth/thickness/material/color conditions,identifiable moist matrix color,no observed layer satisfies all depth/thickness/material/color conditions; Missing: identifiable moist matrix color
34944,S2015ND093022,A4,F,53B,True,INSUFFICIENT_INFORMATION,,,,,,,,,validated executable rule not included in high-confidence first pass,Approved indicator retained in rulebook but not executed in this first-pass implementation.
34944,S2015ND093022,A5,F,53B,True,INSUFFICIENT_INFORMATION,,,,,,,,,validated executable rule not included in high-confidence first pass,Approved indicator retained in rulebook but not executed in this first-pass implementation.
34944,S2015ND093022,A6,F,53B,False,NOT_APPLICABLE,,,,,,,,,validated executable rule not included in high-confidence first pass,Approved indicator retained in rulebook but not executed in this first-pass implementation.
34944,S2015ND093022,A7,F,53B,False,NOT_APPLICABLE,,,,,,,,,,Indicator A7 is not approved for LRR F/MLRA 53B.
34944,S2015ND093022,A8,F,53B,False,NOT_APPLICABLE,,,,,,,,,,Indicator A8 is not approved for LRR F/MLRA 53B.
34944,S2015ND093022,A9,F,53B,True,INSUFFICIENT_INFORMATION,,,,,,,,no observed layer satisfies all depth/thickness/material/color conditions,identifiable moist matrix color,no observed layer satisfies all depth/thickness/material/color conditions; Missing: identifiable moist matrix color
34944,S2015ND093022,A10,F,53B,False,NOT_APPLICABLE,,,,,,,,,,Indicator A10 is not approved for LRR F/MLRA 53B.
34944,S2015ND093022,A11,F,53B,True,INSUFFICIENT_INFORMATION,,,,,,,,no continuous depleted layer satisfies depth/thickness requirements,identifiable moist matrix color,no continuous depleted layer satisfies depth/thickness requirements; Missing: identifiable moist matrix color
34944,S2015ND093022,A12,F,53B,True,INSUFFICIENT_INFORMATION,,,,,,,,no continuous depleted layer satisfies depth/thickness requirements,identifiable moist matrix color,no continuous depleted layer satisfies depth/thickness requirements; Missing: identifiable moist matrix color
34944,S2015ND093022,A13,F,53B,False,NOT_APPLICABLE,,,,,,,,,validated executable rule not included in high-confidence first pass,Approved indicator retained in rulebook but not executed in this first-pass implementation.
34944,S2015ND093022,A14,F,53B,False,NOT_APPLICABLE,,,,,,,,,validated executable rule not included in high-confidence first pass,Approved indicator retained in rulebook but not executed in this first-pass implementation.
34944,S2015ND093022,A15,F,53B,False,NOT_APPLICABLE,,,,,,,,,validated executable rule not included in high-confidence first pass,Approved indicator retained in rulebook but not executed in this first-pass implementation.
34944,S2015ND093022,A16,F,53B,False,NOT_APPLICABLE,,,,,,,,,validated executable rule not included in high-confidence first pass,Approved indicator retained in rulebook but not executed in this first-pass implementation.
34944,S2015ND093022,A17,F,53B,False,NOT_APPLICABLE,,,,,,,,,validated executable rule not included in high-confidence first pass,Approved indicator retained in rulebook but not executed in this first-pass implementation.
34944,S2015ND093022,A18,F,53B,True,INSUFFICIENT_INFORMATION,,,,,,,,,validated executable rule not included in high-confidence first pass,Approved indicator retained in rulebook but not executed in this first-pass implementation.
34944,S2015ND093022,S1,F,53B,True,INSUFFICIENT_INFORMATION,,,,,,,,,validated executable rule not included in high-confidence first pass,Approved indicator retained in rulebook but not executed in this first-pass implementation.
34944,S2015ND093022,S2,F,53B,False,NOT_APPLICABLE,,,,,,,,,validated executable rule not included in high-confidence first pass,Approved indicator retained in rulebook but not executed in this first-pass implementation.
34944,S2015ND093022,S3,F,53B,True,INSUFFICIENT_INFORMATION,,,,,,,,,validated executable rule not included in high-confidence first pass,Approved indicator retained in rulebook but not executed in this first-pass implementation.
34944,S2015ND093022,S4,F,53B,True,INSUFFICIENT_INFORMATION,,,,,,,,no explicit qualifying gley-page matrix at required depth,identifiable moist matrix color,no explicit qualifying gley-page matrix at required depth; Missing: identifiable moist matrix color
34944,S2015ND093022,S5,F,53B,True,INSUFFICIENT_INFORMATION,,,,,,,,no continuous 10-cm sandy layer meets matrix and redox requirements,identifiable moist matrix color,no continuous 10-cm sandy layer meets matrix and redox requirements; Missing: identifiable moist matrix color
34944,S2015ND093022,S6,F,53B,True,INSUFFICIENT_INFORMATION,,,,,,,,,validated executable rule not included in high-confidence first pass,Approved indicator retained in rulebook but not executed in this first-pass implementation.
34944,S2015ND093022,S7,F,53B,False,NOT_APPLICABLE,,,,,,,,,validated executable rule not included in high-confidence first pass,Approved indicator retained in rulebook but not executed in this first-pass implementation.
34944,S2015ND093022,S8,F,53B,False,NOT_APPLICABLE,,,,,,,,,validated executable rule not included in high-confidence first pass,Approved indicator retained in rulebook but not executed in this first-pass implementation.
34944,S2015ND093022,S9,F,53B,False,NOT_APPLICABLE,,,,,,,,,validated executable rule not included in high-confidence first pass,Approved indicator retained in rulebook but not executed in this first-pass implementation.
34944,S2015ND093022,S11,F,53B,False,NOT_APPLICABLE,,,,,,,,,validated executable rule not included in high-confidence first pass,Approved indicator retained in rulebook but not executed in this first-pass implementation.
34944,S2015ND093022,S12,F,53B,False,NOT_APPLICABLE,,,,,,,,,validated executable rule not included in high-confidence first pass,Approved indicator retained in rulebook but not executed in this first-pass implementation.
34944,S2015ND093022,F1,F,53B,True,INSUFFICIENT_INFORMATION,,,,,,,,,validated executable rule not included in high-confidence first pass,Approved indicator retained in rulebook but not executed in this first-pass implementation.
34944,S2015ND093022,F2,F,53B,True,INSUFFICIENT_INFORMATION,,,,,,,,no explicit qualifying gley-page matrix at required depth,identifiable moist matrix color,no explicit qualifying gley-page matrix at required depth; Missing: identifiable moist matrix color
34944,S2015ND093022,F3,F,53B,True,INSUFFICIENT_INFORMATION,,,,,,,,no continuous depleted layer satisfies depth/thickness requirements,identifiable moist matrix color,no continuous depleted layer satisfies depth/thickness requirements; Missing: identifiable moist matrix color
34944,S2015ND093022,F6,F,53B,True,INSUFFICIENT_INFORMATION,,,,,,,,no continuous 10-cm loamy/clayey layer meets conditional color/redox requirements,identifiable moist matrix color,no continuous 10-cm loamy/clayey layer meets conditional color/redox requirements; Missing: identifiable moist matrix color
34944,S2015ND093022,F7,F,53B,True,INSUFFICIENT_INFORMATION,,,,,,,,no continuous 10-cm loamy/clayey layer meets conditional color/redox requirements,identifiable moist matrix color,no continuous 10-cm loamy/clayey layer meets conditional color/redox requirements; Missing: identifiable moist matrix color
34944,S2015ND093022,F8,F,53B,True,INSUFFICIENT_INFORMATION,,,,,,,,,validated executable rule not included in high-confidence first pass,Approved indicator retained in rulebook but not executed in this first-pass implementation.
34944,S2015ND093022,F10,F,53B,False,NOT_APPLICABLE,,,,,,,,,validated executable rule not included in high-confidence first pass,Approved indicator retained in rulebook but not executed in this first-pass implementation.
34944,S2015ND093022,F11,F,53B,False,NOT_APPLICABLE,,,,,,,,,validated executable rule not included in high-confidence first pass,Approved indicator retained in rulebook but not executed in this first-pass implementation.
34944,S2015ND093022,F12,F,53B,False,NOT_APPLICABLE,,,,,,,,,validated executable rule not included in high-confidence first pass,Approved indicator retained in rulebook but not executed in this first-pass implementation.
34944,S2015ND093022,F13,F,53B,False,NOT_APPLICABLE,,,,,,,,,validated executable rule not included in high-confidence first pass,Approved indicator retained in rulebook but not executed in this first-pass implementation.
34944,S2015ND093022,F16,F,53B,False,NOT_APPLICABLE,,,,,,,,,validated executable rule not included in high-confidence first pass,Approved indicator retained in rulebook but not executed in this first-pass implementation.
34944,S2015ND093022,F17,F,53B,False,NOT_APPLICABLE,,,,,,,,,validated executable rule not included in high-confidence first pass,Approved indicator retained in rulebook but not executed in this first-pass implementation.
34944,S2015ND093022,F18,F,53B,False,NOT_APPLICABLE,,,,,,,,,validated executable rule not included in high-confidence first pass,Approved indicator retained in rulebook but not executed in this first-pass implementation.
34944,S2015ND093022,F19,F,53B,False,NOT_APPLICABLE,,,,,,,,,validated executable rule not included in high-confidence first pass,Approved indicator retained in rulebook but not executed in this first-pass implementation.
34944,S2015ND093022,F20,F,53B,False,NOT_APPLICABLE,,,,,,,,,validated executable rule not included in high-confidence first pass,Approved indicator retained in rulebook but not executed in this first-pass implementation.
34944,S2015ND093022,F21,F,53B,False,NOT_APPLICABLE,,,,,,,,,validated executable rule not included in high-confidence first pass,Approved indicator retained in rulebook but not executed in this first-pass implementation.
34944,S2015ND093022,F22,F,53B,False,NOT_APPLICABLE,,,,,,,,,validated executable rule not included in high-confidence first pass,Approved indicator retained in rulebook but not executed in this first-pass implementation.
34945,S2015ND093026,A1,F,53B,True,INDICATOR_NOT_DEMONSTRATED,False,,,,,,,taxonomy is not qualifying Histosol/Histel,,taxonomy is not qualifying Histosol/Histel
34945,S2015ND093026,A2,F,53B,True,INSUFFICIENT_INFORMATION,,,,,,,,,validated executable rule not included in high-confidence first pass,Approved indicator retained in rulebook but not executed in this first-pass implementation.
34945,S2015ND093026,A3,F,53B,True,INSUFFICIENT_INFORMATION,,,,,,,,no observed layer satisfies all depth/thickness/material/color conditions,identifiable moist matrix color,no observed layer satisfies all depth/thickness/material/color conditions; Missing: identifiable moist matrix color
34945,S2015ND093026,A4,F,53B,True,INSUFFICIENT_INFORMATION,,,,,,,,,validated executable rule not included in high-confidence first pass,Approved indicator retained in rulebook but not executed in this first-pass implementation.
34945,S2015ND093026,A5,F,53B,True,INSUFFICIENT_INFORMATION,,,,,,,,,validated executable rule not included in high-confidence first pass,Approved indicator retained in rulebook but not executed in this first-pass implementation.
34945,S2015ND093026,A6,F,53B,False,NOT_APPLICABLE,,,,,,,,,validated executable rule not included in high-confidence first pass,Approved indicator retained in rulebook but not executed in this first-pass implementation.
34945,S2015ND093026,A7,F,53B,False,NOT_APPLICABLE,,,,,,,,,,Indicator A7 is not approved for LRR F/MLRA 53B.
34945,S2015ND093026,A8,F,53B,False,NOT_APPLICABLE,,,,,,,,,,Indicator A8 is not approved for LRR F/MLRA 53B.
34945,S2015ND093026,A9,F,53B,True,INSUFFICIENT_INFORMATION,,,,,,,,no observed layer satisfies all depth/thickness/material/color conditions,identifiable moist matrix color,no observed layer satisfies all depth/thickness/material/color conditions; Missing: identifiable moist matrix color
34945,S2015ND093026,A10,F,53B,False,NOT_APPLICABLE,,,,,,,,,,Indicator A10 is not approved for LRR F/MLRA 53B.
34945,S2015ND093026,A11,F,53B,True,INSUFFICIENT_INFORMATION,,,,,,,,no continuous depleted layer satisfies depth/thickness requirements,identifiable moist matrix color,no continuous depleted layer satisfies depth/thickness requirements; Missing: identifiable moist matrix color
34945,S2015ND093026,A12,F,53B,True,INSUFFICIENT_INFORMATION,,,,,,,,no continuous depleted layer satisfies depth/thickness requirements,identifiable moist matrix color,no continuous depleted layer satisfies depth/thickness requirements; Missing: identifiable moist matrix color
34945,S2015ND093026,A13,F,53B,False,NOT_APPLICABLE,,,,,,,,,validated executable rule not included in high-confidence first pass,Approved indicator retained in rulebook but not executed in this first-pass implementation.
34945,S2015ND093026,A14,F,53B,False,NOT_APPLICABLE,,,,,,,,,validated executable rule not included in high-confidence first pass,Approved indicator retained in rulebook but not executed in this first-pass implementation.
34945,S2015ND093026,A15,F,53B,False,NOT_APPLICABLE,,,,,,,,,validated executable rule not included in high-confidence first pass,Approved indicator retained in rulebook but not executed in this first-pass implementation.
34945,S2015ND093026,A16,F,53B,False,NOT_APPLICABLE,,,,,,,,,validated executable rule not included in high-confidence first pass,Approved indicator retained in rulebook but not executed in this first-pass implementation.
34945,S2015ND093026,A17,F,53B,False,NOT_APPLICABLE,,,,,,,,,validated executable rule not included in high-confidence first pass,Approved indicator retained in rulebook but not executed in this first-pass implementation.
34945,S2015ND093026,A18,F,53B,True,INSUFFICIENT_INFORMATION,,,,,,,,,validated executable rule not included in high-confidence first pass,Approved indicator retained in rulebook but not executed in this first-pass implementation.
34945,S2015ND093026,S1,F,53B,True,INSUFFICIENT_INFORMATION,,,,,,,,,validated executable rule not included in high-confidence first pass,Approved indicator retained in rulebook but not executed in this first-pass implementation.
34945,S2015ND093026,S2,F,53B,False,NOT_APPLICABLE,,,,,,,,,validated executable rule not included in high-confidence first pass,Approved indicator retained in rulebook but not executed in this first-pass implementation.
34945,S2015ND093026,S3,F,53B,True,INSUFFICIENT_INFORMATION,,,,,,,,,validated executable rule not included in high-confidence first pass,Approved indicator retained in rulebook but not executed in this first-pass implementation.
34945,S2015ND093026,S4,F,53B,True,INSUFFICIENT_INFORMATION,,,,,,,,no explicit qualifying gley-page matrix at required depth,identifiable moist matrix color,no explicit qualifying gley-page matrix at required depth; Missing: identifiable moist matrix color
34945,S2015ND093026,S5,F,53B,True,INSUFFICIENT_INFORMATION,,,,,,,,no continuous 10-cm sandy layer meets matrix and redox requirements,identifiable moist matrix color,no continuous 10-cm sandy layer meets matrix and redox requirements; Missing: identifiable moist matrix color
34945,S2015ND093026,S6,F,53B,True,INSUFFICIENT_INFORMATION,,,,,,,,,validated executable rule not included in high-confidence first pass,Approved indicator retained in rulebook but not executed in this first-pass implementation.
34945,S2015ND093026,S7,F,53B,False,NOT_APPLICABLE,,,,,,,,,validated executable rule not included in high-confidence first pass,Approved indicator retained in rulebook but not executed in this first-pass implementation.
34945,S2015ND093026,S8,F,53B,False,NOT_APPLICABLE,,,,,,,,,validated executable rule not included in high-confidence first pass,Approved indicator retained in rulebook but not executed in this first-pass implementation.
34945,S2015ND093026,S9,F,53B,False,NOT_APPLICABLE,,,,,,,,,validated executable rule not included in high-confidence first pass,Approved indicator retained in rulebook but not executed in this first-pass implementation.
34945,S2015ND093026,S11,F,53B,False,NOT_APPLICABLE,,,,,,,,,validated executable rule not included in high-confidence first pass,Approved indicator retained in rulebook but not executed in this first-pass implementation.
34945,S2015ND093026,S12,F,53B,False,NOT_APPLICABLE,,,,,,,,,validated executable rule not included in high-confidence first pass,Approved indicator retained in rulebook but not executed in this first-pass implementation.
34945,S2015ND093026,F1,F,53B,True,INSUFFICIENT_INFORMATION,,,,,,,,,validated executable rule not included in high-confidence first pass,Approved indicator retained in rulebook but not executed in this first-pass implementation.
34945,S2015ND093026,F2,F,53B,True,INSUFFICIENT_INFORMATION,,,,,,,,no explicit qualifying gley-page matrix at required depth,identifiable moist matrix color,no explicit qualifying gley-page matrix at required depth; Missing: identifiable moist matrix color
34945,S2015ND093026,F3,F,53B,True,INSUFFICIENT_INFORMATION,,,,,,,,no continuous depleted layer satisfies depth/thickness requirements,identifiable moist matrix color,no continuous depleted layer satisfies depth/thickness requirements; Missing: identifiable moist matrix color
34945,S2015ND093026,F6,F,53B,True,INSUFFICIENT_INFORMATION,,,,,,,,no continuous 10-cm loamy/clayey layer meets conditional color/redox requirements,identifiable moist matrix color,no continuous 10-cm loamy/clayey layer meets conditional color/redox requirements; Missing: identifiable moist matrix color
34945,S2015ND093026,F7,F,53B,True,INSUFFICIENT_INFORMATION,,,,,,,,no continuous 10-cm loamy/clayey layer meets conditional color/redox requirements,identifiable moist matrix color,no continuous 10-cm loamy/clayey layer meets conditional color/redox requirements; Missing: identifiable moist matrix color
34945,S2015ND093026,F8,F,53B,True,INSUFFICIENT_INFORMATION,,,,,,,,,validated executable rule not included in high-confidence first pass,Approved indicator retained in rulebook but not executed in this first-pass implementation.
34945,S2015ND093026,F10,F,53B,False,NOT_APPLICABLE,,,,,,,,,validated executable rule not included in high-confidence first pass,Approved indicator retained in rulebook but not executed in this first-pass implementation.
34945,S2015ND093026,F11,F,53B,False,NOT_APPLICABLE,,,,,,,,,validated executable rule not included in high-confidence first pass,Approved indicator retained in rulebook but not executed in this first-pass implementation.
34945,S2015ND093026,F12,F,53B,False,NOT_APPLICABLE,,,,,,,,,validated executable rule not included in high-confidence first pass,Approved indicator retained in rulebook but not executed in this first-pass implementation.
34945,S2015ND093026,F13,F,53B,False,NOT_APPLICABLE,,,,,,,,,validated executable rule not included in high-confidence first pass,Approved indicator retained in rulebook but not executed in this first-pass implementation.
34945,S2015ND093026,F16,F,53B,False,NOT_APPLICABLE,,,,,,,,,validated executable rule not included in high-confidence first pass,Approved indicator retained in rulebook but not executed in this first-pass implementation.
34945,S2015ND093026,F17,F,53B,False,NOT_APPLICABLE,,,,,,,,,validated executable rule not included in high-confidence first pass,Approved indicator retained in rulebook but not executed in this first-pass implementation.
34945,S2015ND093026,F18,F,53B,False,NOT_APPLICABLE,,,,,,,,,validated executable rule not included in high-confidence first pass,Approved indicator retained in rulebook but not executed in this first-pass implementation.
34945,S2015ND093026,F19,F,53B,False,NOT_APPLICABLE,,,,,,,,,validated executable rule not included in high-confidence first pass,Approved indicator retained in rulebook but not executed in this first-pass implementation.
34945,S2015ND093026,F20,F,53B,False,NOT_APPLICABLE,,,,,,,,,validated executable rule not included in high-confidence first pass,Approved indicator retained in rulebook but not executed in this first-pass implementation.
34945,S2015ND093026,F21,F,53B,False,NOT_APPLICABLE,,,,,,,,,validated executable rule not included in high-confidence first pass,Approved indicator retained in rulebook but not executed in this first-pass implementation.
34945,S2015ND093026,F22,F,53B,False,NOT_APPLICABLE,,,,,,,,,validated executable rule not included in high-confidence first pass,Approved indicator retained in rulebook but not executed in this first-pass implementation.
34946,S2015ND093028,A1,F,53B,True,INDICATOR_NOT_DEMONSTRATED,False,,,,,,,taxonomy is not qualifying Histosol/Histel,,taxonomy is not qualifying Histosol/Histel
34946,S2015ND093028,A2,F,53B,True,INSUFFICIENT_INFORMATION,,,,,,,,,validated executable rule not included in high-confidence first pass,Approved indicator retained in rulebook but not executed in this first-pass implementation.
34946,S2015ND093028,A3,F,53B,True,INSUFFICIENT_INFORMATION,,,,,,,,no observed layer satisfies all depth/thickness/material/color conditions,identifiable moist matrix color,no observed layer satisfies all depth/thickness/material/color conditions; Missing: identifiable moist matrix color
34946,S2015ND093028,A4,F,53B,True,INSUFFICIENT_INFORMATION,,,,,,,,,validated executable rule not included in high-confidence first pass,Approved indicator retained in rulebook but not executed in this first-pass implementation.
34946,S2015ND093028,A5,F,53B,True,INSUFFICIENT_INFORMATION,,,,,,,,,validated executable rule not included in high-confidence first pass,Approved indicator retained in rulebook but not executed in this first-pass implementation.
34946,S2015ND093028,A6,F,53B,False,NOT_APPLICABLE,,,,,,,,,validated executable rule not included in high-confidence first pass,Approved indicator retained in rulebook but not executed in this first-pass implementation.
34946,S2015ND093028,A7,F,53B,False,NOT_APPLICABLE,,,,,,,,,,Indicator A7 is not approved for LRR F/MLRA 53B.
34946,S2015ND093028,A8,F,53B,False,NOT_APPLICABLE,,,,,,,,,,Indicator A8 is not approved for LRR F/MLRA 53B.
34946,S2015ND093028,A9,F,53B,True,INSUFFICIENT_INFORMATION,,,,,,,,no observed layer satisfies all depth/thickness/material/color conditions,identifiable moist matrix color,no observed layer satisfies all depth/thickness/material/color conditions; Missing: identifiable moist matrix color
34946,S2015ND093028,A10,F,53B,False,NOT_APPLICABLE,,,,,,,,,,Indicator A10 is not approved for LRR F/MLRA 53B.
34946,S2015ND093028,A11,F,53B,True,INSUFFICIENT_INFORMATION,,,,,,,,no continuous depleted layer satisfies depth/thickness requirements,identifiable moist matrix color,no continuous depleted layer satisfies depth/thickness requirements; Missing: identifiable moist matrix color
34946,S2015ND093028,A12,F,53B,True,INSUFFICIENT_INFORMATION,,,,,,,,no continuous depleted layer satisfies depth/thickness requirements,identifiable moist matrix color,no continuous depleted layer satisfies depth/thickness requirements; Missing: identifiable moist matrix color
34946,S2015ND093028,A13,F,53B,False,NOT_APPLICABLE,,,,,,,,,validated executable rule not included in high-confidence first pass,Approved indicator retained in rulebook but not executed in this first-pass implementation.
34946,S2015ND093028,A14,F,53B,False,NOT_APPLICABLE,,,,,,,,,validated executable rule not included in high-confidence first pass,Approved indicator retained in rulebook but not executed in this first-pass implementation.
34946,S2015ND093028,A15,F,53B,False,NOT_APPLICABLE,,,,,,,,,validated executable rule not included in high-confidence first pass,Approved indicator retained in rulebook but not executed in this first-pass implementation.
34946,S2015ND093028,A16,F,53B,False,NOT_APPLICABLE,,,,,,,,,validated executable rule not included in high-confidence first pass,Approved indicator retained in rulebook but not executed in this first-pass implementation.
34946,S2015ND093028,A17,F,53B,False,NOT_APPLICABLE,,,,,,,,,validated executable rule not included in high-confidence first pass,Approved indicator retained in rulebook but not executed in this first-pass implementation.
34946,S2015ND093028,A18,F,53B,True,INSUFFICIENT_INFORMATION,,,,,,,,,validated executable rule not included in high-confidence first pass,Approved indicator retained in rulebook but not executed in this first-pass implementation.
34946,S2015ND093028,S1,F,53B,True,INSUFFICIENT_INFORMATION,,,,,,,,,validated executable rule not included in high-confidence first pass,Approved indicator retained in rulebook but not executed in this first-pass implementation.
34946,S2015ND093028,S2,F,53B,False,NOT_APPLICABLE,,,,,,,,,validated executable rule not included in high-confidence first pass,Approved indicator retained in rulebook but not executed in this first-pass implementation.
34946,S2015ND093028,S3,F,53B,True,INSUFFICIENT_INFORMATION,,,,,,,,,validated executable rule not included in high-confidence first pass,Approved indicator retained in rulebook but not executed in this first-pass implementation.
34946,S2015ND093028,S4,F,53B,True,INSUFFICIENT_INFORMATION,,,,,,,,no explicit qualifying gley-page matrix at required depth,identifiable moist matrix color,no explicit qualifying gley-page matrix at required depth; Missing: identifiable moist matrix color
34946,S2015ND093028,S5,F,53B,True,INSUFFICIENT_INFORMATION,,,,,,,,no continuous 10-cm sandy layer meets matrix and redox requirements,identifiable moist matrix color,no continuous 10-cm sandy layer meets matrix and redox requirements; Missing: identifiable moist matrix color
34946,S2015ND093028,S6,F,53B,True,INSUFFICIENT_INFORMATION,,,,,,,,,validated executable rule not included in high-confidence first pass,Approved indicator retained in rulebook but not executed in this first-pass implementation.
34946,S2015ND093028,S7,F,53B,False,NOT_APPLICABLE,,,,,,,,,validated executable rule not included in high-confidence first pass,Approved indicator retained in rulebook but not executed in this first-pass implementation.
34946,S2015ND093028,S8,F,53B,False,NOT_APPLICABLE,,,,,,,,,validated executable rule not included in high-confidence first pass,Approved indicator retained in rulebook but not executed in this first-pass implementation.
34946,S2015ND093028,S9,F,53B,False,NOT_APPLICABLE,,,,,,,,,validated executable rule not included in high-confidence first pass,Approved indicator retained in rulebook but not executed in this first-pass implementation.
34946,S2015ND093028,S11,F,53B,False,NOT_APPLICABLE,,,,,,,,,validated executable rule not included in high-confidence first pass,Approved indicator retained in rulebook but not executed in this first-pass implementation.
34946,S2015ND093028,S12,F,53B,False,NOT_APPLICABLE,,,,,,,,,validated executable rule not included in high-confidence first pass,Approved indicator retained in rulebook but not executed in this first-pass implementation.
34946,S2015ND093028,F1,F,53B,True,INSUFFICIENT_INFORMATION,,,,,,,,,validated executable rule not included in high-confidence first pass,Approved indicator retained in rulebook but not executed in this first-pass implementation.
34946,S2015ND093028,F2,F,53B,True,INSUFFICIENT_INFORMATION,,,,,,,,no explicit qualifying gley-page matrix at required depth,identifiable moist matrix color,no explicit qualifying gley-page matrix at required depth; Missing: identifiable moist matrix color
34946,S2015ND093028,F3,F,53B,True,INSUFFICIENT_INFORMATION,,,,,,,,no continuous depleted layer satisfies depth/thickness requirements,identifiable moist matrix color,no continuous depleted layer satisfies depth/thickness requirements; Missing: identifiable moist matrix color
34946,S2015ND093028,F6,F,53B,True,INSUFFICIENT_INFORMATION,,,,,,,,no continuous 10-cm loamy/clayey layer meets conditional color/redox requirements,identifiable moist matrix color,no continuous 10-cm loamy/clayey layer meets conditional color/redox requirements; Missing: identifiable moist matrix color
34946,S2015ND093028,F7,F,53B,True,INSUFFICIENT_INFORMATION,,,,,,,,no continuous 10-cm loamy/clayey layer meets conditional color/redox requirements,identifiable moist matrix color,no continuous 10-cm loamy/clayey layer meets conditional color/redox requirements; Missing: identifiable moist matrix color
34946,S2015ND093028,F8,F,53B,True,INSUFFICIENT_INFORMATION,,,,,,,,,validated executable rule not included in high-confidence first pass,Approved indicator retained in rulebook but not executed in this first-pass implementation.
34946,S2015ND093028,F10,F,53B,False,NOT_APPLICABLE,,,,,,,,,validated executable rule not included in high-confidence first pass,Approved indicator retained in rulebook but not executed in this first-pass implementation.
34946,S2015ND093028,F11,F,53B,False,NOT_APPLICABLE,,,,,,,,,validated executable rule not included in high-confidence first pass,Approved indicator retained in rulebook but not executed in this first-pass implementation.
34946,S2015ND093028,F12,F,53B,False,NOT_APPLICABLE,,,,,,,,,validated executable rule not included in high-confidence first pass,Approved indicator retained in rulebook but not executed in this first-pass implementation.
34946,S2015ND093028,F13,F,53B,False,NOT_APPLICABLE,,,,,,,,,validated executable rule not included in high-confidence first pass,Approved indicator retained in rulebook but not executed in this first-pass implementation.
34946,S2015ND093028,F16,F,53B,False,NOT_APPLICABLE,,,,,,,,,validated executable rule not included in high-confidence first pass,Approved indicator retained in rulebook but not executed in this first-pass implementation.
34946,S2015ND093028,F17,F,53B,False,NOT_APPLICABLE,,,,,,,,,validated executable rule not included in high-confidence first pass,Approved indicator retained in rulebook but not executed in this first-pass implementation.
34946,S2015ND093028,F18,F,53B,False,NOT_APPLICABLE,,,,,,,,,validated executable rule not included in high-confidence first pass,Approved indicator retained in rulebook but not executed in this first-pass implementation.
34946,S2015ND093028,F19,F,53B,False,NOT_APPLICABLE,,,,,,,,,validated executable rule not included in high-confidence first pass,Approved indicator retained in rulebook but not executed in this first-pass implementation.
34946,S2015ND093028,F20,F,53B,False,NOT_APPLICABLE,,,,,,,,,validated executable rule not included in high-confidence first pass,Approved indicator retained in rulebook but not executed in this first-pass implementation.
34946,S2015ND093028,F21,F,53B,False,NOT_APPLICABLE,,,,,,,,,validated executable rule not included in high-confidence first pass,Approved indicator retained in rulebook but not executed in this first-pass implementation.
34946,S2015ND093028,F22,F,53B,False,NOT_APPLICABLE,,,,,,,,,validated executable rule not included in high-confidence first pass,Approved indicator retained in rulebook but not executed in this first-pass implementation.
34947,S2015ND093029,A1,F,53B,True,INDICATOR_NOT_DEMONSTRATED,False,,,,,,,taxonomy is not qualifying Histosol/Histel,,taxonomy is not qualifying Histosol/Histel
34947,S2015ND093029,A2,F,53B,True,INSUFFICIENT_INFORMATION,,,,,,,,,validated executable rule not included in high-confidence first pass,Approved indicator retained in rulebook but not executed in this first-pass implementation.
34947,S2015ND093029,A3,F,53B,True,INSUFFICIENT_INFORMATION,,,,,,,,no observed layer satisfies all depth/thickness/material/color conditions,identifiable moist matrix color,no observed layer satisfies all depth/thickness/material/color conditions; Missing: identifiable moist matrix color
34947,S2015ND093029,A4,F,53B,True,INSUFFICIENT_INFORMATION,,,,,,,,,validated executable rule not included in high-confidence first pass,Approved indicator retained in rulebook but not executed in this first-pass implementation.
34947,S2015ND093029,A5,F,53B,True,INSUFFICIENT_INFORMATION,,,,,,,,,validated executable rule not included in high-confidence first pass,Approved indicator retained in rulebook but not executed in this first-pass implementation.
34947,S2015ND093029,A6,F,53B,False,NOT_APPLICABLE,,,,,,,,,validated executable rule not included in high-confidence first pass,Approved indicator retained in rulebook but not executed in this first-pass implementation.
34947,S2015ND093029,A7,F,53B,False,NOT_APPLICABLE,,,,,,,,,,Indicator A7 is not approved for LRR F/MLRA 53B.
34947,S2015ND093029,A8,F,53B,False,NOT_APPLICABLE,,,,,,,,,,Indicator A8 is not approved for LRR F/MLRA 53B.
34947,S2015ND093029,A9,F,53B,True,INSUFFICIENT_INFORMATION,,,,,,,,no observed layer satisfies all depth/thickness/material/color conditions,identifiable moist matrix color,no observed layer satisfies all depth/thickness/material/color conditions; Missing: identifiable moist matrix color
34947,S2015ND093029,A10,F,53B,False,NOT_APPLICABLE,,,,,,,,,,Indicator A10 is not approved for LRR F/MLRA 53B.
34947,S2015ND093029,A11,F,53B,True,INSUFFICIENT_INFORMATION,,,,,,,,no continuous depleted layer satisfies depth/thickness requirements,identifiable moist matrix color,no continuous depleted layer satisfies depth/thickness requirements; Missing: identifiable moist matrix color
34947,S2015ND093029,A12,F,53B,True,INSUFFICIENT_INFORMATION,,,,,,,,no continuous depleted layer satisfies depth/thickness requirements,identifiable moist matrix color,no continuous depleted layer satisfies depth/thickness requirements; Missing: identifiable moist matrix color
34947,S2015ND093029,A13,F,53B,False,NOT_APPLICABLE,,,,,,,,,validated executable rule not included in high-confidence first pass,Approved indicator retained in rulebook but not executed in this first-pass implementation.
34947,S2015ND093029,A14,F,53B,False,NOT_APPLICABLE,,,,,,,,,validated executable rule not included in high-confidence first pass,Approved indicator retained in rulebook but not executed in this first-pass implementation.
34947,S2015ND093029,A15,F,53B,False,NOT_APPLICABLE,,,,,,,,,validated executable rule not included in high-confidence first pass,Approved indicator retained in rulebook but not executed in this first-pass implementation.
34947,S2015ND093029,A16,F,53B,False,NOT_APPLICABLE,,,,,,,,,validated executable rule not included in high-confidence first pass,Approved indicator retained in rulebook but not executed in this first-pass implementation.
34947,S2015ND093029,A17,F,53B,False,NOT_APPLICABLE,,,,,,,,,validated executable rule not included in high-confidence first pass,Approved indicator retained in rulebook but not executed in this first-pass implementation.
34947,S2015ND093029,A18,F,53B,True,INSUFFICIENT_INFORMATION,,,,,,,,,validated executable rule not included in high-confidence first pass,Approved indicator retained in rulebook but not executed in this first-pass implementation.
34947,S2015ND093029,S1,F,53B,True,INSUFFICIENT_INFORMATION,,,,,,,,,validated executable rule not included in high-confidence first pass,Approved indicator retained in rulebook but not executed in this first-pass implementation.
34947,S2015ND093029,S2,F,53B,False,NOT_APPLICABLE,,,,,,,,,validated executable rule not included in high-confidence first pass,Approved indicator retained in rulebook but not executed in this first-pass implementation.
34947,S2015ND093029,S3,F,53B,True,INSUFFICIENT_INFORMATION,,,,,,,,,validated executable rule not included in high-confidence first pass,Approved indicator retained in rulebook but not executed in this first-pass implementation.
34947,S2015ND093029,S4,F,53B,True,INSUFFICIENT_INFORMATION,,,,,,,,no explicit qualifying gley-page matrix at required depth,identifiable moist matrix color,no explicit qualifying gley-page matrix at required depth; Missing: identifiable moist matrix color
34947,S2015ND093029,S5,F,53B,True,INSUFFICIENT_INFORMATION,,,,,,,,no continuous 10-cm sandy layer meets matrix and redox requirements,identifiable moist matrix color,no continuous 10-cm sandy layer meets matrix and redox requirements; Missing: identifiable moist matrix color
34947,S2015ND093029,S6,F,53B,True,INSUFFICIENT_INFORMATION,,,,,,,,,validated executable rule not included in high-confidence first pass,Approved indicator retained in rulebook but not executed in this first-pass implementation.
34947,S2015ND093029,S7,F,53B,False,NOT_APPLICABLE,,,,,,,,,validated executable rule not included in high-confidence first pass,Approved indicator retained in rulebook but not executed in this first-pass implementation.
34947,S2015ND093029,S8,F,53B,False,NOT_APPLICABLE,,,,,,,,,validated executable rule not included in high-confidence first pass,Approved indicator retained in rulebook but not executed in this first-pass implementation.
34947,S2015ND093029,S9,F,53B,False,NOT_APPLICABLE,,,,,,,,,validated executable rule not included in high-confidence first pass,Approved indicator retained in rulebook but not executed in this first-pass implementation.
34947,S2015ND093029,S11,F,53B,False,NOT_APPLICABLE,,,,,,,,,validated executable rule not included in high-confidence first pass,Approved indicator retained in rulebook but not executed in this first-pass implementation.
34947,S2015ND093029,S12,F,53B,False,NOT_APPLICABLE,,,,,,,,,validated executable rule not included in high-confidence first pass,Approved indicator retained in rulebook but not executed in this first-pass implementation.
34947,S2015ND093029,F1,F,53B,True,INSUFFICIENT_INFORMATION,,,,,,,,,validated executable rule not included in high-confidence first pass,Approved indicator retained in rulebook but not executed in this first-pass implementation.
34947,S2015ND093029,F2,F,53B,True,INSUFFICIENT_INFORMATION,,,,,,,,no explicit qualifying gley-page matrix at required depth,identifiable moist matrix color,no explicit qualifying gley-page matrix at required depth; Missing: identifiable moist matrix color
34947,S2015ND093029,F3,F,53B,True,INSUFFICIENT_INFORMATION,,,,,,,,no continuous depleted layer satisfies depth/thickness requirements,identifiable moist matrix color,no continuous depleted layer satisfies depth/thickness requirements; Missing: identifiable moist matrix color
34947,S2015ND093029,F6,F,53B,True,INSUFFICIENT_INFORMATION,,,,,,,,no continuous 10-cm loamy/clayey layer meets conditional color/redox requirements,identifiable moist matrix color,no continuous 10-cm loamy/clayey layer meets conditional color/redox requirements; Missing: identifiable moist matrix color
34947,S2015ND093029,F7,F,53B,True,INSUFFICIENT_INFORMATION,,,,,,,,no continuous 10-cm loamy/clayey layer meets conditional color/redox requirements,identifiable moist matrix color,no continuous 10-cm loamy/clayey layer meets conditional color/redox requirements; Missing: identifiable moist matrix color
34947,S2015ND093029,F8,F,53B,True,INSUFFICIENT_INFORMATION,,,,,,,,,validated executable rule not included in high-confidence first pass,Approved indicator retained in rulebook but not executed in this first-pass implementation.
34947,S2015ND093029,F10,F,53B,False,NOT_APPLICABLE,,,,,,,,,validated executable rule not included in high-confidence first pass,Approved indicator retained in rulebook but not executed in this first-pass implementation.
34947,S2015ND093029,F11,F,53B,False,NOT_APPLICABLE,,,,,,,,,validated executable rule not included in high-confidence first pass,Approved indicator retained in rulebook but not executed in this first-pass implementation.
34947,S2015ND093029,F12,F,53B,False,NOT_APPLICABLE,,,,,,,,,validated executable rule not included in high-confidence first pass,Approved indicator retained in rulebook but not executed in this first-pass implementation.
34947,S2015ND093029,F13,F,53B,False,NOT_APPLICABLE,,,,,,,,,validated executable rule not included in high-confidence first pass,Approved indicator retained in rulebook but not executed in this first-pass implementation.
34947,S2015ND093029,F16,F,53B,False,NOT_APPLICABLE,,,,,,,,,validated executable rule not included in high-confidence first pass,Approved indicator retained in rulebook but not executed in this first-pass implementation.
34947,S2015ND093029,F17,F,53B,False,NOT_APPLICABLE,,,,,,,,,validated executable rule not included in high-confidence first pass,Approved indicator retained in rulebook but not executed in this first-pass implementation.
34947,S2015ND093029,F18,F,53B,False,NOT_APPLICABLE,,,,,,,,,validated executable rule not included in high-confidence first pass,Approved indicator retained in rulebook but not executed in this first-pass implementation.
34947,S2015ND093029,F19,F,53B,False,NOT_APPLICABLE,,,,,,,,,validated executable rule not included in high-confidence first pass,Approved indicator retained in rulebook but not executed in this first-pass implementation.
34947,S2015ND093029,F20,F,53B,False,NOT_APPLICABLE,,,,,,,,,validated executable rule not included in high-confidence first pass,Approved indicator retained in rulebook but not executed in this first-pass implementation.
34947,S2015ND093029,F21,F,53B,False,NOT_APPLICABLE,,,,,,,,,validated executable rule not included in high-confidence first pass,Approved indicator retained in rulebook but not executed in this first-pass implementation.
34947,S2015ND093029,F22,F,53B,False,NOT_APPLICABLE,,,,,,,,,validated executable rule not included in high-confidence first pass,Approved indicator retained in rulebook but not executed in this first-pass implementation.
34948,S2015ND093030,A1,F,53B,True,INDICATOR_NOT_DEMONSTRATED,False,,,,,,,taxonomy is not qualifying Histosol/Histel,,taxonomy is not qualifying Histosol/Histel
34948,S2015ND093030,A2,F,53B,True,INSUFFICIENT_INFORMATION,,,,,,,,,validated executable rule not included in high-confidence first pass,Approved indicator retained in rulebook but not executed in this first-pass implementation.
34948,S2015ND093030,A3,F,53B,True,INSUFFICIENT_INFORMATION,,,,,,,,no observed layer satisfies all depth/thickness/material/color conditions,identifiable moist matrix color,no observed layer satisfies all depth/thickness/material/color conditions; Missing: identifiable moist matrix color
34948,S2015ND093030,A4,F,53B,True,INSUFFICIENT_INFORMATION,,,,,,,,,validated executable rule not included in high-confidence first pass,Approved indicator retained in rulebook but not executed in this first-pass implementation.
34948,S2015ND093030,A5,F,53B,True,INSUFFICIENT_INFORMATION,,,,,,,,,validated executable rule not included in high-confidence first pass,Approved indicator retained in rulebook but not executed in this first-pass implementation.
34948,S2015ND093030,A6,F,53B,False,NOT_APPLICABLE,,,,,,,,,validated executable rule not included in high-confidence first pass,Approved indicator retained in rulebook but not executed in this first-pass implementation.
34948,S2015ND093030,A7,F,53B,False,NOT_APPLICABLE,,,,,,,,,,Indicator A7 is not approved for LRR F/MLRA 53B.
34948,S2015ND093030,A8,F,53B,False,NOT_APPLICABLE,,,,,,,,,,Indicator A8 is not approved for LRR F/MLRA 53B.
34948,S2015ND093030,A9,F,53B,True,INSUFFICIENT_INFORMATION,,,,,,,,no observed layer satisfies all depth/thickness/material/color conditions,identifiable moist matrix color,no observed layer satisfies all depth/thickness/material/color conditions; Missing: identifiable moist matrix color
34948,S2015ND093030,A10,F,53B,False,NOT_APPLICABLE,,,,,,,,,,Indicator A10 is not approved for LRR F/MLRA 53B.
34948,S2015ND093030,A11,F,53B,True,INSUFFICIENT_INFORMATION,,,,,,,,no continuous depleted layer satisfies depth/thickness requirements,explicit wetness-derived depleted matrix; identifiable moist matrix color,"no continuous depleted layer satisfies depth/thickness requirements; Missing: explicit wetness-derived depleted matrix, identifiable moist matrix color"
34948,S2015ND093030,A12,F,53B,True,INSUFFICIENT_INFORMATION,,,,,,,,no continuous depleted layer satisfies depth/thickness requirements,explicit wetness-derived depleted matrix; identifiable moist matrix color,"no continuous depleted layer satisfies depth/thickness requirements; Missing: explicit wetness-derived depleted matrix, identifiable moist matrix color"
34948,S2015ND093030,A13,F,53B,False,NOT_APPLICABLE,,,,,,,,,validated executable rule not included in high-confidence first pass,Approved indicator retained in rulebook but not executed in this first-pass implementation.
34948,S2015ND093030,A14,F,53B,False,NOT_APPLICABLE,,,,,,,,,validated executable rule not included in high-confidence first pass,Approved indicator retained in rulebook but not executed in this first-pass implementation.
34948,S2015ND093030,A15,F,53B,False,NOT_APPLICABLE,,,,,,,,,validated executable rule not included in high-confidence first pass,Approved indicator retained in rulebook but not executed in this first-pass implementation.
34948,S2015ND093030,A16,F,53B,False,NOT_APPLICABLE,,,,,,,,,validated executable rule not included in high-confidence first pass,Approved indicator retained in rulebook but not executed in this first-pass implementation.
34948,S2015ND093030,A17,F,53B,False,NOT_APPLICABLE,,,,,,,,,validated executable rule not included in high-confidence first pass,Approved indicator retained in rulebook but not executed in this first-pass implementation.
34948,S2015ND093030,A18,F,53B,True,INSUFFICIENT_INFORMATION,,,,,,,,,validated executable rule not included in high-confidence first pass,Approved indicator retained in rulebook but not executed in this first-pass implementation.
34948,S2015ND093030,S1,F,53B,True,INSUFFICIENT_INFORMATION,,,,,,,,,validated executable rule not included in high-confidence first pass,Approved indicator retained in rulebook but not executed in this first-pass implementation.
34948,S2015ND093030,S2,F,53B,False,NOT_APPLICABLE,,,,,,,,,validated executable rule not included in high-confidence first pass,Approved indicator retained in rulebook but not executed in this first-pass implementation.
34948,S2015ND093030,S3,F,53B,True,INSUFFICIENT_INFORMATION,,,,,,,,,validated executable rule not included in high-confidence first pass,Approved indicator retained in rulebook but not executed in this first-pass implementation.
34948,S2015ND093030,S4,F,53B,True,INSUFFICIENT_INFORMATION,,,,,,,,no explicit qualifying gley-page matrix at required depth,identifiable moist matrix color,no explicit qualifying gley-page matrix at required depth; Missing: identifiable moist matrix color
34948,S2015ND093030,S5,F,53B,True,INSUFFICIENT_INFORMATION,,,,,,,,no continuous 10-cm sandy layer meets matrix and redox requirements,identifiable moist matrix color,no continuous 10-cm sandy layer meets matrix and redox requirements; Missing: identifiable moist matrix color
34948,S2015ND093030,S6,F,53B,True,INSUFFICIENT_INFORMATION,,,,,,,,,validated executable rule not included in high-confidence first pass,Approved indicator retained in rulebook but not executed in this first-pass implementation.
34948,S2015ND093030,S7,F,53B,False,NOT_APPLICABLE,,,,,,,,,validated executable rule not included in high-confidence first pass,Approved indicator retained in rulebook but not executed in this first-pass implementation.
34948,S2015ND093030,S8,F,53B,False,NOT_APPLICABLE,,,,,,,,,validated executable rule not included in high-confidence first pass,Approved indicator retained in rulebook but not executed in this first-pass implementation.
34948,S2015ND093030,S9,F,53B,False,NOT_APPLICABLE,,,,,,,,,validated executable rule not included in high-confidence first pass,Approved indicator retained in rulebook but not executed in this first-pass implementation.
34948,S2015ND093030,S11,F,53B,False,NOT_APPLICABLE,,,,,,,,,validated executable rule not included in high-confidence first pass,Approved indicator retained in rulebook but not executed in this first-pass implementation.
34948,S2015ND093030,S12,F,53B,False,NOT_APPLICABLE,,,,,,,,,validated executable rule not included in high-confidence first pass,Approved indicator retained in rulebook but not executed in this first-pass implementation.
34948,S2015ND093030,F1,F,53B,True,INSUFFICIENT_INFORMATION,,,,,,,,,validated executable rule not included in high-confidence first pass,Approved indicator retained in rulebook but not executed in this first-pass implementation.
34948,S2015ND093030,F2,F,53B,True,INSUFFICIENT_INFORMATION,,,,,,,,no explicit qualifying gley-page matrix at required depth,identifiable moist matrix color,no explicit qualifying gley-page matrix at required depth; Missing: identifiable moist matrix color
34948,S2015ND093030,F3,F,53B,True,INSUFFICIENT_INFORMATION,,,,,,,,no continuous depleted layer satisfies depth/thickness requirements,explicit wetness-derived depleted matrix; identifiable moist matrix color,"no continuous depleted layer satisfies depth/thickness requirements; Missing: explicit wetness-derived depleted matrix, identifiable moist matrix color"
34948,S2015ND093030,F6,F,53B,True,INSUFFICIENT_INFORMATION,,,,,,,,no continuous 10-cm loamy/clayey layer meets conditional color/redox requirements,identifiable moist matrix color,no continuous 10-cm loamy/clayey layer meets conditional color/redox requirements; Missing: identifiable moist matrix color
34948,S2015ND093030,F7,F,53B,True,INSUFFICIENT_INFORMATION,,,,,,,,no continuous 10-cm loamy/clayey layer meets conditional color/redox requirements,identifiable moist matrix color,no continuous 10-cm loamy/clayey layer meets conditional color/redox requirements; Missing: identifiable moist matrix color
34948,S2015ND093030,F8,F,53B,True,INSUFFICIENT_INFORMATION,,,,,,,,,validated executable rule not included in high-confidence first pass,Approved indicator retained in rulebook but not executed in this first-pass implementation.
34948,S2015ND093030,F10,F,53B,False,NOT_APPLICABLE,,,,,,,,,validated executable rule not included in high-confidence first pass,Approved indicator retained in rulebook but not executed in this first-pass implementation.
34948,S2015ND093030,F11,F,53B,False,NOT_APPLICABLE,,,,,,,,,validated executable rule not included in high-confidence first pass,Approved indicator retained in rulebook but not executed in this first-pass implementation.
34948,S2015ND093030,F12,F,53B,False,NOT_APPLICABLE,,,,,,,,,validated executable rule not included in high-confidence first pass,Approved indicator retained in rulebook but not executed in this first-pass implementation.
34948,S2015ND093030,F13,F,53B,False,NOT_APPLICABLE,,,,,,,,,validated executable rule not included in high-confidence first pass,Approved indicator retained in rulebook but not executed in this first-pass implementation.
34948,S2015ND093030,F16,F,53B,False,NOT_APPLICABLE,,,,,,,,,validated executable rule not included in high-confidence first pass,Approved indicator retained in rulebook but not executed in this first-pass implementation.
34948,S2015ND093030,F17,F,53B,False,NOT_APPLICABLE,,,,,,,,,validated executable rule not included in high-confidence first pass,Approved indicator retained in rulebook but not executed in this first-pass implementation.
34948,S2015ND093030,F18,F,53B,False,NOT_APPLICABLE,,,,,,,,,validated executable rule not included in high-confidence first pass,Approved indicator retained in rulebook but not executed in this first-pass implementation.
34948,S2015ND093030,F19,F,53B,False,NOT_APPLICABLE,,,,,,,,,validated executable rule not included in high-confidence first pass,Approved indicator retained in rulebook but not executed in this first-pass implementation.
34948,S2015ND093030,F20,F,53B,False,NOT_APPLICABLE,,,,,,,,,validated executable rule not included in high-confidence first pass,Approved indicator retained in rulebook but not executed in this first-pass implementation.
34948,S2015ND093030,F21,F,53B,False,NOT_APPLICABLE,,,,,,,,,validated executable rule not included in high-confidence first pass,Approved indicator retained in rulebook but not executed in this first-pass implementation.
34948,S2015ND093030,F22,F,53B,False,NOT_APPLICABLE,,,,,,,,,validated executable rule not included in high-confidence first pass,Approved indicator retained in rulebook but not executed in this first-pass implementation.
34949,S2015ND093031,A1,F,53B,True,INDICATOR_NOT_DEMONSTRATED,False,,,,,,,taxonomy is not qualifying Histosol/Histel,,taxonomy is not qualifying Histosol/Histel
34949,S2015ND093031,A2,F,53B,True,INSUFFICIENT_INFORMATION,,,,,,,,,validated executable rule not included in high-confidence first pass,Approved indicator retained in rulebook but not executed in this first-pass implementation.
34949,S2015ND093031,A3,F,53B,True,INSUFFICIENT_INFORMATION,,,,,,,,no observed layer satisfies all depth/thickness/material/color conditions,explicit organic material type; identifiable moist matrix color,"no observed layer satisfies all depth/thickness/material/color conditions; Missing: explicit organic material type, identifiable moist matrix color"
34949,S2015ND093031,A4,F,53B,True,INSUFFICIENT_INFORMATION,,,,,,,,,validated executable rule not included in high-confidence first pass,Approved indicator retained in rulebook but not executed in this first-pass implementation.
34949,S2015ND093031,A5,F,53B,True,INSUFFICIENT_INFORMATION,,,,,,,,,validated executable rule not included in high-confidence first pass,Approved indicator retained in rulebook but not executed in this first-pass implementation.
34949,S2015ND093031,A6,F,53B,False,NOT_APPLICABLE,,,,,,,,,validated executable rule not included in high-confidence first pass,Approved indicator retained in rulebook but not executed in this first-pass implementation.
34949,S2015ND093031,A7,F,53B,False,NOT_APPLICABLE,,,,,,,,,,Indicator A7 is not approved for LRR F/MLRA 53B.
34949,S2015ND093031,A8,F,53B,False,NOT_APPLICABLE,,,,,,,,,,Indicator A8 is not approved for LRR F/MLRA 53B.
34949,S2015ND093031,A9,F,53B,True,INSUFFICIENT_INFORMATION,,,,,,,,no observed layer satisfies all depth/thickness/material/color conditions,explicit organic material type; identifiable moist matrix color,"no observed layer satisfies all depth/thickness/material/color conditions; Missing: explicit organic material type, identifiable moist matrix color"
34949,S2015ND093031,A10,F,53B,False,NOT_APPLICABLE,,,,,,,,,,Indicator A10 is not approved for LRR F/MLRA 53B.
34949,S2015ND093031,A11,F,53B,True,INSUFFICIENT_INFORMATION,,,,,,,,no continuous depleted layer satisfies depth/thickness requirements,identifiable moist matrix color,no continuous depleted layer satisfies depth/thickness requirements; Missing: identifiable moist matrix color
34949,S2015ND093031,A12,F,53B,True,INSUFFICIENT_INFORMATION,,,,,,,,no continuous depleted layer satisfies depth/thickness requirements,identifiable moist matrix color,no continuous depleted layer satisfies depth/thickness requirements; Missing: identifiable moist matrix color
34949,S2015ND093031,A13,F,53B,False,NOT_APPLICABLE,,,,,,,,,validated executable rule not included in high-confidence first pass,Approved indicator retained in rulebook but not executed in this first-pass implementation.
34949,S2015ND093031,A14,F,53B,False,NOT_APPLICABLE,,,,,,,,,validated executable rule not included in high-confidence first pass,Approved indicator retained in rulebook but not executed in this first-pass implementation.
34949,S2015ND093031,A15,F,53B,False,NOT_APPLICABLE,,,,,,,,,validated executable rule not included in high-confidence first pass,Approved indicator retained in rulebook but not executed in this first-pass implementation.
34949,S2015ND093031,A16,F,53B,False,NOT_APPLICABLE,,,,,,,,,validated executable rule not included in high-confidence first pass,Approved indicator retained in rulebook but not executed in this first-pass implementation.
34949,S2015ND093031,A17,F,53B,False,NOT_APPLICABLE,,,,,,,,,validated executable rule not included in high-confidence first pass,Approved indicator retained in rulebook but not executed in this first-pass implementation.
34949,S2015ND093031,A18,F,53B,True,INSUFFICIENT_INFORMATION,,,,,,,,,validated executable rule not included in high-confidence first pass,Approved indicator retained in rulebook but not executed in this first-pass implementation.
34949,S2015ND093031,S1,F,53B,True,INSUFFICIENT_INFORMATION,,,,,,,,,validated executable rule not included in high-confidence first pass,Approved indicator retained in rulebook but not executed in this first-pass implementation.
34949,S2015ND093031,S2,F,53B,False,NOT_APPLICABLE,,,,,,,,,validated executable rule not included in high-confidence first pass,Approved indicator retained in rulebook but not executed in this first-pass implementation.
34949,S2015ND093031,S3,F,53B,True,INSUFFICIENT_INFORMATION,,,,,,,,,validated executable rule not included in high-confidence first pass,Approved indicator retained in rulebook but not executed in this first-pass implementation.
34949,S2015ND093031,S4,F,53B,True,INSUFFICIENT_INFORMATION,,,,,,,,no explicit qualifying gley-page matrix at required depth,identifiable moist matrix color,no explicit qualifying gley-page matrix at required depth; Missing: identifiable moist matrix color
34949,S2015ND093031,S5,F,53B,True,INSUFFICIENT_INFORMATION,,,,,,,,no continuous 10-cm sandy layer meets matrix and redox requirements,identifiable moist matrix color,no continuous 10-cm sandy layer meets matrix and redox requirements; Missing: identifiable moist matrix color
34949,S2015ND093031,S6,F,53B,True,INSUFFICIENT_INFORMATION,,,,,,,,,validated executable rule not included in high-confidence first pass,Approved indicator retained in rulebook but not executed in this first-pass implementation.
34949,S2015ND093031,S7,F,53B,False,NOT_APPLICABLE,,,,,,,,,validated executable rule not included in high-confidence first pass,Approved indicator retained in rulebook but not executed in this first-pass implementation.
34949,S2015ND093031,S8,F,53B,False,NOT_APPLICABLE,,,,,,,,,validated executable rule not included in high-confidence first pass,Approved indicator retained in rulebook but not executed in this first-pass implementation.
34949,S2015ND093031,S9,F,53B,False,NOT_APPLICABLE,,,,,,,,,validated executable rule not included in high-confidence first pass,Approved indicator retained in rulebook but not executed in this first-pass implementation.
34949,S2015ND093031,S11,F,53B,False,NOT_APPLICABLE,,,,,,,,,validated executable rule not included in high-confidence first pass,Approved indicator retained in rulebook but not executed in this first-pass implementation.
34949,S2015ND093031,S12,F,53B,False,NOT_APPLICABLE,,,,,,,,,validated executable rule not included in high-confidence first pass,Approved indicator retained in rulebook but not executed in this first-pass implementation.
34949,S2015ND093031,F1,F,53B,True,INSUFFICIENT_INFORMATION,,,,,,,,,validated executable rule not included in high-confidence first pass,Approved indicator retained in rulebook but not executed in this first-pass implementation.
34949,S2015ND093031,F2,F,53B,True,INSUFFICIENT_INFORMATION,,,,,,,,no explicit qualifying gley-page matrix at required depth,identifiable moist matrix color,no explicit qualifying gley-page matrix at required depth; Missing: identifiable moist matrix color
34949,S2015ND093031,F3,F,53B,True,INSUFFICIENT_INFORMATION,,,,,,,,no continuous depleted layer satisfies depth/thickness requirements,identifiable moist matrix color,no continuous depleted layer satisfies depth/thickness requirements; Missing: identifiable moist matrix color
34949,S2015ND093031,F6,F,53B,True,INSUFFICIENT_INFORMATION,,,,,,,,no continuous 10-cm loamy/clayey layer meets conditional color/redox requirements,identifiable moist matrix color,no continuous 10-cm loamy/clayey layer meets conditional color/redox requirements; Missing: identifiable moist matrix color
34949,S2015ND093031,F7,F,53B,True,INSUFFICIENT_INFORMATION,,,,,,,,no continuous 10-cm loamy/clayey layer meets conditional color/redox requirements,identifiable moist matrix color,no continuous 10-cm loamy/clayey layer meets conditional color/redox requirements; Missing: identifiable moist matrix color
34949,S2015ND093031,F8,F,53B,True,INSUFFICIENT_INFORMATION,,,,,,,,,validated executable rule not included in high-confidence first pass,Approved indicator retained in rulebook but not executed in this first-pass implementation.
34949,S2015ND093031,F10,F,53B,False,NOT_APPLICABLE,,,,,,,,,validated executable rule not included in high-confidence first pass,Approved indicator retained in rulebook but not executed in this first-pass implementation.
34949,S2015ND093031,F11,F,53B,False,NOT_APPLICABLE,,,,,,,,,validated executable rule not included in high-confidence first pass,Approved indicator retained in rulebook but not executed in this first-pass implementation.
34949,S2015ND093031,F12,F,53B,False,NOT_APPLICABLE,,,,,,,,,validated executable rule not included in high-confidence first pass,Approved indicator retained in rulebook but not executed in this first-pass implementation.
34949,S2015ND093031,F13,F,53B,False,NOT_APPLICABLE,,,,,,,,,validated executable rule not included in high-confidence first pass,Approved indicator retained in rulebook but not executed in this first-pass implementation.
34949,S2015ND093031,F16,F,53B,False,NOT_APPLICABLE,,,,,,,,,validated executable rule not included in high-confidence first pass,Approved indicator retained in rulebook but not executed in this first-pass implementation.
34949,S2015ND093031,F17,F,53B,False,NOT_APPLICABLE,,,,,,,,,validated executable rule not included in high-confidence first pass,Approved indicator retained in rulebook but not executed in this first-pass implementation.
34949,S2015ND093031,F18,F,53B,False,NOT_APPLICABLE,,,,,,,,,validated executable rule not included in high-confidence first pass,Approved indicator retained in rulebook but not executed in this first-pass implementation.
34949,S2015ND093031,F19,F,53B,False,NOT_APPLICABLE,,,,,,,,,validated executable rule not included in high-confidence first pass,Approved indicator retained in rulebook but not executed in this first-pass implementation.
34949,S2015ND093031,F20,F,53B,False,NOT_APPLICABLE,,,,,,,,,validated executable rule not included in high-confidence first pass,Approved indicator retained in rulebook but not executed in this first-pass implementation.
34949,S2015ND093031,F21,F,53B,False,NOT_APPLICABLE,,,,,,,,,validated executable rule not included in high-confidence first pass,Approved indicator retained in rulebook but not executed in this first-pass implementation.
34949,S2015ND093031,F22,F,53B,False,NOT_APPLICABLE,,,,,,,,,validated executable rule not included in high-confidence first pass,Approved indicator retained in rulebook but not executed in this first-pass implementation.
34950,S2015ND093032,A1,F,53B,True,INDICATOR_NOT_DEMONSTRATED,False,,,,,,,taxonomy is not qualifying Histosol/Histel,,taxonomy is not qualifying Histosol/Histel
34950,S2015ND093032,A2,F,53B,True,INSUFFICIENT_INFORMATION,,,,,,,,,validated executable rule not included in high-confidence first pass,Approved indicator retained in rulebook but not executed in this first-pass implementation.
34950,S2015ND093032,A3,F,53B,True,INSUFFICIENT_INFORMATION,,,,,,,,no observed layer satisfies all depth/thickness/material/color conditions,explicit organic material type,no observed layer satisfies all depth/thickness/material/color conditions; Missing: explicit organic material type
34950,S2015ND093032,A4,F,53B,True,INSUFFICIENT_INFORMATION,,,,,,,,,validated executable rule not included in high-confidence first pass,Approved indicator retained in rulebook but not executed in this first-pass implementation.
34950,S2015ND093032,A5,F,53B,True,INSUFFICIENT_INFORMATION,,,,,,,,,validated executable rule not included in high-confidence first pass,Approved indicator retained in rulebook but not executed in this first-pass implementation.
34950,S2015ND093032,A6,F,53B,False,NOT_APPLICABLE,,,,,,,,,validated executable rule not included in high-confidence first pass,Approved indicator retained in rulebook but not executed in this first-pass implementation.
34950,S2015ND093032,A7,F,53B,False,NOT_APPLICABLE,,,,,,,,,,Indicator A7 is not approved for LRR F/MLRA 53B.
34950,S2015ND093032,A8,F,53B,False,NOT_APPLICABLE,,,,,,,,,,Indicator A8 is not approved for LRR F/MLRA 53B.
34950,S2015ND093032,A9,F,53B,True,INSUFFICIENT_INFORMATION,,,,,,,,no observed layer satisfies all depth/thickness/material/color conditions,explicit organic material type,no observed layer satisfies all depth/thickness/material/color conditions; Missing: explicit organic material type
34950,S2015ND093032,A10,F,53B,False,NOT_APPLICABLE,,,,,,,,,,Indicator A10 is not approved for LRR F/MLRA 53B.
34950,S2015ND093032,A11,F,53B,True,INSUFFICIENT_INFORMATION,,,,,,,,no continuous depleted layer satisfies depth/thickness requirements,explicit wetness-derived depleted matrix,no continuous depleted layer satisfies depth/thickness requirements; Missing: explicit wetness-derived depleted matrix
34950,S2015ND093032,A12,F,53B,True,INSUFFICIENT_INFORMATION,,,,,,,,no continuous depleted layer satisfies depth/thickness requirements,explicit wetness-derived depleted matrix,no continuous depleted layer satisfies depth/thickness requirements; Missing: explicit wetness-derived depleted matrix
34950,S2015ND093032,A13,F,53B,False,NOT_APPLICABLE,,,,,,,,,validated executable rule not included in high-confidence first pass,Approved indicator retained in rulebook but not executed in this first-pass implementation.
34950,S2015ND093032,A14,F,53B,False,NOT_APPLICABLE,,,,,,,,,validated executable rule not included in high-confidence first pass,Approved indicator retained in rulebook but not executed in this first-pass implementation.
34950,S2015ND093032,A15,F,53B,False,NOT_APPLICABLE,,,,,,,,,validated executable rule not included in high-confidence first pass,Approved indicator retained in rulebook but not executed in this first-pass implementation.
34950,S2015ND093032,A16,F,53B,False,NOT_APPLICABLE,,,,,,,,,validated executable rule not included in high-confidence first pass,Approved indicator retained in rulebook but not executed in this first-pass implementation.
34950,S2015ND093032,A17,F,53B,False,NOT_APPLICABLE,,,,,,,,,validated executable rule not included in high-confidence first pass,Approved indicator retained in rulebook but not executed in this first-pass implementation.
34950,S2015ND093032,A18,F,53B,True,INSUFFICIENT_INFORMATION,,,,,,,,,validated executable rule not included in high-confidence first pass,Approved indicator retained in rulebook but not executed in this first-pass implementation.
34950,S2015ND093032,S1,F,53B,True,INSUFFICIENT_INFORMATION,,,,,,,,,validated executable rule not included in high-confidence first pass,Approved indicator retained in rulebook but not executed in this first-pass implementation.
34950,S2015ND093032,S2,F,53B,False,NOT_APPLICABLE,,,,,,,,,validated executable rule not included in high-confidence first pass,Approved indicator retained in rulebook but not executed in this first-pass implementation.
34950,S2015ND093032,S3,F,53B,True,INSUFFICIENT_INFORMATION,,,,,,,,,validated executable rule not included in high-confidence first pass,Approved indicator retained in rulebook but not executed in this first-pass implementation.
34950,S2015ND093032,S4,F,53B,True,INDICATOR_NOT_DEMONSTRATED,False,,,,,,,no explicit qualifying gley-page matrix at required depth,,no explicit qualifying gley-page matrix at required depth
34950,S2015ND093032,S5,F,53B,True,INSUFFICIENT_INFORMATION,,,,,,,,no continuous 10-cm sandy layer meets matrix and redox requirements,redox percentage/type/contrast,no continuous 10-cm sandy layer meets matrix and redox requirements; Missing: redox percentage/type/contrast
34950,S2015ND093032,S6,F,53B,True,INSUFFICIENT_INFORMATION,,,,,,,,,validated executable rule not included in high-confidence first pass,Approved indicator retained in rulebook but not executed in this first-pass implementation.
34950,S2015ND093032,S7,F,53B,False,NOT_APPLICABLE,,,,,,,,,validated executable rule not included in high-confidence first pass,Approved indicator retained in rulebook but not executed in this first-pass implementation.
34950,S2015ND093032,S8,F,53B,False,NOT_APPLICABLE,,,,,,,,,validated executable rule not included in high-confidence first pass,Approved indicator retained in rulebook but not executed in this first-pass implementation.
34950,S2015ND093032,S9,F,53B,False,NOT_APPLICABLE,,,,,,,,,validated executable rule not included in high-confidence first pass,Approved indicator retained in rulebook but not executed in this first-pass implementation.
34950,S2015ND093032,S11,F,53B,False,NOT_APPLICABLE,,,,,,,,,validated executable rule not included in high-confidence first pass,Approved indicator retained in rulebook but not executed in this first-pass implementation.
34950,S2015ND093032,S12,F,53B,False,NOT_APPLICABLE,,,,,,,,,validated executable rule not included in high-confidence first pass,Approved indicator retained in rulebook but not executed in this first-pass implementation.
34950,S2015ND093032,F1,F,53B,True,INSUFFICIENT_INFORMATION,,,,,,,,,validated executable rule not included in high-confidence first pass,Approved indicator retained in rulebook but not executed in this first-pass implementation.
34950,S2015ND093032,F2,F,53B,True,INDICATOR_NOT_DEMONSTRATED,False,,,,,,,no explicit qualifying gley-page matrix at required depth,,no explicit qualifying gley-page matrix at required depth
34950,S2015ND093032,F3,F,53B,True,INSUFFICIENT_INFORMATION,,,,,,,,no continuous depleted layer satisfies depth/thickness requirements,explicit wetness-derived depleted matrix,no continuous depleted layer satisfies depth/thickness requirements; Missing: explicit wetness-derived depleted matrix
34950,S2015ND093032,F6,F,53B,True,INSUFFICIENT_INFORMATION,,,,,,,,no continuous 10-cm loamy/clayey layer meets conditional color/redox requirements,quantitative redox description,no continuous 10-cm loamy/clayey layer meets conditional color/redox requirements; Missing: quantitative redox description
34950,S2015ND093032,F7,F,53B,True,INSUFFICIENT_INFORMATION,,,,,,,,no continuous 10-cm loamy/clayey layer meets conditional color/redox requirements,quantitative redox description,no continuous 10-cm loamy/clayey layer meets conditional color/redox requirements; Missing: quantitative redox description
34950,S2015ND093032,F8,F,53B,True,INSUFFICIENT_INFORMATION,,,,,,,,,validated executable rule not included in high-confidence first pass,Approved indicator retained in rulebook but not executed in this first-pass implementation.
34950,S2015ND093032,F10,F,53B,False,NOT_APPLICABLE,,,,,,,,,validated executable rule not included in high-confidence first pass,Approved indicator retained in rulebook but not executed in this first-pass implementation.
34950,S2015ND093032,F11,F,53B,False,NOT_APPLICABLE,,,,,,,,,validated executable rule not included in high-confidence first pass,Approved indicator retained in rulebook but not executed in this first-pass implementation.
34950,S2015ND093032,F12,F,53B,False,NOT_APPLICABLE,,,,,,,,,validated executable rule not included in high-confidence first pass,Approved indicator retained in rulebook but not executed in this first-pass implementation.
34950,S2015ND093032,F13,F,53B,False,NOT_APPLICABLE,,,,,,,,,validated executable rule not included in high-confidence first pass,Approved indicator retained in rulebook but not executed in this first-pass implementation.
34950,S2015ND093032,F16,F,53B,False,NOT_APPLICABLE,,,,,,,,,validated executable rule not included in high-confidence first pass,Approved indicator retained in rulebook but not executed in this first-pass implementation.
34950,S2015ND093032,F17,F,53B,False,NOT_APPLICABLE,,,,,,,,,validated executable rule not included in high-confidence first pass,Approved indicator retained in rulebook but not executed in this first-pass implementation.
34950,S2015ND093032,F18,F,53B,False,NOT_APPLICABLE,,,,,,,,,validated executable rule not included in high-confidence first pass,Approved indicator retained in rulebook but not executed in this first-pass implementation.
34950,S2015ND093032,F19,F,53B,False,NOT_APPLICABLE,,,,,,,,,validated executable rule not included in high-confidence first pass,Approved indicator retained in rulebook but not executed in this first-pass implementation.
34950,S2015ND093032,F20,F,53B,False,NOT_APPLICABLE,,,,,,,,,validated executable rule not included in high-confidence first pass,Approved indicator retained in rulebook but not executed in this first-pass implementation.
34950,S2015ND093032,F21,F,53B,False,NOT_APPLICABLE,,,,,,,,,validated executable rule not included in high-confidence first pass,Approved indicator retained in rulebook but not executed in this first-pass implementation.
34950,S2015ND093032,F22,F,53B,False,NOT_APPLICABLE,,,,,,,,,validated executable rule not included in high-confidence first pass,Approved indicator retained in rulebook but not executed in this first-pass implementation.
34951,S2015ND093033,A1,F,53B,True,INDICATOR_NOT_DEMONSTRATED,False,,,,,,,taxonomy is not qualifying Histosol/Histel,,taxonomy is not qualifying Histosol/Histel
34951,S2015ND093033,A2,F,53B,True,INSUFFICIENT_INFORMATION,,,,,,,,,validated executable rule not included in high-confidence first pass,Approved indicator retained in rulebook but not executed in this first-pass implementation.
34951,S2015ND093033,A3,F,53B,True,INSUFFICIENT_INFORMATION,,,,,,,,no observed layer satisfies all depth/thickness/material/color conditions,explicit organic material type,no observed layer satisfies all depth/thickness/material/color conditions; Missing: explicit organic material type
34951,S2015ND093033,A4,F,53B,True,INSUFFICIENT_INFORMATION,,,,,,,,,validated executable rule not included in high-confidence first pass,Approved indicator retained in rulebook but not executed in this first-pass implementation.
34951,S2015ND093033,A5,F,53B,True,INSUFFICIENT_INFORMATION,,,,,,,,,validated executable rule not included in high-confidence first pass,Approved indicator retained in rulebook but not executed in this first-pass implementation.
34951,S2015ND093033,A6,F,53B,False,NOT_APPLICABLE,,,,,,,,,validated executable rule not included in high-confidence first pass,Approved indicator retained in rulebook but not executed in this first-pass implementation.
34951,S2015ND093033,A7,F,53B,False,NOT_APPLICABLE,,,,,,,,,,Indicator A7 is not approved for LRR F/MLRA 53B.
34951,S2015ND093033,A8,F,53B,False,NOT_APPLICABLE,,,,,,,,,,Indicator A8 is not approved for LRR F/MLRA 53B.
34951,S2015ND093033,A9,F,53B,True,INSUFFICIENT_INFORMATION,,,,,,,,no observed layer satisfies all depth/thickness/material/color conditions,explicit organic material type,no observed layer satisfies all depth/thickness/material/color conditions; Missing: explicit organic material type
34951,S2015ND093033,A10,F,53B,False,NOT_APPLICABLE,,,,,,,,,,Indicator A10 is not approved for LRR F/MLRA 53B.
34951,S2015ND093033,A11,F,53B,True,INSUFFICIENT_INFORMATION,,,,,,,,no continuous depleted layer satisfies depth/thickness requirements,explicit wetness-derived depleted matrix,no continuous depleted layer satisfies depth/thickness requirements; Missing: explicit wetness-derived depleted matrix
34951,S2015ND093033,A12,F,53B,True,INSUFFICIENT_INFORMATION,,,,,,,,no continuous depleted layer satisfies depth/thickness requirements,explicit wetness-derived depleted matrix,no continuous depleted layer satisfies depth/thickness requirements; Missing: explicit wetness-derived depleted matrix
34951,S2015ND093033,A13,F,53B,False,NOT_APPLICABLE,,,,,,,,,validated executable rule not included in high-confidence first pass,Approved indicator retained in rulebook but not executed in this first-pass implementation.
34951,S2015ND093033,A14,F,53B,False,NOT_APPLICABLE,,,,,,,,,validated executable rule not included in high-confidence first pass,Approved indicator retained in rulebook but not executed in this first-pass implementation.
34951,S2015ND093033,A15,F,53B,False,NOT_APPLICABLE,,,,,,,,,validated executable rule not included in high-confidence first pass,Approved indicator retained in rulebook but not executed in this first-pass implementation.
34951,S2015ND093033,A16,F,53B,False,NOT_APPLICABLE,,,,,,,,,validated executable rule not included in high-confidence first pass,Approved indicator retained in rulebook but not executed in this first-pass implementation.
34951,S2015ND093033,A17,F,53B,False,NOT_APPLICABLE,,,,,,,,,validated executable rule not included in high-confidence first pass,Approved indicator retained in rulebook but not executed in this first-pass implementation.
34951,S2015ND093033,A18,F,53B,True,INSUFFICIENT_INFORMATION,,,,,,,,,validated executable rule not included in high-confidence first pass,Approved indicator retained in rulebook but not executed in this first-pass implementation.
34951,S2015ND093033,S1,F,53B,True,INSUFFICIENT_INFORMATION,,,,,,,,,validated executable rule not included in high-confidence first pass,Approved indicator retained in rulebook but not executed in this first-pass implementation.
34951,S2015ND093033,S2,F,53B,False,NOT_APPLICABLE,,,,,,,,,validated executable rule not included in high-confidence first pass,Approved indicator retained in rulebook but not executed in this first-pass implementation.
34951,S2015ND093033,S3,F,53B,True,INSUFFICIENT_INFORMATION,,,,,,,,,validated executable rule not included in high-confidence first pass,Approved indicator retained in rulebook but not executed in this first-pass implementation.
34951,S2015ND093033,S4,F,53B,True,INDICATOR_NOT_DEMONSTRATED,False,,,,,,,no explicit qualifying gley-page matrix at required depth,,no explicit qualifying gley-page matrix at required depth
34951,S2015ND093033,S5,F,53B,True,INDICATOR_NOT_DEMONSTRATED,False,,,,,,,no continuous 10-cm sandy layer meets matrix and redox requirements,,no continuous 10-cm sandy layer meets matrix and redox requirements
34951,S2015ND093033,S6,F,53B,True,INSUFFICIENT_INFORMATION,,,,,,,,,validated executable rule not included in high-confidence first pass,Approved indicator retained in rulebook but not executed in this first-pass implementation.
34951,S2015ND093033,S7,F,53B,False,NOT_APPLICABLE,,,,,,,,,validated executable rule not included in high-confidence first pass,Approved indicator retained in rulebook but not executed in this first-pass implementation.
34951,S2015ND093033,S8,F,53B,False,NOT_APPLICABLE,,,,,,,,,validated executable rule not included in high-confidence first pass,Approved indicator retained in rulebook but not executed in this first-pass implementation.
34951,S2015ND093033,S9,F,53B,False,NOT_APPLICABLE,,,,,,,,,validated executable rule not included in high-confidence first pass,Approved indicator retained in rulebook but not executed in this first-pass implementation.
34951,S2015ND093033,S11,F,53B,False,NOT_APPLICABLE,,,,,,,,,validated executable rule not included in high-confidence first pass,Approved indicator retained in rulebook but not executed in this first-pass implementation.
34951,S2015ND093033,S12,F,53B,False,NOT_APPLICABLE,,,,,,,,,validated executable rule not included in high-confidence first pass,Approved indicator retained in rulebook but not executed in this first-pass implementation.
34951,S2015ND093033,F1,F,53B,True,INSUFFICIENT_INFORMATION,,,,,,,,,validated executable rule not included in high-confidence first pass,Approved indicator retained in rulebook but not executed in this first-pass implementation.
34951,S2015ND093033,F2,F,53B,True,INDICATOR_NOT_DEMONSTRATED,False,,,,,,,no explicit qualifying gley-page matrix at required depth,,no explicit qualifying gley-page matrix at required depth
34951,S2015ND093033,F3,F,53B,True,INSUFFICIENT_INFORMATION,,,,,,,,no continuous depleted layer satisfies depth/thickness requirements,explicit wetness-derived depleted matrix,no continuous depleted layer satisfies depth/thickness requirements; Missing: explicit wetness-derived depleted matrix
34951,S2015ND093033,F6,F,53B,True,INDICATOR_NOT_DEMONSTRATED,False,,,,,,,no continuous 10-cm loamy/clayey layer meets conditional color/redox requirements,,no continuous 10-cm loamy/clayey layer meets conditional color/redox requirements
34951,S2015ND093033,F7,F,53B,True,INDICATOR_NOT_DEMONSTRATED,False,,,,,,,no continuous 10-cm loamy/clayey layer meets conditional color/redox requirements,,no continuous 10-cm loamy/clayey layer meets conditional color/redox requirements
34951,S2015ND093033,F8,F,53B,True,INSUFFICIENT_INFORMATION,,,,,,,,,validated executable rule not included in high-confidence first pass,Approved indicator retained in rulebook but not executed in this first-pass implementation.
34951,S2015ND093033,F10,F,53B,False,NOT_APPLICABLE,,,,,,,,,validated executable rule not included in high-confidence first pass,Approved indicator retained in rulebook but not executed in this first-pass implementation.
34951,S2015ND093033,F11,F,53B,False,NOT_APPLICABLE,,,,,,,,,validated executable rule not included in high-confidence first pass,Approved indicator retained in rulebook but not executed in this first-pass implementation.
34951,S2015ND093033,F12,F,53B,False,NOT_APPLICABLE,,,,,,,,,validated executable rule not included in high-confidence first pass,Approved indicator retained in rulebook but not executed in this first-pass implementation.
34951,S2015ND093033,F13,F,53B,False,NOT_APPLICABLE,,,,,,,,,validated executable rule not included in high-confidence first pass,Approved indicator retained in rulebook but not executed in this first-pass implementation.
34951,S2015ND093033,F16,F,53B,False,NOT_APPLICABLE,,,,,,,,,validated executable rule not included in high-confidence first pass,Approved indicator retained in rulebook but not executed in this first-pass implementation.
34951,S2015ND093033,F17,F,53B,False,NOT_APPLICABLE,,,,,,,,,validated executable rule not included in high-confidence first pass,Approved indicator retained in rulebook but not executed in this first-pass implementation.
34951,S2015ND093033,F18,F,53B,False,NOT_APPLICABLE,,,,,,,,,validated executable rule not included in high-confidence first pass,Approved indicator retained in rulebook but not executed in this first-pass implementation.
34951,S2015ND093033,F19,F,53B,False,NOT_APPLICABLE,,,,,,,,,validated executable rule not included in high-confidence first pass,Approved indicator retained in rulebook but not executed in this first-pass implementation.
34951,S2015ND093033,F20,F,53B,False,NOT_APPLICABLE,,,,,,,,,validated executable rule not included in high-confidence first pass,Approved indicator retained in rulebook but not executed in this first-pass implementation.
34951,S2015ND093033,F21,F,53B,False,NOT_APPLICABLE,,,,,,,,,validated executable rule not included in high-confidence first pass,Approved indicator retained in rulebook but not executed in this first-pass implementation.
34951,S2015ND093033,F22,F,53B,False,NOT_APPLICABLE,,,,,,,,,validated executable rule not included in high-confidence first pass,Approved indicator retained in rulebook but not executed in this first-pass implementation.
34952,S2015ND093034,A1,F,53B,True,INDICATOR_NOT_DEMONSTRATED,False,,,,,,,taxonomy is not qualifying Histosol/Histel,,taxonomy is not qualifying Histosol/Histel
34952,S2015ND093034,A2,F,53B,True,INSUFFICIENT_INFORMATION,,,,,,,,,validated executable rule not included in high-confidence first pass,Approved indicator retained in rulebook but not executed in this first-pass implementation.
34952,S2015ND093034,A3,F,53B,True,INSUFFICIENT_INFORMATION,,,,,,,,no observed layer satisfies all depth/thickness/material/color conditions,explicit organic material type,no observed layer satisfies all depth/thickness/material/color conditions; Missing: explicit organic material type
34952,S2015ND093034,A4,F,53B,True,INSUFFICIENT_INFORMATION,,,,,,,,,validated executable rule not included in high-confidence first pass,Approved indicator retained in rulebook but not executed in this first-pass implementation.
34952,S2015ND093034,A5,F,53B,True,INSUFFICIENT_INFORMATION,,,,,,,,,validated executable rule not included in high-confidence first pass,Approved indicator retained in rulebook but not executed in this first-pass implementation.
34952,S2015ND093034,A6,F,53B,False,NOT_APPLICABLE,,,,,,,,,validated executable rule not included in high-confidence first pass,Approved indicator retained in rulebook but not executed in this first-pass implementation.
34952,S2015ND093034,A7,F,53B,False,NOT_APPLICABLE,,,,,,,,,,Indicator A7 is not approved for LRR F/MLRA 53B.
34952,S2015ND093034,A8,F,53B,False,NOT_APPLICABLE,,,,,,,,,,Indicator A8 is not approved for LRR F/MLRA 53B.
34952,S2015ND093034,A9,F,53B,True,INSUFFICIENT_INFORMATION,,,,,,,,no observed layer satisfies all depth/thickness/material/color conditions,explicit organic material type,no observed layer satisfies all depth/thickness/material/color conditions; Missing: explicit organic material type
34952,S2015ND093034,A10,F,53B,False,NOT_APPLICABLE,,,,,,,,,,Indicator A10 is not approved for LRR F/MLRA 53B.
34952,S2015ND093034,A11,F,53B,True,INSUFFICIENT_INFORMATION,,,,,,,,no continuous depleted layer satisfies depth/thickness requirements,explicit wetness-derived depleted matrix,no continuous depleted layer satisfies depth/thickness requirements; Missing: explicit wetness-derived depleted matrix
34952,S2015ND093034,A12,F,53B,True,INSUFFICIENT_INFORMATION,,,,,,,,no continuous depleted layer satisfies depth/thickness requirements,explicit wetness-derived depleted matrix,no continuous depleted layer satisfies depth/thickness requirements; Missing: explicit wetness-derived depleted matrix
34952,S2015ND093034,A13,F,53B,False,NOT_APPLICABLE,,,,,,,,,validated executable rule not included in high-confidence first pass,Approved indicator retained in rulebook but not executed in this first-pass implementation.
34952,S2015ND093034,A14,F,53B,False,NOT_APPLICABLE,,,,,,,,,validated executable rule not included in high-confidence first pass,Approved indicator retained in rulebook but not executed in this first-pass implementation.
34952,S2015ND093034,A15,F,53B,False,NOT_APPLICABLE,,,,,,,,,validated executable rule not included in high-confidence first pass,Approved indicator retained in rulebook but not executed in this first-pass implementation.
34952,S2015ND093034,A16,F,53B,False,NOT_APPLICABLE,,,,,,,,,validated executable rule not included in high-confidence first pass,Approved indicator retained in rulebook but not executed in this first-pass implementation.
34952,S2015ND093034,A17,F,53B,False,NOT_APPLICABLE,,,,,,,,,validated executable rule not included in high-confidence first pass,Approved indicator retained in rulebook but not executed in this first-pass implementation.
34952,S2015ND093034,A18,F,53B,True,INSUFFICIENT_INFORMATION,,,,,,,,,validated executable rule not included in high-confidence first pass,Approved indicator retained in rulebook but not executed in this first-pass implementation.
34952,S2015ND093034,S1,F,53B,True,INSUFFICIENT_INFORMATION,,,,,,,,,validated executable rule not included in high-confidence first pass,Approved indicator retained in rulebook but not executed in this first-pass implementation.
34952,S2015ND093034,S2,F,53B,False,NOT_APPLICABLE,,,,,,,,,validated executable rule not included in high-confidence first pass,Approved indicator retained in rulebook but not executed in this first-pass implementation.
34952,S2015ND093034,S3,F,53B,True,INSUFFICIENT_INFORMATION,,,,,,,,,validated executable rule not included in high-confidence first pass,Approved indicator retained in rulebook but not executed in this first-pass implementation.
34952,S2015ND093034,S4,F,53B,True,INDICATOR_NOT_DEMONSTRATED,False,,,,,,,no explicit qualifying gley-page matrix at required depth,,no explicit qualifying gley-page matrix at required depth
34952,S2015ND093034,S5,F,53B,True,INSUFFICIENT_INFORMATION,,,,,,,,no continuous 10-cm sandy layer meets matrix and redox requirements,redox percentage/type/contrast,no continuous 10-cm sandy layer meets matrix and redox requirements; Missing: redox percentage/type/contrast
34952,S2015ND093034,S6,F,53B,True,INSUFFICIENT_INFORMATION,,,,,,,,,validated executable rule not included in high-confidence first pass,Approved indicator retained in rulebook but not executed in this first-pass implementation.
34952,S2015ND093034,S7,F,53B,False,NOT_APPLICABLE,,,,,,,,,validated executable rule not included in high-confidence first pass,Approved indicator retained in rulebook but not executed in this first-pass implementation.
34952,S2015ND093034,S8,F,53B,False,NOT_APPLICABLE,,,,,,,,,validated executable rule not included in high-confidence first pass,Approved indicator retained in rulebook but not executed in this first-pass implementation.
34952,S2015ND093034,S9,F,53B,False,NOT_APPLICABLE,,,,,,,,,validated executable rule not included in high-confidence first pass,Approved indicator retained in rulebook but not executed in this first-pass implementation.
34952,S2015ND093034,S11,F,53B,False,NOT_APPLICABLE,,,,,,,,,validated executable rule not included in high-confidence first pass,Approved indicator retained in rulebook but not executed in this first-pass implementation.
34952,S2015ND093034,S12,F,53B,False,NOT_APPLICABLE,,,,,,,,,validated executable rule not included in high-confidence first pass,Approved indicator retained in rulebook but not executed in this first-pass implementation.
34952,S2015ND093034,F1,F,53B,True,INSUFFICIENT_INFORMATION,,,,,,,,,validated executable rule not included in high-confidence first pass,Approved indicator retained in rulebook but not executed in this first-pass implementation.
34952,S2015ND093034,F2,F,53B,True,INDICATOR_PRESENT,True,ABk,20-36 cm,"brown (10YR 5/3), 10Y 4/3 (10Y 4/3), moist",,loam,"ABk—20 to 36 centimeters (7.9 to 14.2 inches); brown (10YR 5/3), 10Y 4/3 (10Y 4/3), moist; loam; slightly hard, friable, slightly sticky, slightly plastic; moderate permeability; common (3.0) very fine roots throughout and common (3.0) medium roots throughout and common (3.0) fine roots throughout; common (3.0) very fine tubular pores; carbonate, finely disseminated throughout; 1 percent by volume nonflat subangular indurated 75-150-250 millimeter mixed fragments observed by visual inspection method and 6 percent by volume nonflat subangular indurated 2-40-75 millimeter mixed fragments observed by visual inspection method; violent effervescence, by hcl, 1n. Lab sample # 16N01650; moist when described; observed in auger, bucket",,,Requirements satisfied.
34952,S2015ND093034,F3,F,53B,True,INSUFFICIENT_INFORMATION,,,,,,,,no continuous depleted layer satisfies depth/thickness requirements,explicit wetness-derived depleted matrix,no continuous depleted layer satisfies depth/thickness requirements; Missing: explicit wetness-derived depleted matrix
34952,S2015ND093034,F6,F,53B,True,INSUFFICIENT_INFORMATION,,,,,,,,no continuous 10-cm loamy/clayey layer meets conditional color/redox requirements,quantitative redox description,no continuous 10-cm loamy/clayey layer meets conditional color/redox requirements; Missing: quantitative redox description
34952,S2015ND093034,F7,F,53B,True,INSUFFICIENT_INFORMATION,,,,,,,,no continuous 10-cm loamy/clayey layer meets conditional color/redox requirements,quantitative redox description,no continuous 10-cm loamy/clayey layer meets conditional color/redox requirements; Missing: quantitative redox description
34952,S2015ND093034,F8,F,53B,True,INSUFFICIENT_INFORMATION,,,,,,,,,validated executable rule not included in high-confidence first pass,Approved indicator retained in rulebook but not executed in this first-pass implementation.
34952,S2015ND093034,F10,F,53B,False,NOT_APPLICABLE,,,,,,,,,validated executable rule not included in high-confidence first pass,Approved indicator retained in rulebook but not executed in this first-pass implementation.
34952,S2015ND093034,F11,F,53B,False,NOT_APPLICABLE,,,,,,,,,validated executable rule not included in high-confidence first pass,Approved indicator retained in rulebook but not executed in this first-pass implementation.
34952,S2015ND093034,F12,F,53B,False,NOT_APPLICABLE,,,,,,,,,validated executable rule not included in high-confidence first pass,Approved indicator retained in rulebook but not executed in this first-pass implementation.
34952,S2015ND093034,F13,F,53B,False,NOT_APPLICABLE,,,,,,,,,validated executable rule not included in high-confidence first pass,Approved indicator retained in rulebook but not executed in this first-pass implementation.
34952,S2015ND093034,F16,F,53B,False,NOT_APPLICABLE,,,,,,,,,validated executable rule not included in high-confidence first pass,Approved indicator retained in rulebook but not executed in this first-pass implementation.
34952,S2015ND093034,F17,F,53B,False,NOT_APPLICABLE,,,,,,,,,validated executable rule not included in high-confidence first pass,Approved indicator retained in rulebook but not executed in this first-pass implementation.
34952,S2015ND093034,F18,F,53B,False,NOT_APPLICABLE,,,,,,,,,validated executable rule not included in high-confidence first pass,Approved indicator retained in rulebook but not executed in this first-pass implementation.
34952,S2015ND093034,F19,F,53B,False,NOT_APPLICABLE,,,,,,,,,validated executable rule not included in high-confidence first pass,Approved indicator retained in rulebook but not executed in this first-pass implementation.
34952,S2015ND093034,F20,F,53B,False,NOT_APPLICABLE,,,,,,,,,validated executable rule not included in high-confidence first pass,Approved indicator retained in rulebook but not executed in this first-pass implementation.
34952,S2015ND093034,F21,F,53B,False,NOT_APPLICABLE,,,,,,,,,validated executable rule not included in high-confidence first pass,Approved indicator retained in rulebook but not executed in this first-pass implementation.
34952,S2015ND093034,F22,F,53B,False,NOT_APPLICABLE,,,,,,,,,validated executable rule not included in high-confidence first pass,Approved indicator retained in rulebook but not executed in this first-pass implementation.
35444,S2016ND059001,A1,F,54,True,INDICATOR_NOT_DEMONSTRATED,False,,,,,,,taxonomy is not qualifying Histosol/Histel,,taxonomy is not qualifying Histosol/Histel
35444,S2016ND059001,A2,F,54,True,INSUFFICIENT_INFORMATION,,,,,,,,,validated executable rule not included in high-confidence first pass,Approved indicator retained in rulebook but not executed in this first-pass implementation.
35444,S2016ND059001,A3,F,54,True,INSUFFICIENT_INFORMATION,,,,,,,,no observed layer satisfies all depth/thickness/material/color conditions,explicit organic material type,no observed layer satisfies all depth/thickness/material/color conditions; Missing: explicit organic material type
35444,S2016ND059001,A4,F,54,True,INSUFFICIENT_INFORMATION,,,,,,,,,validated executable rule not included in high-confidence first pass,Approved indicator retained in rulebook but not executed in this first-pass implementation.
35444,S2016ND059001,A5,F,54,True,INSUFFICIENT_INFORMATION,,,,,,,,,validated executable rule not included in high-confidence first pass,Approved indicator retained in rulebook but not executed in this first-pass implementation.
35444,S2016ND059001,A6,F,54,False,NOT_APPLICABLE,,,,,,,,,validated executable rule not included in high-confidence first pass,Approved indicator retained in rulebook but not executed in this first-pass implementation.
35444,S2016ND059001,A7,F,54,False,NOT_APPLICABLE,,,,,,,,,,Indicator A7 is not approved for LRR F/MLRA 54.
35444,S2016ND059001,A8,F,54,False,NOT_APPLICABLE,,,,,,,,,,Indicator A8 is not approved for LRR F/MLRA 54.
35444,S2016ND059001,A9,F,54,True,INSUFFICIENT_INFORMATION,,,,,,,,no observed layer satisfies all depth/thickness/material/color conditions,explicit organic material type,no observed layer satisfies all depth/thickness/material/color conditions; Missing: explicit organic material type
35444,S2016ND059001,A10,F,54,False,NOT_APPLICABLE,,,,,,,,,,Indicator A10 is not approved for LRR F/MLRA 54.
35444,S2016ND059001,A11,F,54,True,INSUFFICIENT_INFORMATION,,,,,,,,no continuous depleted layer satisfies depth/thickness requirements,explicit wetness-derived depleted matrix,no continuous depleted layer satisfies depth/thickness requirements; Missing: explicit wetness-derived depleted matrix
35444,S2016ND059001,A12,F,54,True,INSUFFICIENT_INFORMATION,,,,,,,,no continuous depleted layer satisfies depth/thickness requirements,explicit wetness-derived depleted matrix,no continuous depleted layer satisfies depth/thickness requirements; Missing: explicit wetness-derived depleted matrix
35444,S2016ND059001,A13,F,54,False,NOT_APPLICABLE,,,,,,,,,validated executable rule not included in high-confidence first pass,Approved indicator retained in rulebook but not executed in this first-pass implementation.
35444,S2016ND059001,A14,F,54,False,NOT_APPLICABLE,,,,,,,,,validated executable rule not included in high-confidence first pass,Approved indicator retained in rulebook but not executed in this first-pass implementation.
35444,S2016ND059001,A15,F,54,False,NOT_APPLICABLE,,,,,,,,,validated executable rule not included in high-confidence first pass,Approved indicator retained in rulebook but not executed in this first-pass implementation.
35444,S2016ND059001,A16,F,54,False,NOT_APPLICABLE,,,,,,,,,validated executable rule not included in high-confidence first pass,Approved indicator retained in rulebook but not executed in this first-pass implementation.
35444,S2016ND059001,A17,F,54,False,NOT_APPLICABLE,,,,,,,,,validated executable rule not included in high-confidence first pass,Approved indicator retained in rulebook but not executed in this first-pass implementation.
35444,S2016ND059001,A18,F,54,True,INSUFFICIENT_INFORMATION,,,,,,,,,validated executable rule not included in high-confidence first pass,Approved indicator retained in rulebook but not executed in this first-pass implementation.
35444,S2016ND059001,S1,F,54,True,INSUFFICIENT_INFORMATION,,,,,,,,,validated executable rule not included in high-confidence first pass,Approved indicator retained in rulebook but not executed in this first-pass implementation.
35444,S2016ND059001,S2,F,54,False,NOT_APPLICABLE,,,,,,,,,validated executable rule not included in high-confidence first pass,Approved indicator retained in rulebook but not executed in this first-pass implementation.
35444,S2016ND059001,S3,F,54,True,INSUFFICIENT_INFORMATION,,,,,,,,,validated executable rule not included in high-confidence first pass,Approved indicator retained in rulebook but not executed in this first-pass implementation.
35444,S2016ND059001,S4,F,54,True,INDICATOR_NOT_DEMONSTRATED,False,,,,,,,no explicit qualifying gley-page matrix at required depth,,no explicit qualifying gley-page matrix at required depth
35444,S2016ND059001,S5,F,54,True,INSUFFICIENT_INFORMATION,,,,,,,,no continuous 10-cm sandy layer meets matrix and redox requirements,redox percentage/type/contrast,no continuous 10-cm sandy layer meets matrix and redox requirements; Missing: redox percentage/type/contrast
35444,S2016ND059001,S6,F,54,True,INSUFFICIENT_INFORMATION,,,,,,,,,validated executable rule not included in high-confidence first pass,Approved indicator retained in rulebook but not executed in this first-pass implementation.
35444,S2016ND059001,S7,F,54,False,NOT_APPLICABLE,,,,,,,,,validated executable rule not included in high-confidence first pass,Approved indicator retained in rulebook but not executed in this first-pass implementation.
35444,S2016ND059001,S8,F,54,False,NOT_APPLICABLE,,,,,,,,,validated executable rule not included in high-confidence first pass,Approved indicator retained in rulebook but not executed in this first-pass implementation.
35444,S2016ND059001,S9,F,54,False,NOT_APPLICABLE,,,,,,,,,validated executable rule not included in high-confidence first pass,Approved indicator retained in rulebook but not executed in this first-pass implementation.
35444,S2016ND059001,S11,F,54,False,NOT_APPLICABLE,,,,,,,,,validated executable rule not included in high-confidence first pass,Approved indicator retained in rulebook but not executed in this first-pass implementation.
35444,S2016ND059001,S12,F,54,False,NOT_APPLICABLE,,,,,,,,,validated executable rule not included in high-confidence first pass,Approved indicator retained in rulebook but not executed in this first-pass implementation.
35444,S2016ND059001,F1,F,54,True,INSUFFICIENT_INFORMATION,,,,,,,,,validated executable rule not included in high-confidence first pass,Approved indicator retained in rulebook but not executed in this first-pass implementation.
35444,S2016ND059001,F2,F,54,True,INDICATOR_NOT_DEMONSTRATED,False,,,,,,,no explicit qualifying gley-page matrix at required depth,,no explicit qualifying gley-page matrix at required depth
35444,S2016ND059001,F3,F,54,True,INSUFFICIENT_INFORMATION,,,,,,,,no continuous depleted layer satisfies depth/thickness requirements,explicit wetness-derived depleted matrix,no continuous depleted layer satisfies depth/thickness requirements; Missing: explicit wetness-derived depleted matrix
35444,S2016ND059001,F6,F,54,True,INSUFFICIENT_INFORMATION,,,,,,,,no continuous 10-cm loamy/clayey layer meets conditional color/redox requirements,quantitative redox description,no continuous 10-cm loamy/clayey layer meets conditional color/redox requirements; Missing: quantitative redox description
35444,S2016ND059001,F7,F,54,True,INSUFFICIENT_INFORMATION,,,,,,,,no continuous 10-cm loamy/clayey layer meets conditional color/redox requirements,quantitative redox description,no continuous 10-cm loamy/clayey layer meets conditional color/redox requirements; Missing: quantitative redox description
35444,S2016ND059001,F8,F,54,True,INSUFFICIENT_INFORMATION,,,,,,,,,validated executable rule not included in high-confidence first pass,Approved indicator retained in rulebook but not executed in this first-pass implementation.
35444,S2016ND059001,F10,F,54,False,NOT_APPLICABLE,,,,,,,,,validated executable rule not included in high-confidence first pass,Approved indicator retained in rulebook but not executed in this first-pass implementation.
35444,S2016ND059001,F11,F,54,False,NOT_APPLICABLE,,,,,,,,,validated executable rule not included in high-confidence first pass,Approved indicator retained in rulebook but not executed in this first-pass implementation.
35444,S2016ND059001,F12,F,54,False,NOT_APPLICABLE,,,,,,,,,validated executable rule not included in high-confidence first pass,Approved indicator retained in rulebook but not executed in this first-pass implementation.
35444,S2016ND059001,F13,F,54,False,NOT_APPLICABLE,,,,,,,,,validated executable rule not included in high-confidence first pass,Approved indicator retained in rulebook but not executed in this first-pass implementation.
35444,S2016ND059001,F16,F,54,False,NOT_APPLICABLE,,,,,,,,,validated executable rule not included in high-confidence first pass,Approved indicator retained in rulebook but not executed in this first-pass implementation.
35444,S2016ND059001,F17,F,54,False,NOT_APPLICABLE,,,,,,,,,validated executable rule not included in high-confidence first pass,Approved indicator retained in rulebook but not executed in this first-pass implementation.
35444,S2016ND059001,F18,F,54,False,NOT_APPLICABLE,,,,,,,,,validated executable rule not included in high-confidence first pass,Approved indicator retained in rulebook but not executed in this first-pass implementation.
35444,S2016ND059001,F19,F,54,False,NOT_APPLICABLE,,,,,,,,,validated executable rule not included in high-confidence first pass,Approved indicator retained in rulebook but not executed in this first-pass implementation.
35444,S2016ND059001,F20,F,54,False,NOT_APPLICABLE,,,,,,,,,validated executable rule not included in high-confidence first pass,Approved indicator retained in rulebook but not executed in this first-pass implementation.
35444,S2016ND059001,F21,F,54,False,NOT_APPLICABLE,,,,,,,,,validated executable rule not included in high-confidence first pass,Approved indicator retained in rulebook but not executed in this first-pass implementation.
35444,S2016ND059001,F22,F,54,False,NOT_APPLICABLE,,,,,,,,,validated executable rule not included in high-confidence first pass,Approved indicator retained in rulebook but not executed in this first-pass implementation.
35445,S2016ND059003,A1,F,54,True,INDICATOR_NOT_DEMONSTRATED,False,,,,,,,taxonomy is not qualifying Histosol/Histel,,taxonomy is not qualifying Histosol/Histel
35445,S2016ND059003,A2,F,54,True,INSUFFICIENT_INFORMATION,,,,,,,,,validated executable rule not included in high-confidence first pass,Approved indicator retained in rulebook but not executed in this first-pass implementation.
35445,S2016ND059003,A3,F,54,True,INSUFFICIENT_INFORMATION,,,,,,,,no observed layer satisfies all depth/thickness/material/color conditions,explicit organic material type,no observed layer satisfies all depth/thickness/material/color conditions; Missing: explicit organic material type
35445,S2016ND059003,A4,F,54,True,INSUFFICIENT_INFORMATION,,,,,,,,,validated executable rule not included in high-confidence first pass,Approved indicator retained in rulebook but not executed in this first-pass implementation.
35445,S2016ND059003,A5,F,54,True,INSUFFICIENT_INFORMATION,,,,,,,,,validated executable rule not included in high-confidence first pass,Approved indicator retained in rulebook but not executed in this first-pass implementation.
35445,S2016ND059003,A6,F,54,False,NOT_APPLICABLE,,,,,,,,,validated executable rule not included in high-confidence first pass,Approved indicator retained in rulebook but not executed in this first-pass implementation.
35445,S2016ND059003,A7,F,54,False,NOT_APPLICABLE,,,,,,,,,,Indicator A7 is not approved for LRR F/MLRA 54.
35445,S2016ND059003,A8,F,54,False,NOT_APPLICABLE,,,,,,,,,,Indicator A8 is not approved for LRR F/MLRA 54.
35445,S2016ND059003,A9,F,54,True,INSUFFICIENT_INFORMATION,,,,,,,,no observed layer satisfies all depth/thickness/material/color conditions,explicit organic material type,no observed layer satisfies all depth/thickness/material/color conditions; Missing: explicit organic material type
35445,S2016ND059003,A10,F,54,False,NOT_APPLICABLE,,,,,,,,,,Indicator A10 is not approved for LRR F/MLRA 54.
35445,S2016ND059003,A11,F,54,True,INSUFFICIENT_INFORMATION,,,,,,,,no continuous depleted layer satisfies depth/thickness requirements,explicit wetness-derived depleted matrix,no continuous depleted layer satisfies depth/thickness requirements; Missing: explicit wetness-derived depleted matrix
35445,S2016ND059003,A12,F,54,True,INSUFFICIENT_INFORMATION,,,,,,,,no continuous depleted layer satisfies depth/thickness requirements,explicit wetness-derived depleted matrix,no continuous depleted layer satisfies depth/thickness requirements; Missing: explicit wetness-derived depleted matrix
35445,S2016ND059003,A13,F,54,False,NOT_APPLICABLE,,,,,,,,,validated executable rule not included in high-confidence first pass,Approved indicator retained in rulebook but not executed in this first-pass implementation.
35445,S2016ND059003,A14,F,54,False,NOT_APPLICABLE,,,,,,,,,validated executable rule not included in high-confidence first pass,Approved indicator retained in rulebook but not executed in this first-pass implementation.
35445,S2016ND059003,A15,F,54,False,NOT_APPLICABLE,,,,,,,,,validated executable rule not included in high-confidence first pass,Approved indicator retained in rulebook but not executed in this first-pass implementation.
35445,S2016ND059003,A16,F,54,False,NOT_APPLICABLE,,,,,,,,,validated executable rule not included in high-confidence first pass,Approved indicator retained in rulebook but not executed in this first-pass implementation.
35445,S2016ND059003,A17,F,54,False,NOT_APPLICABLE,,,,,,,,,validated executable rule not included in high-confidence first pass,Approved indicator retained in rulebook but not executed in this first-pass implementation.
35445,S2016ND059003,A18,F,54,True,INSUFFICIENT_INFORMATION,,,,,,,,,validated executable rule not included in high-confidence first pass,Approved indicator retained in rulebook but not executed in this first-pass implementation.
35445,S2016ND059003,S1,F,54,True,INSUFFICIENT_INFORMATION,,,,,,,,,validated executable rule not included in high-confidence first pass,Approved indicator retained in rulebook but not executed in this first-pass implementation.
35445,S2016ND059003,S2,F,54,False,NOT_APPLICABLE,,,,,,,,,validated executable rule not included in high-confidence first pass,Approved indicator retained in rulebook but not executed in this first-pass implementation.
35445,S2016ND059003,S3,F,54,True,INSUFFICIENT_INFORMATION,,,,,,,,,validated executable rule not included in high-confidence first pass,Approved indicator retained in rulebook but not executed in this first-pass implementation.
35445,S2016ND059003,S4,F,54,True,INDICATOR_NOT_DEMONSTRATED,False,,,,,,,no explicit qualifying gley-page matrix at required depth,,no explicit qualifying gley-page matrix at required depth
35445,S2016ND059003,S5,F,54,True,INSUFFICIENT_INFORMATION,,,,,,,,no continuous 10-cm sandy layer meets matrix and redox requirements,redox percentage/type/contrast,no continuous 10-cm sandy layer meets matrix and redox requirements; Missing: redox percentage/type/contrast
35445,S2016ND059003,S6,F,54,True,INSUFFICIENT_INFORMATION,,,,,,,,,validated executable rule not included in high-confidence first pass,Approved indicator retained in rulebook but not executed in this first-pass implementation.
35445,S2016ND059003,S7,F,54,False,NOT_APPLICABLE,,,,,,,,,validated executable rule not included in high-confidence first pass,Approved indicator retained in rulebook but not executed in this first-pass implementation.
35445,S2016ND059003,S8,F,54,False,NOT_APPLICABLE,,,,,,,,,validated executable rule not included in high-confidence first pass,Approved indicator retained in rulebook but not executed in this first-pass implementation.
35445,S2016ND059003,S9,F,54,False,NOT_APPLICABLE,,,,,,,,,validated executable rule not included in high-confidence first pass,Approved indicator retained in rulebook but not executed in this first-pass implementation.
35445,S2016ND059003,S11,F,54,False,NOT_APPLICABLE,,,,,,,,,validated executable rule not included in high-confidence first pass,Approved indicator retained in rulebook but not executed in this first-pass implementation.
35445,S2016ND059003,S12,F,54,False,NOT_APPLICABLE,,,,,,,,,validated executable rule not included in high-confidence first pass,Approved indicator retained in rulebook but not executed in this first-pass implementation.
35445,S2016ND059003,F1,F,54,True,INSUFFICIENT_INFORMATION,,,,,,,,,validated executable rule not included in high-confidence first pass,Approved indicator retained in rulebook but not executed in this first-pass implementation.
35445,S2016ND059003,F2,F,54,True,INDICATOR_NOT_DEMONSTRATED,False,,,,,,,no explicit qualifying gley-page matrix at required depth,,no explicit qualifying gley-page matrix at required depth
35445,S2016ND059003,F3,F,54,True,INSUFFICIENT_INFORMATION,,,,,,,,no continuous depleted layer satisfies depth/thickness requirements,explicit wetness-derived depleted matrix,no continuous depleted layer satisfies depth/thickness requirements; Missing: explicit wetness-derived depleted matrix
35445,S2016ND059003,F6,F,54,True,INSUFFICIENT_INFORMATION,,,,,,,,no continuous 10-cm loamy/clayey layer meets conditional color/redox requirements,quantitative redox description,no continuous 10-cm loamy/clayey layer meets conditional color/redox requirements; Missing: quantitative redox description
35445,S2016ND059003,F7,F,54,True,INSUFFICIENT_INFORMATION,,,,,,,,no continuous 10-cm loamy/clayey layer meets conditional color/redox requirements,quantitative redox description,no continuous 10-cm loamy/clayey layer meets conditional color/redox requirements; Missing: quantitative redox description
35445,S2016ND059003,F8,F,54,True,INSUFFICIENT_INFORMATION,,,,,,,,,validated executable rule not included in high-confidence first pass,Approved indicator retained in rulebook but not executed in this first-pass implementation.
35445,S2016ND059003,F10,F,54,False,NOT_APPLICABLE,,,,,,,,,validated executable rule not included in high-confidence first pass,Approved indicator retained in rulebook but not executed in this first-pass implementation.
35445,S2016ND059003,F11,F,54,False,NOT_APPLICABLE,,,,,,,,,validated executable rule not included in high-confidence first pass,Approved indicator retained in rulebook but not executed in this first-pass implementation.
35445,S2016ND059003,F12,F,54,False,NOT_APPLICABLE,,,,,,,,,validated executable rule not included in high-confidence first pass,Approved indicator retained in rulebook but not executed in this first-pass implementation.
35445,S2016ND059003,F13,F,54,False,NOT_APPLICABLE,,,,,,,,,validated executable rule not included in high-confidence first pass,Approved indicator retained in rulebook but not executed in this first-pass implementation.
35445,S2016ND059003,F16,F,54,False,NOT_APPLICABLE,,,,,,,,,validated executable rule not included in high-confidence first pass,Approved indicator retained in rulebook but not executed in this first-pass implementation.
35445,S2016ND059003,F17,F,54,False,NOT_APPLICABLE,,,,,,,,,validated executable rule not included in high-confidence first pass,Approved indicator retained in rulebook but not executed in this first-pass implementation.
35445,S2016ND059003,F18,F,54,False,NOT_APPLICABLE,,,,,,,,,validated executable rule not included in high-confidence first pass,Approved indicator retained in rulebook but not executed in this first-pass implementation.
35445,S2016ND059003,F19,F,54,False,NOT_APPLICABLE,,,,,,,,,validated executable rule not included in high-confidence first pass,Approved indicator retained in rulebook but not executed in this first-pass implementation.
35445,S2016ND059003,F20,F,54,False,NOT_APPLICABLE,,,,,,,,,validated executable rule not included in high-confidence first pass,Approved indicator retained in rulebook but not executed in this first-pass implementation.
35445,S2016ND059003,F21,F,54,False,NOT_APPLICABLE,,,,,,,,,validated executable rule not included in high-confidence first pass,Approved indicator retained in rulebook but not executed in this first-pass implementation.
35445,S2016ND059003,F22,F,54,False,NOT_APPLICABLE,,,,,,,,,validated executable rule not included in high-confidence first pass,Approved indicator retained in rulebook but not executed in this first-pass implementation.
35446,S2016ND059005,A1,F,54,True,INDICATOR_NOT_DEMONSTRATED,False,,,,,,,taxonomy is not qualifying Histosol/Histel,,taxonomy is not qualifying Histosol/Histel
35446,S2016ND059005,A2,F,54,True,INSUFFICIENT_INFORMATION,,,,,,,,,validated executable rule not included in high-confidence first pass,Approved indicator retained in rulebook but not executed in this first-pass implementation.
35446,S2016ND059005,A3,F,54,True,INDICATOR_NOT_DEMONSTRATED,False,,,,,,,no observed layer satisfies all depth/thickness/material/color conditions,,no observed layer satisfies all depth/thickness/material/color conditions
35446,S2016ND059005,A4,F,54,True,INSUFFICIENT_INFORMATION,,,,,,,,,validated executable rule not included in high-confidence first pass,Approved indicator retained in rulebook but not executed in this first-pass implementation.
35446,S2016ND059005,A5,F,54,True,INSUFFICIENT_INFORMATION,,,,,,,,,validated executable rule not included in high-confidence first pass,Approved indicator retained in rulebook but not executed in this first-pass implementation.
35446,S2016ND059005,A6,F,54,False,NOT_APPLICABLE,,,,,,,,,validated executable rule not included in high-confidence first pass,Approved indicator retained in rulebook but not executed in this first-pass implementation.
35446,S2016ND059005,A7,F,54,False,NOT_APPLICABLE,,,,,,,,,,Indicator A7 is not approved for LRR F/MLRA 54.
35446,S2016ND059005,A8,F,54,False,NOT_APPLICABLE,,,,,,,,,,Indicator A8 is not approved for LRR F/MLRA 54.
35446,S2016ND059005,A9,F,54,True,INDICATOR_NOT_DEMONSTRATED,False,,,,,,,no observed layer satisfies all depth/thickness/material/color conditions,,no observed layer satisfies all depth/thickness/material/color conditions
35446,S2016ND059005,A10,F,54,False,NOT_APPLICABLE,,,,,,,,,,Indicator A10 is not approved for LRR F/MLRA 54.
35446,S2016ND059005,A11,F,54,True,INSUFFICIENT_INFORMATION,,,,,,,,no continuous depleted layer satisfies depth/thickness requirements,explicit wetness-derived depleted matrix,no continuous depleted layer satisfies depth/thickness requirements; Missing: explicit wetness-derived depleted matrix
35446,S2016ND059005,A12,F,54,True,INSUFFICIENT_INFORMATION,,,,,,,,no continuous depleted layer satisfies depth/thickness requirements,explicit wetness-derived depleted matrix,no continuous depleted layer satisfies depth/thickness requirements; Missing: explicit wetness-derived depleted matrix
35446,S2016ND059005,A13,F,54,False,NOT_APPLICABLE,,,,,,,,,validated executable rule not included in high-confidence first pass,Approved indicator retained in rulebook but not executed in this first-pass implementation.
35446,S2016ND059005,A14,F,54,False,NOT_APPLICABLE,,,,,,,,,validated executable rule not included in high-confidence first pass,Approved indicator retained in rulebook but not executed in this first-pass implementation.
35446,S2016ND059005,A15,F,54,False,NOT_APPLICABLE,,,,,,,,,validated executable rule not included in high-confidence first pass,Approved indicator retained in rulebook but not executed in this first-pass implementation.
35446,S2016ND059005,A16,F,54,False,NOT_APPLICABLE,,,,,,,,,validated executable rule not included in high-confidence first pass,Approved indicator retained in rulebook but not executed in this first-pass implementation.
35446,S2016ND059005,A17,F,54,False,NOT_APPLICABLE,,,,,,,,,validated executable rule not included in high-confidence first pass,Approved indicator retained in rulebook but not executed in this first-pass implementation.
35446,S2016ND059005,A18,F,54,True,INSUFFICIENT_INFORMATION,,,,,,,,,validated executable rule not included in high-confidence first pass,Approved indicator retained in rulebook but not executed in this first-pass implementation.
35446,S2016ND059005,S1,F,54,True,INSUFFICIENT_INFORMATION,,,,,,,,,validated executable rule not included in high-confidence first pass,Approved indicator retained in rulebook but not executed in this first-pass implementation.
35446,S2016ND059005,S2,F,54,False,NOT_APPLICABLE,,,,,,,,,validated executable rule not included in high-confidence first pass,Approved indicator retained in rulebook but not executed in this first-pass implementation.
35446,S2016ND059005,S3,F,54,True,INSUFFICIENT_INFORMATION,,,,,,,,,validated executable rule not included in high-confidence first pass,Approved indicator retained in rulebook but not executed in this first-pass implementation.
35446,S2016ND059005,S4,F,54,True,INDICATOR_NOT_DEMONSTRATED,False,,,,,,,no explicit qualifying gley-page matrix at required depth,,no explicit qualifying gley-page matrix at required depth
35446,S2016ND059005,S5,F,54,True,INDICATOR_NOT_DEMONSTRATED,False,,,,,,,no continuous 10-cm sandy layer meets matrix and redox requirements,,no continuous 10-cm sandy layer meets matrix and redox requirements
35446,S2016ND059005,S6,F,54,True,INSUFFICIENT_INFORMATION,,,,,,,,,validated executable rule not included in high-confidence first pass,Approved indicator retained in rulebook but not executed in this first-pass implementation.
35446,S2016ND059005,S7,F,54,False,NOT_APPLICABLE,,,,,,,,,validated executable rule not included in high-confidence first pass,Approved indicator retained in rulebook but not executed in this first-pass implementation.
35446,S2016ND059005,S8,F,54,False,NOT_APPLICABLE,,,,,,,,,validated executable rule not included in high-confidence first pass,Approved indicator retained in rulebook but not executed in this first-pass implementation.
35446,S2016ND059005,S9,F,54,False,NOT_APPLICABLE,,,,,,,,,validated executable rule not included in high-confidence first pass,Approved indicator retained in rulebook but not executed in this first-pass implementation.
35446,S2016ND059005,S11,F,54,False,NOT_APPLICABLE,,,,,,,,,validated executable rule not included in high-confidence first pass,Approved indicator retained in rulebook but not executed in this first-pass implementation.
35446,S2016ND059005,S12,F,54,False,NOT_APPLICABLE,,,,,,,,,validated executable rule not included in high-confidence first pass,Approved indicator retained in rulebook but not executed in this first-pass implementation.
35446,S2016ND059005,F1,F,54,True,INSUFFICIENT_INFORMATION,,,,,,,,,validated executable rule not included in high-confidence first pass,Approved indicator retained in rulebook but not executed in this first-pass implementation.
35446,S2016ND059005,F2,F,54,True,INDICATOR_NOT_DEMONSTRATED,False,,,,,,,no explicit qualifying gley-page matrix at required depth,,no explicit qualifying gley-page matrix at required depth
35446,S2016ND059005,F3,F,54,True,INSUFFICIENT_INFORMATION,,,,,,,,no continuous depleted layer satisfies depth/thickness requirements,explicit wetness-derived depleted matrix,no continuous depleted layer satisfies depth/thickness requirements; Missing: explicit wetness-derived depleted matrix
35446,S2016ND059005,F6,F,54,True,INDICATOR_NOT_DEMONSTRATED,False,,,,,,,no continuous 10-cm loamy/clayey layer meets conditional color/redox requirements,,no continuous 10-cm loamy/clayey layer meets conditional color/redox requirements
35446,S2016ND059005,F7,F,54,True,INDICATOR_NOT_DEMONSTRATED,False,,,,,,,no continuous 10-cm loamy/clayey layer meets conditional color/redox requirements,,no continuous 10-cm loamy/clayey layer meets conditional color/redox requirements
35446,S2016ND059005,F8,F,54,True,INSUFFICIENT_INFORMATION,,,,,,,,,validated executable rule not included in high-confidence first pass,Approved indicator retained in rulebook but not executed in this first-pass implementation.
35446,S2016ND059005,F10,F,54,False,NOT_APPLICABLE,,,,,,,,,validated executable rule not included in high-confidence first pass,Approved indicator retained in rulebook but not executed in this first-pass implementation.
35446,S2016ND059005,F11,F,54,False,NOT_APPLICABLE,,,,,,,,,validated executable rule not included in high-confidence first pass,Approved indicator retained in rulebook but not executed in this first-pass implementation.
35446,S2016ND059005,F12,F,54,False,NOT_APPLICABLE,,,,,,,,,validated executable rule not included in high-confidence first pass,Approved indicator retained in rulebook but not executed in this first-pass implementation.
35446,S2016ND059005,F13,F,54,False,NOT_APPLICABLE,,,,,,,,,validated executable rule not included in high-confidence first pass,Approved indicator retained in rulebook but not executed in this first-pass implementation.
35446,S2016ND059005,F16,F,54,False,NOT_APPLICABLE,,,,,,,,,validated executable rule not included in high-confidence first pass,Approved indicator retained in rulebook but not executed in this first-pass implementation.
35446,S2016ND059005,F17,F,54,False,NOT_APPLICABLE,,,,,,,,,validated executable rule not included in high-confidence first pass,Approved indicator retained in rulebook but not executed in this first-pass implementation.
35446,S2016ND059005,F18,F,54,False,NOT_APPLICABLE,,,,,,,,,validated executable rule not included in high-confidence first pass,Approved indicator retained in rulebook but not executed in this first-pass implementation.
35446,S2016ND059005,F19,F,54,False,NOT_APPLICABLE,,,,,,,,,validated executable rule not included in high-confidence first pass,Approved indicator retained in rulebook but not executed in this first-pass implementation.
35446,S2016ND059005,F20,F,54,False,NOT_APPLICABLE,,,,,,,,,validated executable rule not included in high-confidence first pass,Approved indicator retained in rulebook but not executed in this first-pass implementation.
35446,S2016ND059005,F21,F,54,False,NOT_APPLICABLE,,,,,,,,,validated executable rule not included in high-confidence first pass,Approved indicator retained in rulebook but not executed in this first-pass implementation.
35446,S2016ND059005,F22,F,54,False,NOT_APPLICABLE,,,,,,,,,validated executable rule not included in high-confidence first pass,Approved indicator retained in rulebook but not executed in this first-pass implementation.
35447,S2016ND059007,A1,F,54,True,INDICATOR_NOT_DEMONSTRATED,False,,,,,,,taxonomy is not qualifying Histosol/Histel,,taxonomy is not qualifying Histosol/Histel
35447,S2016ND059007,A2,F,54,True,INSUFFICIENT_INFORMATION,,,,,,,,,validated executable rule not included in high-confidence first pass,Approved indicator retained in rulebook but not executed in this first-pass implementation.
35447,S2016ND059007,A3,F,54,True,INSUFFICIENT_INFORMATION,,,,,,,,no observed layer satisfies all depth/thickness/material/color conditions,explicit organic material type,no observed layer satisfies all depth/thickness/material/color conditions; Missing: explicit organic material type
35447,S2016ND059007,A4,F,54,True,INSUFFICIENT_INFORMATION,,,,,,,,,validated executable rule not included in high-confidence first pass,Approved indicator retained in rulebook but not executed in this first-pass implementation.
35447,S2016ND059007,A5,F,54,True,INSUFFICIENT_INFORMATION,,,,,,,,,validated executable rule not included in high-confidence first pass,Approved indicator retained in rulebook but not executed in this first-pass implementation.
35447,S2016ND059007,A6,F,54,False,NOT_APPLICABLE,,,,,,,,,validated executable rule not included in high-confidence first pass,Approved indicator retained in rulebook but not executed in this first-pass implementation.
35447,S2016ND059007,A7,F,54,False,NOT_APPLICABLE,,,,,,,,,,Indicator A7 is not approved for LRR F/MLRA 54.
35447,S2016ND059007,A8,F,54,False,NOT_APPLICABLE,,,,,,,,,,Indicator A8 is not approved for LRR F/MLRA 54.
35447,S2016ND059007,A9,F,54,True,INSUFFICIENT_INFORMATION,,,,,,,,no observed layer satisfies all depth/thickness/material/color conditions,explicit organic material type,no observed layer satisfies all depth/thickness/material/color conditions; Missing: explicit organic material type
35447,S2016ND059007,A10,F,54,False,NOT_APPLICABLE,,,,,,,,,,Indicator A10 is not approved for LRR F/MLRA 54.
35447,S2016ND059007,A11,F,54,True,INSUFFICIENT_INFORMATION,,,,,,,,no continuous depleted layer satisfies depth/thickness requirements,explicit wetness-derived depleted matrix,no continuous depleted layer satisfies depth/thickness requirements; Missing: explicit wetness-derived depleted matrix
35447,S2016ND059007,A12,F,54,True,INSUFFICIENT_INFORMATION,,,,,,,,no continuous depleted layer satisfies depth/thickness requirements,explicit wetness-derived depleted matrix,no continuous depleted layer satisfies depth/thickness requirements; Missing: explicit wetness-derived depleted matrix
35447,S2016ND059007,A13,F,54,False,NOT_APPLICABLE,,,,,,,,,validated executable rule not included in high-confidence first pass,Approved indicator retained in rulebook but not executed in this first-pass implementation.
35447,S2016ND059007,A14,F,54,False,NOT_APPLICABLE,,,,,,,,,validated executable rule not included in high-confidence first pass,Approved indicator retained in rulebook but not executed in this first-pass implementation.
35447,S2016ND059007,A15,F,54,False,NOT_APPLICABLE,,,,,,,,,validated executable rule not included in high-confidence first pass,Approved indicator retained in rulebook but not executed in this first-pass implementation.
35447,S2016ND059007,A16,F,54,False,NOT_APPLICABLE,,,,,,,,,validated executable rule not included in high-confidence first pass,Approved indicator retained in rulebook but not executed in this first-pass implementation.
35447,S2016ND059007,A17,F,54,False,NOT_APPLICABLE,,,,,,,,,validated executable rule not included in high-confidence first pass,Approved indicator retained in rulebook but not executed in this first-pass implementation.
35447,S2016ND059007,A18,F,54,True,INSUFFICIENT_INFORMATION,,,,,,,,,validated executable rule not included in high-confidence first pass,Approved indicator retained in rulebook but not executed in this first-pass implementation.
35447,S2016ND059007,S1,F,54,True,INSUFFICIENT_INFORMATION,,,,,,,,,validated executable rule not included in high-confidence first pass,Approved indicator retained in rulebook but not executed in this first-pass implementation.
35447,S2016ND059007,S2,F,54,False,NOT_APPLICABLE,,,,,,,,,validated executable rule not included in high-confidence first pass,Approved indicator retained in rulebook but not executed in this first-pass implementation.
35447,S2016ND059007,S3,F,54,True,INSUFFICIENT_INFORMATION,,,,,,,,,validated executable rule not included in high-confidence first pass,Approved indicator retained in rulebook but not executed in this first-pass implementation.
35447,S2016ND059007,S4,F,54,True,INDICATOR_NOT_DEMONSTRATED,False,,,,,,,no explicit qualifying gley-page matrix at required depth,,no explicit qualifying gley-page matrix at required depth
35447,S2016ND059007,S5,F,54,True,INDICATOR_NOT_DEMONSTRATED,False,,,,,,,no continuous 10-cm sandy layer meets matrix and redox requirements,,no continuous 10-cm sandy layer meets matrix and redox requirements
35447,S2016ND059007,S6,F,54,True,INSUFFICIENT_INFORMATION,,,,,,,,,validated executable rule not included in high-confidence first pass,Approved indicator retained in rulebook but not executed in this first-pass implementation.
35447,S2016ND059007,S7,F,54,False,NOT_APPLICABLE,,,,,,,,,validated executable rule not included in high-confidence first pass,Approved indicator retained in rulebook but not executed in this first-pass implementation.
35447,S2016ND059007,S8,F,54,False,NOT_APPLICABLE,,,,,,,,,validated executable rule not included in high-confidence first pass,Approved indicator retained in rulebook but not executed in this first-pass implementation.
35447,S2016ND059007,S9,F,54,False,NOT_APPLICABLE,,,,,,,,,validated executable rule not included in high-confidence first pass,Approved indicator retained in rulebook but not executed in this first-pass implementation.
35447,S2016ND059007,S11,F,54,False,NOT_APPLICABLE,,,,,,,,,validated executable rule not included in high-confidence first pass,Approved indicator retained in rulebook but not executed in this first-pass implementation.
35447,S2016ND059007,S12,F,54,False,NOT_APPLICABLE,,,,,,,,,validated executable rule not included in high-confidence first pass,Approved indicator retained in rulebook but not executed in this first-pass implementation.
35447,S2016ND059007,F1,F,54,True,INSUFFICIENT_INFORMATION,,,,,,,,,validated executable rule not included in high-confidence first pass,Approved indicator retained in rulebook but not executed in this first-pass implementation.
35447,S2016ND059007,F2,F,54,True,INDICATOR_NOT_DEMONSTRATED,False,,,,,,,no explicit qualifying gley-page matrix at required depth,,no explicit qualifying gley-page matrix at required depth
35447,S2016ND059007,F3,F,54,True,INSUFFICIENT_INFORMATION,,,,,,,,no continuous depleted layer satisfies depth/thickness requirements,explicit wetness-derived depleted matrix,no continuous depleted layer satisfies depth/thickness requirements; Missing: explicit wetness-derived depleted matrix
35447,S2016ND059007,F6,F,54,True,INDICATOR_NOT_DEMONSTRATED,False,,,,,,,no continuous 10-cm loamy/clayey layer meets conditional color/redox requirements,,no continuous 10-cm loamy/clayey layer meets conditional color/redox requirements
35447,S2016ND059007,F7,F,54,True,INDICATOR_NOT_DEMONSTRATED,False,,,,,,,no continuous 10-cm loamy/clayey layer meets conditional color/redox requirements,,no continuous 10-cm loamy/clayey layer meets conditional color/redox requirements
35447,S2016ND059007,F8,F,54,True,INSUFFICIENT_INFORMATION,,,,,,,,,validated executable rule not included in high-confidence first pass,Approved indicator retained in rulebook but not executed in this first-pass implementation.
35447,S2016ND059007,F10,F,54,False,NOT_APPLICABLE,,,,,,,,,validated executable rule not included in high-confidence first pass,Approved indicator retained in rulebook but not executed in this first-pass implementation.
35447,S2016ND059007,F11,F,54,False,NOT_APPLICABLE,,,,,,,,,validated executable rule not included in high-confidence first pass,Approved indicator retained in rulebook but not executed in this first-pass implementation.
35447,S2016ND059007,F12,F,54,False,NOT_APPLICABLE,,,,,,,,,validated executable rule not included in high-confidence first pass,Approved indicator retained in rulebook but not executed in this first-pass implementation.
35447,S2016ND059007,F13,F,54,False,NOT_APPLICABLE,,,,,,,,,validated executable rule not included in high-confidence first pass,Approved indicator retained in rulebook but not executed in this first-pass implementation.
35447,S2016ND059007,F16,F,54,False,NOT_APPLICABLE,,,,,,,,,validated executable rule not included in high-confidence first pass,Approved indicator retained in rulebook but not executed in this first-pass implementation.
35447,S2016ND059007,F17,F,54,False,NOT_APPLICABLE,,,,,,,,,validated executable rule not included in high-confidence first pass,Approved indicator retained in rulebook but not executed in this first-pass implementation.
35447,S2016ND059007,F18,F,54,False,NOT_APPLICABLE,,,,,,,,,validated executable rule not included in high-confidence first pass,Approved indicator retained in rulebook but not executed in this first-pass implementation.
35447,S2016ND059007,F19,F,54,False,NOT_APPLICABLE,,,,,,,,,validated executable rule not included in high-confidence first pass,Approved indicator retained in rulebook but not executed in this first-pass implementation.
35447,S2016ND059007,F20,F,54,False,NOT_APPLICABLE,,,,,,,,,validated executable rule not included in high-confidence first pass,Approved indicator retained in rulebook but not executed in this first-pass implementation.
35447,S2016ND059007,F21,F,54,False,NOT_APPLICABLE,,,,,,,,,validated executable rule not included in high-confidence first pass,Approved indicator retained in rulebook but not executed in this first-pass implementation.
35447,S2016ND059007,F22,F,54,False,NOT_APPLICABLE,,,,,,,,,validated executable rule not included in high-confidence first pass,Approved indicator retained in rulebook but not executed in this first-pass implementation.
35448,S2016ND059008,A1,F,54,True,INDICATOR_NOT_DEMONSTRATED,False,,,,,,,taxonomy is not qualifying Histosol/Histel,,taxonomy is not qualifying Histosol/Histel
35448,S2016ND059008,A2,F,54,True,INSUFFICIENT_INFORMATION,,,,,,,,,validated executable rule not included in high-confidence first pass,Approved indicator retained in rulebook but not executed in this first-pass implementation.
35448,S2016ND059008,A3,F,54,True,INSUFFICIENT_INFORMATION,,,,,,,,no observed layer satisfies all depth/thickness/material/color conditions,explicit organic material type,no observed layer satisfies all depth/thickness/material/color conditions; Missing: explicit organic material type
35448,S2016ND059008,A4,F,54,True,INSUFFICIENT_INFORMATION,,,,,,,,,validated executable rule not included in high-confidence first pass,Approved indicator retained in rulebook but not executed in this first-pass implementation.
35448,S2016ND059008,A5,F,54,True,INSUFFICIENT_INFORMATION,,,,,,,,,validated executable rule not included in high-confidence first pass,Approved indicator retained in rulebook but not executed in this first-pass implementation.
35448,S2016ND059008,A6,F,54,False,NOT_APPLICABLE,,,,,,,,,validated executable rule not included in high-confidence first pass,Approved indicator retained in rulebook but not executed in this first-pass implementation.
35448,S2016ND059008,A7,F,54,False,NOT_APPLICABLE,,,,,,,,,,Indicator A7 is not approved for LRR F/MLRA 54.
35448,S2016ND059008,A8,F,54,False,NOT_APPLICABLE,,,,,,,,,,Indicator A8 is not approved for LRR F/MLRA 54.
35448,S2016ND059008,A9,F,54,True,INSUFFICIENT_INFORMATION,,,,,,,,no observed layer satisfies all depth/thickness/material/color conditions,explicit organic material type,no observed layer satisfies all depth/thickness/material/color conditions; Missing: explicit organic material type
35448,S2016ND059008,A10,F,54,False,NOT_APPLICABLE,,,,,,,,,,Indicator A10 is not approved for LRR F/MLRA 54.
35448,S2016ND059008,A11,F,54,True,INSUFFICIENT_INFORMATION,,,,,,,,no continuous depleted layer satisfies depth/thickness requirements,explicit wetness-derived depleted matrix,no continuous depleted layer satisfies depth/thickness requirements; Missing: explicit wetness-derived depleted matrix
35448,S2016ND059008,A12,F,54,True,INSUFFICIENT_INFORMATION,,,,,,,,no continuous depleted layer satisfies depth/thickness requirements,explicit wetness-derived depleted matrix,no continuous depleted layer satisfies depth/thickness requirements; Missing: explicit wetness-derived depleted matrix
35448,S2016ND059008,A13,F,54,False,NOT_APPLICABLE,,,,,,,,,validated executable rule not included in high-confidence first pass,Approved indicator retained in rulebook but not executed in this first-pass implementation.
35448,S2016ND059008,A14,F,54,False,NOT_APPLICABLE,,,,,,,,,validated executable rule not included in high-confidence first pass,Approved indicator retained in rulebook but not executed in this first-pass implementation.
35448,S2016ND059008,A15,F,54,False,NOT_APPLICABLE,,,,,,,,,validated executable rule not included in high-confidence first pass,Approved indicator retained in rulebook but not executed in this first-pass implementation.
35448,S2016ND059008,A16,F,54,False,NOT_APPLICABLE,,,,,,,,,validated executable rule not included in high-confidence first pass,Approved indicator retained in rulebook but not executed in this first-pass implementation.
35448,S2016ND059008,A17,F,54,False,NOT_APPLICABLE,,,,,,,,,validated executable rule not included in high-confidence first pass,Approved indicator retained in rulebook but not executed in this first-pass implementation.
35448,S2016ND059008,A18,F,54,True,INSUFFICIENT_INFORMATION,,,,,,,,,validated executable rule not included in high-confidence first pass,Approved indicator retained in rulebook but not executed in this first-pass implementation.
35448,S2016ND059008,S1,F,54,True,INSUFFICIENT_INFORMATION,,,,,,,,,validated executable rule not included in high-confidence first pass,Approved indicator retained in rulebook but not executed in this first-pass implementation.
35448,S2016ND059008,S2,F,54,False,NOT_APPLICABLE,,,,,,,,,validated executable rule not included in high-confidence first pass,Approved indicator retained in rulebook but not executed in this first-pass implementation.
35448,S2016ND059008,S3,F,54,True,INSUFFICIENT_INFORMATION,,,,,,,,,validated executable rule not included in high-confidence first pass,Approved indicator retained in rulebook but not executed in this first-pass implementation.
35448,S2016ND059008,S4,F,54,True,INDICATOR_NOT_DEMONSTRATED,False,,,,,,,no explicit qualifying gley-page matrix at required depth,,no explicit qualifying gley-page matrix at required depth
35448,S2016ND059008,S5,F,54,True,INSUFFICIENT_INFORMATION,,,,,,,,no continuous 10-cm sandy layer meets matrix and redox requirements,redox percentage/type/contrast,no continuous 10-cm sandy layer meets matrix and redox requirements; Missing: redox percentage/type/contrast
35448,S2016ND059008,S6,F,54,True,INSUFFICIENT_INFORMATION,,,,,,,,,validated executable rule not included in high-confidence first pass,Approved indicator retained in rulebook but not executed in this first-pass implementation.
35448,S2016ND059008,S7,F,54,False,NOT_APPLICABLE,,,,,,,,,validated executable rule not included in high-confidence first pass,Approved indicator retained in rulebook but not executed in this first-pass implementation.
35448,S2016ND059008,S8,F,54,False,NOT_APPLICABLE,,,,,,,,,validated executable rule not included in high-confidence first pass,Approved indicator retained in rulebook but not executed in this first-pass implementation.
35448,S2016ND059008,S9,F,54,False,NOT_APPLICABLE,,,,,,,,,validated executable rule not included in high-confidence first pass,Approved indicator retained in rulebook but not executed in this first-pass implementation.
35448,S2016ND059008,S11,F,54,False,NOT_APPLICABLE,,,,,,,,,validated executable rule not included in high-confidence first pass,Approved indicator retained in rulebook but not executed in this first-pass implementation.
35448,S2016ND059008,S12,F,54,False,NOT_APPLICABLE,,,,,,,,,validated executable rule not included in high-confidence first pass,Approved indicator retained in rulebook but not executed in this first-pass implementation.
35448,S2016ND059008,F1,F,54,True,INSUFFICIENT_INFORMATION,,,,,,,,,validated executable rule not included in high-confidence first pass,Approved indicator retained in rulebook but not executed in this first-pass implementation.
35448,S2016ND059008,F2,F,54,True,INDICATOR_NOT_DEMONSTRATED,False,,,,,,,no explicit qualifying gley-page matrix at required depth,,no explicit qualifying gley-page matrix at required depth
35448,S2016ND059008,F3,F,54,True,INSUFFICIENT_INFORMATION,,,,,,,,no continuous depleted layer satisfies depth/thickness requirements,explicit wetness-derived depleted matrix,no continuous depleted layer satisfies depth/thickness requirements; Missing: explicit wetness-derived depleted matrix
35448,S2016ND059008,F6,F,54,True,INSUFFICIENT_INFORMATION,,,,,,,,no continuous 10-cm loamy/clayey layer meets conditional color/redox requirements,quantitative redox description,no continuous 10-cm loamy/clayey layer meets conditional color/redox requirements; Missing: quantitative redox description
35448,S2016ND059008,F7,F,54,True,INSUFFICIENT_INFORMATION,,,,,,,,no continuous 10-cm loamy/clayey layer meets conditional color/redox requirements,quantitative redox description,no continuous 10-cm loamy/clayey layer meets conditional color/redox requirements; Missing: quantitative redox description
35448,S2016ND059008,F8,F,54,True,INSUFFICIENT_INFORMATION,,,,,,,,,validated executable rule not included in high-confidence first pass,Approved indicator retained in rulebook but not executed in this first-pass implementation.
35448,S2016ND059008,F10,F,54,False,NOT_APPLICABLE,,,,,,,,,validated executable rule not included in high-confidence first pass,Approved indicator retained in rulebook but not executed in this first-pass implementation.
35448,S2016ND059008,F11,F,54,False,NOT_APPLICABLE,,,,,,,,,validated executable rule not included in high-confidence first pass,Approved indicator retained in rulebook but not executed in this first-pass implementation.
35448,S2016ND059008,F12,F,54,False,NOT_APPLICABLE,,,,,,,,,validated executable rule not included in high-confidence first pass,Approved indicator retained in rulebook but not executed in this first-pass implementation.
35448,S2016ND059008,F13,F,54,False,NOT_APPLICABLE,,,,,,,,,validated executable rule not included in high-confidence first pass,Approved indicator retained in rulebook but not executed in this first-pass implementation.
35448,S2016ND059008,F16,F,54,False,NOT_APPLICABLE,,,,,,,,,validated executable rule not included in high-confidence first pass,Approved indicator retained in rulebook but not executed in this first-pass implementation.
35448,S2016ND059008,F17,F,54,False,NOT_APPLICABLE,,,,,,,,,validated executable rule not included in high-confidence first pass,Approved indicator retained in rulebook but not executed in this first-pass implementation.
35448,S2016ND059008,F18,F,54,False,NOT_APPLICABLE,,,,,,,,,validated executable rule not included in high-confidence first pass,Approved indicator retained in rulebook but not executed in this first-pass implementation.
35448,S2016ND059008,F19,F,54,False,NOT_APPLICABLE,,,,,,,,,validated executable rule not included in high-confidence first pass,Approved indicator retained in rulebook but not executed in this first-pass implementation.
35448,S2016ND059008,F20,F,54,False,NOT_APPLICABLE,,,,,,,,,validated executable rule not included in high-confidence first pass,Approved indicator retained in rulebook but not executed in this first-pass implementation.
35448,S2016ND059008,F21,F,54,False,NOT_APPLICABLE,,,,,,,,,validated executable rule not included in high-confidence first pass,Approved indicator retained in rulebook but not executed in this first-pass implementation.
35448,S2016ND059008,F22,F,54,False,NOT_APPLICABLE,,,,,,,,,validated executable rule not included in high-confidence first pass,Approved indicator retained in rulebook but not executed in this first-pass implementation.
35449,S2016ND059011,A1,F,54,True,INDICATOR_NOT_DEMONSTRATED,False,,,,,,,taxonomy is not qualifying Histosol/Histel,,taxonomy is not qualifying Histosol/Histel
35449,S2016ND059011,A2,F,54,True,INSUFFICIENT_INFORMATION,,,,,,,,,validated executable rule not included in high-confidence first pass,Approved indicator retained in rulebook but not executed in this first-pass implementation.
35449,S2016ND059011,A3,F,54,True,INSUFFICIENT_INFORMATION,,,,,,,,no observed layer satisfies all depth/thickness/material/color conditions,explicit organic material type,no observed layer satisfies all depth/thickness/material/color conditions; Missing: explicit organic material type
35449,S2016ND059011,A4,F,54,True,INSUFFICIENT_INFORMATION,,,,,,,,,validated executable rule not included in high-confidence first pass,Approved indicator retained in rulebook but not executed in this first-pass implementation.
35449,S2016ND059011,A5,F,54,True,INSUFFICIENT_INFORMATION,,,,,,,,,validated executable rule not included in high-confidence first pass,Approved indicator retained in rulebook but not executed in this first-pass implementation.
35449,S2016ND059011,A6,F,54,False,NOT_APPLICABLE,,,,,,,,,validated executable rule not included in high-confidence first pass,Approved indicator retained in rulebook but not executed in this first-pass implementation.
35449,S2016ND059011,A7,F,54,False,NOT_APPLICABLE,,,,,,,,,,Indicator A7 is not approved for LRR F/MLRA 54.
35449,S2016ND059011,A8,F,54,False,NOT_APPLICABLE,,,,,,,,,,Indicator A8 is not approved for LRR F/MLRA 54.
35449,S2016ND059011,A9,F,54,True,INSUFFICIENT_INFORMATION,,,,,,,,no observed layer satisfies all depth/thickness/material/color conditions,explicit organic material type,no observed layer satisfies all depth/thickness/material/color conditions; Missing: explicit organic material type
35449,S2016ND059011,A10,F,54,False,NOT_APPLICABLE,,,,,,,,,,Indicator A10 is not approved for LRR F/MLRA 54.
35449,S2016ND059011,A11,F,54,True,INSUFFICIENT_INFORMATION,,,,,,,,no continuous depleted layer satisfies depth/thickness requirements,explicit wetness-derived depleted matrix,no continuous depleted layer satisfies depth/thickness requirements; Missing: explicit wetness-derived depleted matrix
35449,S2016ND059011,A12,F,54,True,INSUFFICIENT_INFORMATION,,,,,,,,no continuous depleted layer satisfies depth/thickness requirements,explicit wetness-derived depleted matrix,no continuous depleted layer satisfies depth/thickness requirements; Missing: explicit wetness-derived depleted matrix
35449,S2016ND059011,A13,F,54,False,NOT_APPLICABLE,,,,,,,,,validated executable rule not included in high-confidence first pass,Approved indicator retained in rulebook but not executed in this first-pass implementation.
35449,S2016ND059011,A14,F,54,False,NOT_APPLICABLE,,,,,,,,,validated executable rule not included in high-confidence first pass,Approved indicator retained in rulebook but not executed in this first-pass implementation.
35449,S2016ND059011,A15,F,54,False,NOT_APPLICABLE,,,,,,,,,validated executable rule not included in high-confidence first pass,Approved indicator retained in rulebook but not executed in this first-pass implementation.
35449,S2016ND059011,A16,F,54,False,NOT_APPLICABLE,,,,,,,,,validated executable rule not included in high-confidence first pass,Approved indicator retained in rulebook but not executed in this first-pass implementation.
35449,S2016ND059011,A17,F,54,False,NOT_APPLICABLE,,,,,,,,,validated executable rule not included in high-confidence first pass,Approved indicator retained in rulebook but not executed in this first-pass implementation.
35449,S2016ND059011,A18,F,54,True,INSUFFICIENT_INFORMATION,,,,,,,,,validated executable rule not included in high-confidence first pass,Approved indicator retained in rulebook but not executed in this first-pass implementation.
35449,S2016ND059011,S1,F,54,True,INSUFFICIENT_INFORMATION,,,,,,,,,validated executable rule not included in high-confidence first pass,Approved indicator retained in rulebook but not executed in this first-pass implementation.
35449,S2016ND059011,S2,F,54,False,NOT_APPLICABLE,,,,,,,,,validated executable rule not included in high-confidence first pass,Approved indicator retained in rulebook but not executed in this first-pass implementation.
35449,S2016ND059011,S3,F,54,True,INSUFFICIENT_INFORMATION,,,,,,,,,validated executable rule not included in high-confidence first pass,Approved indicator retained in rulebook but not executed in this first-pass implementation.
35449,S2016ND059011,S4,F,54,True,INDICATOR_NOT_DEMONSTRATED,False,,,,,,,no explicit qualifying gley-page matrix at required depth,,no explicit qualifying gley-page matrix at required depth
35449,S2016ND059011,S5,F,54,True,INDICATOR_NOT_DEMONSTRATED,False,,,,,,,no continuous 10-cm sandy layer meets matrix and redox requirements,,no continuous 10-cm sandy layer meets matrix and redox requirements
35449,S2016ND059011,S6,F,54,True,INSUFFICIENT_INFORMATION,,,,,,,,,validated executable rule not included in high-confidence first pass,Approved indicator retained in rulebook but not executed in this first-pass implementation.
35449,S2016ND059011,S7,F,54,False,NOT_APPLICABLE,,,,,,,,,validated executable rule not included in high-confidence first pass,Approved indicator retained in rulebook but not executed in this first-pass implementation.
35449,S2016ND059011,S8,F,54,False,NOT_APPLICABLE,,,,,,,,,validated executable rule not included in high-confidence first pass,Approved indicator retained in rulebook but not executed in this first-pass implementation.
35449,S2016ND059011,S9,F,54,False,NOT_APPLICABLE,,,,,,,,,validated executable rule not included in high-confidence first pass,Approved indicator retained in rulebook but not executed in this first-pass implementation.
35449,S2016ND059011,S11,F,54,False,NOT_APPLICABLE,,,,,,,,,validated executable rule not included in high-confidence first pass,Approved indicator retained in rulebook but not executed in this first-pass implementation.
35449,S2016ND059011,S12,F,54,False,NOT_APPLICABLE,,,,,,,,,validated executable rule not included in high-confidence first pass,Approved indicator retained in rulebook but not executed in this first-pass implementation.
35449,S2016ND059011,F1,F,54,True,INSUFFICIENT_INFORMATION,,,,,,,,,validated executable rule not included in high-confidence first pass,Approved indicator retained in rulebook but not executed in this first-pass implementation.
35449,S2016ND059011,F2,F,54,True,INDICATOR_NOT_DEMONSTRATED,False,,,,,,,no explicit qualifying gley-page matrix at required depth,,no explicit qualifying gley-page matrix at required depth
35449,S2016ND059011,F3,F,54,True,INSUFFICIENT_INFORMATION,,,,,,,,no continuous depleted layer satisfies depth/thickness requirements,explicit wetness-derived depleted matrix,no continuous depleted layer satisfies depth/thickness requirements; Missing: explicit wetness-derived depleted matrix
35449,S2016ND059011,F6,F,54,True,INDICATOR_NOT_DEMONSTRATED,False,,,,,,,no continuous 10-cm loamy/clayey layer meets conditional color/redox requirements,,no continuous 10-cm loamy/clayey layer meets conditional color/redox requirements
35449,S2016ND059011,F7,F,54,True,INDICATOR_NOT_DEMONSTRATED,False,,,,,,,no continuous 10-cm loamy/clayey layer meets conditional color/redox requirements,,no continuous 10-cm loamy/clayey layer meets conditional color/redox requirements
35449,S2016ND059011,F8,F,54,True,INSUFFICIENT_INFORMATION,,,,,,,,,validated executable rule not included in high-confidence first pass,Approved indicator retained in rulebook but not executed in this first-pass implementation.
35449,S2016ND059011,F10,F,54,False,NOT_APPLICABLE,,,,,,,,,validated executable rule not included in high-confidence first pass,Approved indicator retained in rulebook but not executed in this first-pass implementation.
35449,S2016ND059011,F11,F,54,False,NOT_APPLICABLE,,,,,,,,,validated executable rule not included in high-confidence first pass,Approved indicator retained in rulebook but not executed in this first-pass implementation.
35449,S2016ND059011,F12,F,54,False,NOT_APPLICABLE,,,,,,,,,validated executable rule not included in high-confidence first pass,Approved indicator retained in rulebook but not executed in this first-pass implementation.
35449,S2016ND059011,F13,F,54,False,NOT_APPLICABLE,,,,,,,,,validated executable rule not included in high-confidence first pass,Approved indicator retained in rulebook but not executed in this first-pass implementation.
35449,S2016ND059011,F16,F,54,False,NOT_APPLICABLE,,,,,,,,,validated executable rule not included in high-confidence first pass,Approved indicator retained in rulebook but not executed in this first-pass implementation.
35449,S2016ND059011,F17,F,54,False,NOT_APPLICABLE,,,,,,,,,validated executable rule not included in high-confidence first pass,Approved indicator retained in rulebook but not executed in this first-pass implementation.
35449,S2016ND059011,F18,F,54,False,NOT_APPLICABLE,,,,,,,,,validated executable rule not included in high-confidence first pass,Approved indicator retained in rulebook but not executed in this first-pass implementation.
35449,S2016ND059011,F19,F,54,False,NOT_APPLICABLE,,,,,,,,,validated executable rule not included in high-confidence first pass,Approved indicator retained in rulebook but not executed in this first-pass implementation.
35449,S2016ND059011,F20,F,54,False,NOT_APPLICABLE,,,,,,,,,validated executable rule not included in high-confidence first pass,Approved indicator retained in rulebook but not executed in this first-pass implementation.
35449,S2016ND059011,F21,F,54,False,NOT_APPLICABLE,,,,,,,,,validated executable rule not included in high-confidence first pass,Approved indicator retained in rulebook but not executed in this first-pass implementation.
35449,S2016ND059011,F22,F,54,False,NOT_APPLICABLE,,,,,,,,,validated executable rule not included in high-confidence first pass,Approved indicator retained in rulebook but not executed in this first-pass implementation.
35450,S2016ND059013,A1,F,54,True,INDICATOR_NOT_DEMONSTRATED,False,,,,,,,taxonomy is not qualifying Histosol/Histel,,taxonomy is not qualifying Histosol/Histel
35450,S2016ND059013,A2,F,54,True,INSUFFICIENT_INFORMATION,,,,,,,,,validated executable rule not included in high-confidence first pass,Approved indicator retained in rulebook but not executed in this first-pass implementation.
35450,S2016ND059013,A3,F,54,True,INSUFFICIENT_INFORMATION,,,,,,,,no observed layer satisfies all depth/thickness/material/color conditions,explicit organic material type,no observed layer satisfies all depth/thickness/material/color conditions; Missing: explicit organic material type
35450,S2016ND059013,A4,F,54,True,INSUFFICIENT_INFORMATION,,,,,,,,,validated executable rule not included in high-confidence first pass,Approved indicator retained in rulebook but not executed in this first-pass implementation.
35450,S2016ND059013,A5,F,54,True,INSUFFICIENT_INFORMATION,,,,,,,,,validated executable rule not included in high-confidence first pass,Approved indicator retained in rulebook but not executed in this first-pass implementation.
35450,S2016ND059013,A6,F,54,False,NOT_APPLICABLE,,,,,,,,,validated executable rule not included in high-confidence first pass,Approved indicator retained in rulebook but not executed in this first-pass implementation.
35450,S2016ND059013,A7,F,54,False,NOT_APPLICABLE,,,,,,,,,,Indicator A7 is not approved for LRR F/MLRA 54.
35450,S2016ND059013,A8,F,54,False,NOT_APPLICABLE,,,,,,,,,,Indicator A8 is not approved for LRR F/MLRA 54.
35450,S2016ND059013,A9,F,54,True,INSUFFICIENT_INFORMATION,,,,,,,,no observed layer satisfies all depth/thickness/material/color conditions,explicit organic material type,no observed layer satisfies all depth/thickness/material/color conditions; Missing: explicit organic material type
35450,S2016ND059013,A10,F,54,False,NOT_APPLICABLE,,,,,,,,,,Indicator A10 is not approved for LRR F/MLRA 54.
35450,S2016ND059013,A11,F,54,True,INSUFFICIENT_INFORMATION,,,,,,,,no continuous depleted layer satisfies depth/thickness requirements,explicit wetness-derived depleted matrix,no continuous depleted layer satisfies depth/thickness requirements; Missing: explicit wetness-derived depleted matrix
35450,S2016ND059013,A12,F,54,True,INSUFFICIENT_INFORMATION,,,,,,,,no continuous depleted layer satisfies depth/thickness requirements,explicit wetness-derived depleted matrix,no continuous depleted layer satisfies depth/thickness requirements; Missing: explicit wetness-derived depleted matrix
35450,S2016ND059013,A13,F,54,False,NOT_APPLICABLE,,,,,,,,,validated executable rule not included in high-confidence first pass,Approved indicator retained in rulebook but not executed in this first-pass implementation.
35450,S2016ND059013,A14,F,54,False,NOT_APPLICABLE,,,,,,,,,validated executable rule not included in high-confidence first pass,Approved indicator retained in rulebook but not executed in this first-pass implementation.
35450,S2016ND059013,A15,F,54,False,NOT_APPLICABLE,,,,,,,,,validated executable rule not included in high-confidence first pass,Approved indicator retained in rulebook but not executed in this first-pass implementation.
35450,S2016ND059013,A16,F,54,False,NOT_APPLICABLE,,,,,,,,,validated executable rule not included in high-confidence first pass,Approved indicator retained in rulebook but not executed in this first-pass implementation.
35450,S2016ND059013,A17,F,54,False,NOT_APPLICABLE,,,,,,,,,validated executable rule not included in high-confidence first pass,Approved indicator retained in rulebook but not executed in this first-pass implementation.
35450,S2016ND059013,A18,F,54,True,INSUFFICIENT_INFORMATION,,,,,,,,,validated executable rule not included in high-confidence first pass,Approved indicator retained in rulebook but not executed in this first-pass implementation.
35450,S2016ND059013,S1,F,54,True,INSUFFICIENT_INFORMATION,,,,,,,,,validated executable rule not included in high-confidence first pass,Approved indicator retained in rulebook but not executed in this first-pass implementation.
35450,S2016ND059013,S2,F,54,False,NOT_APPLICABLE,,,,,,,,,validated executable rule not included in high-confidence first pass,Approved indicator retained in rulebook but not executed in this first-pass implementation.
35450,S2016ND059013,S3,F,54,True,INSUFFICIENT_INFORMATION,,,,,,,,,validated executable rule not included in high-confidence first pass,Approved indicator retained in rulebook but not executed in this first-pass implementation.
35450,S2016ND059013,S4,F,54,True,INDICATOR_NOT_DEMONSTRATED,False,,,,,,,no explicit qualifying gley-page matrix at required depth,,no explicit qualifying gley-page matrix at required depth
35450,S2016ND059013,S5,F,54,True,INSUFFICIENT_INFORMATION,,,,,,,,no continuous 10-cm sandy layer meets matrix and redox requirements,redox percentage/type/contrast,no continuous 10-cm sandy layer meets matrix and redox requirements; Missing: redox percentage/type/contrast
35450,S2016ND059013,S6,F,54,True,INSUFFICIENT_INFORMATION,,,,,,,,,validated executable rule not included in high-confidence first pass,Approved indicator retained in rulebook but not executed in this first-pass implementation.
35450,S2016ND059013,S7,F,54,False,NOT_APPLICABLE,,,,,,,,,validated executable rule not included in high-confidence first pass,Approved indicator retained in rulebook but not executed in this first-pass implementation.
35450,S2016ND059013,S8,F,54,False,NOT_APPLICABLE,,,,,,,,,validated executable rule not included in high-confidence first pass,Approved indicator retained in rulebook but not executed in this first-pass implementation.
35450,S2016ND059013,S9,F,54,False,NOT_APPLICABLE,,,,,,,,,validated executable rule not included in high-confidence first pass,Approved indicator retained in rulebook but not executed in this first-pass implementation.
35450,S2016ND059013,S11,F,54,False,NOT_APPLICABLE,,,,,,,,,validated executable rule not included in high-confidence first pass,Approved indicator retained in rulebook but not executed in this first-pass implementation.
35450,S2016ND059013,S12,F,54,False,NOT_APPLICABLE,,,,,,,,,validated executable rule not included in high-confidence first pass,Approved indicator retained in rulebook but not executed in this first-pass implementation.
35450,S2016ND059013,F1,F,54,True,INSUFFICIENT_INFORMATION,,,,,,,,,validated executable rule not included in high-confidence first pass,Approved indicator retained in rulebook but not executed in this first-pass implementation.
35450,S2016ND059013,F2,F,54,True,INDICATOR_NOT_DEMONSTRATED,False,,,,,,,no explicit qualifying gley-page matrix at required depth,,no explicit qualifying gley-page matrix at required depth
35450,S2016ND059013,F3,F,54,True,INSUFFICIENT_INFORMATION,,,,,,,,no continuous depleted layer satisfies depth/thickness requirements,explicit wetness-derived depleted matrix,no continuous depleted layer satisfies depth/thickness requirements; Missing: explicit wetness-derived depleted matrix
35450,S2016ND059013,F6,F,54,True,INSUFFICIENT_INFORMATION,,,,,,,,no continuous 10-cm loamy/clayey layer meets conditional color/redox requirements,quantitative redox description,no continuous 10-cm loamy/clayey layer meets conditional color/redox requirements; Missing: quantitative redox description
35450,S2016ND059013,F7,F,54,True,INSUFFICIENT_INFORMATION,,,,,,,,no continuous 10-cm loamy/clayey layer meets conditional color/redox requirements,quantitative redox description,no continuous 10-cm loamy/clayey layer meets conditional color/redox requirements; Missing: quantitative redox description
35450,S2016ND059013,F8,F,54,True,INSUFFICIENT_INFORMATION,,,,,,,,,validated executable rule not included in high-confidence first pass,Approved indicator retained in rulebook but not executed in this first-pass implementation.
35450,S2016ND059013,F10,F,54,False,NOT_APPLICABLE,,,,,,,,,validated executable rule not included in high-confidence first pass,Approved indicator retained in rulebook but not executed in this first-pass implementation.
35450,S2016ND059013,F11,F,54,False,NOT_APPLICABLE,,,,,,,,,validated executable rule not included in high-confidence first pass,Approved indicator retained in rulebook but not executed in this first-pass implementation.
35450,S2016ND059013,F12,F,54,False,NOT_APPLICABLE,,,,,,,,,validated executable rule not included in high-confidence first pass,Approved indicator retained in rulebook but not executed in this first-pass implementation.
35450,S2016ND059013,F13,F,54,False,NOT_APPLICABLE,,,,,,,,,validated executable rule not included in high-confidence first pass,Approved indicator retained in rulebook but not executed in this first-pass implementation.
35450,S2016ND059013,F16,F,54,False,NOT_APPLICABLE,,,,,,,,,validated executable rule not included in high-confidence first pass,Approved indicator retained in rulebook but not executed in this first-pass implementation.
35450,S2016ND059013,F17,F,54,False,NOT_APPLICABLE,,,,,,,,,validated executable rule not included in high-confidence first pass,Approved indicator retained in rulebook but not executed in this first-pass implementation.
35450,S2016ND059013,F18,F,54,False,NOT_APPLICABLE,,,,,,,,,validated executable rule not included in high-confidence first pass,Approved indicator retained in rulebook but not executed in this first-pass implementation.
35450,S2016ND059013,F19,F,54,False,NOT_APPLICABLE,,,,,,,,,validated executable rule not included in high-confidence first pass,Approved indicator retained in rulebook but not executed in this first-pass implementation.
35450,S2016ND059013,F20,F,54,False,NOT_APPLICABLE,,,,,,,,,validated executable rule not included in high-confidence first pass,Approved indicator retained in rulebook but not executed in this first-pass implementation.
35450,S2016ND059013,F21,F,54,False,NOT_APPLICABLE,,,,,,,,,validated executable rule not included in high-confidence first pass,Approved indicator retained in rulebook but not executed in this first-pass implementation.
35450,S2016ND059013,F22,F,54,False,NOT_APPLICABLE,,,,,,,,,validated executable rule not included in high-confidence first pass,Approved indicator retained in rulebook but not executed in this first-pass implementation.
35451,S2016ND059014,A1,F,54,True,INDICATOR_NOT_DEMONSTRATED,False,,,,,,,taxonomy is not qualifying Histosol/Histel,,taxonomy is not qualifying Histosol/Histel
35451,S2016ND059014,A2,F,54,True,INSUFFICIENT_INFORMATION,,,,,,,,,validated executable rule not included in high-confidence first pass,Approved indicator retained in rulebook but not executed in this first-pass implementation.
35451,S2016ND059014,A3,F,54,True,INSUFFICIENT_INFORMATION,,,,,,,,no observed layer satisfies all depth/thickness/material/color conditions,explicit organic material type,no observed layer satisfies all depth/thickness/material/color conditions; Missing: explicit organic material type
35451,S2016ND059014,A4,F,54,True,INSUFFICIENT_INFORMATION,,,,,,,,,validated executable rule not included in high-confidence first pass,Approved indicator retained in rulebook but not executed in this first-pass implementation.
35451,S2016ND059014,A5,F,54,True,INSUFFICIENT_INFORMATION,,,,,,,,,validated executable rule not included in high-confidence first pass,Approved indicator retained in rulebook but not executed in this first-pass implementation.
35451,S2016ND059014,A6,F,54,False,NOT_APPLICABLE,,,,,,,,,validated executable rule not included in high-confidence first pass,Approved indicator retained in rulebook but not executed in this first-pass implementation.
35451,S2016ND059014,A7,F,54,False,NOT_APPLICABLE,,,,,,,,,,Indicator A7 is not approved for LRR F/MLRA 54.
35451,S2016ND059014,A8,F,54,False,NOT_APPLICABLE,,,,,,,,,,Indicator A8 is not approved for LRR F/MLRA 54.
35451,S2016ND059014,A9,F,54,True,INSUFFICIENT_INFORMATION,,,,,,,,no observed layer satisfies all depth/thickness/material/color conditions,explicit organic material type,no observed layer satisfies all depth/thickness/material/color conditions; Missing: explicit organic material type
35451,S2016ND059014,A10,F,54,False,NOT_APPLICABLE,,,,,,,,,,Indicator A10 is not approved for LRR F/MLRA 54.
35451,S2016ND059014,A11,F,54,True,INSUFFICIENT_INFORMATION,,,,,,,,no continuous depleted layer satisfies depth/thickness requirements,explicit wetness-derived depleted matrix,no continuous depleted layer satisfies depth/thickness requirements; Missing: explicit wetness-derived depleted matrix
35451,S2016ND059014,A12,F,54,True,INSUFFICIENT_INFORMATION,,,,,,,,no continuous depleted layer satisfies depth/thickness requirements,explicit wetness-derived depleted matrix,no continuous depleted layer satisfies depth/thickness requirements; Missing: explicit wetness-derived depleted matrix
35451,S2016ND059014,A13,F,54,False,NOT_APPLICABLE,,,,,,,,,validated executable rule not included in high-confidence first pass,Approved indicator retained in rulebook but not executed in this first-pass implementation.
35451,S2016ND059014,A14,F,54,False,NOT_APPLICABLE,,,,,,,,,validated executable rule not included in high-confidence first pass,Approved indicator retained in rulebook but not executed in this first-pass implementation.
35451,S2016ND059014,A15,F,54,False,NOT_APPLICABLE,,,,,,,,,validated executable rule not included in high-confidence first pass,Approved indicator retained in rulebook but not executed in this first-pass implementation.
35451,S2016ND059014,A16,F,54,False,NOT_APPLICABLE,,,,,,,,,validated executable rule not included in high-confidence first pass,Approved indicator retained in rulebook but not executed in this first-pass implementation.
35451,S2016ND059014,A17,F,54,False,NOT_APPLICABLE,,,,,,,,,validated executable rule not included in high-confidence first pass,Approved indicator retained in rulebook but not executed in this first-pass implementation.
35451,S2016ND059014,A18,F,54,True,INSUFFICIENT_INFORMATION,,,,,,,,,validated executable rule not included in high-confidence first pass,Approved indicator retained in rulebook but not executed in this first-pass implementation.
35451,S2016ND059014,S1,F,54,True,INSUFFICIENT_INFORMATION,,,,,,,,,validated executable rule not included in high-confidence first pass,Approved indicator retained in rulebook but not executed in this first-pass implementation.
35451,S2016ND059014,S2,F,54,False,NOT_APPLICABLE,,,,,,,,,validated executable rule not included in high-confidence first pass,Approved indicator retained in rulebook but not executed in this first-pass implementation.
35451,S2016ND059014,S3,F,54,True,INSUFFICIENT_INFORMATION,,,,,,,,,validated executable rule not included in high-confidence first pass,Approved indicator retained in rulebook but not executed in this first-pass implementation.
35451,S2016ND059014,S4,F,54,True,INDICATOR_NOT_DEMONSTRATED,False,,,,,,,no explicit qualifying gley-page matrix at required depth,,no explicit qualifying gley-page matrix at required depth
35451,S2016ND059014,S5,F,54,True,INDICATOR_NOT_DEMONSTRATED,False,,,,,,,no continuous 10-cm sandy layer meets matrix and redox requirements,,no continuous 10-cm sandy layer meets matrix and redox requirements
35451,S2016ND059014,S6,F,54,True,INSUFFICIENT_INFORMATION,,,,,,,,,validated executable rule not included in high-confidence first pass,Approved indicator retained in rulebook but not executed in this first-pass implementation.
35451,S2016ND059014,S7,F,54,False,NOT_APPLICABLE,,,,,,,,,validated executable rule not included in high-confidence first pass,Approved indicator retained in rulebook but not executed in this first-pass implementation.
35451,S2016ND059014,S8,F,54,False,NOT_APPLICABLE,,,,,,,,,validated executable rule not included in high-confidence first pass,Approved indicator retained in rulebook but not executed in this first-pass implementation.
35451,S2016ND059014,S9,F,54,False,NOT_APPLICABLE,,,,,,,,,validated executable rule not included in high-confidence first pass,Approved indicator retained in rulebook but not executed in this first-pass implementation.
35451,S2016ND059014,S11,F,54,False,NOT_APPLICABLE,,,,,,,,,validated executable rule not included in high-confidence first pass,Approved indicator retained in rulebook but not executed in this first-pass implementation.
35451,S2016ND059014,S12,F,54,False,NOT_APPLICABLE,,,,,,,,,validated executable rule not included in high-confidence first pass,Approved indicator retained in rulebook but not executed in this first-pass implementation.
35451,S2016ND059014,F1,F,54,True,INSUFFICIENT_INFORMATION,,,,,,,,,validated executable rule not included in high-confidence first pass,Approved indicator retained in rulebook but not executed in this first-pass implementation.
35451,S2016ND059014,F2,F,54,True,INDICATOR_NOT_DEMONSTRATED,False,,,,,,,no explicit qualifying gley-page matrix at required depth,,no explicit qualifying gley-page matrix at required depth
35451,S2016ND059014,F3,F,54,True,INSUFFICIENT_INFORMATION,,,,,,,,no continuous depleted layer satisfies depth/thickness requirements,explicit wetness-derived depleted matrix,no continuous depleted layer satisfies depth/thickness requirements; Missing: explicit wetness-derived depleted matrix
35451,S2016ND059014,F6,F,54,True,INDICATOR_NOT_DEMONSTRATED,False,,,,,,,no continuous 10-cm loamy/clayey layer meets conditional color/redox requirements,,no continuous 10-cm loamy/clayey layer meets conditional color/redox requirements
35451,S2016ND059014,F7,F,54,True,INDICATOR_NOT_DEMONSTRATED,False,,,,,,,no continuous 10-cm loamy/clayey layer meets conditional color/redox requirements,,no continuous 10-cm loamy/clayey layer meets conditional color/redox requirements
35451,S2016ND059014,F8,F,54,True,INSUFFICIENT_INFORMATION,,,,,,,,,validated executable rule not included in high-confidence first pass,Approved indicator retained in rulebook but not executed in this first-pass implementation.
35451,S2016ND059014,F10,F,54,False,NOT_APPLICABLE,,,,,,,,,validated executable rule not included in high-confidence first pass,Approved indicator retained in rulebook but not executed in this first-pass implementation.
35451,S2016ND059014,F11,F,54,False,NOT_APPLICABLE,,,,,,,,,validated executable rule not included in high-confidence first pass,Approved indicator retained in rulebook but not executed in this first-pass implementation.
35451,S2016ND059014,F12,F,54,False,NOT_APPLICABLE,,,,,,,,,validated executable rule not included in high-confidence first pass,Approved indicator retained in rulebook but not executed in this first-pass implementation.
35451,S2016ND059014,F13,F,54,False,NOT_APPLICABLE,,,,,,,,,validated executable rule not included in high-confidence first pass,Approved indicator retained in rulebook but not executed in this first-pass implementation.
35451,S2016ND059014,F16,F,54,False,NOT_APPLICABLE,,,,,,,,,validated executable rule not included in high-confidence first pass,Approved indicator retained in rulebook but not executed in this first-pass implementation.
35451,S2016ND059014,F17,F,54,False,NOT_APPLICABLE,,,,,,,,,validated executable rule not included in high-confidence first pass,Approved indicator retained in rulebook but not executed in this first-pass implementation.
35451,S2016ND059014,F18,F,54,False,NOT_APPLICABLE,,,,,,,,,validated executable rule not included in high-confidence first pass,Approved indicator retained in rulebook but not executed in this first-pass implementation.
35451,S2016ND059014,F19,F,54,False,NOT_APPLICABLE,,,,,,,,,validated executable rule not included in high-confidence first pass,Approved indicator retained in rulebook but not executed in this first-pass implementation.
35451,S2016ND059014,F20,F,54,False,NOT_APPLICABLE,,,,,,,,,validated executable rule not included in high-confidence first pass,Approved indicator retained in rulebook but not executed in this first-pass implementation.
35451,S2016ND059014,F21,F,54,False,NOT_APPLICABLE,,,,,,,,,validated executable rule not included in high-confidence first pass,Approved indicator retained in rulebook but not executed in this first-pass implementation.
35451,S2016ND059014,F22,F,54,False,NOT_APPLICABLE,,,,,,,,,validated executable rule not included in high-confidence first pass,Approved indicator retained in rulebook but not executed in this first-pass implementation.
35452,S2016ND059016,A1,F,54,True,INDICATOR_NOT_DEMONSTRATED,False,,,,,,,taxonomy is not qualifying Histosol/Histel,,taxonomy is not qualifying Histosol/Histel
35452,S2016ND059016,A2,F,54,True,INSUFFICIENT_INFORMATION,,,,,,,,,validated executable rule not included in high-confidence first pass,Approved indicator retained in rulebook but not executed in this first-pass implementation.
35452,S2016ND059016,A3,F,54,True,INSUFFICIENT_INFORMATION,,,,,,,,no observed layer satisfies all depth/thickness/material/color conditions,explicit organic material type,no observed layer satisfies all depth/thickness/material/color conditions; Missing: explicit organic material type
35452,S2016ND059016,A4,F,54,True,INSUFFICIENT_INFORMATION,,,,,,,,,validated executable rule not included in high-confidence first pass,Approved indicator retained in rulebook but not executed in this first-pass implementation.
35452,S2016ND059016,A5,F,54,True,INSUFFICIENT_INFORMATION,,,,,,,,,validated executable rule not included in high-confidence first pass,Approved indicator retained in rulebook but not executed in this first-pass implementation.
35452,S2016ND059016,A6,F,54,False,NOT_APPLICABLE,,,,,,,,,validated executable rule not included in high-confidence first pass,Approved indicator retained in rulebook but not executed in this first-pass implementation.
35452,S2016ND059016,A7,F,54,False,NOT_APPLICABLE,,,,,,,,,,Indicator A7 is not approved for LRR F/MLRA 54.
35452,S2016ND059016,A8,F,54,False,NOT_APPLICABLE,,,,,,,,,,Indicator A8 is not approved for LRR F/MLRA 54.
35452,S2016ND059016,A9,F,54,True,INSUFFICIENT_INFORMATION,,,,,,,,no observed layer satisfies all depth/thickness/material/color conditions,explicit organic material type,no observed layer satisfies all depth/thickness/material/color conditions; Missing: explicit organic material type
35452,S2016ND059016,A10,F,54,False,NOT_APPLICABLE,,,,,,,,,,Indicator A10 is not approved for LRR F/MLRA 54.
35452,S2016ND059016,A11,F,54,True,INSUFFICIENT_INFORMATION,,,,,,,,no continuous depleted layer satisfies depth/thickness requirements,explicit wetness-derived depleted matrix,no continuous depleted layer satisfies depth/thickness requirements; Missing: explicit wetness-derived depleted matrix
35452,S2016ND059016,A12,F,54,True,INSUFFICIENT_INFORMATION,,,,,,,,no continuous depleted layer satisfies depth/thickness requirements,explicit wetness-derived depleted matrix,no continuous depleted layer satisfies depth/thickness requirements; Missing: explicit wetness-derived depleted matrix
35452,S2016ND059016,A13,F,54,False,NOT_APPLICABLE,,,,,,,,,validated executable rule not included in high-confidence first pass,Approved indicator retained in rulebook but not executed in this first-pass implementation.
35452,S2016ND059016,A14,F,54,False,NOT_APPLICABLE,,,,,,,,,validated executable rule not included in high-confidence first pass,Approved indicator retained in rulebook but not executed in this first-pass implementation.
35452,S2016ND059016,A15,F,54,False,NOT_APPLICABLE,,,,,,,,,validated executable rule not included in high-confidence first pass,Approved indicator retained in rulebook but not executed in this first-pass implementation.
35452,S2016ND059016,A16,F,54,False,NOT_APPLICABLE,,,,,,,,,validated executable rule not included in high-confidence first pass,Approved indicator retained in rulebook but not executed in this first-pass implementation.
35452,S2016ND059016,A17,F,54,False,NOT_APPLICABLE,,,,,,,,,validated executable rule not included in high-confidence first pass,Approved indicator retained in rulebook but not executed in this first-pass implementation.
35452,S2016ND059016,A18,F,54,True,INSUFFICIENT_INFORMATION,,,,,,,,,validated executable rule not included in high-confidence first pass,Approved indicator retained in rulebook but not executed in this first-pass implementation.
35452,S2016ND059016,S1,F,54,True,INSUFFICIENT_INFORMATION,,,,,,,,,validated executable rule not included in high-confidence first pass,Approved indicator retained in rulebook but not executed in this first-pass implementation.
35452,S2016ND059016,S2,F,54,False,NOT_APPLICABLE,,,,,,,,,validated executable rule not included in high-confidence first pass,Approved indicator retained in rulebook but not executed in this first-pass implementation.
35452,S2016ND059016,S3,F,54,True,INSUFFICIENT_INFORMATION,,,,,,,,,validated executable rule not included in high-confidence first pass,Approved indicator retained in rulebook but not executed in this first-pass implementation.
35452,S2016ND059016,S4,F,54,True,INDICATOR_NOT_DEMONSTRATED,False,,,,,,,no explicit qualifying gley-page matrix at required depth,,no explicit qualifying gley-page matrix at required depth
35452,S2016ND059016,S5,F,54,True,INDICATOR_NOT_DEMONSTRATED,False,,,,,,,no continuous 10-cm sandy layer meets matrix and redox requirements,,no continuous 10-cm sandy layer meets matrix and redox requirements
35452,S2016ND059016,S6,F,54,True,INSUFFICIENT_INFORMATION,,,,,,,,,validated executable rule not included in high-confidence first pass,Approved indicator retained in rulebook but not executed in this first-pass implementation.
35452,S2016ND059016,S7,F,54,False,NOT_APPLICABLE,,,,,,,,,validated executable rule not included in high-confidence first pass,Approved indicator retained in rulebook but not executed in this first-pass implementation.
35452,S2016ND059016,S8,F,54,False,NOT_APPLICABLE,,,,,,,,,validated executable rule not included in high-confidence first pass,Approved indicator retained in rulebook but not executed in this first-pass implementation.
35452,S2016ND059016,S9,F,54,False,NOT_APPLICABLE,,,,,,,,,validated executable rule not included in high-confidence first pass,Approved indicator retained in rulebook but not executed in this first-pass implementation.
35452,S2016ND059016,S11,F,54,False,NOT_APPLICABLE,,,,,,,,,validated executable rule not included in high-confidence first pass,Approved indicator retained in rulebook but not executed in this first-pass implementation.
35452,S2016ND059016,S12,F,54,False,NOT_APPLICABLE,,,,,,,,,validated executable rule not included in high-confidence first pass,Approved indicator retained in rulebook but not executed in this first-pass implementation.
35452,S2016ND059016,F1,F,54,True,INSUFFICIENT_INFORMATION,,,,,,,,,validated executable rule not included in high-confidence first pass,Approved indicator retained in rulebook but not executed in this first-pass implementation.
35452,S2016ND059016,F2,F,54,True,INDICATOR_NOT_DEMONSTRATED,False,,,,,,,no explicit qualifying gley-page matrix at required depth,,no explicit qualifying gley-page matrix at required depth
35452,S2016ND059016,F3,F,54,True,INSUFFICIENT_INFORMATION,,,,,,,,no continuous depleted layer satisfies depth/thickness requirements,explicit wetness-derived depleted matrix,no continuous depleted layer satisfies depth/thickness requirements; Missing: explicit wetness-derived depleted matrix
35452,S2016ND059016,F6,F,54,True,INDICATOR_NOT_DEMONSTRATED,False,,,,,,,no continuous 10-cm loamy/clayey layer meets conditional color/redox requirements,,no continuous 10-cm loamy/clayey layer meets conditional color/redox requirements
35452,S2016ND059016,F7,F,54,True,INDICATOR_NOT_DEMONSTRATED,False,,,,,,,no continuous 10-cm loamy/clayey layer meets conditional color/redox requirements,,no continuous 10-cm loamy/clayey layer meets conditional color/redox requirements
35452,S2016ND059016,F8,F,54,True,INSUFFICIENT_INFORMATION,,,,,,,,,validated executable rule not included in high-confidence first pass,Approved indicator retained in rulebook but not executed in this first-pass implementation.
35452,S2016ND059016,F10,F,54,False,NOT_APPLICABLE,,,,,,,,,validated executable rule not included in high-confidence first pass,Approved indicator retained in rulebook but not executed in this first-pass implementation.
35452,S2016ND059016,F11,F,54,False,NOT_APPLICABLE,,,,,,,,,validated executable rule not included in high-confidence first pass,Approved indicator retained in rulebook but not executed in this first-pass implementation.
35452,S2016ND059016,F12,F,54,False,NOT_APPLICABLE,,,,,,,,,validated executable rule not included in high-confidence first pass,Approved indicator retained in rulebook but not executed in this first-pass implementation.
35452,S2016ND059016,F13,F,54,False,NOT_APPLICABLE,,,,,,,,,validated executable rule not included in high-confidence first pass,Approved indicator retained in rulebook but not executed in this first-pass implementation.
35452,S2016ND059016,F16,F,54,False,NOT_APPLICABLE,,,,,,,,,validated executable rule not included in high-confidence first pass,Approved indicator retained in rulebook but not executed in this first-pass implementation.
35452,S2016ND059016,F17,F,54,False,NOT_APPLICABLE,,,,,,,,,validated executable rule not included in high-confidence first pass,Approved indicator retained in rulebook but not executed in this first-pass implementation.
35452,S2016ND059016,F18,F,54,False,NOT_APPLICABLE,,,,,,,,,validated executable rule not included in high-confidence first pass,Approved indicator retained in rulebook but not executed in this first-pass implementation.
35452,S2016ND059016,F19,F,54,False,NOT_APPLICABLE,,,,,,,,,validated executable rule not included in high-confidence first pass,Approved indicator retained in rulebook but not executed in this first-pass implementation.
35452,S2016ND059016,F20,F,54,False,NOT_APPLICABLE,,,,,,,,,validated executable rule not included in high-confidence first pass,Approved indicator retained in rulebook but not executed in this first-pass implementation.
35452,S2016ND059016,F21,F,54,False,NOT_APPLICABLE,,,,,,,,,validated executable rule not included in high-confidence first pass,Approved indicator retained in rulebook but not executed in this first-pass implementation.
35452,S2016ND059016,F22,F,54,False,NOT_APPLICABLE,,,,,,,,,validated executable rule not included in high-confidence first pass,Approved indicator retained in rulebook but not executed in this first-pass implementation.
35453,S2016ND059017,A1,F,54,True,INDICATOR_NOT_DEMONSTRATED,False,,,,,,,taxonomy is not qualifying Histosol/Histel,,taxonomy is not qualifying Histosol/Histel
35453,S2016ND059017,A2,F,54,True,INSUFFICIENT_INFORMATION,,,,,,,,,validated executable rule not included in high-confidence first pass,Approved indicator retained in rulebook but not executed in this first-pass implementation.
35453,S2016ND059017,A3,F,54,True,INSUFFICIENT_INFORMATION,,,,,,,,no observed layer satisfies all depth/thickness/material/color conditions,explicit organic material type,no observed layer satisfies all depth/thickness/material/color conditions; Missing: explicit organic material type
35453,S2016ND059017,A4,F,54,True,INSUFFICIENT_INFORMATION,,,,,,,,,validated executable rule not included in high-confidence first pass,Approved indicator retained in rulebook but not executed in this first-pass implementation.
35453,S2016ND059017,A5,F,54,True,INSUFFICIENT_INFORMATION,,,,,,,,,validated executable rule not included in high-confidence first pass,Approved indicator retained in rulebook but not executed in this first-pass implementation.
35453,S2016ND059017,A6,F,54,False,NOT_APPLICABLE,,,,,,,,,validated executable rule not included in high-confidence first pass,Approved indicator retained in rulebook but not executed in this first-pass implementation.
35453,S2016ND059017,A7,F,54,False,NOT_APPLICABLE,,,,,,,,,,Indicator A7 is not approved for LRR F/MLRA 54.
35453,S2016ND059017,A8,F,54,False,NOT_APPLICABLE,,,,,,,,,,Indicator A8 is not approved for LRR F/MLRA 54.
35453,S2016ND059017,A9,F,54,True,INSUFFICIENT_INFORMATION,,,,,,,,no observed layer satisfies all depth/thickness/material/color conditions,explicit organic material type,no observed layer satisfies all depth/thickness/material/color conditions; Missing: explicit organic material type
35453,S2016ND059017,A10,F,54,False,NOT_APPLICABLE,,,,,,,,,,Indicator A10 is not approved for LRR F/MLRA 54.
35453,S2016ND059017,A11,F,54,True,INSUFFICIENT_INFORMATION,,,,,,,,no continuous depleted layer satisfies depth/thickness requirements,explicit wetness-derived depleted matrix,no continuous depleted layer satisfies depth/thickness requirements; Missing: explicit wetness-derived depleted matrix
35453,S2016ND059017,A12,F,54,True,INSUFFICIENT_INFORMATION,,,,,,,,no continuous depleted layer satisfies depth/thickness requirements,explicit wetness-derived depleted matrix,no continuous depleted layer satisfies depth/thickness requirements; Missing: explicit wetness-derived depleted matrix
35453,S2016ND059017,A13,F,54,False,NOT_APPLICABLE,,,,,,,,,validated executable rule not included in high-confidence first pass,Approved indicator retained in rulebook but not executed in this first-pass implementation.
35453,S2016ND059017,A14,F,54,False,NOT_APPLICABLE,,,,,,,,,validated executable rule not included in high-confidence first pass,Approved indicator retained in rulebook but not executed in this first-pass implementation.
35453,S2016ND059017,A15,F,54,False,NOT_APPLICABLE,,,,,,,,,validated executable rule not included in high-confidence first pass,Approved indicator retained in rulebook but not executed in this first-pass implementation.
35453,S2016ND059017,A16,F,54,False,NOT_APPLICABLE,,,,,,,,,validated executable rule not included in high-confidence first pass,Approved indicator retained in rulebook but not executed in this first-pass implementation.
35453,S2016ND059017,A17,F,54,False,NOT_APPLICABLE,,,,,,,,,validated executable rule not included in high-confidence first pass,Approved indicator retained in rulebook but not executed in this first-pass implementation.
35453,S2016ND059017,A18,F,54,True,INSUFFICIENT_INFORMATION,,,,,,,,,validated executable rule not included in high-confidence first pass,Approved indicator retained in rulebook but not executed in this first-pass implementation.
35453,S2016ND059017,S1,F,54,True,INSUFFICIENT_INFORMATION,,,,,,,,,validated executable rule not included in high-confidence first pass,Approved indicator retained in rulebook but not executed in this first-pass implementation.
35453,S2016ND059017,S2,F,54,False,NOT_APPLICABLE,,,,,,,,,validated executable rule not included in high-confidence first pass,Approved indicator retained in rulebook but not executed in this first-pass implementation.
35453,S2016ND059017,S3,F,54,True,INSUFFICIENT_INFORMATION,,,,,,,,,validated executable rule not included in high-confidence first pass,Approved indicator retained in rulebook but not executed in this first-pass implementation.
35453,S2016ND059017,S4,F,54,True,INDICATOR_NOT_DEMONSTRATED,False,,,,,,,no explicit qualifying gley-page matrix at required depth,,no explicit qualifying gley-page matrix at required depth
35453,S2016ND059017,S5,F,54,True,INDICATOR_NOT_DEMONSTRATED,False,,,,,,,no continuous 10-cm sandy layer meets matrix and redox requirements,,no continuous 10-cm sandy layer meets matrix and redox requirements
35453,S2016ND059017,S6,F,54,True,INSUFFICIENT_INFORMATION,,,,,,,,,validated executable rule not included in high-confidence first pass,Approved indicator retained in rulebook but not executed in this first-pass implementation.
35453,S2016ND059017,S7,F,54,False,NOT_APPLICABLE,,,,,,,,,validated executable rule not included in high-confidence first pass,Approved indicator retained in rulebook but not executed in this first-pass implementation.
35453,S2016ND059017,S8,F,54,False,NOT_APPLICABLE,,,,,,,,,validated executable rule not included in high-confidence first pass,Approved indicator retained in rulebook but not executed in this first-pass implementation.
35453,S2016ND059017,S9,F,54,False,NOT_APPLICABLE,,,,,,,,,validated executable rule not included in high-confidence first pass,Approved indicator retained in rulebook but not executed in this first-pass implementation.
35453,S2016ND059017,S11,F,54,False,NOT_APPLICABLE,,,,,,,,,validated executable rule not included in high-confidence first pass,Approved indicator retained in rulebook but not executed in this first-pass implementation.
35453,S2016ND059017,S12,F,54,False,NOT_APPLICABLE,,,,,,,,,validated executable rule not included in high-confidence first pass,Approved indicator retained in rulebook but not executed in this first-pass implementation.
35453,S2016ND059017,F1,F,54,True,INSUFFICIENT_INFORMATION,,,,,,,,,validated executable rule not included in high-confidence first pass,Approved indicator retained in rulebook but not executed in this first-pass implementation.
35453,S2016ND059017,F2,F,54,True,INDICATOR_NOT_DEMONSTRATED,False,,,,,,,no explicit qualifying gley-page matrix at required depth,,no explicit qualifying gley-page matrix at required depth
35453,S2016ND059017,F3,F,54,True,INSUFFICIENT_INFORMATION,,,,,,,,no continuous depleted layer satisfies depth/thickness requirements,explicit wetness-derived depleted matrix,no continuous depleted layer satisfies depth/thickness requirements; Missing: explicit wetness-derived depleted matrix
35453,S2016ND059017,F6,F,54,True,INDICATOR_NOT_DEMONSTRATED,False,,,,,,,no continuous 10-cm loamy/clayey layer meets conditional color/redox requirements,,no continuous 10-cm loamy/clayey layer meets conditional color/redox requirements
35453,S2016ND059017,F7,F,54,True,INDICATOR_NOT_DEMONSTRATED,False,,,,,,,no continuous 10-cm loamy/clayey layer meets conditional color/redox requirements,,no continuous 10-cm loamy/clayey layer meets conditional color/redox requirements
35453,S2016ND059017,F8,F,54,True,INSUFFICIENT_INFORMATION,,,,,,,,,validated executable rule not included in high-confidence first pass,Approved indicator retained in rulebook but not executed in this first-pass implementation.
35453,S2016ND059017,F10,F,54,False,NOT_APPLICABLE,,,,,,,,,validated executable rule not included in high-confidence first pass,Approved indicator retained in rulebook but not executed in this first-pass implementation.
35453,S2016ND059017,F11,F,54,False,NOT_APPLICABLE,,,,,,,,,validated executable rule not included in high-confidence first pass,Approved indicator retained in rulebook but not executed in this first-pass implementation.
35453,S2016ND059017,F12,F,54,False,NOT_APPLICABLE,,,,,,,,,validated executable rule not included in high-confidence first pass,Approved indicator retained in rulebook but not executed in this first-pass implementation.
35453,S2016ND059017,F13,F,54,False,NOT_APPLICABLE,,,,,,,,,validated executable rule not included in high-confidence first pass,Approved indicator retained in rulebook but not executed in this first-pass implementation.
35453,S2016ND059017,F16,F,54,False,NOT_APPLICABLE,,,,,,,,,validated executable rule not included in high-confidence first pass,Approved indicator retained in rulebook but not executed in this first-pass implementation.
35453,S2016ND059017,F17,F,54,False,NOT_APPLICABLE,,,,,,,,,validated executable rule not included in high-confidence first pass,Approved indicator retained in rulebook but not executed in this first-pass implementation.
35453,S2016ND059017,F18,F,54,False,NOT_APPLICABLE,,,,,,,,,validated executable rule not included in high-confidence first pass,Approved indicator retained in rulebook but not executed in this first-pass implementation.
35453,S2016ND059017,F19,F,54,False,NOT_APPLICABLE,,,,,,,,,validated executable rule not included in high-confidence first pass,Approved indicator retained in rulebook but not executed in this first-pass implementation.
35453,S2016ND059017,F20,F,54,False,NOT_APPLICABLE,,,,,,,,,validated executable rule not included in high-confidence first pass,Approved indicator retained in rulebook but not executed in this first-pass implementation.
35453,S2016ND059017,F21,F,54,False,NOT_APPLICABLE,,,,,,,,,validated executable rule not included in high-confidence first pass,Approved indicator retained in rulebook but not executed in this first-pass implementation.
35453,S2016ND059017,F22,F,54,False,NOT_APPLICABLE,,,,,,,,,validated executable rule not included in high-confidence first pass,Approved indicator retained in rulebook but not executed in this first-pass implementation.
35454,S2016ND059020,A1,F,54,True,INDICATOR_NOT_DEMONSTRATED,False,,,,,,,taxonomy is not qualifying Histosol/Histel,,taxonomy is not qualifying Histosol/Histel
35454,S2016ND059020,A2,F,54,True,INSUFFICIENT_INFORMATION,,,,,,,,,validated executable rule not included in high-confidence first pass,Approved indicator retained in rulebook but not executed in this first-pass implementation.
35454,S2016ND059020,A3,F,54,True,INSUFFICIENT_INFORMATION,,,,,,,,no observed layer satisfies all depth/thickness/material/color conditions,explicit organic material type,no observed layer satisfies all depth/thickness/material/color conditions; Missing: explicit organic material type
35454,S2016ND059020,A4,F,54,True,INSUFFICIENT_INFORMATION,,,,,,,,,validated executable rule not included in high-confidence first pass,Approved indicator retained in rulebook but not executed in this first-pass implementation.
35454,S2016ND059020,A5,F,54,True,INSUFFICIENT_INFORMATION,,,,,,,,,validated executable rule not included in high-confidence first pass,Approved indicator retained in rulebook but not executed in this first-pass implementation.
35454,S2016ND059020,A6,F,54,False,NOT_APPLICABLE,,,,,,,,,validated executable rule not included in high-confidence first pass,Approved indicator retained in rulebook but not executed in this first-pass implementation.
35454,S2016ND059020,A7,F,54,False,NOT_APPLICABLE,,,,,,,,,,Indicator A7 is not approved for LRR F/MLRA 54.
35454,S2016ND059020,A8,F,54,False,NOT_APPLICABLE,,,,,,,,,,Indicator A8 is not approved for LRR F/MLRA 54.
35454,S2016ND059020,A9,F,54,True,INSUFFICIENT_INFORMATION,,,,,,,,no observed layer satisfies all depth/thickness/material/color conditions,explicit organic material type,no observed layer satisfies all depth/thickness/material/color conditions; Missing: explicit organic material type
35454,S2016ND059020,A10,F,54,False,NOT_APPLICABLE,,,,,,,,,,Indicator A10 is not approved for LRR F/MLRA 54.
35454,S2016ND059020,A11,F,54,True,INSUFFICIENT_INFORMATION,,,,,,,,no continuous depleted layer satisfies depth/thickness requirements,explicit wetness-derived depleted matrix,no continuous depleted layer satisfies depth/thickness requirements; Missing: explicit wetness-derived depleted matrix
35454,S2016ND059020,A12,F,54,True,INSUFFICIENT_INFORMATION,,,,,,,,no continuous depleted layer satisfies depth/thickness requirements,explicit wetness-derived depleted matrix,no continuous depleted layer satisfies depth/thickness requirements; Missing: explicit wetness-derived depleted matrix
35454,S2016ND059020,A13,F,54,False,NOT_APPLICABLE,,,,,,,,,validated executable rule not included in high-confidence first pass,Approved indicator retained in rulebook but not executed in this first-pass implementation.
35454,S2016ND059020,A14,F,54,False,NOT_APPLICABLE,,,,,,,,,validated executable rule not included in high-confidence first pass,Approved indicator retained in rulebook but not executed in this first-pass implementation.
35454,S2016ND059020,A15,F,54,False,NOT_APPLICABLE,,,,,,,,,validated executable rule not included in high-confidence first pass,Approved indicator retained in rulebook but not executed in this first-pass implementation.
35454,S2016ND059020,A16,F,54,False,NOT_APPLICABLE,,,,,,,,,validated executable rule not included in high-confidence first pass,Approved indicator retained in rulebook but not executed in this first-pass implementation.
35454,S2016ND059020,A17,F,54,False,NOT_APPLICABLE,,,,,,,,,validated executable rule not included in high-confidence first pass,Approved indicator retained in rulebook but not executed in this first-pass implementation.
35454,S2016ND059020,A18,F,54,True,INSUFFICIENT_INFORMATION,,,,,,,,,validated executable rule not included in high-confidence first pass,Approved indicator retained in rulebook but not executed in this first-pass implementation.
35454,S2016ND059020,S1,F,54,True,INSUFFICIENT_INFORMATION,,,,,,,,,validated executable rule not included in high-confidence first pass,Approved indicator retained in rulebook but not executed in this first-pass implementation.
35454,S2016ND059020,S2,F,54,False,NOT_APPLICABLE,,,,,,,,,validated executable rule not included in high-confidence first pass,Approved indicator retained in rulebook but not executed in this first-pass implementation.
35454,S2016ND059020,S3,F,54,True,INSUFFICIENT_INFORMATION,,,,,,,,,validated executable rule not included in high-confidence first pass,Approved indicator retained in rulebook but not executed in this first-pass implementation.
35454,S2016ND059020,S4,F,54,True,INDICATOR_NOT_DEMONSTRATED,False,,,,,,,no explicit qualifying gley-page matrix at required depth,,no explicit qualifying gley-page matrix at required depth
35454,S2016ND059020,S5,F,54,True,INDICATOR_NOT_DEMONSTRATED,False,,,,,,,no continuous 10-cm sandy layer meets matrix and redox requirements,,no continuous 10-cm sandy layer meets matrix and redox requirements
35454,S2016ND059020,S6,F,54,True,INSUFFICIENT_INFORMATION,,,,,,,,,validated executable rule not included in high-confidence first pass,Approved indicator retained in rulebook but not executed in this first-pass implementation.
35454,S2016ND059020,S7,F,54,False,NOT_APPLICABLE,,,,,,,,,validated executable rule not included in high-confidence first pass,Approved indicator retained in rulebook but not executed in this first-pass implementation.
35454,S2016ND059020,S8,F,54,False,NOT_APPLICABLE,,,,,,,,,validated executable rule not included in high-confidence first pass,Approved indicator retained in rulebook but not executed in this first-pass implementation.
35454,S2016ND059020,S9,F,54,False,NOT_APPLICABLE,,,,,,,,,validated executable rule not included in high-confidence first pass,Approved indicator retained in rulebook but not executed in this first-pass implementation.
35454,S2016ND059020,S11,F,54,False,NOT_APPLICABLE,,,,,,,,,validated executable rule not included in high-confidence first pass,Approved indicator retained in rulebook but not executed in this first-pass implementation.
35454,S2016ND059020,S12,F,54,False,NOT_APPLICABLE,,,,,,,,,validated executable rule not included in high-confidence first pass,Approved indicator retained in rulebook but not executed in this first-pass implementation.
35454,S2016ND059020,F1,F,54,True,INSUFFICIENT_INFORMATION,,,,,,,,,validated executable rule not included in high-confidence first pass,Approved indicator retained in rulebook but not executed in this first-pass implementation.
35454,S2016ND059020,F2,F,54,True,INDICATOR_NOT_DEMONSTRATED,False,,,,,,,no explicit qualifying gley-page matrix at required depth,,no explicit qualifying gley-page matrix at required depth
35454,S2016ND059020,F3,F,54,True,INSUFFICIENT_INFORMATION,,,,,,,,no continuous depleted layer satisfies depth/thickness requirements,explicit wetness-derived depleted matrix,no continuous depleted layer satisfies depth/thickness requirements; Missing: explicit wetness-derived depleted matrix
35454,S2016ND059020,F6,F,54,True,INDICATOR_NOT_DEMONSTRATED,False,,,,,,,no continuous 10-cm loamy/clayey layer meets conditional color/redox requirements,,no continuous 10-cm loamy/clayey layer meets conditional color/redox requirements
35454,S2016ND059020,F7,F,54,True,INDICATOR_NOT_DEMONSTRATED,False,,,,,,,no continuous 10-cm loamy/clayey layer meets conditional color/redox requirements,,no continuous 10-cm loamy/clayey layer meets conditional color/redox requirements
35454,S2016ND059020,F8,F,54,True,INSUFFICIENT_INFORMATION,,,,,,,,,validated executable rule not included in high-confidence first pass,Approved indicator retained in rulebook but not executed in this first-pass implementation.
35454,S2016ND059020,F10,F,54,False,NOT_APPLICABLE,,,,,,,,,validated executable rule not included in high-confidence first pass,Approved indicator retained in rulebook but not executed in this first-pass implementation.
35454,S2016ND059020,F11,F,54,False,NOT_APPLICABLE,,,,,,,,,validated executable rule not included in high-confidence first pass,Approved indicator retained in rulebook but not executed in this first-pass implementation.
35454,S2016ND059020,F12,F,54,False,NOT_APPLICABLE,,,,,,,,,validated executable rule not included in high-confidence first pass,Approved indicator retained in rulebook but not executed in this first-pass implementation.
35454,S2016ND059020,F13,F,54,False,NOT_APPLICABLE,,,,,,,,,validated executable rule not included in high-confidence first pass,Approved indicator retained in rulebook but not executed in this first-pass implementation.
35454,S2016ND059020,F16,F,54,False,NOT_APPLICABLE,,,,,,,,,validated executable rule not included in high-confidence first pass,Approved indicator retained in rulebook but not executed in this first-pass implementation.
35454,S2016ND059020,F17,F,54,False,NOT_APPLICABLE,,,,,,,,,validated executable rule not included in high-confidence first pass,Approved indicator retained in rulebook but not executed in this first-pass implementation.
35454,S2016ND059020,F18,F,54,False,NOT_APPLICABLE,,,,,,,,,validated executable rule not included in high-confidence first pass,Approved indicator retained in rulebook but not executed in this first-pass implementation.
35454,S2016ND059020,F19,F,54,False,NOT_APPLICABLE,,,,,,,,,validated executable rule not included in high-confidence first pass,Approved indicator retained in rulebook but not executed in this first-pass implementation.
35454,S2016ND059020,F20,F,54,False,NOT_APPLICABLE,,,,,,,,,validated executable rule not included in high-confidence first pass,Approved indicator retained in rulebook but not executed in this first-pass implementation.
35454,S2016ND059020,F21,F,54,False,NOT_APPLICABLE,,,,,,,,,validated executable rule not included in high-confidence first pass,Approved indicator retained in rulebook but not executed in this first-pass implementation.
35454,S2016ND059020,F22,F,54,False,NOT_APPLICABLE,,,,,,,,,validated executable rule not included in high-confidence first pass,Approved indicator retained in rulebook but not executed in this first-pass implementation.
35455,S2016ND059021,A1,F,54,True,INDICATOR_NOT_DEMONSTRATED,False,,,,,,,taxonomy is not qualifying Histosol/Histel,,taxonomy is not qualifying Histosol/Histel
35455,S2016ND059021,A2,F,54,True,INSUFFICIENT_INFORMATION,,,,,,,,,validated executable rule not included in high-confidence first pass,Approved indicator retained in rulebook but not executed in this first-pass implementation.
35455,S2016ND059021,A3,F,54,True,INSUFFICIENT_INFORMATION,,,,,,,,no observed layer satisfies all depth/thickness/material/color conditions,explicit organic material type,no observed layer satisfies all depth/thickness/material/color conditions; Missing: explicit organic material type
35455,S2016ND059021,A4,F,54,True,INSUFFICIENT_INFORMATION,,,,,,,,,validated executable rule not included in high-confidence first pass,Approved indicator retained in rulebook but not executed in this first-pass implementation.
35455,S2016ND059021,A5,F,54,True,INSUFFICIENT_INFORMATION,,,,,,,,,validated executable rule not included in high-confidence first pass,Approved indicator retained in rulebook but not executed in this first-pass implementation.
35455,S2016ND059021,A6,F,54,False,NOT_APPLICABLE,,,,,,,,,validated executable rule not included in high-confidence first pass,Approved indicator retained in rulebook but not executed in this first-pass implementation.
35455,S2016ND059021,A7,F,54,False,NOT_APPLICABLE,,,,,,,,,,Indicator A7 is not approved for LRR F/MLRA 54.
35455,S2016ND059021,A8,F,54,False,NOT_APPLICABLE,,,,,,,,,,Indicator A8 is not approved for LRR F/MLRA 54.
35455,S2016ND059021,A9,F,54,True,INSUFFICIENT_INFORMATION,,,,,,,,no observed layer satisfies all depth/thickness/material/color conditions,explicit organic material type,no observed layer satisfies all depth/thickness/material/color conditions; Missing: explicit organic material type
35455,S2016ND059021,A10,F,54,False,NOT_APPLICABLE,,,,,,,,,,Indicator A10 is not approved for LRR F/MLRA 54.
35455,S2016ND059021,A11,F,54,True,INSUFFICIENT_INFORMATION,,,,,,,,no continuous depleted layer satisfies depth/thickness requirements,explicit wetness-derived depleted matrix,no continuous depleted layer satisfies depth/thickness requirements; Missing: explicit wetness-derived depleted matrix
35455,S2016ND059021,A12,F,54,True,INSUFFICIENT_INFORMATION,,,,,,,,no continuous depleted layer satisfies depth/thickness requirements,explicit wetness-derived depleted matrix,no continuous depleted layer satisfies depth/thickness requirements; Missing: explicit wetness-derived depleted matrix
35455,S2016ND059021,A13,F,54,False,NOT_APPLICABLE,,,,,,,,,validated executable rule not included in high-confidence first pass,Approved indicator retained in rulebook but not executed in this first-pass implementation.
35455,S2016ND059021,A14,F,54,False,NOT_APPLICABLE,,,,,,,,,validated executable rule not included in high-confidence first pass,Approved indicator retained in rulebook but not executed in this first-pass implementation.
35455,S2016ND059021,A15,F,54,False,NOT_APPLICABLE,,,,,,,,,validated executable rule not included in high-confidence first pass,Approved indicator retained in rulebook but not executed in this first-pass implementation.
35455,S2016ND059021,A16,F,54,False,NOT_APPLICABLE,,,,,,,,,validated executable rule not included in high-confidence first pass,Approved indicator retained in rulebook but not executed in this first-pass implementation.
35455,S2016ND059021,A17,F,54,False,NOT_APPLICABLE,,,,,,,,,validated executable rule not included in high-confidence first pass,Approved indicator retained in rulebook but not executed in this first-pass implementation.
35455,S2016ND059021,A18,F,54,True,INSUFFICIENT_INFORMATION,,,,,,,,,validated executable rule not included in high-confidence first pass,Approved indicator retained in rulebook but not executed in this first-pass implementation.
35455,S2016ND059021,S1,F,54,True,INSUFFICIENT_INFORMATION,,,,,,,,,validated executable rule not included in high-confidence first pass,Approved indicator retained in rulebook but not executed in this first-pass implementation.
35455,S2016ND059021,S2,F,54,False,NOT_APPLICABLE,,,,,,,,,validated executable rule not included in high-confidence first pass,Approved indicator retained in rulebook but not executed in this first-pass implementation.
35455,S2016ND059021,S3,F,54,True,INSUFFICIENT_INFORMATION,,,,,,,,,validated executable rule not included in high-confidence first pass,Approved indicator retained in rulebook but not executed in this first-pass implementation.
35455,S2016ND059021,S4,F,54,True,INDICATOR_NOT_DEMONSTRATED,False,,,,,,,no explicit qualifying gley-page matrix at required depth,,no explicit qualifying gley-page matrix at required depth
35455,S2016ND059021,S5,F,54,True,INSUFFICIENT_INFORMATION,,,,,,,,no continuous 10-cm sandy layer meets matrix and redox requirements,redox percentage/type/contrast,no continuous 10-cm sandy layer meets matrix and redox requirements; Missing: redox percentage/type/contrast
35455,S2016ND059021,S6,F,54,True,INSUFFICIENT_INFORMATION,,,,,,,,,validated executable rule not included in high-confidence first pass,Approved indicator retained in rulebook but not executed in this first-pass implementation.
35455,S2016ND059021,S7,F,54,False,NOT_APPLICABLE,,,,,,,,,validated executable rule not included in high-confidence first pass,Approved indicator retained in rulebook but not executed in this first-pass implementation.
35455,S2016ND059021,S8,F,54,False,NOT_APPLICABLE,,,,,,,,,validated executable rule not included in high-confidence first pass,Approved indicator retained in rulebook but not executed in this first-pass implementation.
35455,S2016ND059021,S9,F,54,False,NOT_APPLICABLE,,,,,,,,,validated executable rule not included in high-confidence first pass,Approved indicator retained in rulebook but not executed in this first-pass implementation.
35455,S2016ND059021,S11,F,54,False,NOT_APPLICABLE,,,,,,,,,validated executable rule not included in high-confidence first pass,Approved indicator retained in rulebook but not executed in this first-pass implementation.
35455,S2016ND059021,S12,F,54,False,NOT_APPLICABLE,,,,,,,,,validated executable rule not included in high-confidence first pass,Approved indicator retained in rulebook but not executed in this first-pass implementation.
35455,S2016ND059021,F1,F,54,True,INSUFFICIENT_INFORMATION,,,,,,,,,validated executable rule not included in high-confidence first pass,Approved indicator retained in rulebook but not executed in this first-pass implementation.
35455,S2016ND059021,F2,F,54,True,INDICATOR_NOT_DEMONSTRATED,False,,,,,,,no explicit qualifying gley-page matrix at required depth,,no explicit qualifying gley-page matrix at required depth
35455,S2016ND059021,F3,F,54,True,INSUFFICIENT_INFORMATION,,,,,,,,no continuous depleted layer satisfies depth/thickness requirements,explicit wetness-derived depleted matrix,no continuous depleted layer satisfies depth/thickness requirements; Missing: explicit wetness-derived depleted matrix
35455,S2016ND059021,F6,F,54,True,INSUFFICIENT_INFORMATION,,,,,,,,no continuous 10-cm loamy/clayey layer meets conditional color/redox requirements,quantitative redox description,no continuous 10-cm loamy/clayey layer meets conditional color/redox requirements; Missing: quantitative redox description
35455,S2016ND059021,F7,F,54,True,INSUFFICIENT_INFORMATION,,,,,,,,no continuous 10-cm loamy/clayey layer meets conditional color/redox requirements,quantitative redox description,no continuous 10-cm loamy/clayey layer meets conditional color/redox requirements; Missing: quantitative redox description
35455,S2016ND059021,F8,F,54,True,INSUFFICIENT_INFORMATION,,,,,,,,,validated executable rule not included in high-confidence first pass,Approved indicator retained in rulebook but not executed in this first-pass implementation.
35455,S2016ND059021,F10,F,54,False,NOT_APPLICABLE,,,,,,,,,validated executable rule not included in high-confidence first pass,Approved indicator retained in rulebook but not executed in this first-pass implementation.
35455,S2016ND059021,F11,F,54,False,NOT_APPLICABLE,,,,,,,,,validated executable rule not included in high-confidence first pass,Approved indicator retained in rulebook but not executed in this first-pass implementation.
35455,S2016ND059021,F12,F,54,False,NOT_APPLICABLE,,,,,,,,,validated executable rule not included in high-confidence first pass,Approved indicator retained in rulebook but not executed in this first-pass implementation.
35455,S2016ND059021,F13,F,54,False,NOT_APPLICABLE,,,,,,,,,validated executable rule not included in high-confidence first pass,Approved indicator retained in rulebook but not executed in this first-pass implementation.
35455,S2016ND059021,F16,F,54,False,NOT_APPLICABLE,,,,,,,,,validated executable rule not included in high-confidence first pass,Approved indicator retained in rulebook but not executed in this first-pass implementation.
35455,S2016ND059021,F17,F,54,False,NOT_APPLICABLE,,,,,,,,,validated executable rule not included in high-confidence first pass,Approved indicator retained in rulebook but not executed in this first-pass implementation.
35455,S2016ND059021,F18,F,54,False,NOT_APPLICABLE,,,,,,,,,validated executable rule not included in high-confidence first pass,Approved indicator retained in rulebook but not executed in this first-pass implementation.
35455,S2016ND059021,F19,F,54,False,NOT_APPLICABLE,,,,,,,,,validated executable rule not included in high-confidence first pass,Approved indicator retained in rulebook but not executed in this first-pass implementation.
35455,S2016ND059021,F20,F,54,False,NOT_APPLICABLE,,,,,,,,,validated executable rule not included in high-confidence first pass,Approved indicator retained in rulebook but not executed in this first-pass implementation.
35455,S2016ND059021,F21,F,54,False,NOT_APPLICABLE,,,,,,,,,validated executable rule not included in high-confidence first pass,Approved indicator retained in rulebook but not executed in this first-pass implementation.
35455,S2016ND059021,F22,F,54,False,NOT_APPLICABLE,,,,,,,,,validated executable rule not included in high-confidence first pass,Approved indicator retained in rulebook but not executed in this first-pass implementation.
35456,S2016ND059022,A1,F,54,True,INDICATOR_NOT_DEMONSTRATED,False,,,,,,,taxonomy is not qualifying Histosol/Histel,,taxonomy is not qualifying Histosol/Histel
35456,S2016ND059022,A2,F,54,True,INSUFFICIENT_INFORMATION,,,,,,,,,validated executable rule not included in high-confidence first pass,Approved indicator retained in rulebook but not executed in this first-pass implementation.
35456,S2016ND059022,A3,F,54,True,INSUFFICIENT_INFORMATION,,,,,,,,no observed layer satisfies all depth/thickness/material/color conditions,explicit organic material type; identifiable moist matrix color,"no observed layer satisfies all depth/thickness/material/color conditions; Missing: explicit organic material type, identifiable moist matrix color"
35456,S2016ND059022,A4,F,54,True,INSUFFICIENT_INFORMATION,,,,,,,,,validated executable rule not included in high-confidence first pass,Approved indicator retained in rulebook but not executed in this first-pass implementation.
35456,S2016ND059022,A5,F,54,True,INSUFFICIENT_INFORMATION,,,,,,,,,validated executable rule not included in high-confidence first pass,Approved indicator retained in rulebook but not executed in this first-pass implementation.
35456,S2016ND059022,A6,F,54,False,NOT_APPLICABLE,,,,,,,,,validated executable rule not included in high-confidence first pass,Approved indicator retained in rulebook but not executed in this first-pass implementation.
35456,S2016ND059022,A7,F,54,False,NOT_APPLICABLE,,,,,,,,,,Indicator A7 is not approved for LRR F/MLRA 54.
35456,S2016ND059022,A8,F,54,False,NOT_APPLICABLE,,,,,,,,,,Indicator A8 is not approved for LRR F/MLRA 54.
35456,S2016ND059022,A9,F,54,True,INSUFFICIENT_INFORMATION,,,,,,,,no observed layer satisfies all depth/thickness/material/color conditions,explicit organic material type; identifiable moist matrix color,"no observed layer satisfies all depth/thickness/material/color conditions; Missing: explicit organic material type, identifiable moist matrix color"
35456,S2016ND059022,A10,F,54,False,NOT_APPLICABLE,,,,,,,,,,Indicator A10 is not approved for LRR F/MLRA 54.
35456,S2016ND059022,A11,F,54,True,INSUFFICIENT_INFORMATION,,,,,,,,no continuous depleted layer satisfies depth/thickness requirements,explicit wetness-derived depleted matrix; identifiable moist matrix color,"no continuous depleted layer satisfies depth/thickness requirements; Missing: explicit wetness-derived depleted matrix, identifiable moist matrix color"
35456,S2016ND059022,A12,F,54,True,INSUFFICIENT_INFORMATION,,,,,,,,no continuous depleted layer satisfies depth/thickness requirements,explicit wetness-derived depleted matrix; identifiable moist matrix color,"no continuous depleted layer satisfies depth/thickness requirements; Missing: explicit wetness-derived depleted matrix, identifiable moist matrix color"
35456,S2016ND059022,A13,F,54,False,NOT_APPLICABLE,,,,,,,,,validated executable rule not included in high-confidence first pass,Approved indicator retained in rulebook but not executed in this first-pass implementation.
35456,S2016ND059022,A14,F,54,False,NOT_APPLICABLE,,,,,,,,,validated executable rule not included in high-confidence first pass,Approved indicator retained in rulebook but not executed in this first-pass implementation.
35456,S2016ND059022,A15,F,54,False,NOT_APPLICABLE,,,,,,,,,validated executable rule not included in high-confidence first pass,Approved indicator retained in rulebook but not executed in this first-pass implementation.
35456,S2016ND059022,A16,F,54,False,NOT_APPLICABLE,,,,,,,,,validated executable rule not included in high-confidence first pass,Approved indicator retained in rulebook but not executed in this first-pass implementation.
35456,S2016ND059022,A17,F,54,False,NOT_APPLICABLE,,,,,,,,,validated executable rule not included in high-confidence first pass,Approved indicator retained in rulebook but not executed in this first-pass implementation.
35456,S2016ND059022,A18,F,54,True,INSUFFICIENT_INFORMATION,,,,,,,,,validated executable rule not included in high-confidence first pass,Approved indicator retained in rulebook but not executed in this first-pass implementation.
35456,S2016ND059022,S1,F,54,True,INSUFFICIENT_INFORMATION,,,,,,,,,validated executable rule not included in high-confidence first pass,Approved indicator retained in rulebook but not executed in this first-pass implementation.
35456,S2016ND059022,S2,F,54,False,NOT_APPLICABLE,,,,,,,,,validated executable rule not included in high-confidence first pass,Approved indicator retained in rulebook but not executed in this first-pass implementation.
35456,S2016ND059022,S3,F,54,True,INSUFFICIENT_INFORMATION,,,,,,,,,validated executable rule not included in high-confidence first pass,Approved indicator retained in rulebook but not executed in this first-pass implementation.
35456,S2016ND059022,S4,F,54,True,INSUFFICIENT_INFORMATION,,,,,,,,no explicit qualifying gley-page matrix at required depth,identifiable moist matrix color,no explicit qualifying gley-page matrix at required depth; Missing: identifiable moist matrix color
35456,S2016ND059022,S5,F,54,True,INSUFFICIENT_INFORMATION,,,,,,,,no continuous 10-cm sandy layer meets matrix and redox requirements,identifiable moist matrix color,no continuous 10-cm sandy layer meets matrix and redox requirements; Missing: identifiable moist matrix color
35456,S2016ND059022,S6,F,54,True,INSUFFICIENT_INFORMATION,,,,,,,,,validated executable rule not included in high-confidence first pass,Approved indicator retained in rulebook but not executed in this first-pass implementation.
35456,S2016ND059022,S7,F,54,False,NOT_APPLICABLE,,,,,,,,,validated executable rule not included in high-confidence first pass,Approved indicator retained in rulebook but not executed in this first-pass implementation.
35456,S2016ND059022,S8,F,54,False,NOT_APPLICABLE,,,,,,,,,validated executable rule not included in high-confidence first pass,Approved indicator retained in rulebook but not executed in this first-pass implementation.
35456,S2016ND059022,S9,F,54,False,NOT_APPLICABLE,,,,,,,,,validated executable rule not included in high-confidence first pass,Approved indicator retained in rulebook but not executed in this first-pass implementation.
35456,S2016ND059022,S11,F,54,False,NOT_APPLICABLE,,,,,,,,,validated executable rule not included in high-confidence first pass,Approved indicator retained in rulebook but not executed in this first-pass implementation.
35456,S2016ND059022,S12,F,54,False,NOT_APPLICABLE,,,,,,,,,validated executable rule not included in high-confidence first pass,Approved indicator retained in rulebook but not executed in this first-pass implementation.
35456,S2016ND059022,F1,F,54,True,INSUFFICIENT_INFORMATION,,,,,,,,,validated executable rule not included in high-confidence first pass,Approved indicator retained in rulebook but not executed in this first-pass implementation.
35456,S2016ND059022,F2,F,54,True,INSUFFICIENT_INFORMATION,,,,,,,,no explicit qualifying gley-page matrix at required depth,identifiable moist matrix color,no explicit qualifying gley-page matrix at required depth; Missing: identifiable moist matrix color
35456,S2016ND059022,F3,F,54,True,INSUFFICIENT_INFORMATION,,,,,,,,no continuous depleted layer satisfies depth/thickness requirements,explicit wetness-derived depleted matrix; identifiable moist matrix color,"no continuous depleted layer satisfies depth/thickness requirements; Missing: explicit wetness-derived depleted matrix, identifiable moist matrix color"
35456,S2016ND059022,F6,F,54,True,INSUFFICIENT_INFORMATION,,,,,,,,no continuous 10-cm loamy/clayey layer meets conditional color/redox requirements,identifiable moist matrix color,no continuous 10-cm loamy/clayey layer meets conditional color/redox requirements; Missing: identifiable moist matrix color
35456,S2016ND059022,F7,F,54,True,INSUFFICIENT_INFORMATION,,,,,,,,no continuous 10-cm loamy/clayey layer meets conditional color/redox requirements,identifiable moist matrix color,no continuous 10-cm loamy/clayey layer meets conditional color/redox requirements; Missing: identifiable moist matrix color
35456,S2016ND059022,F8,F,54,True,INSUFFICIENT_INFORMATION,,,,,,,,,validated executable rule not included in high-confidence first pass,Approved indicator retained in rulebook but not executed in this first-pass implementation.
35456,S2016ND059022,F10,F,54,False,NOT_APPLICABLE,,,,,,,,,validated executable rule not included in high-confidence first pass,Approved indicator retained in rulebook but not executed in this first-pass implementation.
35456,S2016ND059022,F11,F,54,False,NOT_APPLICABLE,,,,,,,,,validated executable rule not included in high-confidence first pass,Approved indicator retained in rulebook but not executed in this first-pass implementation.
35456,S2016ND059022,F12,F,54,False,NOT_APPLICABLE,,,,,,,,,validated executable rule not included in high-confidence first pass,Approved indicator retained in rulebook but not executed in this first-pass implementation.
35456,S2016ND059022,F13,F,54,False,NOT_APPLICABLE,,,,,,,,,validated executable rule not included in high-confidence first pass,Approved indicator retained in rulebook but not executed in this first-pass implementation.
35456,S2016ND059022,F16,F,54,False,NOT_APPLICABLE,,,,,,,,,validated executable rule not included in high-confidence first pass,Approved indicator retained in rulebook but not executed in this first-pass implementation.
35456,S2016ND059022,F17,F,54,False,NOT_APPLICABLE,,,,,,,,,validated executable rule not included in high-confidence first pass,Approved indicator retained in rulebook but not executed in this first-pass implementation.
35456,S2016ND059022,F18,F,54,False,NOT_APPLICABLE,,,,,,,,,validated executable rule not included in high-confidence first pass,Approved indicator retained in rulebook but not executed in this first-pass implementation.
35456,S2016ND059022,F19,F,54,False,NOT_APPLICABLE,,,,,,,,,validated executable rule not included in high-confidence first pass,Approved indicator retained in rulebook but not executed in this first-pass implementation.
35456,S2016ND059022,F20,F,54,False,NOT_APPLICABLE,,,,,,,,,validated executable rule not included in high-confidence first pass,Approved indicator retained in rulebook but not executed in this first-pass implementation.
35456,S2016ND059022,F21,F,54,False,NOT_APPLICABLE,,,,,,,,,validated executable rule not included in high-confidence first pass,Approved indicator retained in rulebook but not executed in this first-pass implementation.
35456,S2016ND059022,F22,F,54,False,NOT_APPLICABLE,,,,,,,,,validated executable rule not included in high-confidence first pass,Approved indicator retained in rulebook but not executed in this first-pass implementation.
35457,S2016ND059023,A1,F,54,True,INDICATOR_NOT_DEMONSTRATED,False,,,,,,,taxonomy is not qualifying Histosol/Histel,,taxonomy is not qualifying Histosol/Histel
35457,S2016ND059023,A2,F,54,True,INSUFFICIENT_INFORMATION,,,,,,,,,validated executable rule not included in high-confidence first pass,Approved indicator retained in rulebook but not executed in this first-pass implementation.
35457,S2016ND059023,A3,F,54,True,INSUFFICIENT_INFORMATION,,,,,,,,no observed layer satisfies all depth/thickness/material/color conditions,explicit organic material type,no observed layer satisfies all depth/thickness/material/color conditions; Missing: explicit organic material type
35457,S2016ND059023,A4,F,54,True,INSUFFICIENT_INFORMATION,,,,,,,,,validated executable rule not included in high-confidence first pass,Approved indicator retained in rulebook but not executed in this first-pass implementation.
35457,S2016ND059023,A5,F,54,True,INSUFFICIENT_INFORMATION,,,,,,,,,validated executable rule not included in high-confidence first pass,Approved indicator retained in rulebook but not executed in this first-pass implementation.
35457,S2016ND059023,A6,F,54,False,NOT_APPLICABLE,,,,,,,,,validated executable rule not included in high-confidence first pass,Approved indicator retained in rulebook but not executed in this first-pass implementation.
35457,S2016ND059023,A7,F,54,False,NOT_APPLICABLE,,,,,,,,,,Indicator A7 is not approved for LRR F/MLRA 54.
35457,S2016ND059023,A8,F,54,False,NOT_APPLICABLE,,,,,,,,,,Indicator A8 is not approved for LRR F/MLRA 54.
35457,S2016ND059023,A9,F,54,True,INSUFFICIENT_INFORMATION,,,,,,,,no observed layer satisfies all depth/thickness/material/color conditions,explicit organic material type,no observed layer satisfies all depth/thickness/material/color conditions; Missing: explicit organic material type
35457,S2016ND059023,A10,F,54,False,NOT_APPLICABLE,,,,,,,,,,Indicator A10 is not approved for LRR F/MLRA 54.
35457,S2016ND059023,A11,F,54,True,INSUFFICIENT_INFORMATION,,,,,,,,no continuous depleted layer satisfies depth/thickness requirements,explicit wetness-derived depleted matrix,no continuous depleted layer satisfies depth/thickness requirements; Missing: explicit wetness-derived depleted matrix
35457,S2016ND059023,A12,F,54,True,INSUFFICIENT_INFORMATION,,,,,,,,no continuous depleted layer satisfies depth/thickness requirements,explicit wetness-derived depleted matrix,no continuous depleted layer satisfies depth/thickness requirements; Missing: explicit wetness-derived depleted matrix
35457,S2016ND059023,A13,F,54,False,NOT_APPLICABLE,,,,,,,,,validated executable rule not included in high-confidence first pass,Approved indicator retained in rulebook but not executed in this first-pass implementation.
35457,S2016ND059023,A14,F,54,False,NOT_APPLICABLE,,,,,,,,,validated executable rule not included in high-confidence first pass,Approved indicator retained in rulebook but not executed in this first-pass implementation.
35457,S2016ND059023,A15,F,54,False,NOT_APPLICABLE,,,,,,,,,validated executable rule not included in high-confidence first pass,Approved indicator retained in rulebook but not executed in this first-pass implementation.
35457,S2016ND059023,A16,F,54,False,NOT_APPLICABLE,,,,,,,,,validated executable rule not included in high-confidence first pass,Approved indicator retained in rulebook but not executed in this first-pass implementation.
35457,S2016ND059023,A17,F,54,False,NOT_APPLICABLE,,,,,,,,,validated executable rule not included in high-confidence first pass,Approved indicator retained in rulebook but not executed in this first-pass implementation.
35457,S2016ND059023,A18,F,54,True,INSUFFICIENT_INFORMATION,,,,,,,,,validated executable rule not included in high-confidence first pass,Approved indicator retained in rulebook but not executed in this first-pass implementation.
35457,S2016ND059023,S1,F,54,True,INSUFFICIENT_INFORMATION,,,,,,,,,validated executable rule not included in high-confidence first pass,Approved indicator retained in rulebook but not executed in this first-pass implementation.
35457,S2016ND059023,S2,F,54,False,NOT_APPLICABLE,,,,,,,,,validated executable rule not included in high-confidence first pass,Approved indicator retained in rulebook but not executed in this first-pass implementation.
35457,S2016ND059023,S3,F,54,True,INSUFFICIENT_INFORMATION,,,,,,,,,validated executable rule not included in high-confidence first pass,Approved indicator retained in rulebook but not executed in this first-pass implementation.
35457,S2016ND059023,S4,F,54,True,INDICATOR_NOT_DEMONSTRATED,False,,,,,,,no explicit qualifying gley-page matrix at required depth,,no explicit qualifying gley-page matrix at required depth
35457,S2016ND059023,S5,F,54,True,INDICATOR_NOT_DEMONSTRATED,False,,,,,,,no continuous 10-cm sandy layer meets matrix and redox requirements,,no continuous 10-cm sandy layer meets matrix and redox requirements
35457,S2016ND059023,S6,F,54,True,INSUFFICIENT_INFORMATION,,,,,,,,,validated executable rule not included in high-confidence first pass,Approved indicator retained in rulebook but not executed in this first-pass implementation.
35457,S2016ND059023,S7,F,54,False,NOT_APPLICABLE,,,,,,,,,validated executable rule not included in high-confidence first pass,Approved indicator retained in rulebook but not executed in this first-pass implementation.
35457,S2016ND059023,S8,F,54,False,NOT_APPLICABLE,,,,,,,,,validated executable rule not included in high-confidence first pass,Approved indicator retained in rulebook but not executed in this first-pass implementation.
35457,S2016ND059023,S9,F,54,False,NOT_APPLICABLE,,,,,,,,,validated executable rule not included in high-confidence first pass,Approved indicator retained in rulebook but not executed in this first-pass implementation.
35457,S2016ND059023,S11,F,54,False,NOT_APPLICABLE,,,,,,,,,validated executable rule not included in high-confidence first pass,Approved indicator retained in rulebook but not executed in this first-pass implementation.
35457,S2016ND059023,S12,F,54,False,NOT_APPLICABLE,,,,,,,,,validated executable rule not included in high-confidence first pass,Approved indicator retained in rulebook but not executed in this first-pass implementation.
35457,S2016ND059023,F1,F,54,True,INSUFFICIENT_INFORMATION,,,,,,,,,validated executable rule not included in high-confidence first pass,Approved indicator retained in rulebook but not executed in this first-pass implementation.
35457,S2016ND059023,F2,F,54,True,INDICATOR_NOT_DEMONSTRATED,False,,,,,,,no explicit qualifying gley-page matrix at required depth,,no explicit qualifying gley-page matrix at required depth
35457,S2016ND059023,F3,F,54,True,INSUFFICIENT_INFORMATION,,,,,,,,no continuous depleted layer satisfies depth/thickness requirements,explicit wetness-derived depleted matrix,no continuous depleted layer satisfies depth/thickness requirements; Missing: explicit wetness-derived depleted matrix
35457,S2016ND059023,F6,F,54,True,INDICATOR_NOT_DEMONSTRATED,False,,,,,,,no continuous 10-cm loamy/clayey layer meets conditional color/redox requirements,,no continuous 10-cm loamy/clayey layer meets conditional color/redox requirements
35457,S2016ND059023,F7,F,54,True,INDICATOR_NOT_DEMONSTRATED,False,,,,,,,no continuous 10-cm loamy/clayey layer meets conditional color/redox requirements,,no continuous 10-cm loamy/clayey layer meets conditional color/redox requirements
35457,S2016ND059023,F8,F,54,True,INSUFFICIENT_INFORMATION,,,,,,,,,validated executable rule not included in high-confidence first pass,Approved indicator retained in rulebook but not executed in this first-pass implementation.
35457,S2016ND059023,F10,F,54,False,NOT_APPLICABLE,,,,,,,,,validated executable rule not included in high-confidence first pass,Approved indicator retained in rulebook but not executed in this first-pass implementation.
35457,S2016ND059023,F11,F,54,False,NOT_APPLICABLE,,,,,,,,,validated executable rule not included in high-confidence first pass,Approved indicator retained in rulebook but not executed in this first-pass implementation.
35457,S2016ND059023,F12,F,54,False,NOT_APPLICABLE,,,,,,,,,validated executable rule not included in high-confidence first pass,Approved indicator retained in rulebook but not executed in this first-pass implementation.
35457,S2016ND059023,F13,F,54,False,NOT_APPLICABLE,,,,,,,,,validated executable rule not included in high-confidence first pass,Approved indicator retained in rulebook but not executed in this first-pass implementation.
35457,S2016ND059023,F16,F,54,False,NOT_APPLICABLE,,,,,,,,,validated executable rule not included in high-confidence first pass,Approved indicator retained in rulebook but not executed in this first-pass implementation.
35457,S2016ND059023,F17,F,54,False,NOT_APPLICABLE,,,,,,,,,validated executable rule not included in high-confidence first pass,Approved indicator retained in rulebook but not executed in this first-pass implementation.
35457,S2016ND059023,F18,F,54,False,NOT_APPLICABLE,,,,,,,,,validated executable rule not included in high-confidence first pass,Approved indicator retained in rulebook but not executed in this first-pass implementation.
35457,S2016ND059023,F19,F,54,False,NOT_APPLICABLE,,,,,,,,,validated executable rule not included in high-confidence first pass,Approved indicator retained in rulebook but not executed in this first-pass implementation.
35457,S2016ND059023,F20,F,54,False,NOT_APPLICABLE,,,,,,,,,validated executable rule not included in high-confidence first pass,Approved indicator retained in rulebook but not executed in this first-pass implementation.
35457,S2016ND059023,F21,F,54,False,NOT_APPLICABLE,,,,,,,,,validated executable rule not included in high-confidence first pass,Approved indicator retained in rulebook but not executed in this first-pass implementation.
35457,S2016ND059023,F22,F,54,False,NOT_APPLICABLE,,,,,,,,,validated executable rule not included in high-confidence first pass,Approved indicator retained in rulebook but not executed in this first-pass implementation.
35458,S2016ND059024,A1,F,54,True,INDICATOR_NOT_DEMONSTRATED,False,,,,,,,taxonomy is not qualifying Histosol/Histel,,taxonomy is not qualifying Histosol/Histel
35458,S2016ND059024,A2,F,54,True,INSUFFICIENT_INFORMATION,,,,,,,,,validated executable rule not included in high-confidence first pass,Approved indicator retained in rulebook but not executed in this first-pass implementation.
35458,S2016ND059024,A3,F,54,True,INSUFFICIENT_INFORMATION,,,,,,,,no observed layer satisfies all depth/thickness/material/color conditions,explicit organic material type,no observed layer satisfies all depth/thickness/material/color conditions; Missing: explicit organic material type
35458,S2016ND059024,A4,F,54,True,INSUFFICIENT_INFORMATION,,,,,,,,,validated executable rule not included in high-confidence first pass,Approved indicator retained in rulebook but not executed in this first-pass implementation.
35458,S2016ND059024,A5,F,54,True,INSUFFICIENT_INFORMATION,,,,,,,,,validated executable rule not included in high-confidence first pass,Approved indicator retained in rulebook but not executed in this first-pass implementation.
35458,S2016ND059024,A6,F,54,False,NOT_APPLICABLE,,,,,,,,,validated executable rule not included in high-confidence first pass,Approved indicator retained in rulebook but not executed in this first-pass implementation.
35458,S2016ND059024,A7,F,54,False,NOT_APPLICABLE,,,,,,,,,,Indicator A7 is not approved for LRR F/MLRA 54.
35458,S2016ND059024,A8,F,54,False,NOT_APPLICABLE,,,,,,,,,,Indicator A8 is not approved for LRR F/MLRA 54.
35458,S2016ND059024,A9,F,54,True,INSUFFICIENT_INFORMATION,,,,,,,,no observed layer satisfies all depth/thickness/material/color conditions,explicit organic material type,no observed layer satisfies all depth/thickness/material/color conditions; Missing: explicit organic material type
35458,S2016ND059024,A10,F,54,False,NOT_APPLICABLE,,,,,,,,,,Indicator A10 is not approved for LRR F/MLRA 54.
35458,S2016ND059024,A11,F,54,True,INSUFFICIENT_INFORMATION,,,,,,,,no continuous depleted layer satisfies depth/thickness requirements,explicit wetness-derived depleted matrix,no continuous depleted layer satisfies depth/thickness requirements; Missing: explicit wetness-derived depleted matrix
35458,S2016ND059024,A12,F,54,True,INSUFFICIENT_INFORMATION,,,,,,,,no continuous depleted layer satisfies depth/thickness requirements,explicit wetness-derived depleted matrix,no continuous depleted layer satisfies depth/thickness requirements; Missing: explicit wetness-derived depleted matrix
35458,S2016ND059024,A13,F,54,False,NOT_APPLICABLE,,,,,,,,,validated executable rule not included in high-confidence first pass,Approved indicator retained in rulebook but not executed in this first-pass implementation.
35458,S2016ND059024,A14,F,54,False,NOT_APPLICABLE,,,,,,,,,validated executable rule not included in high-confidence first pass,Approved indicator retained in rulebook but not executed in this first-pass implementation.
35458,S2016ND059024,A15,F,54,False,NOT_APPLICABLE,,,,,,,,,validated executable rule not included in high-confidence first pass,Approved indicator retained in rulebook but not executed in this first-pass implementation.
35458,S2016ND059024,A16,F,54,False,NOT_APPLICABLE,,,,,,,,,validated executable rule not included in high-confidence first pass,Approved indicator retained in rulebook but not executed in this first-pass implementation.
35458,S2016ND059024,A17,F,54,False,NOT_APPLICABLE,,,,,,,,,validated executable rule not included in high-confidence first pass,Approved indicator retained in rulebook but not executed in this first-pass implementation.
35458,S2016ND059024,A18,F,54,True,INSUFFICIENT_INFORMATION,,,,,,,,,validated executable rule not included in high-confidence first pass,Approved indicator retained in rulebook but not executed in this first-pass implementation.
35458,S2016ND059024,S1,F,54,True,INSUFFICIENT_INFORMATION,,,,,,,,,validated executable rule not included in high-confidence first pass,Approved indicator retained in rulebook but not executed in this first-pass implementation.
35458,S2016ND059024,S2,F,54,False,NOT_APPLICABLE,,,,,,,,,validated executable rule not included in high-confidence first pass,Approved indicator retained in rulebook but not executed in this first-pass implementation.
35458,S2016ND059024,S3,F,54,True,INSUFFICIENT_INFORMATION,,,,,,,,,validated executable rule not included in high-confidence first pass,Approved indicator retained in rulebook but not executed in this first-pass implementation.
35458,S2016ND059024,S4,F,54,True,INDICATOR_NOT_DEMONSTRATED,False,,,,,,,no explicit qualifying gley-page matrix at required depth,,no explicit qualifying gley-page matrix at required depth
35458,S2016ND059024,S5,F,54,True,INSUFFICIENT_INFORMATION,,,,,,,,no continuous 10-cm sandy layer meets matrix and redox requirements,redox percentage/type/contrast,no continuous 10-cm sandy layer meets matrix and redox requirements; Missing: redox percentage/type/contrast
35458,S2016ND059024,S6,F,54,True,INSUFFICIENT_INFORMATION,,,,,,,,,validated executable rule not included in high-confidence first pass,Approved indicator retained in rulebook but not executed in this first-pass implementation.
35458,S2016ND059024,S7,F,54,False,NOT_APPLICABLE,,,,,,,,,validated executable rule not included in high-confidence first pass,Approved indicator retained in rulebook but not executed in this first-pass implementation.
35458,S2016ND059024,S8,F,54,False,NOT_APPLICABLE,,,,,,,,,validated executable rule not included in high-confidence first pass,Approved indicator retained in rulebook but not executed in this first-pass implementation.
35458,S2016ND059024,S9,F,54,False,NOT_APPLICABLE,,,,,,,,,validated executable rule not included in high-confidence first pass,Approved indicator retained in rulebook but not executed in this first-pass implementation.
35458,S2016ND059024,S11,F,54,False,NOT_APPLICABLE,,,,,,,,,validated executable rule not included in high-confidence first pass,Approved indicator retained in rulebook but not executed in this first-pass implementation.
35458,S2016ND059024,S12,F,54,False,NOT_APPLICABLE,,,,,,,,,validated executable rule not included in high-confidence first pass,Approved indicator retained in rulebook but not executed in this first-pass implementation.
35458,S2016ND059024,F1,F,54,True,INSUFFICIENT_INFORMATION,,,,,,,,,validated executable rule not included in high-confidence first pass,Approved indicator retained in rulebook but not executed in this first-pass implementation.
35458,S2016ND059024,F2,F,54,True,INDICATOR_NOT_DEMONSTRATED,False,,,,,,,no explicit qualifying gley-page matrix at required depth,,no explicit qualifying gley-page matrix at required depth
35458,S2016ND059024,F3,F,54,True,INSUFFICIENT_INFORMATION,,,,,,,,no continuous depleted layer satisfies depth/thickness requirements,explicit wetness-derived depleted matrix,no continuous depleted layer satisfies depth/thickness requirements; Missing: explicit wetness-derived depleted matrix
35458,S2016ND059024,F6,F,54,True,INSUFFICIENT_INFORMATION,,,,,,,,no continuous 10-cm loamy/clayey layer meets conditional color/redox requirements,quantitative redox description,no continuous 10-cm loamy/clayey layer meets conditional color/redox requirements; Missing: quantitative redox description
35458,S2016ND059024,F7,F,54,True,INSUFFICIENT_INFORMATION,,,,,,,,no continuous 10-cm loamy/clayey layer meets conditional color/redox requirements,quantitative redox description,no continuous 10-cm loamy/clayey layer meets conditional color/redox requirements; Missing: quantitative redox description
35458,S2016ND059024,F8,F,54,True,INSUFFICIENT_INFORMATION,,,,,,,,,validated executable rule not included in high-confidence first pass,Approved indicator retained in rulebook but not executed in this first-pass implementation.
35458,S2016ND059024,F10,F,54,False,NOT_APPLICABLE,,,,,,,,,validated executable rule not included in high-confidence first pass,Approved indicator retained in rulebook but not executed in this first-pass implementation.
35458,S2016ND059024,F11,F,54,False,NOT_APPLICABLE,,,,,,,,,validated executable rule not included in high-confidence first pass,Approved indicator retained in rulebook but not executed in this first-pass implementation.
35458,S2016ND059024,F12,F,54,False,NOT_APPLICABLE,,,,,,,,,validated executable rule not included in high-confidence first pass,Approved indicator retained in rulebook but not executed in this first-pass implementation.
35458,S2016ND059024,F13,F,54,False,NOT_APPLICABLE,,,,,,,,,validated executable rule not included in high-confidence first pass,Approved indicator retained in rulebook but not executed in this first-pass implementation.
35458,S2016ND059024,F16,F,54,False,NOT_APPLICABLE,,,,,,,,,validated executable rule not included in high-confidence first pass,Approved indicator retained in rulebook but not executed in this first-pass implementation.
35458,S2016ND059024,F17,F,54,False,NOT_APPLICABLE,,,,,,,,,validated executable rule not included in high-confidence first pass,Approved indicator retained in rulebook but not executed in this first-pass implementation.
35458,S2016ND059024,F18,F,54,False,NOT_APPLICABLE,,,,,,,,,validated executable rule not included in high-confidence first pass,Approved indicator retained in rulebook but not executed in this first-pass implementation.
35458,S2016ND059024,F19,F,54,False,NOT_APPLICABLE,,,,,,,,,validated executable rule not included in high-confidence first pass,Approved indicator retained in rulebook but not executed in this first-pass implementation.
35458,S2016ND059024,F20,F,54,False,NOT_APPLICABLE,,,,,,,,,validated executable rule not included in high-confidence first pass,Approved indicator retained in rulebook but not executed in this first-pass implementation.
35458,S2016ND059024,F21,F,54,False,NOT_APPLICABLE,,,,,,,,,validated executable rule not included in high-confidence first pass,Approved indicator retained in rulebook but not executed in this first-pass implementation.
35458,S2016ND059024,F22,F,54,False,NOT_APPLICABLE,,,,,,,,,validated executable rule not included in high-confidence first pass,Approved indicator retained in rulebook but not executed in this first-pass implementation.
35459,S2016ND059027,A1,F,54,True,INDICATOR_NOT_DEMONSTRATED,False,,,,,,,taxonomy is not qualifying Histosol/Histel,,taxonomy is not qualifying Histosol/Histel
35459,S2016ND059027,A2,F,54,True,INSUFFICIENT_INFORMATION,,,,,,,,,validated executable rule not included in high-confidence first pass,Approved indicator retained in rulebook but not executed in this first-pass implementation.
35459,S2016ND059027,A3,F,54,True,INSUFFICIENT_INFORMATION,,,,,,,,no observed layer satisfies all depth/thickness/material/color conditions,explicit organic material type,no observed layer satisfies all depth/thickness/material/color conditions; Missing: explicit organic material type
35459,S2016ND059027,A4,F,54,True,INSUFFICIENT_INFORMATION,,,,,,,,,validated executable rule not included in high-confidence first pass,Approved indicator retained in rulebook but not executed in this first-pass implementation.
35459,S2016ND059027,A5,F,54,True,INSUFFICIENT_INFORMATION,,,,,,,,,validated executable rule not included in high-confidence first pass,Approved indicator retained in rulebook but not executed in this first-pass implementation.
35459,S2016ND059027,A6,F,54,False,NOT_APPLICABLE,,,,,,,,,validated executable rule not included in high-confidence first pass,Approved indicator retained in rulebook but not executed in this first-pass implementation.
35459,S2016ND059027,A7,F,54,False,NOT_APPLICABLE,,,,,,,,,,Indicator A7 is not approved for LRR F/MLRA 54.
35459,S2016ND059027,A8,F,54,False,NOT_APPLICABLE,,,,,,,,,,Indicator A8 is not approved for LRR F/MLRA 54.
35459,S2016ND059027,A9,F,54,True,INSUFFICIENT_INFORMATION,,,,,,,,no observed layer satisfies all depth/thickness/material/color conditions,explicit organic material type,no observed layer satisfies all depth/thickness/material/color conditions; Missing: explicit organic material type
35459,S2016ND059027,A10,F,54,False,NOT_APPLICABLE,,,,,,,,,,Indicator A10 is not approved for LRR F/MLRA 54.
35459,S2016ND059027,A11,F,54,True,INSUFFICIENT_INFORMATION,,,,,,,,no continuous depleted layer satisfies depth/thickness requirements,explicit wetness-derived depleted matrix,no continuous depleted layer satisfies depth/thickness requirements; Missing: explicit wetness-derived depleted matrix
35459,S2016ND059027,A12,F,54,True,INSUFFICIENT_INFORMATION,,,,,,,,no continuous depleted layer satisfies depth/thickness requirements,explicit wetness-derived depleted matrix,no continuous depleted layer satisfies depth/thickness requirements; Missing: explicit wetness-derived depleted matrix
35459,S2016ND059027,A13,F,54,False,NOT_APPLICABLE,,,,,,,,,validated executable rule not included in high-confidence first pass,Approved indicator retained in rulebook but not executed in this first-pass implementation.
35459,S2016ND059027,A14,F,54,False,NOT_APPLICABLE,,,,,,,,,validated executable rule not included in high-confidence first pass,Approved indicator retained in rulebook but not executed in this first-pass implementation.
35459,S2016ND059027,A15,F,54,False,NOT_APPLICABLE,,,,,,,,,validated executable rule not included in high-confidence first pass,Approved indicator retained in rulebook but not executed in this first-pass implementation.
35459,S2016ND059027,A16,F,54,False,NOT_APPLICABLE,,,,,,,,,validated executable rule not included in high-confidence first pass,Approved indicator retained in rulebook but not executed in this first-pass implementation.
35459,S2016ND059027,A17,F,54,False,NOT_APPLICABLE,,,,,,,,,validated executable rule not included in high-confidence first pass,Approved indicator retained in rulebook but not executed in this first-pass implementation.
35459,S2016ND059027,A18,F,54,True,INSUFFICIENT_INFORMATION,,,,,,,,,validated executable rule not included in high-confidence first pass,Approved indicator retained in rulebook but not executed in this first-pass implementation.
35459,S2016ND059027,S1,F,54,True,INSUFFICIENT_INFORMATION,,,,,,,,,validated executable rule not included in high-confidence first pass,Approved indicator retained in rulebook but not executed in this first-pass implementation.
35459,S2016ND059027,S2,F,54,False,NOT_APPLICABLE,,,,,,,,,validated executable rule not included in high-confidence first pass,Approved indicator retained in rulebook but not executed in this first-pass implementation.
35459,S2016ND059027,S3,F,54,True,INSUFFICIENT_INFORMATION,,,,,,,,,validated executable rule not included in high-confidence first pass,Approved indicator retained in rulebook but not executed in this first-pass implementation.
35459,S2016ND059027,S4,F,54,True,INDICATOR_NOT_DEMONSTRATED,False,,,,,,,no explicit qualifying gley-page matrix at required depth,,no explicit qualifying gley-page matrix at required depth
35459,S2016ND059027,S5,F,54,True,INSUFFICIENT_INFORMATION,,,,,,,,no continuous 10-cm sandy layer meets matrix and redox requirements,redox percentage/type/contrast,no continuous 10-cm sandy layer meets matrix and redox requirements; Missing: redox percentage/type/contrast
35459,S2016ND059027,S6,F,54,True,INSUFFICIENT_INFORMATION,,,,,,,,,validated executable rule not included in high-confidence first pass,Approved indicator retained in rulebook but not executed in this first-pass implementation.
35459,S2016ND059027,S7,F,54,False,NOT_APPLICABLE,,,,,,,,,validated executable rule not included in high-confidence first pass,Approved indicator retained in rulebook but not executed in this first-pass implementation.
35459,S2016ND059027,S8,F,54,False,NOT_APPLICABLE,,,,,,,,,validated executable rule not included in high-confidence first pass,Approved indicator retained in rulebook but not executed in this first-pass implementation.
35459,S2016ND059027,S9,F,54,False,NOT_APPLICABLE,,,,,,,,,validated executable rule not included in high-confidence first pass,Approved indicator retained in rulebook but not executed in this first-pass implementation.
35459,S2016ND059027,S11,F,54,False,NOT_APPLICABLE,,,,,,,,,validated executable rule not included in high-confidence first pass,Approved indicator retained in rulebook but not executed in this first-pass implementation.
35459,S2016ND059027,S12,F,54,False,NOT_APPLICABLE,,,,,,,,,validated executable rule not included in high-confidence first pass,Approved indicator retained in rulebook but not executed in this first-pass implementation.
35459,S2016ND059027,F1,F,54,True,INSUFFICIENT_INFORMATION,,,,,,,,,validated executable rule not included in high-confidence first pass,Approved indicator retained in rulebook but not executed in this first-pass implementation.
35459,S2016ND059027,F2,F,54,True,INDICATOR_NOT_DEMONSTRATED,False,,,,,,,no explicit qualifying gley-page matrix at required depth,,no explicit qualifying gley-page matrix at required depth
35459,S2016ND059027,F3,F,54,True,INSUFFICIENT_INFORMATION,,,,,,,,no continuous depleted layer satisfies depth/thickness requirements,explicit wetness-derived depleted matrix,no continuous depleted layer satisfies depth/thickness requirements; Missing: explicit wetness-derived depleted matrix
35459,S2016ND059027,F6,F,54,True,INSUFFICIENT_INFORMATION,,,,,,,,no continuous 10-cm loamy/clayey layer meets conditional color/redox requirements,quantitative redox description,no continuous 10-cm loamy/clayey layer meets conditional color/redox requirements; Missing: quantitative redox description
35459,S2016ND059027,F7,F,54,True,INSUFFICIENT_INFORMATION,,,,,,,,no continuous 10-cm loamy/clayey layer meets conditional color/redox requirements,quantitative redox description,no continuous 10-cm loamy/clayey layer meets conditional color/redox requirements; Missing: quantitative redox description
35459,S2016ND059027,F8,F,54,True,INSUFFICIENT_INFORMATION,,,,,,,,,validated executable rule not included in high-confidence first pass,Approved indicator retained in rulebook but not executed in this first-pass implementation.
35459,S2016ND059027,F10,F,54,False,NOT_APPLICABLE,,,,,,,,,validated executable rule not included in high-confidence first pass,Approved indicator retained in rulebook but not executed in this first-pass implementation.
35459,S2016ND059027,F11,F,54,False,NOT_APPLICABLE,,,,,,,,,validated executable rule not included in high-confidence first pass,Approved indicator retained in rulebook but not executed in this first-pass implementation.
35459,S2016ND059027,F12,F,54,False,NOT_APPLICABLE,,,,,,,,,validated executable rule not included in high-confidence first pass,Approved indicator retained in rulebook but not executed in this first-pass implementation.
35459,S2016ND059027,F13,F,54,False,NOT_APPLICABLE,,,,,,,,,validated executable rule not included in high-confidence first pass,Approved indicator retained in rulebook but not executed in this first-pass implementation.
35459,S2016ND059027,F16,F,54,False,NOT_APPLICABLE,,,,,,,,,validated executable rule not included in high-confidence first pass,Approved indicator retained in rulebook but not executed in this first-pass implementation.
35459,S2016ND059027,F17,F,54,False,NOT_APPLICABLE,,,,,,,,,validated executable rule not included in high-confidence first pass,Approved indicator retained in rulebook but not executed in this first-pass implementation.
35459,S2016ND059027,F18,F,54,False,NOT_APPLICABLE,,,,,,,,,validated executable rule not included in high-confidence first pass,Approved indicator retained in rulebook but not executed in this first-pass implementation.
35459,S2016ND059027,F19,F,54,False,NOT_APPLICABLE,,,,,,,,,validated executable rule not included in high-confidence first pass,Approved indicator retained in rulebook but not executed in this first-pass implementation.
35459,S2016ND059027,F20,F,54,False,NOT_APPLICABLE,,,,,,,,,validated executable rule not included in high-confidence first pass,Approved indicator retained in rulebook but not executed in this first-pass implementation.
35459,S2016ND059027,F21,F,54,False,NOT_APPLICABLE,,,,,,,,,validated executable rule not included in high-confidence first pass,Approved indicator retained in rulebook but not executed in this first-pass implementation.
35459,S2016ND059027,F22,F,54,False,NOT_APPLICABLE,,,,,,,,,validated executable rule not included in high-confidence first pass,Approved indicator retained in rulebook but not executed in this first-pass implementation.
35461,S2016ND059029,A1,F,54,True,INDICATOR_NOT_DEMONSTRATED,False,,,,,,,taxonomy is not qualifying Histosol/Histel,,taxonomy is not qualifying Histosol/Histel
35461,S2016ND059029,A2,F,54,True,INSUFFICIENT_INFORMATION,,,,,,,,,validated executable rule not included in high-confidence first pass,Approved indicator retained in rulebook but not executed in this first-pass implementation.
35461,S2016ND059029,A3,F,54,True,INSUFFICIENT_INFORMATION,,,,,,,,no observed layer satisfies all depth/thickness/material/color conditions,explicit organic material type,no observed layer satisfies all depth/thickness/material/color conditions; Missing: explicit organic material type
35461,S2016ND059029,A4,F,54,True,INSUFFICIENT_INFORMATION,,,,,,,,,validated executable rule not included in high-confidence first pass,Approved indicator retained in rulebook but not executed in this first-pass implementation.
35461,S2016ND059029,A5,F,54,True,INSUFFICIENT_INFORMATION,,,,,,,,,validated executable rule not included in high-confidence first pass,Approved indicator retained in rulebook but not executed in this first-pass implementation.
35461,S2016ND059029,A6,F,54,False,NOT_APPLICABLE,,,,,,,,,validated executable rule not included in high-confidence first pass,Approved indicator retained in rulebook but not executed in this first-pass implementation.
35461,S2016ND059029,A7,F,54,False,NOT_APPLICABLE,,,,,,,,,,Indicator A7 is not approved for LRR F/MLRA 54.
35461,S2016ND059029,A8,F,54,False,NOT_APPLICABLE,,,,,,,,,,Indicator A8 is not approved for LRR F/MLRA 54.
35461,S2016ND059029,A9,F,54,True,INSUFFICIENT_INFORMATION,,,,,,,,no observed layer satisfies all depth/thickness/material/color conditions,explicit organic material type,no observed layer satisfies all depth/thickness/material/color conditions; Missing: explicit organic material type
35461,S2016ND059029,A10,F,54,False,NOT_APPLICABLE,,,,,,,,,,Indicator A10 is not approved for LRR F/MLRA 54.
35461,S2016ND059029,A11,F,54,True,INSUFFICIENT_INFORMATION,,,,,,,,no continuous depleted layer satisfies depth/thickness requirements,explicit wetness-derived depleted matrix,no continuous depleted layer satisfies depth/thickness requirements; Missing: explicit wetness-derived depleted matrix
35461,S2016ND059029,A12,F,54,True,INSUFFICIENT_INFORMATION,,,,,,,,no continuous depleted layer satisfies depth/thickness requirements,explicit wetness-derived depleted matrix,no continuous depleted layer satisfies depth/thickness requirements; Missing: explicit wetness-derived depleted matrix
35461,S2016ND059029,A13,F,54,False,NOT_APPLICABLE,,,,,,,,,validated executable rule not included in high-confidence first pass,Approved indicator retained in rulebook but not executed in this first-pass implementation.
35461,S2016ND059029,A14,F,54,False,NOT_APPLICABLE,,,,,,,,,validated executable rule not included in high-confidence first pass,Approved indicator retained in rulebook but not executed in this first-pass implementation.
35461,S2016ND059029,A15,F,54,False,NOT_APPLICABLE,,,,,,,,,validated executable rule not included in high-confidence first pass,Approved indicator retained in rulebook but not executed in this first-pass implementation.
35461,S2016ND059029,A16,F,54,False,NOT_APPLICABLE,,,,,,,,,validated executable rule not included in high-confidence first pass,Approved indicator retained in rulebook but not executed in this first-pass implementation.
35461,S2016ND059029,A17,F,54,False,NOT_APPLICABLE,,,,,,,,,validated executable rule not included in high-confidence first pass,Approved indicator retained in rulebook but not executed in this first-pass implementation.
35461,S2016ND059029,A18,F,54,True,INSUFFICIENT_INFORMATION,,,,,,,,,validated executable rule not included in high-confidence first pass,Approved indicator retained in rulebook but not executed in this first-pass implementation.
35461,S2016ND059029,S1,F,54,True,INSUFFICIENT_INFORMATION,,,,,,,,,validated executable rule not included in high-confidence first pass,Approved indicator retained in rulebook but not executed in this first-pass implementation.
35461,S2016ND059029,S2,F,54,False,NOT_APPLICABLE,,,,,,,,,validated executable rule not included in high-confidence first pass,Approved indicator retained in rulebook but not executed in this first-pass implementation.
35461,S2016ND059029,S3,F,54,True,INSUFFICIENT_INFORMATION,,,,,,,,,validated executable rule not included in high-confidence first pass,Approved indicator retained in rulebook but not executed in this first-pass implementation.
35461,S2016ND059029,S4,F,54,True,INDICATOR_NOT_DEMONSTRATED,False,,,,,,,no explicit qualifying gley-page matrix at required depth,,no explicit qualifying gley-page matrix at required depth
35461,S2016ND059029,S5,F,54,True,INSUFFICIENT_INFORMATION,,,,,,,,no continuous 10-cm sandy layer meets matrix and redox requirements,redox percentage/type/contrast,no continuous 10-cm sandy layer meets matrix and redox requirements; Missing: redox percentage/type/contrast
35461,S2016ND059029,S6,F,54,True,INSUFFICIENT_INFORMATION,,,,,,,,,validated executable rule not included in high-confidence first pass,Approved indicator retained in rulebook but not executed in this first-pass implementation.
35461,S2016ND059029,S7,F,54,False,NOT_APPLICABLE,,,,,,,,,validated executable rule not included in high-confidence first pass,Approved indicator retained in rulebook but not executed in this first-pass implementation.
35461,S2016ND059029,S8,F,54,False,NOT_APPLICABLE,,,,,,,,,validated executable rule not included in high-confidence first pass,Approved indicator retained in rulebook but not executed in this first-pass implementation.
35461,S2016ND059029,S9,F,54,False,NOT_APPLICABLE,,,,,,,,,validated executable rule not included in high-confidence first pass,Approved indicator retained in rulebook but not executed in this first-pass implementation.
35461,S2016ND059029,S11,F,54,False,NOT_APPLICABLE,,,,,,,,,validated executable rule not included in high-confidence first pass,Approved indicator retained in rulebook but not executed in this first-pass implementation.
35461,S2016ND059029,S12,F,54,False,NOT_APPLICABLE,,,,,,,,,validated executable rule not included in high-confidence first pass,Approved indicator retained in rulebook but not executed in this first-pass implementation.
35461,S2016ND059029,F1,F,54,True,INSUFFICIENT_INFORMATION,,,,,,,,,validated executable rule not included in high-confidence first pass,Approved indicator retained in rulebook but not executed in this first-pass implementation.
35461,S2016ND059029,F2,F,54,True,INDICATOR_NOT_DEMONSTRATED,False,,,,,,,no explicit qualifying gley-page matrix at required depth,,no explicit qualifying gley-page matrix at required depth
35461,S2016ND059029,F3,F,54,True,INSUFFICIENT_INFORMATION,,,,,,,,no continuous depleted layer satisfies depth/thickness requirements,explicit wetness-derived depleted matrix,no continuous depleted layer satisfies depth/thickness requirements; Missing: explicit wetness-derived depleted matrix
35461,S2016ND059029,F6,F,54,True,INSUFFICIENT_INFORMATION,,,,,,,,no continuous 10-cm loamy/clayey layer meets conditional color/redox requirements,quantitative redox description,no continuous 10-cm loamy/clayey layer meets conditional color/redox requirements; Missing: quantitative redox description
35461,S2016ND059029,F7,F,54,True,INSUFFICIENT_INFORMATION,,,,,,,,no continuous 10-cm loamy/clayey layer meets conditional color/redox requirements,quantitative redox description,no continuous 10-cm loamy/clayey layer meets conditional color/redox requirements; Missing: quantitative redox description
35461,S2016ND059029,F8,F,54,True,INSUFFICIENT_INFORMATION,,,,,,,,,validated executable rule not included in high-confidence first pass,Approved indicator retained in rulebook but not executed in this first-pass implementation.
35461,S2016ND059029,F10,F,54,False,NOT_APPLICABLE,,,,,,,,,validated executable rule not included in high-confidence first pass,Approved indicator retained in rulebook but not executed in this first-pass implementation.
35461,S2016ND059029,F11,F,54,False,NOT_APPLICABLE,,,,,,,,,validated executable rule not included in high-confidence first pass,Approved indicator retained in rulebook but not executed in this first-pass implementation.
35461,S2016ND059029,F12,F,54,False,NOT_APPLICABLE,,,,,,,,,validated executable rule not included in high-confidence first pass,Approved indicator retained in rulebook but not executed in this first-pass implementation.
35461,S2016ND059029,F13,F,54,False,NOT_APPLICABLE,,,,,,,,,validated executable rule not included in high-confidence first pass,Approved indicator retained in rulebook but not executed in this first-pass implementation.
35461,S2016ND059029,F16,F,54,False,NOT_APPLICABLE,,,,,,,,,validated executable rule not included in high-confidence first pass,Approved indicator retained in rulebook but not executed in this first-pass implementation.
35461,S2016ND059029,F17,F,54,False,NOT_APPLICABLE,,,,,,,,,validated executable rule not included in high-confidence first pass,Approved indicator retained in rulebook but not executed in this first-pass implementation.
35461,S2016ND059029,F18,F,54,False,NOT_APPLICABLE,,,,,,,,,validated executable rule not included in high-confidence first pass,Approved indicator retained in rulebook but not executed in this first-pass implementation.
35461,S2016ND059029,F19,F,54,False,NOT_APPLICABLE,,,,,,,,,validated executable rule not included in high-confidence first pass,Approved indicator retained in rulebook but not executed in this first-pass implementation.
35461,S2016ND059029,F20,F,54,False,NOT_APPLICABLE,,,,,,,,,validated executable rule not included in high-confidence first pass,Approved indicator retained in rulebook but not executed in this first-pass implementation.
35461,S2016ND059029,F21,F,54,False,NOT_APPLICABLE,,,,,,,,,validated executable rule not included in high-confidence first pass,Approved indicator retained in rulebook but not executed in this first-pass implementation.
35461,S2016ND059029,F22,F,54,False,NOT_APPLICABLE,,,,,,,,,validated executable rule not included in high-confidence first pass,Approved indicator retained in rulebook but not executed in this first-pass implementation.
35460,S2016ND059030,A1,F,54,True,INDICATOR_NOT_DEMONSTRATED,False,,,,,,,taxonomy is not qualifying Histosol/Histel,,taxonomy is not qualifying Histosol/Histel
35460,S2016ND059030,A2,F,54,True,INSUFFICIENT_INFORMATION,,,,,,,,,validated executable rule not included in high-confidence first pass,Approved indicator retained in rulebook but not executed in this first-pass implementation.
35460,S2016ND059030,A3,F,54,True,INSUFFICIENT_INFORMATION,,,,,,,,no observed layer satisfies all depth/thickness/material/color conditions,explicit organic material type,no observed layer satisfies all depth/thickness/material/color conditions; Missing: explicit organic material type
35460,S2016ND059030,A4,F,54,True,INSUFFICIENT_INFORMATION,,,,,,,,,validated executable rule not included in high-confidence first pass,Approved indicator retained in rulebook but not executed in this first-pass implementation.
35460,S2016ND059030,A5,F,54,True,INSUFFICIENT_INFORMATION,,,,,,,,,validated executable rule not included in high-confidence first pass,Approved indicator retained in rulebook but not executed in this first-pass implementation.
35460,S2016ND059030,A6,F,54,False,NOT_APPLICABLE,,,,,,,,,validated executable rule not included in high-confidence first pass,Approved indicator retained in rulebook but not executed in this first-pass implementation.
35460,S2016ND059030,A7,F,54,False,NOT_APPLICABLE,,,,,,,,,,Indicator A7 is not approved for LRR F/MLRA 54.
35460,S2016ND059030,A8,F,54,False,NOT_APPLICABLE,,,,,,,,,,Indicator A8 is not approved for LRR F/MLRA 54.
35460,S2016ND059030,A9,F,54,True,INSUFFICIENT_INFORMATION,,,,,,,,no observed layer satisfies all depth/thickness/material/color conditions,explicit organic material type,no observed layer satisfies all depth/thickness/material/color conditions; Missing: explicit organic material type
35460,S2016ND059030,A10,F,54,False,NOT_APPLICABLE,,,,,,,,,,Indicator A10 is not approved for LRR F/MLRA 54.
35460,S2016ND059030,A11,F,54,True,INSUFFICIENT_INFORMATION,,,,,,,,no continuous depleted layer satisfies depth/thickness requirements,explicit wetness-derived depleted matrix,no continuous depleted layer satisfies depth/thickness requirements; Missing: explicit wetness-derived depleted matrix
35460,S2016ND059030,A12,F,54,True,INSUFFICIENT_INFORMATION,,,,,,,,no continuous depleted layer satisfies depth/thickness requirements,explicit wetness-derived depleted matrix,no continuous depleted layer satisfies depth/thickness requirements; Missing: explicit wetness-derived depleted matrix
35460,S2016ND059030,A13,F,54,False,NOT_APPLICABLE,,,,,,,,,validated executable rule not included in high-confidence first pass,Approved indicator retained in rulebook but not executed in this first-pass implementation.
35460,S2016ND059030,A14,F,54,False,NOT_APPLICABLE,,,,,,,,,validated executable rule not included in high-confidence first pass,Approved indicator retained in rulebook but not executed in this first-pass implementation.
35460,S2016ND059030,A15,F,54,False,NOT_APPLICABLE,,,,,,,,,validated executable rule not included in high-confidence first pass,Approved indicator retained in rulebook but not executed in this first-pass implementation.
35460,S2016ND059030,A16,F,54,False,NOT_APPLICABLE,,,,,,,,,validated executable rule not included in high-confidence first pass,Approved indicator retained in rulebook but not executed in this first-pass implementation.
35460,S2016ND059030,A17,F,54,False,NOT_APPLICABLE,,,,,,,,,validated executable rule not included in high-confidence first pass,Approved indicator retained in rulebook but not executed in this first-pass implementation.
35460,S2016ND059030,A18,F,54,True,INSUFFICIENT_INFORMATION,,,,,,,,,validated executable rule not included in high-confidence first pass,Approved indicator retained in rulebook but not executed in this first-pass implementation.
35460,S2016ND059030,S1,F,54,True,INSUFFICIENT_INFORMATION,,,,,,,,,validated executable rule not included in high-confidence first pass,Approved indicator retained in rulebook but not executed in this first-pass implementation.
35460,S2016ND059030,S2,F,54,False,NOT_APPLICABLE,,,,,,,,,validated executable rule not included in high-confidence first pass,Approved indicator retained in rulebook but not executed in this first-pass implementation.
35460,S2016ND059030,S3,F,54,True,INSUFFICIENT_INFORMATION,,,,,,,,,validated executable rule not included in high-confidence first pass,Approved indicator retained in rulebook but not executed in this first-pass implementation.
35460,S2016ND059030,S4,F,54,True,INDICATOR_NOT_DEMONSTRATED,False,,,,,,,no explicit qualifying gley-page matrix at required depth,,no explicit qualifying gley-page matrix at required depth
35460,S2016ND059030,S5,F,54,True,INDICATOR_NOT_DEMONSTRATED,False,,,,,,,no continuous 10-cm sandy layer meets matrix and redox requirements,,no continuous 10-cm sandy layer meets matrix and redox requirements
35460,S2016ND059030,S6,F,54,True,INSUFFICIENT_INFORMATION,,,,,,,,,validated executable rule not included in high-confidence first pass,Approved indicator retained in rulebook but not executed in this first-pass implementation.
35460,S2016ND059030,S7,F,54,False,NOT_APPLICABLE,,,,,,,,,validated executable rule not included in high-confidence first pass,Approved indicator retained in rulebook but not executed in this first-pass implementation.
35460,S2016ND059030,S8,F,54,False,NOT_APPLICABLE,,,,,,,,,validated executable rule not included in high-confidence first pass,Approved indicator retained in rulebook but not executed in this first-pass implementation.
35460,S2016ND059030,S9,F,54,False,NOT_APPLICABLE,,,,,,,,,validated executable rule not included in high-confidence first pass,Approved indicator retained in rulebook but not executed in this first-pass implementation.
35460,S2016ND059030,S11,F,54,False,NOT_APPLICABLE,,,,,,,,,validated executable rule not included in high-confidence first pass,Approved indicator retained in rulebook but not executed in this first-pass implementation.
35460,S2016ND059030,S12,F,54,False,NOT_APPLICABLE,,,,,,,,,validated executable rule not included in high-confidence first pass,Approved indicator retained in rulebook but not executed in this first-pass implementation.
35460,S2016ND059030,F1,F,54,True,INSUFFICIENT_INFORMATION,,,,,,,,,validated executable rule not included in high-confidence first pass,Approved indicator retained in rulebook but not executed in this first-pass implementation.
35460,S2016ND059030,F2,F,54,True,INDICATOR_NOT_DEMONSTRATED,False,,,,,,,no explicit qualifying gley-page matrix at required depth,,no explicit qualifying gley-page matrix at required depth
35460,S2016ND059030,F3,F,54,True,INSUFFICIENT_INFORMATION,,,,,,,,no continuous depleted layer satisfies depth/thickness requirements,explicit wetness-derived depleted matrix,no continuous depleted layer satisfies depth/thickness requirements; Missing: explicit wetness-derived depleted matrix
35460,S2016ND059030,F6,F,54,True,INDICATOR_NOT_DEMONSTRATED,False,,,,,,,no continuous 10-cm loamy/clayey layer meets conditional color/redox requirements,,no continuous 10-cm loamy/clayey layer meets conditional color/redox requirements
35460,S2016ND059030,F7,F,54,True,INDICATOR_NOT_DEMONSTRATED,False,,,,,,,no continuous 10-cm loamy/clayey layer meets conditional color/redox requirements,,no continuous 10-cm loamy/clayey layer meets conditional color/redox requirements
35460,S2016ND059030,F8,F,54,True,INSUFFICIENT_INFORMATION,,,,,,,,,validated executable rule not included in high-confidence first pass,Approved indicator retained in rulebook but not executed in this first-pass implementation.
35460,S2016ND059030,F10,F,54,False,NOT_APPLICABLE,,,,,,,,,validated executable rule not included in high-confidence first pass,Approved indicator retained in rulebook but not executed in this first-pass implementation.
35460,S2016ND059030,F11,F,54,False,NOT_APPLICABLE,,,,,,,,,validated executable rule not included in high-confidence first pass,Approved indicator retained in rulebook but not executed in this first-pass implementation.
35460,S2016ND059030,F12,F,54,False,NOT_APPLICABLE,,,,,,,,,validated executable rule not included in high-confidence first pass,Approved indicator retained in rulebook but not executed in this first-pass implementation.
35460,S2016ND059030,F13,F,54,False,NOT_APPLICABLE,,,,,,,,,validated executable rule not included in high-confidence first pass,Approved indicator retained in rulebook but not executed in this first-pass implementation.
35460,S2016ND059030,F16,F,54,False,NOT_APPLICABLE,,,,,,,,,validated executable rule not included in high-confidence first pass,Approved indicator retained in rulebook but not executed in this first-pass implementation.
35460,S2016ND059030,F17,F,54,False,NOT_APPLICABLE,,,,,,,,,validated executable rule not included in high-confidence first pass,Approved indicator retained in rulebook but not executed in this first-pass implementation.
35460,S2016ND059030,F18,F,54,False,NOT_APPLICABLE,,,,,,,,,validated executable rule not included in high-confidence first pass,Approved indicator retained in rulebook but not executed in this first-pass implementation.
35460,S2016ND059030,F19,F,54,False,NOT_APPLICABLE,,,,,,,,,validated executable rule not included in high-confidence first pass,Approved indicator retained in rulebook but not executed in this first-pass implementation.
35460,S2016ND059030,F20,F,54,False,NOT_APPLICABLE,,,,,,,,,validated executable rule not included in high-confidence first pass,Approved indicator retained in rulebook but not executed in this first-pass implementation.
35460,S2016ND059030,F21,F,54,False,NOT_APPLICABLE,,,,,,,,,validated executable rule not included in high-confidence first pass,Approved indicator retained in rulebook but not executed in this first-pass implementation.
35460,S2016ND059030,F22,F,54,False,NOT_APPLICABLE,,,,,,,,,validated executable rule not included in high-confidence first pass,Approved indicator retained in rulebook but not executed in this first-pass implementation.
37473,S2017ND093001,A1,F,53B,True,INDICATOR_NOT_DEMONSTRATED,False,,,,,,,taxonomy is not qualifying Histosol/Histel,,taxonomy is not qualifying Histosol/Histel
37473,S2017ND093001,A2,F,53B,True,INSUFFICIENT_INFORMATION,,,,,,,,,validated executable rule not included in high-confidence first pass,Approved indicator retained in rulebook but not executed in this first-pass implementation.
37473,S2017ND093001,A3,F,53B,True,INSUFFICIENT_INFORMATION,,,,,,,,no observed layer satisfies all depth/thickness/material/color conditions,explicit organic material type,no observed layer satisfies all depth/thickness/material/color conditions; Missing: explicit organic material type
37473,S2017ND093001,A4,F,53B,True,INSUFFICIENT_INFORMATION,,,,,,,,,validated executable rule not included in high-confidence first pass,Approved indicator retained in rulebook but not executed in this first-pass implementation.
37473,S2017ND093001,A5,F,53B,True,INSUFFICIENT_INFORMATION,,,,,,,,,validated executable rule not included in high-confidence first pass,Approved indicator retained in rulebook but not executed in this first-pass implementation.
37473,S2017ND093001,A6,F,53B,False,NOT_APPLICABLE,,,,,,,,,validated executable rule not included in high-confidence first pass,Approved indicator retained in rulebook but not executed in this first-pass implementation.
37473,S2017ND093001,A7,F,53B,False,NOT_APPLICABLE,,,,,,,,,,Indicator A7 is not approved for LRR F/MLRA 53B.
37473,S2017ND093001,A8,F,53B,False,NOT_APPLICABLE,,,,,,,,,,Indicator A8 is not approved for LRR F/MLRA 53B.
37473,S2017ND093001,A9,F,53B,True,INSUFFICIENT_INFORMATION,,,,,,,,no observed layer satisfies all depth/thickness/material/color conditions,explicit organic material type,no observed layer satisfies all depth/thickness/material/color conditions; Missing: explicit organic material type
37473,S2017ND093001,A10,F,53B,False,NOT_APPLICABLE,,,,,,,,,,Indicator A10 is not approved for LRR F/MLRA 53B.
37473,S2017ND093001,A11,F,53B,True,INSUFFICIENT_INFORMATION,,,,,,,,no continuous depleted layer satisfies depth/thickness requirements,explicit wetness-derived depleted matrix,no continuous depleted layer satisfies depth/thickness requirements; Missing: explicit wetness-derived depleted matrix
37473,S2017ND093001,A12,F,53B,True,INSUFFICIENT_INFORMATION,,,,,,,,no continuous depleted layer satisfies depth/thickness requirements,explicit wetness-derived depleted matrix,no continuous depleted layer satisfies depth/thickness requirements; Missing: explicit wetness-derived depleted matrix
37473,S2017ND093001,A13,F,53B,False,NOT_APPLICABLE,,,,,,,,,validated executable rule not included in high-confidence first pass,Approved indicator retained in rulebook but not executed in this first-pass implementation.
37473,S2017ND093001,A14,F,53B,False,NOT_APPLICABLE,,,,,,,,,validated executable rule not included in high-confidence first pass,Approved indicator retained in rulebook but not executed in this first-pass implementation.
37473,S2017ND093001,A15,F,53B,False,NOT_APPLICABLE,,,,,,,,,validated executable rule not included in high-confidence first pass,Approved indicator retained in rulebook but not executed in this first-pass implementation.
37473,S2017ND093001,A16,F,53B,False,NOT_APPLICABLE,,,,,,,,,validated executable rule not included in high-confidence first pass,Approved indicator retained in rulebook but not executed in this first-pass implementation.
37473,S2017ND093001,A17,F,53B,False,NOT_APPLICABLE,,,,,,,,,validated executable rule not included in high-confidence first pass,Approved indicator retained in rulebook but not executed in this first-pass implementation.
37473,S2017ND093001,A18,F,53B,True,INSUFFICIENT_INFORMATION,,,,,,,,,validated executable rule not included in high-confidence first pass,Approved indicator retained in rulebook but not executed in this first-pass implementation.
37473,S2017ND093001,S1,F,53B,True,INSUFFICIENT_INFORMATION,,,,,,,,,validated executable rule not included in high-confidence first pass,Approved indicator retained in rulebook but not executed in this first-pass implementation.
37473,S2017ND093001,S2,F,53B,False,NOT_APPLICABLE,,,,,,,,,validated executable rule not included in high-confidence first pass,Approved indicator retained in rulebook but not executed in this first-pass implementation.
37473,S2017ND093001,S3,F,53B,True,INSUFFICIENT_INFORMATION,,,,,,,,,validated executable rule not included in high-confidence first pass,Approved indicator retained in rulebook but not executed in this first-pass implementation.
37473,S2017ND093001,S4,F,53B,True,INDICATOR_NOT_DEMONSTRATED,False,,,,,,,no explicit qualifying gley-page matrix at required depth,,no explicit qualifying gley-page matrix at required depth
37473,S2017ND093001,S5,F,53B,True,INSUFFICIENT_INFORMATION,,,,,,,,no continuous 10-cm sandy layer meets matrix and redox requirements,redox percentage/type/contrast,no continuous 10-cm sandy layer meets matrix and redox requirements; Missing: redox percentage/type/contrast
37473,S2017ND093001,S6,F,53B,True,INSUFFICIENT_INFORMATION,,,,,,,,,validated executable rule not included in high-confidence first pass,Approved indicator retained in rulebook but not executed in this first-pass implementation.
37473,S2017ND093001,S7,F,53B,False,NOT_APPLICABLE,,,,,,,,,validated executable rule not included in high-confidence first pass,Approved indicator retained in rulebook but not executed in this first-pass implementation.
37473,S2017ND093001,S8,F,53B,False,NOT_APPLICABLE,,,,,,,,,validated executable rule not included in high-confidence first pass,Approved indicator retained in rulebook but not executed in this first-pass implementation.
37473,S2017ND093001,S9,F,53B,False,NOT_APPLICABLE,,,,,,,,,validated executable rule not included in high-confidence first pass,Approved indicator retained in rulebook but not executed in this first-pass implementation.
37473,S2017ND093001,S11,F,53B,False,NOT_APPLICABLE,,,,,,,,,validated executable rule not included in high-confidence first pass,Approved indicator retained in rulebook but not executed in this first-pass implementation.
37473,S2017ND093001,S12,F,53B,False,NOT_APPLICABLE,,,,,,,,,validated executable rule not included in high-confidence first pass,Approved indicator retained in rulebook but not executed in this first-pass implementation.
37473,S2017ND093001,F1,F,53B,True,INSUFFICIENT_INFORMATION,,,,,,,,,validated executable rule not included in high-confidence first pass,Approved indicator retained in rulebook but not executed in this first-pass implementation.
37473,S2017ND093001,F2,F,53B,True,INDICATOR_NOT_DEMONSTRATED,False,,,,,,,no explicit qualifying gley-page matrix at required depth,,no explicit qualifying gley-page matrix at required depth
37473,S2017ND093001,F3,F,53B,True,INSUFFICIENT_INFORMATION,,,,,,,,no continuous depleted layer satisfies depth/thickness requirements,explicit wetness-derived depleted matrix,no continuous depleted layer satisfies depth/thickness requirements; Missing: explicit wetness-derived depleted matrix
37473,S2017ND093001,F6,F,53B,True,INSUFFICIENT_INFORMATION,,,,,,,,no continuous 10-cm loamy/clayey layer meets conditional color/redox requirements,quantitative redox description,no continuous 10-cm loamy/clayey layer meets conditional color/redox requirements; Missing: quantitative redox description
37473,S2017ND093001,F7,F,53B,True,INSUFFICIENT_INFORMATION,,,,,,,,no continuous 10-cm loamy/clayey layer meets conditional color/redox requirements,quantitative redox description,no continuous 10-cm loamy/clayey layer meets conditional color/redox requirements; Missing: quantitative redox description
37473,S2017ND093001,F8,F,53B,True,INSUFFICIENT_INFORMATION,,,,,,,,,validated executable rule not included in high-confidence first pass,Approved indicator retained in rulebook but not executed in this first-pass implementation.
37473,S2017ND093001,F10,F,53B,False,NOT_APPLICABLE,,,,,,,,,validated executable rule not included in high-confidence first pass,Approved indicator retained in rulebook but not executed in this first-pass implementation.
37473,S2017ND093001,F11,F,53B,False,NOT_APPLICABLE,,,,,,,,,validated executable rule not included in high-confidence first pass,Approved indicator retained in rulebook but not executed in this first-pass implementation.
37473,S2017ND093001,F12,F,53B,False,NOT_APPLICABLE,,,,,,,,,validated executable rule not included in high-confidence first pass,Approved indicator retained in rulebook but not executed in this first-pass implementation.
37473,S2017ND093001,F13,F,53B,False,NOT_APPLICABLE,,,,,,,,,validated executable rule not included in high-confidence first pass,Approved indicator retained in rulebook but not executed in this first-pass implementation.
37473,S2017ND093001,F16,F,53B,False,NOT_APPLICABLE,,,,,,,,,validated executable rule not included in high-confidence first pass,Approved indicator retained in rulebook but not executed in this first-pass implementation.
37473,S2017ND093001,F17,F,53B,False,NOT_APPLICABLE,,,,,,,,,validated executable rule not included in high-confidence first pass,Approved indicator retained in rulebook but not executed in this first-pass implementation.
37473,S2017ND093001,F18,F,53B,False,NOT_APPLICABLE,,,,,,,,,validated executable rule not included in high-confidence first pass,Approved indicator retained in rulebook but not executed in this first-pass implementation.
37473,S2017ND093001,F19,F,53B,False,NOT_APPLICABLE,,,,,,,,,validated executable rule not included in high-confidence first pass,Approved indicator retained in rulebook but not executed in this first-pass implementation.
37473,S2017ND093001,F20,F,53B,False,NOT_APPLICABLE,,,,,,,,,validated executable rule not included in high-confidence first pass,Approved indicator retained in rulebook but not executed in this first-pass implementation.
37473,S2017ND093001,F21,F,53B,False,NOT_APPLICABLE,,,,,,,,,validated executable rule not included in high-confidence first pass,Approved indicator retained in rulebook but not executed in this first-pass implementation.
37473,S2017ND093001,F22,F,53B,False,NOT_APPLICABLE,,,,,,,,,validated executable rule not included in high-confidence first pass,Approved indicator retained in rulebook but not executed in this first-pass implementation.
37474,S2017ND093004,A1,F,55B,True,INDICATOR_NOT_DEMONSTRATED,False,,,,,,,taxonomy is not qualifying Histosol/Histel,,taxonomy is not qualifying Histosol/Histel
37474,S2017ND093004,A2,F,55B,True,INSUFFICIENT_INFORMATION,,,,,,,,,validated executable rule not included in high-confidence first pass,Approved indicator retained in rulebook but not executed in this first-pass implementation.
37474,S2017ND093004,A3,F,55B,True,INSUFFICIENT_INFORMATION,,,,,,,,no observed layer satisfies all depth/thickness/material/color conditions,explicit organic material type; identifiable moist matrix color,"no observed layer satisfies all depth/thickness/material/color conditions; Missing: explicit organic material type, identifiable moist matrix color"
37474,S2017ND093004,A4,F,55B,True,INSUFFICIENT_INFORMATION,,,,,,,,,validated executable rule not included in high-confidence first pass,Approved indicator retained in rulebook but not executed in this first-pass implementation.
37474,S2017ND093004,A5,F,55B,True,INSUFFICIENT_INFORMATION,,,,,,,,,validated executable rule not included in high-confidence first pass,Approved indicator retained in rulebook but not executed in this first-pass implementation.
37474,S2017ND093004,A6,F,55B,False,NOT_APPLICABLE,,,,,,,,,validated executable rule not included in high-confidence first pass,Approved indicator retained in rulebook but not executed in this first-pass implementation.
37474,S2017ND093004,A7,F,55B,False,NOT_APPLICABLE,,,,,,,,,,Indicator A7 is not approved for LRR F/MLRA 55B.
37474,S2017ND093004,A8,F,55B,False,NOT_APPLICABLE,,,,,,,,,,Indicator A8 is not approved for LRR F/MLRA 55B.
37474,S2017ND093004,A9,F,55B,True,INSUFFICIENT_INFORMATION,,,,,,,,no observed layer satisfies all depth/thickness/material/color conditions,explicit organic material type; identifiable moist matrix color,"no observed layer satisfies all depth/thickness/material/color conditions; Missing: explicit organic material type, identifiable moist matrix color"
37474,S2017ND093004,A10,F,55B,False,NOT_APPLICABLE,,,,,,,,,,Indicator A10 is not approved for LRR F/MLRA 55B.
37474,S2017ND093004,A11,F,55B,True,INSUFFICIENT_INFORMATION,,,,,,,,no continuous depleted layer satisfies depth/thickness requirements,explicit wetness-derived depleted matrix; identifiable moist matrix color,"no continuous depleted layer satisfies depth/thickness requirements; Missing: explicit wetness-derived depleted matrix, identifiable moist matrix color"
37474,S2017ND093004,A12,F,55B,True,INSUFFICIENT_INFORMATION,,,,,,,,no continuous depleted layer satisfies depth/thickness requirements,explicit wetness-derived depleted matrix; identifiable moist matrix color,"no continuous depleted layer satisfies depth/thickness requirements; Missing: explicit wetness-derived depleted matrix, identifiable moist matrix color"
37474,S2017ND093004,A13,F,55B,False,NOT_APPLICABLE,,,,,,,,,validated executable rule not included in high-confidence first pass,Approved indicator retained in rulebook but not executed in this first-pass implementation.
37474,S2017ND093004,A14,F,55B,False,NOT_APPLICABLE,,,,,,,,,validated executable rule not included in high-confidence first pass,Approved indicator retained in rulebook but not executed in this first-pass implementation.
37474,S2017ND093004,A15,F,55B,False,NOT_APPLICABLE,,,,,,,,,validated executable rule not included in high-confidence first pass,Approved indicator retained in rulebook but not executed in this first-pass implementation.
37474,S2017ND093004,A16,F,55B,False,NOT_APPLICABLE,,,,,,,,,validated executable rule not included in high-confidence first pass,Approved indicator retained in rulebook but not executed in this first-pass implementation.
37474,S2017ND093004,A17,F,55B,False,NOT_APPLICABLE,,,,,,,,,validated executable rule not included in high-confidence first pass,Approved indicator retained in rulebook but not executed in this first-pass implementation.
37474,S2017ND093004,A18,F,55B,True,INSUFFICIENT_INFORMATION,,,,,,,,,validated executable rule not included in high-confidence first pass,Approved indicator retained in rulebook but not executed in this first-pass implementation.
37474,S2017ND093004,S1,F,55B,True,INSUFFICIENT_INFORMATION,,,,,,,,,validated executable rule not included in high-confidence first pass,Approved indicator retained in rulebook but not executed in this first-pass implementation.
37474,S2017ND093004,S2,F,55B,False,NOT_APPLICABLE,,,,,,,,,validated executable rule not included in high-confidence first pass,Approved indicator retained in rulebook but not executed in this first-pass implementation.
37474,S2017ND093004,S3,F,55B,True,INSUFFICIENT_INFORMATION,,,,,,,,,validated executable rule not included in high-confidence first pass,Approved indicator retained in rulebook but not executed in this first-pass implementation.
37474,S2017ND093004,S4,F,55B,True,INSUFFICIENT_INFORMATION,,,,,,,,no explicit qualifying gley-page matrix at required depth,identifiable moist matrix color,no explicit qualifying gley-page matrix at required depth; Missing: identifiable moist matrix color
37474,S2017ND093004,S5,F,55B,True,INSUFFICIENT_INFORMATION,,,,,,,,no continuous 10-cm sandy layer meets matrix and redox requirements,identifiable moist matrix color; redox percentage/type/contrast,"no continuous 10-cm sandy layer meets matrix and redox requirements; Missing: identifiable moist matrix color, redox percentage/type/contrast"
37474,S2017ND093004,S6,F,55B,True,INSUFFICIENT_INFORMATION,,,,,,,,,validated executable rule not included in high-confidence first pass,Approved indicator retained in rulebook but not executed in this first-pass implementation.
37474,S2017ND093004,S7,F,55B,False,NOT_APPLICABLE,,,,,,,,,validated executable rule not included in high-confidence first pass,Approved indicator retained in rulebook but not executed in this first-pass implementation.
37474,S2017ND093004,S8,F,55B,False,NOT_APPLICABLE,,,,,,,,,validated executable rule not included in high-confidence first pass,Approved indicator retained in rulebook but not executed in this first-pass implementation.
37474,S2017ND093004,S9,F,55B,False,NOT_APPLICABLE,,,,,,,,,validated executable rule not included in high-confidence first pass,Approved indicator retained in rulebook but not executed in this first-pass implementation.
37474,S2017ND093004,S11,F,55B,False,NOT_APPLICABLE,,,,,,,,,validated executable rule not included in high-confidence first pass,Approved indicator retained in rulebook but not executed in this first-pass implementation.
37474,S2017ND093004,S12,F,55B,False,NOT_APPLICABLE,,,,,,,,,validated executable rule not included in high-confidence first pass,Approved indicator retained in rulebook but not executed in this first-pass implementation.
37474,S2017ND093004,F1,F,55B,True,INSUFFICIENT_INFORMATION,,,,,,,,,validated executable rule not included in high-confidence first pass,Approved indicator retained in rulebook but not executed in this first-pass implementation.
37474,S2017ND093004,F2,F,55B,True,INSUFFICIENT_INFORMATION,,,,,,,,no explicit qualifying gley-page matrix at required depth,identifiable moist matrix color,no explicit qualifying gley-page matrix at required depth; Missing: identifiable moist matrix color
37474,S2017ND093004,F3,F,55B,True,INSUFFICIENT_INFORMATION,,,,,,,,no continuous depleted layer satisfies depth/thickness requirements,explicit wetness-derived depleted matrix; identifiable moist matrix color,"no continuous depleted layer satisfies depth/thickness requirements; Missing: explicit wetness-derived depleted matrix, identifiable moist matrix color"
37474,S2017ND093004,F6,F,55B,True,INSUFFICIENT_INFORMATION,,,,,,,,no continuous 10-cm loamy/clayey layer meets conditional color/redox requirements,identifiable moist matrix color; quantitative redox description,"no continuous 10-cm loamy/clayey layer meets conditional color/redox requirements; Missing: identifiable moist matrix color, quantitative redox description"
37474,S2017ND093004,F7,F,55B,True,INSUFFICIENT_INFORMATION,,,,,,,,no continuous 10-cm loamy/clayey layer meets conditional color/redox requirements,identifiable moist matrix color; quantitative redox description,"no continuous 10-cm loamy/clayey layer meets conditional color/redox requirements; Missing: identifiable moist matrix color, quantitative redox description"
37474,S2017ND093004,F8,F,55B,True,INSUFFICIENT_INFORMATION,,,,,,,,,validated executable rule not included in high-confidence first pass,Approved indicator retained in rulebook but not executed in this first-pass implementation.
37474,S2017ND093004,F10,F,55B,False,NOT_APPLICABLE,,,,,,,,,validated executable rule not included in high-confidence first pass,Approved indicator retained in rulebook but not executed in this first-pass implementation.
37474,S2017ND093004,F11,F,55B,False,NOT_APPLICABLE,,,,,,,,,validated executable rule not included in high-confidence first pass,Approved indicator retained in rulebook but not executed in this first-pass implementation.
37474,S2017ND093004,F12,F,55B,False,NOT_APPLICABLE,,,,,,,,,validated executable rule not included in high-confidence first pass,Approved indicator retained in rulebook but not executed in this first-pass implementation.
37474,S2017ND093004,F13,F,55B,False,NOT_APPLICABLE,,,,,,,,,validated executable rule not included in high-confidence first pass,Approved indicator retained in rulebook but not executed in this first-pass implementation.
37474,S2017ND093004,F16,F,55B,False,NOT_APPLICABLE,,,,,,,,,validated executable rule not included in high-confidence first pass,Approved indicator retained in rulebook but not executed in this first-pass implementation.
37474,S2017ND093004,F17,F,55B,False,NOT_APPLICABLE,,,,,,,,,validated executable rule not included in high-confidence first pass,Approved indicator retained in rulebook but not executed in this first-pass implementation.
37474,S2017ND093004,F18,F,55B,False,NOT_APPLICABLE,,,,,,,,,validated executable rule not included in high-confidence first pass,Approved indicator retained in rulebook but not executed in this first-pass implementation.
37474,S2017ND093004,F19,F,55B,False,NOT_APPLICABLE,,,,,,,,,validated executable rule not included in high-confidence first pass,Approved indicator retained in rulebook but not executed in this first-pass implementation.
37474,S2017ND093004,F20,F,55B,False,NOT_APPLICABLE,,,,,,,,,validated executable rule not included in high-confidence first pass,Approved indicator retained in rulebook but not executed in this first-pass implementation.
37474,S2017ND093004,F21,F,55B,False,NOT_APPLICABLE,,,,,,,,,validated executable rule not included in high-confidence first pass,Approved indicator retained in rulebook but not executed in this first-pass implementation.
37474,S2017ND093004,F22,F,55B,False,NOT_APPLICABLE,,,,,,,,,validated executable rule not included in high-confidence first pass,Approved indicator retained in rulebook but not executed in this first-pass implementation.
37475,S2017ND093007,A1,F,53B,True,INDICATOR_NOT_DEMONSTRATED,False,,,,,,,taxonomy is not qualifying Histosol/Histel,,taxonomy is not qualifying Histosol/Histel
37475,S2017ND093007,A2,F,53B,True,INSUFFICIENT_INFORMATION,,,,,,,,,validated executable rule not included in high-confidence first pass,Approved indicator retained in rulebook but not executed in this first-pass implementation.
37475,S2017ND093007,A3,F,53B,True,INSUFFICIENT_INFORMATION,,,,,,,,no observed layer satisfies all depth/thickness/material/color conditions,explicit organic material type,no observed layer satisfies all depth/thickness/material/color conditions; Missing: explicit organic material type
37475,S2017ND093007,A4,F,53B,True,INSUFFICIENT_INFORMATION,,,,,,,,,validated executable rule not included in high-confidence first pass,Approved indicator retained in rulebook but not executed in this first-pass implementation.
37475,S2017ND093007,A5,F,53B,True,INSUFFICIENT_INFORMATION,,,,,,,,,validated executable rule not included in high-confidence first pass,Approved indicator retained in rulebook but not executed in this first-pass implementation.
37475,S2017ND093007,A6,F,53B,False,NOT_APPLICABLE,,,,,,,,,validated executable rule not included in high-confidence first pass,Approved indicator retained in rulebook but not executed in this first-pass implementation.
37475,S2017ND093007,A7,F,53B,False,NOT_APPLICABLE,,,,,,,,,,Indicator A7 is not approved for LRR F/MLRA 53B.
37475,S2017ND093007,A8,F,53B,False,NOT_APPLICABLE,,,,,,,,,,Indicator A8 is not approved for LRR F/MLRA 53B.
37475,S2017ND093007,A9,F,53B,True,INSUFFICIENT_INFORMATION,,,,,,,,no observed layer satisfies all depth/thickness/material/color conditions,explicit organic material type,no observed layer satisfies all depth/thickness/material/color conditions; Missing: explicit organic material type
37475,S2017ND093007,A10,F,53B,False,NOT_APPLICABLE,,,,,,,,,,Indicator A10 is not approved for LRR F/MLRA 53B.
37475,S2017ND093007,A11,F,53B,True,INSUFFICIENT_INFORMATION,,,,,,,,no continuous depleted layer satisfies depth/thickness requirements,explicit wetness-derived depleted matrix,no continuous depleted layer satisfies depth/thickness requirements; Missing: explicit wetness-derived depleted matrix
37475,S2017ND093007,A12,F,53B,True,INSUFFICIENT_INFORMATION,,,,,,,,no continuous depleted layer satisfies depth/thickness requirements,explicit wetness-derived depleted matrix,no continuous depleted layer satisfies depth/thickness requirements; Missing: explicit wetness-derived depleted matrix
37475,S2017ND093007,A13,F,53B,False,NOT_APPLICABLE,,,,,,,,,validated executable rule not included in high-confidence first pass,Approved indicator retained in rulebook but not executed in this first-pass implementation.
37475,S2017ND093007,A14,F,53B,False,NOT_APPLICABLE,,,,,,,,,validated executable rule not included in high-confidence first pass,Approved indicator retained in rulebook but not executed in this first-pass implementation.
37475,S2017ND093007,A15,F,53B,False,NOT_APPLICABLE,,,,,,,,,validated executable rule not included in high-confidence first pass,Approved indicator retained in rulebook but not executed in this first-pass implementation.
37475,S2017ND093007,A16,F,53B,False,NOT_APPLICABLE,,,,,,,,,validated executable rule not included in high-confidence first pass,Approved indicator retained in rulebook but not executed in this first-pass implementation.
37475,S2017ND093007,A17,F,53B,False,NOT_APPLICABLE,,,,,,,,,validated executable rule not included in high-confidence first pass,Approved indicator retained in rulebook but not executed in this first-pass implementation.
37475,S2017ND093007,A18,F,53B,True,INSUFFICIENT_INFORMATION,,,,,,,,,validated executable rule not included in high-confidence first pass,Approved indicator retained in rulebook but not executed in this first-pass implementation.
37475,S2017ND093007,S1,F,53B,True,INSUFFICIENT_INFORMATION,,,,,,,,,validated executable rule not included in high-confidence first pass,Approved indicator retained in rulebook but not executed in this first-pass implementation.
37475,S2017ND093007,S2,F,53B,False,NOT_APPLICABLE,,,,,,,,,validated executable rule not included in high-confidence first pass,Approved indicator retained in rulebook but not executed in this first-pass implementation.
37475,S2017ND093007,S3,F,53B,True,INSUFFICIENT_INFORMATION,,,,,,,,,validated executable rule not included in high-confidence first pass,Approved indicator retained in rulebook but not executed in this first-pass implementation.
37475,S2017ND093007,S4,F,53B,True,INDICATOR_NOT_DEMONSTRATED,False,,,,,,,no explicit qualifying gley-page matrix at required depth,,no explicit qualifying gley-page matrix at required depth
37475,S2017ND093007,S5,F,53B,True,INDICATOR_NOT_DEMONSTRATED,False,,,,,,,no continuous 10-cm sandy layer meets matrix and redox requirements,,no continuous 10-cm sandy layer meets matrix and redox requirements
37475,S2017ND093007,S6,F,53B,True,INSUFFICIENT_INFORMATION,,,,,,,,,validated executable rule not included in high-confidence first pass,Approved indicator retained in rulebook but not executed in this first-pass implementation.
37475,S2017ND093007,S7,F,53B,False,NOT_APPLICABLE,,,,,,,,,validated executable rule not included in high-confidence first pass,Approved indicator retained in rulebook but not executed in this first-pass implementation.
37475,S2017ND093007,S8,F,53B,False,NOT_APPLICABLE,,,,,,,,,validated executable rule not included in high-confidence first pass,Approved indicator retained in rulebook but not executed in this first-pass implementation.
37475,S2017ND093007,S9,F,53B,False,NOT_APPLICABLE,,,,,,,,,validated executable rule not included in high-confidence first pass,Approved indicator retained in rulebook but not executed in this first-pass implementation.
37475,S2017ND093007,S11,F,53B,False,NOT_APPLICABLE,,,,,,,,,validated executable rule not included in high-confidence first pass,Approved indicator retained in rulebook but not executed in this first-pass implementation.
37475,S2017ND093007,S12,F,53B,False,NOT_APPLICABLE,,,,,,,,,validated executable rule not included in high-confidence first pass,Approved indicator retained in rulebook but not executed in this first-pass implementation.
37475,S2017ND093007,F1,F,53B,True,INSUFFICIENT_INFORMATION,,,,,,,,,validated executable rule not included in high-confidence first pass,Approved indicator retained in rulebook but not executed in this first-pass implementation.
37475,S2017ND093007,F2,F,53B,True,INDICATOR_NOT_DEMONSTRATED,False,,,,,,,no explicit qualifying gley-page matrix at required depth,,no explicit qualifying gley-page matrix at required depth
37475,S2017ND093007,F3,F,53B,True,INSUFFICIENT_INFORMATION,,,,,,,,no continuous depleted layer satisfies depth/thickness requirements,explicit wetness-derived depleted matrix,no continuous depleted layer satisfies depth/thickness requirements; Missing: explicit wetness-derived depleted matrix
37475,S2017ND093007,F6,F,53B,True,INDICATOR_NOT_DEMONSTRATED,False,,,,,,,no continuous 10-cm loamy/clayey layer meets conditional color/redox requirements,,no continuous 10-cm loamy/clayey layer meets conditional color/redox requirements
37475,S2017ND093007,F7,F,53B,True,INDICATOR_NOT_DEMONSTRATED,False,,,,,,,no continuous 10-cm loamy/clayey layer meets conditional color/redox requirements,,no continuous 10-cm loamy/clayey layer meets conditional color/redox requirements
37475,S2017ND093007,F8,F,53B,True,INSUFFICIENT_INFORMATION,,,,,,,,,validated executable rule not included in high-confidence first pass,Approved indicator retained in rulebook but not executed in this first-pass implementation.
37475,S2017ND093007,F10,F,53B,False,NOT_APPLICABLE,,,,,,,,,validated executable rule not included in high-confidence first pass,Approved indicator retained in rulebook but not executed in this first-pass implementation.
37475,S2017ND093007,F11,F,53B,False,NOT_APPLICABLE,,,,,,,,,validated executable rule not included in high-confidence first pass,Approved indicator retained in rulebook but not executed in this first-pass implementation.
37475,S2017ND093007,F12,F,53B,False,NOT_APPLICABLE,,,,,,,,,validated executable rule not included in high-confidence first pass,Approved indicator retained in rulebook but not executed in this first-pass implementation.
37475,S2017ND093007,F13,F,53B,False,NOT_APPLICABLE,,,,,,,,,validated executable rule not included in high-confidence first pass,Approved indicator retained in rulebook but not executed in this first-pass implementation.
37475,S2017ND093007,F16,F,53B,False,NOT_APPLICABLE,,,,,,,,,validated executable rule not included in high-confidence first pass,Approved indicator retained in rulebook but not executed in this first-pass implementation.
37475,S2017ND093007,F17,F,53B,False,NOT_APPLICABLE,,,,,,,,,validated executable rule not included in high-confidence first pass,Approved indicator retained in rulebook but not executed in this first-pass implementation.
37475,S2017ND093007,F18,F,53B,False,NOT_APPLICABLE,,,,,,,,,validated executable rule not included in high-confidence first pass,Approved indicator retained in rulebook but not executed in this first-pass implementation.
37475,S2017ND093007,F19,F,53B,False,NOT_APPLICABLE,,,,,,,,,validated executable rule not included in high-confidence first pass,Approved indicator retained in rulebook but not executed in this first-pass implementation.
37475,S2017ND093007,F20,F,53B,False,NOT_APPLICABLE,,,,,,,,,validated executable rule not included in high-confidence first pass,Approved indicator retained in rulebook but not executed in this first-pass implementation.
37475,S2017ND093007,F21,F,53B,False,NOT_APPLICABLE,,,,,,,,,validated executable rule not included in high-confidence first pass,Approved indicator retained in rulebook but not executed in this first-pass implementation.
37475,S2017ND093007,F22,F,53B,False,NOT_APPLICABLE,,,,,,,,,validated executable rule not included in high-confidence first pass,Approved indicator retained in rulebook but not executed in this first-pass implementation.
37476,S2017ND093010,A1,F,53B,True,INDICATOR_NOT_DEMONSTRATED,False,,,,,,,taxonomy is not qualifying Histosol/Histel,,taxonomy is not qualifying Histosol/Histel
37476,S2017ND093010,A2,F,53B,True,INSUFFICIENT_INFORMATION,,,,,,,,,validated executable rule not included in high-confidence first pass,Approved indicator retained in rulebook but not executed in this first-pass implementation.
37476,S2017ND093010,A3,F,53B,True,INSUFFICIENT_INFORMATION,,,,,,,,no observed layer satisfies all depth/thickness/material/color conditions,explicit organic material type,no observed layer satisfies all depth/thickness/material/color conditions; Missing: explicit organic material type
37476,S2017ND093010,A4,F,53B,True,INSUFFICIENT_INFORMATION,,,,,,,,,validated executable rule not included in high-confidence first pass,Approved indicator retained in rulebook but not executed in this first-pass implementation.
37476,S2017ND093010,A5,F,53B,True,INSUFFICIENT_INFORMATION,,,,,,,,,validated executable rule not included in high-confidence first pass,Approved indicator retained in rulebook but not executed in this first-pass implementation.
37476,S2017ND093010,A6,F,53B,False,NOT_APPLICABLE,,,,,,,,,validated executable rule not included in high-confidence first pass,Approved indicator retained in rulebook but not executed in this first-pass implementation.
37476,S2017ND093010,A7,F,53B,False,NOT_APPLICABLE,,,,,,,,,,Indicator A7 is not approved for LRR F/MLRA 53B.
37476,S2017ND093010,A8,F,53B,False,NOT_APPLICABLE,,,,,,,,,,Indicator A8 is not approved for LRR F/MLRA 53B.
37476,S2017ND093010,A9,F,53B,True,INSUFFICIENT_INFORMATION,,,,,,,,no observed layer satisfies all depth/thickness/material/color conditions,explicit organic material type,no observed layer satisfies all depth/thickness/material/color conditions; Missing: explicit organic material type
37476,S2017ND093010,A10,F,53B,False,NOT_APPLICABLE,,,,,,,,,,Indicator A10 is not approved for LRR F/MLRA 53B.
37476,S2017ND093010,A11,F,53B,True,INSUFFICIENT_INFORMATION,,,,,,,,no continuous depleted layer satisfies depth/thickness requirements,explicit wetness-derived depleted matrix,no continuous depleted layer satisfies depth/thickness requirements; Missing: explicit wetness-derived depleted matrix
37476,S2017ND093010,A12,F,53B,True,INSUFFICIENT_INFORMATION,,,,,,,,no continuous depleted layer satisfies depth/thickness requirements,explicit wetness-derived depleted matrix,no continuous depleted layer satisfies depth/thickness requirements; Missing: explicit wetness-derived depleted matrix
37476,S2017ND093010,A13,F,53B,False,NOT_APPLICABLE,,,,,,,,,validated executable rule not included in high-confidence first pass,Approved indicator retained in rulebook but not executed in this first-pass implementation.
37476,S2017ND093010,A14,F,53B,False,NOT_APPLICABLE,,,,,,,,,validated executable rule not included in high-confidence first pass,Approved indicator retained in rulebook but not executed in this first-pass implementation.
37476,S2017ND093010,A15,F,53B,False,NOT_APPLICABLE,,,,,,,,,validated executable rule not included in high-confidence first pass,Approved indicator retained in rulebook but not executed in this first-pass implementation.
37476,S2017ND093010,A16,F,53B,False,NOT_APPLICABLE,,,,,,,,,validated executable rule not included in high-confidence first pass,Approved indicator retained in rulebook but not executed in this first-pass implementation.
37476,S2017ND093010,A17,F,53B,False,NOT_APPLICABLE,,,,,,,,,validated executable rule not included in high-confidence first pass,Approved indicator retained in rulebook but not executed in this first-pass implementation.
37476,S2017ND093010,A18,F,53B,True,INSUFFICIENT_INFORMATION,,,,,,,,,validated executable rule not included in high-confidence first pass,Approved indicator retained in rulebook but not executed in this first-pass implementation.
37476,S2017ND093010,S1,F,53B,True,INSUFFICIENT_INFORMATION,,,,,,,,,validated executable rule not included in high-confidence first pass,Approved indicator retained in rulebook but not executed in this first-pass implementation.
37476,S2017ND093010,S2,F,53B,False,NOT_APPLICABLE,,,,,,,,,validated executable rule not included in high-confidence first pass,Approved indicator retained in rulebook but not executed in this first-pass implementation.
37476,S2017ND093010,S3,F,53B,True,INSUFFICIENT_INFORMATION,,,,,,,,,validated executable rule not included in high-confidence first pass,Approved indicator retained in rulebook but not executed in this first-pass implementation.
37476,S2017ND093010,S4,F,53B,True,INDICATOR_NOT_DEMONSTRATED,False,,,,,,,no explicit qualifying gley-page matrix at required depth,,no explicit qualifying gley-page matrix at required depth
37476,S2017ND093010,S5,F,53B,True,INDICATOR_NOT_DEMONSTRATED,False,,,,,,,no continuous 10-cm sandy layer meets matrix and redox requirements,,no continuous 10-cm sandy layer meets matrix and redox requirements
37476,S2017ND093010,S6,F,53B,True,INSUFFICIENT_INFORMATION,,,,,,,,,validated executable rule not included in high-confidence first pass,Approved indicator retained in rulebook but not executed in this first-pass implementation.
37476,S2017ND093010,S7,F,53B,False,NOT_APPLICABLE,,,,,,,,,validated executable rule not included in high-confidence first pass,Approved indicator retained in rulebook but not executed in this first-pass implementation.
37476,S2017ND093010,S8,F,53B,False,NOT_APPLICABLE,,,,,,,,,validated executable rule not included in high-confidence first pass,Approved indicator retained in rulebook but not executed in this first-pass implementation.
37476,S2017ND093010,S9,F,53B,False,NOT_APPLICABLE,,,,,,,,,validated executable rule not included in high-confidence first pass,Approved indicator retained in rulebook but not executed in this first-pass implementation.
37476,S2017ND093010,S11,F,53B,False,NOT_APPLICABLE,,,,,,,,,validated executable rule not included in high-confidence first pass,Approved indicator retained in rulebook but not executed in this first-pass implementation.
37476,S2017ND093010,S12,F,53B,False,NOT_APPLICABLE,,,,,,,,,validated executable rule not included in high-confidence first pass,Approved indicator retained in rulebook but not executed in this first-pass implementation.
37476,S2017ND093010,F1,F,53B,True,INSUFFICIENT_INFORMATION,,,,,,,,,validated executable rule not included in high-confidence first pass,Approved indicator retained in rulebook but not executed in this first-pass implementation.
37476,S2017ND093010,F2,F,53B,True,INDICATOR_NOT_DEMONSTRATED,False,,,,,,,no explicit qualifying gley-page matrix at required depth,,no explicit qualifying gley-page matrix at required depth
37476,S2017ND093010,F3,F,53B,True,INSUFFICIENT_INFORMATION,,,,,,,,no continuous depleted layer satisfies depth/thickness requirements,explicit wetness-derived depleted matrix,no continuous depleted layer satisfies depth/thickness requirements; Missing: explicit wetness-derived depleted matrix
37476,S2017ND093010,F6,F,53B,True,INDICATOR_NOT_DEMONSTRATED,False,,,,,,,no continuous 10-cm loamy/clayey layer meets conditional color/redox requirements,,no continuous 10-cm loamy/clayey layer meets conditional color/redox requirements
37476,S2017ND093010,F7,F,53B,True,INDICATOR_NOT_DEMONSTRATED,False,,,,,,,no continuous 10-cm loamy/clayey layer meets conditional color/redox requirements,,no continuous 10-cm loamy/clayey layer meets conditional color/redox requirements
37476,S2017ND093010,F8,F,53B,True,INSUFFICIENT_INFORMATION,,,,,,,,,validated executable rule not included in high-confidence first pass,Approved indicator retained in rulebook but not executed in this first-pass implementation.
37476,S2017ND093010,F10,F,53B,False,NOT_APPLICABLE,,,,,,,,,validated executable rule not included in high-confidence first pass,Approved indicator retained in rulebook but not executed in this first-pass implementation.
37476,S2017ND093010,F11,F,53B,False,NOT_APPLICABLE,,,,,,,,,validated executable rule not included in high-confidence first pass,Approved indicator retained in rulebook but not executed in this first-pass implementation.
37476,S2017ND093010,F12,F,53B,False,NOT_APPLICABLE,,,,,,,,,validated executable rule not included in high-confidence first pass,Approved indicator retained in rulebook but not executed in this first-pass implementation.
37476,S2017ND093010,F13,F,53B,False,NOT_APPLICABLE,,,,,,,,,validated executable rule not included in high-confidence first pass,Approved indicator retained in rulebook but not executed in this first-pass implementation.
37476,S2017ND093010,F16,F,53B,False,NOT_APPLICABLE,,,,,,,,,validated executable rule not included in high-confidence first pass,Approved indicator retained in rulebook but not executed in this first-pass implementation.
37476,S2017ND093010,F17,F,53B,False,NOT_APPLICABLE,,,,,,,,,validated executable rule not included in high-confidence first pass,Approved indicator retained in rulebook but not executed in this first-pass implementation.
37476,S2017ND093010,F18,F,53B,False,NOT_APPLICABLE,,,,,,,,,validated executable rule not included in high-confidence first pass,Approved indicator retained in rulebook but not executed in this first-pass implementation.
37476,S2017ND093010,F19,F,53B,False,NOT_APPLICABLE,,,,,,,,,validated executable rule not included in high-confidence first pass,Approved indicator retained in rulebook but not executed in this first-pass implementation.
37476,S2017ND093010,F20,F,53B,False,NOT_APPLICABLE,,,,,,,,,validated executable rule not included in high-confidence first pass,Approved indicator retained in rulebook but not executed in this first-pass implementation.
37476,S2017ND093010,F21,F,53B,False,NOT_APPLICABLE,,,,,,,,,validated executable rule not included in high-confidence first pass,Approved indicator retained in rulebook but not executed in this first-pass implementation.
37476,S2017ND093010,F22,F,53B,False,NOT_APPLICABLE,,,,,,,,,validated executable rule not included in high-confidence first pass,Approved indicator retained in rulebook but not executed in this first-pass implementation.
37477,S2017ND093011,A1,F,53B,True,INDICATOR_NOT_DEMONSTRATED,False,,,,,,,taxonomy is not qualifying Histosol/Histel,,taxonomy is not qualifying Histosol/Histel
37477,S2017ND093011,A2,F,53B,True,INSUFFICIENT_INFORMATION,,,,,,,,,validated executable rule not included in high-confidence first pass,Approved indicator retained in rulebook but not executed in this first-pass implementation.
37477,S2017ND093011,A3,F,53B,True,INSUFFICIENT_INFORMATION,,,,,,,,no observed layer satisfies all depth/thickness/material/color conditions,explicit organic material type,no observed layer satisfies all depth/thickness/material/color conditions; Missing: explicit organic material type
37477,S2017ND093011,A4,F,53B,True,INSUFFICIENT_INFORMATION,,,,,,,,,validated executable rule not included in high-confidence first pass,Approved indicator retained in rulebook but not executed in this first-pass implementation.
37477,S2017ND093011,A5,F,53B,True,INSUFFICIENT_INFORMATION,,,,,,,,,validated executable rule not included in high-confidence first pass,Approved indicator retained in rulebook but not executed in this first-pass implementation.
37477,S2017ND093011,A6,F,53B,False,NOT_APPLICABLE,,,,,,,,,validated executable rule not included in high-confidence first pass,Approved indicator retained in rulebook but not executed in this first-pass implementation.
37477,S2017ND093011,A7,F,53B,False,NOT_APPLICABLE,,,,,,,,,,Indicator A7 is not approved for LRR F/MLRA 53B.
37477,S2017ND093011,A8,F,53B,False,NOT_APPLICABLE,,,,,,,,,,Indicator A8 is not approved for LRR F/MLRA 53B.
37477,S2017ND093011,A9,F,53B,True,INSUFFICIENT_INFORMATION,,,,,,,,no observed layer satisfies all depth/thickness/material/color conditions,explicit organic material type,no observed layer satisfies all depth/thickness/material/color conditions; Missing: explicit organic material type
37477,S2017ND093011,A10,F,53B,False,NOT_APPLICABLE,,,,,,,,,,Indicator A10 is not approved for LRR F/MLRA 53B.
37477,S2017ND093011,A11,F,53B,True,INSUFFICIENT_INFORMATION,,,,,,,,no continuous depleted layer satisfies depth/thickness requirements,explicit wetness-derived depleted matrix,no continuous depleted layer satisfies depth/thickness requirements; Missing: explicit wetness-derived depleted matrix
37477,S2017ND093011,A12,F,53B,True,INSUFFICIENT_INFORMATION,,,,,,,,no continuous depleted layer satisfies depth/thickness requirements,explicit wetness-derived depleted matrix,no continuous depleted layer satisfies depth/thickness requirements; Missing: explicit wetness-derived depleted matrix
37477,S2017ND093011,A13,F,53B,False,NOT_APPLICABLE,,,,,,,,,validated executable rule not included in high-confidence first pass,Approved indicator retained in rulebook but not executed in this first-pass implementation.
37477,S2017ND093011,A14,F,53B,False,NOT_APPLICABLE,,,,,,,,,validated executable rule not included in high-confidence first pass,Approved indicator retained in rulebook but not executed in this first-pass implementation.
37477,S2017ND093011,A15,F,53B,False,NOT_APPLICABLE,,,,,,,,,validated executable rule not included in high-confidence first pass,Approved indicator retained in rulebook but not executed in this first-pass implementation.
37477,S2017ND093011,A16,F,53B,False,NOT_APPLICABLE,,,,,,,,,validated executable rule not included in high-confidence first pass,Approved indicator retained in rulebook but not executed in this first-pass implementation.
37477,S2017ND093011,A17,F,53B,False,NOT_APPLICABLE,,,,,,,,,validated executable rule not included in high-confidence first pass,Approved indicator retained in rulebook but not executed in this first-pass implementation.
37477,S2017ND093011,A18,F,53B,True,INSUFFICIENT_INFORMATION,,,,,,,,,validated executable rule not included in high-confidence first pass,Approved indicator retained in rulebook but not executed in this first-pass implementation.
37477,S2017ND093011,S1,F,53B,True,INSUFFICIENT_INFORMATION,,,,,,,,,validated executable rule not included in high-confidence first pass,Approved indicator retained in rulebook but not executed in this first-pass implementation.
37477,S2017ND093011,S2,F,53B,False,NOT_APPLICABLE,,,,,,,,,validated executable rule not included in high-confidence first pass,Approved indicator retained in rulebook but not executed in this first-pass implementation.
37477,S2017ND093011,S3,F,53B,True,INSUFFICIENT_INFORMATION,,,,,,,,,validated executable rule not included in high-confidence first pass,Approved indicator retained in rulebook but not executed in this first-pass implementation.
37477,S2017ND093011,S4,F,53B,True,INDICATOR_NOT_DEMONSTRATED,False,,,,,,,no explicit qualifying gley-page matrix at required depth,,no explicit qualifying gley-page matrix at required depth
37477,S2017ND093011,S5,F,53B,True,INDICATOR_NOT_DEMONSTRATED,False,,,,,,,no continuous 10-cm sandy layer meets matrix and redox requirements,,no continuous 10-cm sandy layer meets matrix and redox requirements
37477,S2017ND093011,S6,F,53B,True,INSUFFICIENT_INFORMATION,,,,,,,,,validated executable rule not included in high-confidence first pass,Approved indicator retained in rulebook but not executed in this first-pass implementation.
37477,S2017ND093011,S7,F,53B,False,NOT_APPLICABLE,,,,,,,,,validated executable rule not included in high-confidence first pass,Approved indicator retained in rulebook but not executed in this first-pass implementation.
37477,S2017ND093011,S8,F,53B,False,NOT_APPLICABLE,,,,,,,,,validated executable rule not included in high-confidence first pass,Approved indicator retained in rulebook but not executed in this first-pass implementation.
37477,S2017ND093011,S9,F,53B,False,NOT_APPLICABLE,,,,,,,,,validated executable rule not included in high-confidence first pass,Approved indicator retained in rulebook but not executed in this first-pass implementation.
37477,S2017ND093011,S11,F,53B,False,NOT_APPLICABLE,,,,,,,,,validated executable rule not included in high-confidence first pass,Approved indicator retained in rulebook but not executed in this first-pass implementation.
37477,S2017ND093011,S12,F,53B,False,NOT_APPLICABLE,,,,,,,,,validated executable rule not included in high-confidence first pass,Approved indicator retained in rulebook but not executed in this first-pass implementation.
37477,S2017ND093011,F1,F,53B,True,INSUFFICIENT_INFORMATION,,,,,,,,,validated executable rule not included in high-confidence first pass,Approved indicator retained in rulebook but not executed in this first-pass implementation.
37477,S2017ND093011,F2,F,53B,True,INDICATOR_NOT_DEMONSTRATED,False,,,,,,,no explicit qualifying gley-page matrix at required depth,,no explicit qualifying gley-page matrix at required depth
37477,S2017ND093011,F3,F,53B,True,INSUFFICIENT_INFORMATION,,,,,,,,no continuous depleted layer satisfies depth/thickness requirements,explicit wetness-derived depleted matrix,no continuous depleted layer satisfies depth/thickness requirements; Missing: explicit wetness-derived depleted matrix
37477,S2017ND093011,F6,F,53B,True,INDICATOR_NOT_DEMONSTRATED,False,,,,,,,no continuous 10-cm loamy/clayey layer meets conditional color/redox requirements,,no continuous 10-cm loamy/clayey layer meets conditional color/redox requirements
37477,S2017ND093011,F7,F,53B,True,INDICATOR_NOT_DEMONSTRATED,False,,,,,,,no continuous 10-cm loamy/clayey layer meets conditional color/redox requirements,,no continuous 10-cm loamy/clayey layer meets conditional color/redox requirements
37477,S2017ND093011,F8,F,53B,True,INSUFFICIENT_INFORMATION,,,,,,,,,validated executable rule not included in high-confidence first pass,Approved indicator retained in rulebook but not executed in this first-pass implementation.
37477,S2017ND093011,F10,F,53B,False,NOT_APPLICABLE,,,,,,,,,validated executable rule not included in high-confidence first pass,Approved indicator retained in rulebook but not executed in this first-pass implementation.
37477,S2017ND093011,F11,F,53B,False,NOT_APPLICABLE,,,,,,,,,validated executable rule not included in high-confidence first pass,Approved indicator retained in rulebook but not executed in this first-pass implementation.
37477,S2017ND093011,F12,F,53B,False,NOT_APPLICABLE,,,,,,,,,validated executable rule not included in high-confidence first pass,Approved indicator retained in rulebook but not executed in this first-pass implementation.
37477,S2017ND093011,F13,F,53B,False,NOT_APPLICABLE,,,,,,,,,validated executable rule not included in high-confidence first pass,Approved indicator retained in rulebook but not executed in this first-pass implementation.
37477,S2017ND093011,F16,F,53B,False,NOT_APPLICABLE,,,,,,,,,validated executable rule not included in high-confidence first pass,Approved indicator retained in rulebook but not executed in this first-pass implementation.
37477,S2017ND093011,F17,F,53B,False,NOT_APPLICABLE,,,,,,,,,validated executable rule not included in high-confidence first pass,Approved indicator retained in rulebook but not executed in this first-pass implementation.
37477,S2017ND093011,F18,F,53B,False,NOT_APPLICABLE,,,,,,,,,validated executable rule not included in high-confidence first pass,Approved indicator retained in rulebook but not executed in this first-pass implementation.
37477,S2017ND093011,F19,F,53B,False,NOT_APPLICABLE,,,,,,,,,validated executable rule not included in high-confidence first pass,Approved indicator retained in rulebook but not executed in this first-pass implementation.
37477,S2017ND093011,F20,F,53B,False,NOT_APPLICABLE,,,,,,,,,validated executable rule not included in high-confidence first pass,Approved indicator retained in rulebook but not executed in this first-pass implementation.
37477,S2017ND093011,F21,F,53B,False,NOT_APPLICABLE,,,,,,,,,validated executable rule not included in high-confidence first pass,Approved indicator retained in rulebook but not executed in this first-pass implementation.
37477,S2017ND093011,F22,F,53B,False,NOT_APPLICABLE,,,,,,,,,validated executable rule not included in high-confidence first pass,Approved indicator retained in rulebook but not executed in this first-pass implementation.
37478,S2017ND093014,A1,F,53B,True,INDICATOR_NOT_DEMONSTRATED,False,,,,,,,taxonomy is not qualifying Histosol/Histel,,taxonomy is not qualifying Histosol/Histel
37478,S2017ND093014,A2,F,53B,True,INSUFFICIENT_INFORMATION,,,,,,,,,validated executable rule not included in high-confidence first pass,Approved indicator retained in rulebook but not executed in this first-pass implementation.
37478,S2017ND093014,A3,F,53B,True,INSUFFICIENT_INFORMATION,,,,,,,,no observed layer satisfies all depth/thickness/material/color conditions,explicit organic material type,no observed layer satisfies all depth/thickness/material/color conditions; Missing: explicit organic material type
37478,S2017ND093014,A4,F,53B,True,INSUFFICIENT_INFORMATION,,,,,,,,,validated executable rule not included in high-confidence first pass,Approved indicator retained in rulebook but not executed in this first-pass implementation.
37478,S2017ND093014,A5,F,53B,True,INSUFFICIENT_INFORMATION,,,,,,,,,validated executable rule not included in high-confidence first pass,Approved indicator retained in rulebook but not executed in this first-pass implementation.
37478,S2017ND093014,A6,F,53B,False,NOT_APPLICABLE,,,,,,,,,validated executable rule not included in high-confidence first pass,Approved indicator retained in rulebook but not executed in this first-pass implementation.
37478,S2017ND093014,A7,F,53B,False,NOT_APPLICABLE,,,,,,,,,,Indicator A7 is not approved for LRR F/MLRA 53B.
37478,S2017ND093014,A8,F,53B,False,NOT_APPLICABLE,,,,,,,,,,Indicator A8 is not approved for LRR F/MLRA 53B.
37478,S2017ND093014,A9,F,53B,True,INSUFFICIENT_INFORMATION,,,,,,,,no observed layer satisfies all depth/thickness/material/color conditions,explicit organic material type,no observed layer satisfies all depth/thickness/material/color conditions; Missing: explicit organic material type
37478,S2017ND093014,A10,F,53B,False,NOT_APPLICABLE,,,,,,,,,,Indicator A10 is not approved for LRR F/MLRA 53B.
37478,S2017ND093014,A11,F,53B,True,INSUFFICIENT_INFORMATION,,,,,,,,no continuous depleted layer satisfies depth/thickness requirements,explicit wetness-derived depleted matrix,no continuous depleted layer satisfies depth/thickness requirements; Missing: explicit wetness-derived depleted matrix
37478,S2017ND093014,A12,F,53B,True,INSUFFICIENT_INFORMATION,,,,,,,,no continuous depleted layer satisfies depth/thickness requirements,explicit wetness-derived depleted matrix,no continuous depleted layer satisfies depth/thickness requirements; Missing: explicit wetness-derived depleted matrix
37478,S2017ND093014,A13,F,53B,False,NOT_APPLICABLE,,,,,,,,,validated executable rule not included in high-confidence first pass,Approved indicator retained in rulebook but not executed in this first-pass implementation.
37478,S2017ND093014,A14,F,53B,False,NOT_APPLICABLE,,,,,,,,,validated executable rule not included in high-confidence first pass,Approved indicator retained in rulebook but not executed in this first-pass implementation.
37478,S2017ND093014,A15,F,53B,False,NOT_APPLICABLE,,,,,,,,,validated executable rule not included in high-confidence first pass,Approved indicator retained in rulebook but not executed in this first-pass implementation.
37478,S2017ND093014,A16,F,53B,False,NOT_APPLICABLE,,,,,,,,,validated executable rule not included in high-confidence first pass,Approved indicator retained in rulebook but not executed in this first-pass implementation.
37478,S2017ND093014,A17,F,53B,False,NOT_APPLICABLE,,,,,,,,,validated executable rule not included in high-confidence first pass,Approved indicator retained in rulebook but not executed in this first-pass implementation.
37478,S2017ND093014,A18,F,53B,True,INSUFFICIENT_INFORMATION,,,,,,,,,validated executable rule not included in high-confidence first pass,Approved indicator retained in rulebook but not executed in this first-pass implementation.
37478,S2017ND093014,S1,F,53B,True,INSUFFICIENT_INFORMATION,,,,,,,,,validated executable rule not included in high-confidence first pass,Approved indicator retained in rulebook but not executed in this first-pass implementation.
37478,S2017ND093014,S2,F,53B,False,NOT_APPLICABLE,,,,,,,,,validated executable rule not included in high-confidence first pass,Approved indicator retained in rulebook but not executed in this first-pass implementation.
37478,S2017ND093014,S3,F,53B,True,INSUFFICIENT_INFORMATION,,,,,,,,,validated executable rule not included in high-confidence first pass,Approved indicator retained in rulebook but not executed in this first-pass implementation.
37478,S2017ND093014,S4,F,53B,True,INDICATOR_NOT_DEMONSTRATED,False,,,,,,,no explicit qualifying gley-page matrix at required depth,,no explicit qualifying gley-page matrix at required depth
37478,S2017ND093014,S5,F,53B,True,INSUFFICIENT_INFORMATION,,,,,,,,no continuous 10-cm sandy layer meets matrix and redox requirements,redox percentage/type/contrast,no continuous 10-cm sandy layer meets matrix and redox requirements; Missing: redox percentage/type/contrast
37478,S2017ND093014,S6,F,53B,True,INSUFFICIENT_INFORMATION,,,,,,,,,validated executable rule not included in high-confidence first pass,Approved indicator retained in rulebook but not executed in this first-pass implementation.
37478,S2017ND093014,S7,F,53B,False,NOT_APPLICABLE,,,,,,,,,validated executable rule not included in high-confidence first pass,Approved indicator retained in rulebook but not executed in this first-pass implementation.
37478,S2017ND093014,S8,F,53B,False,NOT_APPLICABLE,,,,,,,,,validated executable rule not included in high-confidence first pass,Approved indicator retained in rulebook but not executed in this first-pass implementation.
37478,S2017ND093014,S9,F,53B,False,NOT_APPLICABLE,,,,,,,,,validated executable rule not included in high-confidence first pass,Approved indicator retained in rulebook but not executed in this first-pass implementation.
37478,S2017ND093014,S11,F,53B,False,NOT_APPLICABLE,,,,,,,,,validated executable rule not included in high-confidence first pass,Approved indicator retained in rulebook but not executed in this first-pass implementation.
37478,S2017ND093014,S12,F,53B,False,NOT_APPLICABLE,,,,,,,,,validated executable rule not included in high-confidence first pass,Approved indicator retained in rulebook but not executed in this first-pass implementation.
37478,S2017ND093014,F1,F,53B,True,INSUFFICIENT_INFORMATION,,,,,,,,,validated executable rule not included in high-confidence first pass,Approved indicator retained in rulebook but not executed in this first-pass implementation.
37478,S2017ND093014,F2,F,53B,True,INDICATOR_NOT_DEMONSTRATED,False,,,,,,,no explicit qualifying gley-page matrix at required depth,,no explicit qualifying gley-page matrix at required depth
37478,S2017ND093014,F3,F,53B,True,INSUFFICIENT_INFORMATION,,,,,,,,no continuous depleted layer satisfies depth/thickness requirements,explicit wetness-derived depleted matrix,no continuous depleted layer satisfies depth/thickness requirements; Missing: explicit wetness-derived depleted matrix
37478,S2017ND093014,F6,F,53B,True,INSUFFICIENT_INFORMATION,,,,,,,,no continuous 10-cm loamy/clayey layer meets conditional color/redox requirements,quantitative redox description,no continuous 10-cm loamy/clayey layer meets conditional color/redox requirements; Missing: quantitative redox description
37478,S2017ND093014,F7,F,53B,True,INSUFFICIENT_INFORMATION,,,,,,,,no continuous 10-cm loamy/clayey layer meets conditional color/redox requirements,quantitative redox description,no continuous 10-cm loamy/clayey layer meets conditional color/redox requirements; Missing: quantitative redox description
37478,S2017ND093014,F8,F,53B,True,INSUFFICIENT_INFORMATION,,,,,,,,,validated executable rule not included in high-confidence first pass,Approved indicator retained in rulebook but not executed in this first-pass implementation.
37478,S2017ND093014,F10,F,53B,False,NOT_APPLICABLE,,,,,,,,,validated executable rule not included in high-confidence first pass,Approved indicator retained in rulebook but not executed in this first-pass implementation.
37478,S2017ND093014,F11,F,53B,False,NOT_APPLICABLE,,,,,,,,,validated executable rule not included in high-confidence first pass,Approved indicator retained in rulebook but not executed in this first-pass implementation.
37478,S2017ND093014,F12,F,53B,False,NOT_APPLICABLE,,,,,,,,,validated executable rule not included in high-confidence first pass,Approved indicator retained in rulebook but not executed in this first-pass implementation.
37478,S2017ND093014,F13,F,53B,False,NOT_APPLICABLE,,,,,,,,,validated executable rule not included in high-confidence first pass,Approved indicator retained in rulebook but not executed in this first-pass implementation.
37478,S2017ND093014,F16,F,53B,False,NOT_APPLICABLE,,,,,,,,,validated executable rule not included in high-confidence first pass,Approved indicator retained in rulebook but not executed in this first-pass implementation.
37478,S2017ND093014,F17,F,53B,False,NOT_APPLICABLE,,,,,,,,,validated executable rule not included in high-confidence first pass,Approved indicator retained in rulebook but not executed in this first-pass implementation.
37478,S2017ND093014,F18,F,53B,False,NOT_APPLICABLE,,,,,,,,,validated executable rule not included in high-confidence first pass,Approved indicator retained in rulebook but not executed in this first-pass implementation.
37478,S2017ND093014,F19,F,53B,False,NOT_APPLICABLE,,,,,,,,,validated executable rule not included in high-confidence first pass,Approved indicator retained in rulebook but not executed in this first-pass implementation.
37478,S2017ND093014,F20,F,53B,False,NOT_APPLICABLE,,,,,,,,,validated executable rule not included in high-confidence first pass,Approved indicator retained in rulebook but not executed in this first-pass implementation.
37478,S2017ND093014,F21,F,53B,False,NOT_APPLICABLE,,,,,,,,,validated executable rule not included in high-confidence first pass,Approved indicator retained in rulebook but not executed in this first-pass implementation.
37478,S2017ND093014,F22,F,53B,False,NOT_APPLICABLE,,,,,,,,,validated executable rule not included in high-confidence first pass,Approved indicator retained in rulebook but not executed in this first-pass implementation.
37479,S2017ND093016,A1,F,53B,True,INDICATOR_NOT_DEMONSTRATED,False,,,,,,,taxonomy is not qualifying Histosol/Histel,,taxonomy is not qualifying Histosol/Histel
37479,S2017ND093016,A2,F,53B,True,INSUFFICIENT_INFORMATION,,,,,,,,,validated executable rule not included in high-confidence first pass,Approved indicator retained in rulebook but not executed in this first-pass implementation.
37479,S2017ND093016,A3,F,53B,True,INSUFFICIENT_INFORMATION,,,,,,,,no observed layer satisfies all depth/thickness/material/color conditions,explicit organic material type,no observed layer satisfies all depth/thickness/material/color conditions; Missing: explicit organic material type
37479,S2017ND093016,A4,F,53B,True,INSUFFICIENT_INFORMATION,,,,,,,,,validated executable rule not included in high-confidence first pass,Approved indicator retained in rulebook but not executed in this first-pass implementation.
37479,S2017ND093016,A5,F,53B,True,INSUFFICIENT_INFORMATION,,,,,,,,,validated executable rule not included in high-confidence first pass,Approved indicator retained in rulebook but not executed in this first-pass implementation.
37479,S2017ND093016,A6,F,53B,False,NOT_APPLICABLE,,,,,,,,,validated executable rule not included in high-confidence first pass,Approved indicator retained in rulebook but not executed in this first-pass implementation.
37479,S2017ND093016,A7,F,53B,False,NOT_APPLICABLE,,,,,,,,,,Indicator A7 is not approved for LRR F/MLRA 53B.
37479,S2017ND093016,A8,F,53B,False,NOT_APPLICABLE,,,,,,,,,,Indicator A8 is not approved for LRR F/MLRA 53B.
37479,S2017ND093016,A9,F,53B,True,INSUFFICIENT_INFORMATION,,,,,,,,no observed layer satisfies all depth/thickness/material/color conditions,explicit organic material type,no observed layer satisfies all depth/thickness/material/color conditions; Missing: explicit organic material type
37479,S2017ND093016,A10,F,53B,False,NOT_APPLICABLE,,,,,,,,,,Indicator A10 is not approved for LRR F/MLRA 53B.
37479,S2017ND093016,A11,F,53B,True,INSUFFICIENT_INFORMATION,,,,,,,,no continuous depleted layer satisfies depth/thickness requirements,explicit wetness-derived depleted matrix,no continuous depleted layer satisfies depth/thickness requirements; Missing: explicit wetness-derived depleted matrix
37479,S2017ND093016,A12,F,53B,True,INSUFFICIENT_INFORMATION,,,,,,,,no continuous depleted layer satisfies depth/thickness requirements,explicit wetness-derived depleted matrix,no continuous depleted layer satisfies depth/thickness requirements; Missing: explicit wetness-derived depleted matrix
37479,S2017ND093016,A13,F,53B,False,NOT_APPLICABLE,,,,,,,,,validated executable rule not included in high-confidence first pass,Approved indicator retained in rulebook but not executed in this first-pass implementation.
37479,S2017ND093016,A14,F,53B,False,NOT_APPLICABLE,,,,,,,,,validated executable rule not included in high-confidence first pass,Approved indicator retained in rulebook but not executed in this first-pass implementation.
37479,S2017ND093016,A15,F,53B,False,NOT_APPLICABLE,,,,,,,,,validated executable rule not included in high-confidence first pass,Approved indicator retained in rulebook but not executed in this first-pass implementation.
37479,S2017ND093016,A16,F,53B,False,NOT_APPLICABLE,,,,,,,,,validated executable rule not included in high-confidence first pass,Approved indicator retained in rulebook but not executed in this first-pass implementation.
37479,S2017ND093016,A17,F,53B,False,NOT_APPLICABLE,,,,,,,,,validated executable rule not included in high-confidence first pass,Approved indicator retained in rulebook but not executed in this first-pass implementation.
37479,S2017ND093016,A18,F,53B,True,INSUFFICIENT_INFORMATION,,,,,,,,,validated executable rule not included in high-confidence first pass,Approved indicator retained in rulebook but not executed in this first-pass implementation.
37479,S2017ND093016,S1,F,53B,True,INSUFFICIENT_INFORMATION,,,,,,,,,validated executable rule not included in high-confidence first pass,Approved indicator retained in rulebook but not executed in this first-pass implementation.
37479,S2017ND093016,S2,F,53B,False,NOT_APPLICABLE,,,,,,,,,validated executable rule not included in high-confidence first pass,Approved indicator retained in rulebook but not executed in this first-pass implementation.
37479,S2017ND093016,S3,F,53B,True,INSUFFICIENT_INFORMATION,,,,,,,,,validated executable rule not included in high-confidence first pass,Approved indicator retained in rulebook but not executed in this first-pass implementation.
37479,S2017ND093016,S4,F,53B,True,INDICATOR_NOT_DEMONSTRATED,False,,,,,,,no explicit qualifying gley-page matrix at required depth,,no explicit qualifying gley-page matrix at required depth
37479,S2017ND093016,S5,F,53B,True,INDICATOR_NOT_DEMONSTRATED,False,,,,,,,no continuous 10-cm sandy layer meets matrix and redox requirements,,no continuous 10-cm sandy layer meets matrix and redox requirements
37479,S2017ND093016,S6,F,53B,True,INSUFFICIENT_INFORMATION,,,,,,,,,validated executable rule not included in high-confidence first pass,Approved indicator retained in rulebook but not executed in this first-pass implementation.
37479,S2017ND093016,S7,F,53B,False,NOT_APPLICABLE,,,,,,,,,validated executable rule not included in high-confidence first pass,Approved indicator retained in rulebook but not executed in this first-pass implementation.
37479,S2017ND093016,S8,F,53B,False,NOT_APPLICABLE,,,,,,,,,validated executable rule not included in high-confidence first pass,Approved indicator retained in rulebook but not executed in this first-pass implementation.
37479,S2017ND093016,S9,F,53B,False,NOT_APPLICABLE,,,,,,,,,validated executable rule not included in high-confidence first pass,Approved indicator retained in rulebook but not executed in this first-pass implementation.
37479,S2017ND093016,S11,F,53B,False,NOT_APPLICABLE,,,,,,,,,validated executable rule not included in high-confidence first pass,Approved indicator retained in rulebook but not executed in this first-pass implementation.
37479,S2017ND093016,S12,F,53B,False,NOT_APPLICABLE,,,,,,,,,validated executable rule not included in high-confidence first pass,Approved indicator retained in rulebook but not executed in this first-pass implementation.
37479,S2017ND093016,F1,F,53B,True,INSUFFICIENT_INFORMATION,,,,,,,,,validated executable rule not included in high-confidence first pass,Approved indicator retained in rulebook but not executed in this first-pass implementation.
37479,S2017ND093016,F2,F,53B,True,INDICATOR_NOT_DEMONSTRATED,False,,,,,,,no explicit qualifying gley-page matrix at required depth,,no explicit qualifying gley-page matrix at required depth
37479,S2017ND093016,F3,F,53B,True,INSUFFICIENT_INFORMATION,,,,,,,,no continuous depleted layer satisfies depth/thickness requirements,explicit wetness-derived depleted matrix,no continuous depleted layer satisfies depth/thickness requirements; Missing: explicit wetness-derived depleted matrix
37479,S2017ND093016,F6,F,53B,True,INDICATOR_NOT_DEMONSTRATED,False,,,,,,,no continuous 10-cm loamy/clayey layer meets conditional color/redox requirements,,no continuous 10-cm loamy/clayey layer meets conditional color/redox requirements
37479,S2017ND093016,F7,F,53B,True,INDICATOR_NOT_DEMONSTRATED,False,,,,,,,no continuous 10-cm loamy/clayey layer meets conditional color/redox requirements,,no continuous 10-cm loamy/clayey layer meets conditional color/redox requirements
37479,S2017ND093016,F8,F,53B,True,INSUFFICIENT_INFORMATION,,,,,,,,,validated executable rule not included in high-confidence first pass,Approved indicator retained in rulebook but not executed in this first-pass implementation.
37479,S2017ND093016,F10,F,53B,False,NOT_APPLICABLE,,,,,,,,,validated executable rule not included in high-confidence first pass,Approved indicator retained in rulebook but not executed in this first-pass implementation.
37479,S2017ND093016,F11,F,53B,False,NOT_APPLICABLE,,,,,,,,,validated executable rule not included in high-confidence first pass,Approved indicator retained in rulebook but not executed in this first-pass implementation.
37479,S2017ND093016,F12,F,53B,False,NOT_APPLICABLE,,,,,,,,,validated executable rule not included in high-confidence first pass,Approved indicator retained in rulebook but not executed in this first-pass implementation.
37479,S2017ND093016,F13,F,53B,False,NOT_APPLICABLE,,,,,,,,,validated executable rule not included in high-confidence first pass,Approved indicator retained in rulebook but not executed in this first-pass implementation.
37479,S2017ND093016,F16,F,53B,False,NOT_APPLICABLE,,,,,,,,,validated executable rule not included in high-confidence first pass,Approved indicator retained in rulebook but not executed in this first-pass implementation.
37479,S2017ND093016,F17,F,53B,False,NOT_APPLICABLE,,,,,,,,,validated executable rule not included in high-confidence first pass,Approved indicator retained in rulebook but not executed in this first-pass implementation.
37479,S2017ND093016,F18,F,53B,False,NOT_APPLICABLE,,,,,,,,,validated executable rule not included in high-confidence first pass,Approved indicator retained in rulebook but not executed in this first-pass implementation.
37479,S2017ND093016,F19,F,53B,False,NOT_APPLICABLE,,,,,,,,,validated executable rule not included in high-confidence first pass,Approved indicator retained in rulebook but not executed in this first-pass implementation.
37479,S2017ND093016,F20,F,53B,False,NOT_APPLICABLE,,,,,,,,,validated executable rule not included in high-confidence first pass,Approved indicator retained in rulebook but not executed in this first-pass implementation.
37479,S2017ND093016,F21,F,53B,False,NOT_APPLICABLE,,,,,,,,,validated executable rule not included in high-confidence first pass,Approved indicator retained in rulebook but not executed in this first-pass implementation.
37479,S2017ND093016,F22,F,53B,False,NOT_APPLICABLE,,,,,,,,,validated executable rule not included in high-confidence first pass,Approved indicator retained in rulebook but not executed in this first-pass implementation.
37480,S2017ND093020,A1,F,55B,True,INDICATOR_NOT_DEMONSTRATED,False,,,,,,,taxonomy is not qualifying Histosol/Histel,,taxonomy is not qualifying Histosol/Histel
37480,S2017ND093020,A2,F,55B,True,INSUFFICIENT_INFORMATION,,,,,,,,,validated executable rule not included in high-confidence first pass,Approved indicator retained in rulebook but not executed in this first-pass implementation.
37480,S2017ND093020,A3,F,55B,True,INSUFFICIENT_INFORMATION,,,,,,,,no observed layer satisfies all depth/thickness/material/color conditions,explicit organic material type; identifiable moist matrix color,"no observed layer satisfies all depth/thickness/material/color conditions; Missing: explicit organic material type, identifiable moist matrix color"
37480,S2017ND093020,A4,F,55B,True,INSUFFICIENT_INFORMATION,,,,,,,,,validated executable rule not included in high-confidence first pass,Approved indicator retained in rulebook but not executed in this first-pass implementation.
37480,S2017ND093020,A5,F,55B,True,INSUFFICIENT_INFORMATION,,,,,,,,,validated executable rule not included in high-confidence first pass,Approved indicator retained in rulebook but not executed in this first-pass implementation.
37480,S2017ND093020,A6,F,55B,False,NOT_APPLICABLE,,,,,,,,,validated executable rule not included in high-confidence first pass,Approved indicator retained in rulebook but not executed in this first-pass implementation.
37480,S2017ND093020,A7,F,55B,False,NOT_APPLICABLE,,,,,,,,,,Indicator A7 is not approved for LRR F/MLRA 55B.
37480,S2017ND093020,A8,F,55B,False,NOT_APPLICABLE,,,,,,,,,,Indicator A8 is not approved for LRR F/MLRA 55B.
37480,S2017ND093020,A9,F,55B,True,INSUFFICIENT_INFORMATION,,,,,,,,no observed layer satisfies all depth/thickness/material/color conditions,explicit organic material type; identifiable moist matrix color,"no observed layer satisfies all depth/thickness/material/color conditions; Missing: explicit organic material type, identifiable moist matrix color"
37480,S2017ND093020,A10,F,55B,False,NOT_APPLICABLE,,,,,,,,,,Indicator A10 is not approved for LRR F/MLRA 55B.
37480,S2017ND093020,A11,F,55B,True,INSUFFICIENT_INFORMATION,,,,,,,,no continuous depleted layer satisfies depth/thickness requirements,explicit wetness-derived depleted matrix; identifiable moist matrix color,"no continuous depleted layer satisfies depth/thickness requirements; Missing: explicit wetness-derived depleted matrix, identifiable moist matrix color"
37480,S2017ND093020,A12,F,55B,True,INSUFFICIENT_INFORMATION,,,,,,,,no continuous depleted layer satisfies depth/thickness requirements,explicit wetness-derived depleted matrix; identifiable moist matrix color,"no continuous depleted layer satisfies depth/thickness requirements; Missing: explicit wetness-derived depleted matrix, identifiable moist matrix color"
37480,S2017ND093020,A13,F,55B,False,NOT_APPLICABLE,,,,,,,,,validated executable rule not included in high-confidence first pass,Approved indicator retained in rulebook but not executed in this first-pass implementation.
37480,S2017ND093020,A14,F,55B,False,NOT_APPLICABLE,,,,,,,,,validated executable rule not included in high-confidence first pass,Approved indicator retained in rulebook but not executed in this first-pass implementation.
37480,S2017ND093020,A15,F,55B,False,NOT_APPLICABLE,,,,,,,,,validated executable rule not included in high-confidence first pass,Approved indicator retained in rulebook but not executed in this first-pass implementation.
37480,S2017ND093020,A16,F,55B,False,NOT_APPLICABLE,,,,,,,,,validated executable rule not included in high-confidence first pass,Approved indicator retained in rulebook but not executed in this first-pass implementation.
37480,S2017ND093020,A17,F,55B,False,NOT_APPLICABLE,,,,,,,,,validated executable rule not included in high-confidence first pass,Approved indicator retained in rulebook but not executed in this first-pass implementation.
37480,S2017ND093020,A18,F,55B,True,INSUFFICIENT_INFORMATION,,,,,,,,,validated executable rule not included in high-confidence first pass,Approved indicator retained in rulebook but not executed in this first-pass implementation.
37480,S2017ND093020,S1,F,55B,True,INSUFFICIENT_INFORMATION,,,,,,,,,validated executable rule not included in high-confidence first pass,Approved indicator retained in rulebook but not executed in this first-pass implementation.
37480,S2017ND093020,S2,F,55B,False,NOT_APPLICABLE,,,,,,,,,validated executable rule not included in high-confidence first pass,Approved indicator retained in rulebook but not executed in this first-pass implementation.
37480,S2017ND093020,S3,F,55B,True,INSUFFICIENT_INFORMATION,,,,,,,,,validated executable rule not included in high-confidence first pass,Approved indicator retained in rulebook but not executed in this first-pass implementation.
37480,S2017ND093020,S4,F,55B,True,INSUFFICIENT_INFORMATION,,,,,,,,no explicit qualifying gley-page matrix at required depth,identifiable moist matrix color,no explicit qualifying gley-page matrix at required depth; Missing: identifiable moist matrix color
37480,S2017ND093020,S5,F,55B,True,INSUFFICIENT_INFORMATION,,,,,,,,no continuous 10-cm sandy layer meets matrix and redox requirements,identifiable moist matrix color; redox percentage/type/contrast,"no continuous 10-cm sandy layer meets matrix and redox requirements; Missing: identifiable moist matrix color, redox percentage/type/contrast"
37480,S2017ND093020,S6,F,55B,True,INSUFFICIENT_INFORMATION,,,,,,,,,validated executable rule not included in high-confidence first pass,Approved indicator retained in rulebook but not executed in this first-pass implementation.
37480,S2017ND093020,S7,F,55B,False,NOT_APPLICABLE,,,,,,,,,validated executable rule not included in high-confidence first pass,Approved indicator retained in rulebook but not executed in this first-pass implementation.
37480,S2017ND093020,S8,F,55B,False,NOT_APPLICABLE,,,,,,,,,validated executable rule not included in high-confidence first pass,Approved indicator retained in rulebook but not executed in this first-pass implementation.
37480,S2017ND093020,S9,F,55B,False,NOT_APPLICABLE,,,,,,,,,validated executable rule not included in high-confidence first pass,Approved indicator retained in rulebook but not executed in this first-pass implementation.
37480,S2017ND093020,S11,F,55B,False,NOT_APPLICABLE,,,,,,,,,validated executable rule not included in high-confidence first pass,Approved indicator retained in rulebook but not executed in this first-pass implementation.
37480,S2017ND093020,S12,F,55B,False,NOT_APPLICABLE,,,,,,,,,validated executable rule not included in high-confidence first pass,Approved indicator retained in rulebook but not executed in this first-pass implementation.
37480,S2017ND093020,F1,F,55B,True,INSUFFICIENT_INFORMATION,,,,,,,,,validated executable rule not included in high-confidence first pass,Approved indicator retained in rulebook but not executed in this first-pass implementation.
37480,S2017ND093020,F2,F,55B,True,INSUFFICIENT_INFORMATION,,,,,,,,no explicit qualifying gley-page matrix at required depth,identifiable moist matrix color,no explicit qualifying gley-page matrix at required depth; Missing: identifiable moist matrix color
37480,S2017ND093020,F3,F,55B,True,INSUFFICIENT_INFORMATION,,,,,,,,no continuous depleted layer satisfies depth/thickness requirements,explicit wetness-derived depleted matrix; identifiable moist matrix color,"no continuous depleted layer satisfies depth/thickness requirements; Missing: explicit wetness-derived depleted matrix, identifiable moist matrix color"
37480,S2017ND093020,F6,F,55B,True,INSUFFICIENT_INFORMATION,,,,,,,,no continuous 10-cm loamy/clayey layer meets conditional color/redox requirements,identifiable moist matrix color; quantitative redox description,"no continuous 10-cm loamy/clayey layer meets conditional color/redox requirements; Missing: identifiable moist matrix color, quantitative redox description"
37480,S2017ND093020,F7,F,55B,True,INSUFFICIENT_INFORMATION,,,,,,,,no continuous 10-cm loamy/clayey layer meets conditional color/redox requirements,identifiable moist matrix color; quantitative redox description,"no continuous 10-cm loamy/clayey layer meets conditional color/redox requirements; Missing: identifiable moist matrix color, quantitative redox description"
37480,S2017ND093020,F8,F,55B,True,INSUFFICIENT_INFORMATION,,,,,,,,,validated executable rule not included in high-confidence first pass,Approved indicator retained in rulebook but not executed in this first-pass implementation.
37480,S2017ND093020,F10,F,55B,False,NOT_APPLICABLE,,,,,,,,,validated executable rule not included in high-confidence first pass,Approved indicator retained in rulebook but not executed in this first-pass implementation.
37480,S2017ND093020,F11,F,55B,False,NOT_APPLICABLE,,,,,,,,,validated executable rule not included in high-confidence first pass,Approved indicator retained in rulebook but not executed in this first-pass implementation.
37480,S2017ND093020,F12,F,55B,False,NOT_APPLICABLE,,,,,,,,,validated executable rule not included in high-confidence first pass,Approved indicator retained in rulebook but not executed in this first-pass implementation.
37480,S2017ND093020,F13,F,55B,False,NOT_APPLICABLE,,,,,,,,,validated executable rule not included in high-confidence first pass,Approved indicator retained in rulebook but not executed in this first-pass implementation.
37480,S2017ND093020,F16,F,55B,False,NOT_APPLICABLE,,,,,,,,,validated executable rule not included in high-confidence first pass,Approved indicator retained in rulebook but not executed in this first-pass implementation.
37480,S2017ND093020,F17,F,55B,False,NOT_APPLICABLE,,,,,,,,,validated executable rule not included in high-confidence first pass,Approved indicator retained in rulebook but not executed in this first-pass implementation.
37480,S2017ND093020,F18,F,55B,False,NOT_APPLICABLE,,,,,,,,,validated executable rule not included in high-confidence first pass,Approved indicator retained in rulebook but not executed in this first-pass implementation.
37480,S2017ND093020,F19,F,55B,False,NOT_APPLICABLE,,,,,,,,,validated executable rule not included in high-confidence first pass,Approved indicator retained in rulebook but not executed in this first-pass implementation.
37480,S2017ND093020,F20,F,55B,False,NOT_APPLICABLE,,,,,,,,,validated executable rule not included in high-confidence first pass,Approved indicator retained in rulebook but not executed in this first-pass implementation.
37480,S2017ND093020,F21,F,55B,False,NOT_APPLICABLE,,,,,,,,,validated executable rule not included in high-confidence first pass,Approved indicator retained in rulebook but not executed in this first-pass implementation.
37480,S2017ND093020,F22,F,55B,False,NOT_APPLICABLE,,,,,,,,,validated executable rule not included in high-confidence first pass,Approved indicator retained in rulebook but not executed in this first-pass implementation.
37481,S2017ND093022,A1,F,53B,True,INDICATOR_NOT_DEMONSTRATED,False,,,,,,,taxonomy is not qualifying Histosol/Histel,,taxonomy is not qualifying Histosol/Histel
37481,S2017ND093022,A2,F,53B,True,INSUFFICIENT_INFORMATION,,,,,,,,,validated executable rule not included in high-confidence first pass,Approved indicator retained in rulebook but not executed in this first-pass implementation.
37481,S2017ND093022,A3,F,53B,True,INSUFFICIENT_INFORMATION,,,,,,,,no observed layer satisfies all depth/thickness/material/color conditions,explicit organic material type; identifiable moist matrix color,"no observed layer satisfies all depth/thickness/material/color conditions; Missing: explicit organic material type, identifiable moist matrix color"
37481,S2017ND093022,A4,F,53B,True,INSUFFICIENT_INFORMATION,,,,,,,,,validated executable rule not included in high-confidence first pass,Approved indicator retained in rulebook but not executed in this first-pass implementation.
37481,S2017ND093022,A5,F,53B,True,INSUFFICIENT_INFORMATION,,,,,,,,,validated executable rule not included in high-confidence first pass,Approved indicator retained in rulebook but not executed in this first-pass implementation.
37481,S2017ND093022,A6,F,53B,False,NOT_APPLICABLE,,,,,,,,,validated executable rule not included in high-confidence first pass,Approved indicator retained in rulebook but not executed in this first-pass implementation.
37481,S2017ND093022,A7,F,53B,False,NOT_APPLICABLE,,,,,,,,,,Indicator A7 is not approved for LRR F/MLRA 53B.
37481,S2017ND093022,A8,F,53B,False,NOT_APPLICABLE,,,,,,,,,,Indicator A8 is not approved for LRR F/MLRA 53B.
37481,S2017ND093022,A9,F,53B,True,INSUFFICIENT_INFORMATION,,,,,,,,no observed layer satisfies all depth/thickness/material/color conditions,explicit organic material type; identifiable moist matrix color,"no observed layer satisfies all depth/thickness/material/color conditions; Missing: explicit organic material type, identifiable moist matrix color"
37481,S2017ND093022,A10,F,53B,False,NOT_APPLICABLE,,,,,,,,,,Indicator A10 is not approved for LRR F/MLRA 53B.
37481,S2017ND093022,A11,F,53B,True,INSUFFICIENT_INFORMATION,,,,,,,,no continuous depleted layer satisfies depth/thickness requirements,explicit wetness-derived depleted matrix; identifiable moist matrix color,"no continuous depleted layer satisfies depth/thickness requirements; Missing: explicit wetness-derived depleted matrix, identifiable moist matrix color"
37481,S2017ND093022,A12,F,53B,True,INSUFFICIENT_INFORMATION,,,,,,,,no continuous depleted layer satisfies depth/thickness requirements,explicit wetness-derived depleted matrix; identifiable moist matrix color,"no continuous depleted layer satisfies depth/thickness requirements; Missing: explicit wetness-derived depleted matrix, identifiable moist matrix color"
37481,S2017ND093022,A13,F,53B,False,NOT_APPLICABLE,,,,,,,,,validated executable rule not included in high-confidence first pass,Approved indicator retained in rulebook but not executed in this first-pass implementation.
37481,S2017ND093022,A14,F,53B,False,NOT_APPLICABLE,,,,,,,,,validated executable rule not included in high-confidence first pass,Approved indicator retained in rulebook but not executed in this first-pass implementation.
37481,S2017ND093022,A15,F,53B,False,NOT_APPLICABLE,,,,,,,,,validated executable rule not included in high-confidence first pass,Approved indicator retained in rulebook but not executed in this first-pass implementation.
37481,S2017ND093022,A16,F,53B,False,NOT_APPLICABLE,,,,,,,,,validated executable rule not included in high-confidence first pass,Approved indicator retained in rulebook but not executed in this first-pass implementation.
37481,S2017ND093022,A17,F,53B,False,NOT_APPLICABLE,,,,,,,,,validated executable rule not included in high-confidence first pass,Approved indicator retained in rulebook but not executed in this first-pass implementation.
37481,S2017ND093022,A18,F,53B,True,INSUFFICIENT_INFORMATION,,,,,,,,,validated executable rule not included in high-confidence first pass,Approved indicator retained in rulebook but not executed in this first-pass implementation.
37481,S2017ND093022,S1,F,53B,True,INSUFFICIENT_INFORMATION,,,,,,,,,validated executable rule not included in high-confidence first pass,Approved indicator retained in rulebook but not executed in this first-pass implementation.
37481,S2017ND093022,S2,F,53B,False,NOT_APPLICABLE,,,,,,,,,validated executable rule not included in high-confidence first pass,Approved indicator retained in rulebook but not executed in this first-pass implementation.
37481,S2017ND093022,S3,F,53B,True,INSUFFICIENT_INFORMATION,,,,,,,,,validated executable rule not included in high-confidence first pass,Approved indicator retained in rulebook but not executed in this first-pass implementation.
37481,S2017ND093022,S4,F,53B,True,INSUFFICIENT_INFORMATION,,,,,,,,no explicit qualifying gley-page matrix at required depth,identifiable moist matrix color,no explicit qualifying gley-page matrix at required depth; Missing: identifiable moist matrix color
37481,S2017ND093022,S5,F,53B,True,INSUFFICIENT_INFORMATION,,,,,,,,no continuous 10-cm sandy layer meets matrix and redox requirements,identifiable moist matrix color,no continuous 10-cm sandy layer meets matrix and redox requirements; Missing: identifiable moist matrix color
37481,S2017ND093022,S6,F,53B,True,INSUFFICIENT_INFORMATION,,,,,,,,,validated executable rule not included in high-confidence first pass,Approved indicator retained in rulebook but not executed in this first-pass implementation.
37481,S2017ND093022,S7,F,53B,False,NOT_APPLICABLE,,,,,,,,,validated executable rule not included in high-confidence first pass,Approved indicator retained in rulebook but not executed in this first-pass implementation.
37481,S2017ND093022,S8,F,53B,False,NOT_APPLICABLE,,,,,,,,,validated executable rule not included in high-confidence first pass,Approved indicator retained in rulebook but not executed in this first-pass implementation.
37481,S2017ND093022,S9,F,53B,False,NOT_APPLICABLE,,,,,,,,,validated executable rule not included in high-confidence first pass,Approved indicator retained in rulebook but not executed in this first-pass implementation.
37481,S2017ND093022,S11,F,53B,False,NOT_APPLICABLE,,,,,,,,,validated executable rule not included in high-confidence first pass,Approved indicator retained in rulebook but not executed in this first-pass implementation.
37481,S2017ND093022,S12,F,53B,False,NOT_APPLICABLE,,,,,,,,,validated executable rule not included in high-confidence first pass,Approved indicator retained in rulebook but not executed in this first-pass implementation.
37481,S2017ND093022,F1,F,53B,True,INSUFFICIENT_INFORMATION,,,,,,,,,validated executable rule not included in high-confidence first pass,Approved indicator retained in rulebook but not executed in this first-pass implementation.
37481,S2017ND093022,F2,F,53B,True,INSUFFICIENT_INFORMATION,,,,,,,,no explicit qualifying gley-page matrix at required depth,identifiable moist matrix color,no explicit qualifying gley-page matrix at required depth; Missing: identifiable moist matrix color
37481,S2017ND093022,F3,F,53B,True,INSUFFICIENT_INFORMATION,,,,,,,,no continuous depleted layer satisfies depth/thickness requirements,explicit wetness-derived depleted matrix; identifiable moist matrix color,"no continuous depleted layer satisfies depth/thickness requirements; Missing: explicit wetness-derived depleted matrix, identifiable moist matrix color"
37481,S2017ND093022,F6,F,53B,True,INSUFFICIENT_INFORMATION,,,,,,,,no continuous 10-cm loamy/clayey layer meets conditional color/redox requirements,identifiable moist matrix color,no continuous 10-cm loamy/clayey layer meets conditional color/redox requirements; Missing: identifiable moist matrix color
37481,S2017ND093022,F7,F,53B,True,INSUFFICIENT_INFORMATION,,,,,,,,no continuous 10-cm loamy/clayey layer meets conditional color/redox requirements,identifiable moist matrix color,no continuous 10-cm loamy/clayey layer meets conditional color/redox requirements; Missing: identifiable moist matrix color
37481,S2017ND093022,F8,F,53B,True,INSUFFICIENT_INFORMATION,,,,,,,,,validated executable rule not included in high-confidence first pass,Approved indicator retained in rulebook but not executed in this first-pass implementation.
37481,S2017ND093022,F10,F,53B,False,NOT_APPLICABLE,,,,,,,,,validated executable rule not included in high-confidence first pass,Approved indicator retained in rulebook but not executed in this first-pass implementation.
37481,S2017ND093022,F11,F,53B,False,NOT_APPLICABLE,,,,,,,,,validated executable rule not included in high-confidence first pass,Approved indicator retained in rulebook but not executed in this first-pass implementation.
37481,S2017ND093022,F12,F,53B,False,NOT_APPLICABLE,,,,,,,,,validated executable rule not included in high-confidence first pass,Approved indicator retained in rulebook but not executed in this first-pass implementation.
37481,S2017ND093022,F13,F,53B,False,NOT_APPLICABLE,,,,,,,,,validated executable rule not included in high-confidence first pass,Approved indicator retained in rulebook but not executed in this first-pass implementation.
37481,S2017ND093022,F16,F,53B,False,NOT_APPLICABLE,,,,,,,,,validated executable rule not included in high-confidence first pass,Approved indicator retained in rulebook but not executed in this first-pass implementation.
37481,S2017ND093022,F17,F,53B,False,NOT_APPLICABLE,,,,,,,,,validated executable rule not included in high-confidence first pass,Approved indicator retained in rulebook but not executed in this first-pass implementation.
37481,S2017ND093022,F18,F,53B,False,NOT_APPLICABLE,,,,,,,,,validated executable rule not included in high-confidence first pass,Approved indicator retained in rulebook but not executed in this first-pass implementation.
37481,S2017ND093022,F19,F,53B,False,NOT_APPLICABLE,,,,,,,,,validated executable rule not included in high-confidence first pass,Approved indicator retained in rulebook but not executed in this first-pass implementation.
37481,S2017ND093022,F20,F,53B,False,NOT_APPLICABLE,,,,,,,,,validated executable rule not included in high-confidence first pass,Approved indicator retained in rulebook but not executed in this first-pass implementation.
37481,S2017ND093022,F21,F,53B,False,NOT_APPLICABLE,,,,,,,,,validated executable rule not included in high-confidence first pass,Approved indicator retained in rulebook but not executed in this first-pass implementation.
37481,S2017ND093022,F22,F,53B,False,NOT_APPLICABLE,,,,,,,,,validated executable rule not included in high-confidence first pass,Approved indicator retained in rulebook but not executed in this first-pass implementation.
37482,S2017ND093023,A1,F,53B,True,INDICATOR_NOT_DEMONSTRATED,False,,,,,,,taxonomy is not qualifying Histosol/Histel,,taxonomy is not qualifying Histosol/Histel
37482,S2017ND093023,A2,F,53B,True,INSUFFICIENT_INFORMATION,,,,,,,,,validated executable rule not included in high-confidence first pass,Approved indicator retained in rulebook but not executed in this first-pass implementation.
37482,S2017ND093023,A3,F,53B,True,INSUFFICIENT_INFORMATION,,,,,,,,no observed layer satisfies all depth/thickness/material/color conditions,explicit organic material type,no observed layer satisfies all depth/thickness/material/color conditions; Missing: explicit organic material type
37482,S2017ND093023,A4,F,53B,True,INSUFFICIENT_INFORMATION,,,,,,,,,validated executable rule not included in high-confidence first pass,Approved indicator retained in rulebook but not executed in this first-pass implementation.
37482,S2017ND093023,A5,F,53B,True,INSUFFICIENT_INFORMATION,,,,,,,,,validated executable rule not included in high-confidence first pass,Approved indicator retained in rulebook but not executed in this first-pass implementation.
37482,S2017ND093023,A6,F,53B,False,NOT_APPLICABLE,,,,,,,,,validated executable rule not included in high-confidence first pass,Approved indicator retained in rulebook but not executed in this first-pass implementation.
37482,S2017ND093023,A7,F,53B,False,NOT_APPLICABLE,,,,,,,,,,Indicator A7 is not approved for LRR F/MLRA 53B.
37482,S2017ND093023,A8,F,53B,False,NOT_APPLICABLE,,,,,,,,,,Indicator A8 is not approved for LRR F/MLRA 53B.
37482,S2017ND093023,A9,F,53B,True,INSUFFICIENT_INFORMATION,,,,,,,,no observed layer satisfies all depth/thickness/material/color conditions,explicit organic material type,no observed layer satisfies all depth/thickness/material/color conditions; Missing: explicit organic material type
37482,S2017ND093023,A10,F,53B,False,NOT_APPLICABLE,,,,,,,,,,Indicator A10 is not approved for LRR F/MLRA 53B.
37482,S2017ND093023,A11,F,53B,True,INSUFFICIENT_INFORMATION,,,,,,,,no continuous depleted layer satisfies depth/thickness requirements,explicit wetness-derived depleted matrix,no continuous depleted layer satisfies depth/thickness requirements; Missing: explicit wetness-derived depleted matrix
37482,S2017ND093023,A12,F,53B,True,INSUFFICIENT_INFORMATION,,,,,,,,no continuous depleted layer satisfies depth/thickness requirements,explicit wetness-derived depleted matrix,no continuous depleted layer satisfies depth/thickness requirements; Missing: explicit wetness-derived depleted matrix
37482,S2017ND093023,A13,F,53B,False,NOT_APPLICABLE,,,,,,,,,validated executable rule not included in high-confidence first pass,Approved indicator retained in rulebook but not executed in this first-pass implementation.
37482,S2017ND093023,A14,F,53B,False,NOT_APPLICABLE,,,,,,,,,validated executable rule not included in high-confidence first pass,Approved indicator retained in rulebook but not executed in this first-pass implementation.
37482,S2017ND093023,A15,F,53B,False,NOT_APPLICABLE,,,,,,,,,validated executable rule not included in high-confidence first pass,Approved indicator retained in rulebook but not executed in this first-pass implementation.
37482,S2017ND093023,A16,F,53B,False,NOT_APPLICABLE,,,,,,,,,validated executable rule not included in high-confidence first pass,Approved indicator retained in rulebook but not executed in this first-pass implementation.
37482,S2017ND093023,A17,F,53B,False,NOT_APPLICABLE,,,,,,,,,validated executable rule not included in high-confidence first pass,Approved indicator retained in rulebook but not executed in this first-pass implementation.
37482,S2017ND093023,A18,F,53B,True,INSUFFICIENT_INFORMATION,,,,,,,,,validated executable rule not included in high-confidence first pass,Approved indicator retained in rulebook but not executed in this first-pass implementation.
37482,S2017ND093023,S1,F,53B,True,INSUFFICIENT_INFORMATION,,,,,,,,,validated executable rule not included in high-confidence first pass,Approved indicator retained in rulebook but not executed in this first-pass implementation.
37482,S2017ND093023,S2,F,53B,False,NOT_APPLICABLE,,,,,,,,,validated executable rule not included in high-confidence first pass,Approved indicator retained in rulebook but not executed in this first-pass implementation.
37482,S2017ND093023,S3,F,53B,True,INSUFFICIENT_INFORMATION,,,,,,,,,validated executable rule not included in high-confidence first pass,Approved indicator retained in rulebook but not executed in this first-pass implementation.
37482,S2017ND093023,S4,F,53B,True,INDICATOR_NOT_DEMONSTRATED,False,,,,,,,no explicit qualifying gley-page matrix at required depth,,no explicit qualifying gley-page matrix at required depth
37482,S2017ND093023,S5,F,53B,True,INDICATOR_NOT_DEMONSTRATED,False,,,,,,,no continuous 10-cm sandy layer meets matrix and redox requirements,,no continuous 10-cm sandy layer meets matrix and redox requirements
37482,S2017ND093023,S6,F,53B,True,INSUFFICIENT_INFORMATION,,,,,,,,,validated executable rule not included in high-confidence first pass,Approved indicator retained in rulebook but not executed in this first-pass implementation.
37482,S2017ND093023,S7,F,53B,False,NOT_APPLICABLE,,,,,,,,,validated executable rule not included in high-confidence first pass,Approved indicator retained in rulebook but not executed in this first-pass implementation.
37482,S2017ND093023,S8,F,53B,False,NOT_APPLICABLE,,,,,,,,,validated executable rule not included in high-confidence first pass,Approved indicator retained in rulebook but not executed in this first-pass implementation.
37482,S2017ND093023,S9,F,53B,False,NOT_APPLICABLE,,,,,,,,,validated executable rule not included in high-confidence first pass,Approved indicator retained in rulebook but not executed in this first-pass implementation.
37482,S2017ND093023,S11,F,53B,False,NOT_APPLICABLE,,,,,,,,,validated executable rule not included in high-confidence first pass,Approved indicator retained in rulebook but not executed in this first-pass implementation.
37482,S2017ND093023,S12,F,53B,False,NOT_APPLICABLE,,,,,,,,,validated executable rule not included in high-confidence first pass,Approved indicator retained in rulebook but not executed in this first-pass implementation.
37482,S2017ND093023,F1,F,53B,True,INSUFFICIENT_INFORMATION,,,,,,,,,validated executable rule not included in high-confidence first pass,Approved indicator retained in rulebook but not executed in this first-pass implementation.
37482,S2017ND093023,F2,F,53B,True,INDICATOR_NOT_DEMONSTRATED,False,,,,,,,no explicit qualifying gley-page matrix at required depth,,no explicit qualifying gley-page matrix at required depth
37482,S2017ND093023,F3,F,53B,True,INSUFFICIENT_INFORMATION,,,,,,,,no continuous depleted layer satisfies depth/thickness requirements,explicit wetness-derived depleted matrix,no continuous depleted layer satisfies depth/thickness requirements; Missing: explicit wetness-derived depleted matrix
37482,S2017ND093023,F6,F,53B,True,INDICATOR_NOT_DEMONSTRATED,False,,,,,,,no continuous 10-cm loamy/clayey layer meets conditional color/redox requirements,,no continuous 10-cm loamy/clayey layer meets conditional color/redox requirements
37482,S2017ND093023,F7,F,53B,True,INDICATOR_NOT_DEMONSTRATED,False,,,,,,,no continuous 10-cm loamy/clayey layer meets conditional color/redox requirements,,no continuous 10-cm loamy/clayey layer meets conditional color/redox requirements
37482,S2017ND093023,F8,F,53B,True,INSUFFICIENT_INFORMATION,,,,,,,,,validated executable rule not included in high-confidence first pass,Approved indicator retained in rulebook but not executed in this first-pass implementation.
37482,S2017ND093023,F10,F,53B,False,NOT_APPLICABLE,,,,,,,,,validated executable rule not included in high-confidence first pass,Approved indicator retained in rulebook but not executed in this first-pass implementation.
37482,S2017ND093023,F11,F,53B,False,NOT_APPLICABLE,,,,,,,,,validated executable rule not included in high-confidence first pass,Approved indicator retained in rulebook but not executed in this first-pass implementation.
37482,S2017ND093023,F12,F,53B,False,NOT_APPLICABLE,,,,,,,,,validated executable rule not included in high-confidence first pass,Approved indicator retained in rulebook but not executed in this first-pass implementation.
37482,S2017ND093023,F13,F,53B,False,NOT_APPLICABLE,,,,,,,,,validated executable rule not included in high-confidence first pass,Approved indicator retained in rulebook but not executed in this first-pass implementation.
37482,S2017ND093023,F16,F,53B,False,NOT_APPLICABLE,,,,,,,,,validated executable rule not included in high-confidence first pass,Approved indicator retained in rulebook but not executed in this first-pass implementation.
37482,S2017ND093023,F17,F,53B,False,NOT_APPLICABLE,,,,,,,,,validated executable rule not included in high-confidence first pass,Approved indicator retained in rulebook but not executed in this first-pass implementation.
37482,S2017ND093023,F18,F,53B,False,NOT_APPLICABLE,,,,,,,,,validated executable rule not included in high-confidence first pass,Approved indicator retained in rulebook but not executed in this first-pass implementation.
37482,S2017ND093023,F19,F,53B,False,NOT_APPLICABLE,,,,,,,,,validated executable rule not included in high-confidence first pass,Approved indicator retained in rulebook but not executed in this first-pass implementation.
37482,S2017ND093023,F20,F,53B,False,NOT_APPLICABLE,,,,,,,,,validated executable rule not included in high-confidence first pass,Approved indicator retained in rulebook but not executed in this first-pass implementation.
37482,S2017ND093023,F21,F,53B,False,NOT_APPLICABLE,,,,,,,,,validated executable rule not included in high-confidence first pass,Approved indicator retained in rulebook but not executed in this first-pass implementation.
37482,S2017ND093023,F22,F,53B,False,NOT_APPLICABLE,,,,,,,,,validated executable rule not included in high-confidence first pass,Approved indicator retained in rulebook but not executed in this first-pass implementation.
37483,S2017ND093027,A1,F,53B,True,INDICATOR_NOT_DEMONSTRATED,False,,,,,,,taxonomy is not qualifying Histosol/Histel,,taxonomy is not qualifying Histosol/Histel
37483,S2017ND093027,A2,F,53B,True,INSUFFICIENT_INFORMATION,,,,,,,,,validated executable rule not included in high-confidence first pass,Approved indicator retained in rulebook but not executed in this first-pass implementation.
37483,S2017ND093027,A3,F,53B,True,INSUFFICIENT_INFORMATION,,,,,,,,no observed layer satisfies all depth/thickness/material/color conditions,explicit organic material type,no observed layer satisfies all depth/thickness/material/color conditions; Missing: explicit organic material type
37483,S2017ND093027,A4,F,53B,True,INSUFFICIENT_INFORMATION,,,,,,,,,validated executable rule not included in high-confidence first pass,Approved indicator retained in rulebook but not executed in this first-pass implementation.
37483,S2017ND093027,A5,F,53B,True,INSUFFICIENT_INFORMATION,,,,,,,,,validated executable rule not included in high-confidence first pass,Approved indicator retained in rulebook but not executed in this first-pass implementation.
37483,S2017ND093027,A6,F,53B,False,NOT_APPLICABLE,,,,,,,,,validated executable rule not included in high-confidence first pass,Approved indicator retained in rulebook but not executed in this first-pass implementation.
37483,S2017ND093027,A7,F,53B,False,NOT_APPLICABLE,,,,,,,,,,Indicator A7 is not approved for LRR F/MLRA 53B.
37483,S2017ND093027,A8,F,53B,False,NOT_APPLICABLE,,,,,,,,,,Indicator A8 is not approved for LRR F/MLRA 53B.
37483,S2017ND093027,A9,F,53B,True,INSUFFICIENT_INFORMATION,,,,,,,,no observed layer satisfies all depth/thickness/material/color conditions,explicit organic material type,no observed layer satisfies all depth/thickness/material/color conditions; Missing: explicit organic material type
37483,S2017ND093027,A10,F,53B,False,NOT_APPLICABLE,,,,,,,,,,Indicator A10 is not approved for LRR F/MLRA 53B.
37483,S2017ND093027,A11,F,53B,True,INSUFFICIENT_INFORMATION,,,,,,,,no continuous depleted layer satisfies depth/thickness requirements,explicit wetness-derived depleted matrix,no continuous depleted layer satisfies depth/thickness requirements; Missing: explicit wetness-derived depleted matrix
37483,S2017ND093027,A12,F,53B,True,INSUFFICIENT_INFORMATION,,,,,,,,no continuous depleted layer satisfies depth/thickness requirements,explicit wetness-derived depleted matrix,no continuous depleted layer satisfies depth/thickness requirements; Missing: explicit wetness-derived depleted matrix
37483,S2017ND093027,A13,F,53B,False,NOT_APPLICABLE,,,,,,,,,validated executable rule not included in high-confidence first pass,Approved indicator retained in rulebook but not executed in this first-pass implementation.
37483,S2017ND093027,A14,F,53B,False,NOT_APPLICABLE,,,,,,,,,validated executable rule not included in high-confidence first pass,Approved indicator retained in rulebook but not executed in this first-pass implementation.
37483,S2017ND093027,A15,F,53B,False,NOT_APPLICABLE,,,,,,,,,validated executable rule not included in high-confidence first pass,Approved indicator retained in rulebook but not executed in this first-pass implementation.
37483,S2017ND093027,A16,F,53B,False,NOT_APPLICABLE,,,,,,,,,validated executable rule not included in high-confidence first pass,Approved indicator retained in rulebook but not executed in this first-pass implementation.
37483,S2017ND093027,A17,F,53B,False,NOT_APPLICABLE,,,,,,,,,validated executable rule not included in high-confidence first pass,Approved indicator retained in rulebook but not executed in this first-pass implementation.
37483,S2017ND093027,A18,F,53B,True,INSUFFICIENT_INFORMATION,,,,,,,,,validated executable rule not included in high-confidence first pass,Approved indicator retained in rulebook but not executed in this first-pass implementation.
37483,S2017ND093027,S1,F,53B,True,INSUFFICIENT_INFORMATION,,,,,,,,,validated executable rule not included in high-confidence first pass,Approved indicator retained in rulebook but not executed in this first-pass implementation.
37483,S2017ND093027,S2,F,53B,False,NOT_APPLICABLE,,,,,,,,,validated executable rule not included in high-confidence first pass,Approved indicator retained in rulebook but not executed in this first-pass implementation.
37483,S2017ND093027,S3,F,53B,True,INSUFFICIENT_INFORMATION,,,,,,,,,validated executable rule not included in high-confidence first pass,Approved indicator retained in rulebook but not executed in this first-pass implementation.
37483,S2017ND093027,S4,F,53B,True,INDICATOR_NOT_DEMONSTRATED,False,,,,,,,no explicit qualifying gley-page matrix at required depth,,no explicit qualifying gley-page matrix at required depth
37483,S2017ND093027,S5,F,53B,True,INSUFFICIENT_INFORMATION,,,,,,,,no continuous 10-cm sandy layer meets matrix and redox requirements,redox percentage/type/contrast,no continuous 10-cm sandy layer meets matrix and redox requirements; Missing: redox percentage/type/contrast
37483,S2017ND093027,S6,F,53B,True,INSUFFICIENT_INFORMATION,,,,,,,,,validated executable rule not included in high-confidence first pass,Approved indicator retained in rulebook but not executed in this first-pass implementation.
37483,S2017ND093027,S7,F,53B,False,NOT_APPLICABLE,,,,,,,,,validated executable rule not included in high-confidence first pass,Approved indicator retained in rulebook but not executed in this first-pass implementation.
37483,S2017ND093027,S8,F,53B,False,NOT_APPLICABLE,,,,,,,,,validated executable rule not included in high-confidence first pass,Approved indicator retained in rulebook but not executed in this first-pass implementation.
37483,S2017ND093027,S9,F,53B,False,NOT_APPLICABLE,,,,,,,,,validated executable rule not included in high-confidence first pass,Approved indicator retained in rulebook but not executed in this first-pass implementation.
37483,S2017ND093027,S11,F,53B,False,NOT_APPLICABLE,,,,,,,,,validated executable rule not included in high-confidence first pass,Approved indicator retained in rulebook but not executed in this first-pass implementation.
37483,S2017ND093027,S12,F,53B,False,NOT_APPLICABLE,,,,,,,,,validated executable rule not included in high-confidence first pass,Approved indicator retained in rulebook but not executed in this first-pass implementation.
37483,S2017ND093027,F1,F,53B,True,INSUFFICIENT_INFORMATION,,,,,,,,,validated executable rule not included in high-confidence first pass,Approved indicator retained in rulebook but not executed in this first-pass implementation.
37483,S2017ND093027,F2,F,53B,True,INDICATOR_NOT_DEMONSTRATED,False,,,,,,,no explicit qualifying gley-page matrix at required depth,,no explicit qualifying gley-page matrix at required depth
37483,S2017ND093027,F3,F,53B,True,INSUFFICIENT_INFORMATION,,,,,,,,no continuous depleted layer satisfies depth/thickness requirements,explicit wetness-derived depleted matrix,no continuous depleted layer satisfies depth/thickness requirements; Missing: explicit wetness-derived depleted matrix
37483,S2017ND093027,F6,F,53B,True,INSUFFICIENT_INFORMATION,,,,,,,,no continuous 10-cm loamy/clayey layer meets conditional color/redox requirements,quantitative redox description,no continuous 10-cm loamy/clayey layer meets conditional color/redox requirements; Missing: quantitative redox description
37483,S2017ND093027,F7,F,53B,True,INSUFFICIENT_INFORMATION,,,,,,,,no continuous 10-cm loamy/clayey layer meets conditional color/redox requirements,quantitative redox description,no continuous 10-cm loamy/clayey layer meets conditional color/redox requirements; Missing: quantitative redox description
37483,S2017ND093027,F8,F,53B,True,INSUFFICIENT_INFORMATION,,,,,,,,,validated executable rule not included in high-confidence first pass,Approved indicator retained in rulebook but not executed in this first-pass implementation.
37483,S2017ND093027,F10,F,53B,False,NOT_APPLICABLE,,,,,,,,,validated executable rule not included in high-confidence first pass,Approved indicator retained in rulebook but not executed in this first-pass implementation.
37483,S2017ND093027,F11,F,53B,False,NOT_APPLICABLE,,,,,,,,,validated executable rule not included in high-confidence first pass,Approved indicator retained in rulebook but not executed in this first-pass implementation.
37483,S2017ND093027,F12,F,53B,False,NOT_APPLICABLE,,,,,,,,,validated executable rule not included in high-confidence first pass,Approved indicator retained in rulebook but not executed in this first-pass implementation.
37483,S2017ND093027,F13,F,53B,False,NOT_APPLICABLE,,,,,,,,,validated executable rule not included in high-confidence first pass,Approved indicator retained in rulebook but not executed in this first-pass implementation.
37483,S2017ND093027,F16,F,53B,False,NOT_APPLICABLE,,,,,,,,,validated executable rule not included in high-confidence first pass,Approved indicator retained in rulebook but not executed in this first-pass implementation.
37483,S2017ND093027,F17,F,53B,False,NOT_APPLICABLE,,,,,,,,,validated executable rule not included in high-confidence first pass,Approved indicator retained in rulebook but not executed in this first-pass implementation.
37483,S2017ND093027,F18,F,53B,False,NOT_APPLICABLE,,,,,,,,,validated executable rule not included in high-confidence first pass,Approved indicator retained in rulebook but not executed in this first-pass implementation.
37483,S2017ND093027,F19,F,53B,False,NOT_APPLICABLE,,,,,,,,,validated executable rule not included in high-confidence first pass,Approved indicator retained in rulebook but not executed in this first-pass implementation.
37483,S2017ND093027,F20,F,53B,False,NOT_APPLICABLE,,,,,,,,,validated executable rule not included in high-confidence first pass,Approved indicator retained in rulebook but not executed in this first-pass implementation.
37483,S2017ND093027,F21,F,53B,False,NOT_APPLICABLE,,,,,,,,,validated executable rule not included in high-confidence first pass,Approved indicator retained in rulebook but not executed in this first-pass implementation.
37483,S2017ND093027,F22,F,53B,False,NOT_APPLICABLE,,,,,,,,,validated executable rule not included in high-confidence first pass,Approved indicator retained in rulebook but not executed in this first-pass implementation.
37484,S2017ND093029,A1,F,53B,True,INDICATOR_NOT_DEMONSTRATED,False,,,,,,,taxonomy is not qualifying Histosol/Histel,,taxonomy is not qualifying Histosol/Histel
37484,S2017ND093029,A2,F,53B,True,INSUFFICIENT_INFORMATION,,,,,,,,,validated executable rule not included in high-confidence first pass,Approved indicator retained in rulebook but not executed in this first-pass implementation.
37484,S2017ND093029,A3,F,53B,True,INSUFFICIENT_INFORMATION,,,,,,,,no observed layer satisfies all depth/thickness/material/color conditions,explicit organic material type,no observed layer satisfies all depth/thickness/material/color conditions; Missing: explicit organic material type
37484,S2017ND093029,A4,F,53B,True,INSUFFICIENT_INFORMATION,,,,,,,,,validated executable rule not included in high-confidence first pass,Approved indicator retained in rulebook but not executed in this first-pass implementation.
37484,S2017ND093029,A5,F,53B,True,INSUFFICIENT_INFORMATION,,,,,,,,,validated executable rule not included in high-confidence first pass,Approved indicator retained in rulebook but not executed in this first-pass implementation.
37484,S2017ND093029,A6,F,53B,False,NOT_APPLICABLE,,,,,,,,,validated executable rule not included in high-confidence first pass,Approved indicator retained in rulebook but not executed in this first-pass implementation.
37484,S2017ND093029,A7,F,53B,False,NOT_APPLICABLE,,,,,,,,,,Indicator A7 is not approved for LRR F/MLRA 53B.
37484,S2017ND093029,A8,F,53B,False,NOT_APPLICABLE,,,,,,,,,,Indicator A8 is not approved for LRR F/MLRA 53B.
37484,S2017ND093029,A9,F,53B,True,INSUFFICIENT_INFORMATION,,,,,,,,no observed layer satisfies all depth/thickness/material/color conditions,explicit organic material type,no observed layer satisfies all depth/thickness/material/color conditions; Missing: explicit organic material type
37484,S2017ND093029,A10,F,53B,False,NOT_APPLICABLE,,,,,,,,,,Indicator A10 is not approved for LRR F/MLRA 53B.
37484,S2017ND093029,A11,F,53B,True,INSUFFICIENT_INFORMATION,,,,,,,,no continuous depleted layer satisfies depth/thickness requirements,explicit wetness-derived depleted matrix,no continuous depleted layer satisfies depth/thickness requirements; Missing: explicit wetness-derived depleted matrix
37484,S2017ND093029,A12,F,53B,True,INSUFFICIENT_INFORMATION,,,,,,,,no continuous depleted layer satisfies depth/thickness requirements,explicit wetness-derived depleted matrix,no continuous depleted layer satisfies depth/thickness requirements; Missing: explicit wetness-derived depleted matrix
37484,S2017ND093029,A13,F,53B,False,NOT_APPLICABLE,,,,,,,,,validated executable rule not included in high-confidence first pass,Approved indicator retained in rulebook but not executed in this first-pass implementation.
37484,S2017ND093029,A14,F,53B,False,NOT_APPLICABLE,,,,,,,,,validated executable rule not included in high-confidence first pass,Approved indicator retained in rulebook but not executed in this first-pass implementation.
37484,S2017ND093029,A15,F,53B,False,NOT_APPLICABLE,,,,,,,,,validated executable rule not included in high-confidence first pass,Approved indicator retained in rulebook but not executed in this first-pass implementation.
37484,S2017ND093029,A16,F,53B,False,NOT_APPLICABLE,,,,,,,,,validated executable rule not included in high-confidence first pass,Approved indicator retained in rulebook but not executed in this first-pass implementation.
37484,S2017ND093029,A17,F,53B,False,NOT_APPLICABLE,,,,,,,,,validated executable rule not included in high-confidence first pass,Approved indicator retained in rulebook but not executed in this first-pass implementation.
37484,S2017ND093029,A18,F,53B,True,INSUFFICIENT_INFORMATION,,,,,,,,,validated executable rule not included in high-confidence first pass,Approved indicator retained in rulebook but not executed in this first-pass implementation.
37484,S2017ND093029,S1,F,53B,True,INSUFFICIENT_INFORMATION,,,,,,,,,validated executable rule not included in high-confidence first pass,Approved indicator retained in rulebook but not executed in this first-pass implementation.
37484,S2017ND093029,S2,F,53B,False,NOT_APPLICABLE,,,,,,,,,validated executable rule not included in high-confidence first pass,Approved indicator retained in rulebook but not executed in this first-pass implementation.
37484,S2017ND093029,S3,F,53B,True,INSUFFICIENT_INFORMATION,,,,,,,,,validated executable rule not included in high-confidence first pass,Approved indicator retained in rulebook but not executed in this first-pass implementation.
37484,S2017ND093029,S4,F,53B,True,INDICATOR_NOT_DEMONSTRATED,False,,,,,,,no explicit qualifying gley-page matrix at required depth,,no explicit qualifying gley-page matrix at required depth
37484,S2017ND093029,S5,F,53B,True,INSUFFICIENT_INFORMATION,,,,,,,,no continuous 10-cm sandy layer meets matrix and redox requirements,redox percentage/type/contrast,no continuous 10-cm sandy layer meets matrix and redox requirements; Missing: redox percentage/type/contrast
37484,S2017ND093029,S6,F,53B,True,INSUFFICIENT_INFORMATION,,,,,,,,,validated executable rule not included in high-confidence first pass,Approved indicator retained in rulebook but not executed in this first-pass implementation.
37484,S2017ND093029,S7,F,53B,False,NOT_APPLICABLE,,,,,,,,,validated executable rule not included in high-confidence first pass,Approved indicator retained in rulebook but not executed in this first-pass implementation.
37484,S2017ND093029,S8,F,53B,False,NOT_APPLICABLE,,,,,,,,,validated executable rule not included in high-confidence first pass,Approved indicator retained in rulebook but not executed in this first-pass implementation.
37484,S2017ND093029,S9,F,53B,False,NOT_APPLICABLE,,,,,,,,,validated executable rule not included in high-confidence first pass,Approved indicator retained in rulebook but not executed in this first-pass implementation.
37484,S2017ND093029,S11,F,53B,False,NOT_APPLICABLE,,,,,,,,,validated executable rule not included in high-confidence first pass,Approved indicator retained in rulebook but not executed in this first-pass implementation.
37484,S2017ND093029,S12,F,53B,False,NOT_APPLICABLE,,,,,,,,,validated executable rule not included in high-confidence first pass,Approved indicator retained in rulebook but not executed in this first-pass implementation.
37484,S2017ND093029,F1,F,53B,True,INSUFFICIENT_INFORMATION,,,,,,,,,validated executable rule not included in high-confidence first pass,Approved indicator retained in rulebook but not executed in this first-pass implementation.
37484,S2017ND093029,F2,F,53B,True,INDICATOR_NOT_DEMONSTRATED,False,,,,,,,no explicit qualifying gley-page matrix at required depth,,no explicit qualifying gley-page matrix at required depth
37484,S2017ND093029,F3,F,53B,True,INSUFFICIENT_INFORMATION,,,,,,,,no continuous depleted layer satisfies depth/thickness requirements,explicit wetness-derived depleted matrix,no continuous depleted layer satisfies depth/thickness requirements; Missing: explicit wetness-derived depleted matrix
37484,S2017ND093029,F6,F,53B,True,INSUFFICIENT_INFORMATION,,,,,,,,no continuous 10-cm loamy/clayey layer meets conditional color/redox requirements,quantitative redox description,no continuous 10-cm loamy/clayey layer meets conditional color/redox requirements; Missing: quantitative redox description
37484,S2017ND093029,F7,F,53B,True,INSUFFICIENT_INFORMATION,,,,,,,,no continuous 10-cm loamy/clayey layer meets conditional color/redox requirements,quantitative redox description,no continuous 10-cm loamy/clayey layer meets conditional color/redox requirements; Missing: quantitative redox description
37484,S2017ND093029,F8,F,53B,True,INSUFFICIENT_INFORMATION,,,,,,,,,validated executable rule not included in high-confidence first pass,Approved indicator retained in rulebook but not executed in this first-pass implementation.
37484,S2017ND093029,F10,F,53B,False,NOT_APPLICABLE,,,,,,,,,validated executable rule not included in high-confidence first pass,Approved indicator retained in rulebook but not executed in this first-pass implementation.
37484,S2017ND093029,F11,F,53B,False,NOT_APPLICABLE,,,,,,,,,validated executable rule not included in high-confidence first pass,Approved indicator retained in rulebook but not executed in this first-pass implementation.
37484,S2017ND093029,F12,F,53B,False,NOT_APPLICABLE,,,,,,,,,validated executable rule not included in high-confidence first pass,Approved indicator retained in rulebook but not executed in this first-pass implementation.
37484,S2017ND093029,F13,F,53B,False,NOT_APPLICABLE,,,,,,,,,validated executable rule not included in high-confidence first pass,Approved indicator retained in rulebook but not executed in this first-pass implementation.
37484,S2017ND093029,F16,F,53B,False,NOT_APPLICABLE,,,,,,,,,validated executable rule not included in high-confidence first pass,Approved indicator retained in rulebook but not executed in this first-pass implementation.
37484,S2017ND093029,F17,F,53B,False,NOT_APPLICABLE,,,,,,,,,validated executable rule not included in high-confidence first pass,Approved indicator retained in rulebook but not executed in this first-pass implementation.
37484,S2017ND093029,F18,F,53B,False,NOT_APPLICABLE,,,,,,,,,validated executable rule not included in high-confidence first pass,Approved indicator retained in rulebook but not executed in this first-pass implementation.
37484,S2017ND093029,F19,F,53B,False,NOT_APPLICABLE,,,,,,,,,validated executable rule not included in high-confidence first pass,Approved indicator retained in rulebook but not executed in this first-pass implementation.
37484,S2017ND093029,F20,F,53B,False,NOT_APPLICABLE,,,,,,,,,validated executable rule not included in high-confidence first pass,Approved indicator retained in rulebook but not executed in this first-pass implementation.
37484,S2017ND093029,F21,F,53B,False,NOT_APPLICABLE,,,,,,,,,validated executable rule not included in high-confidence first pass,Approved indicator retained in rulebook but not executed in this first-pass implementation.
37484,S2017ND093029,F22,F,53B,False,NOT_APPLICABLE,,,,,,,,,validated executable rule not included in high-confidence first pass,Approved indicator retained in rulebook but not executed in this first-pass implementation.
37485,S2017ND093030,A1,F,55B,True,INDICATOR_NOT_DEMONSTRATED,False,,,,,,,taxonomy is not qualifying Histosol/Histel,,taxonomy is not qualifying Histosol/Histel
37485,S2017ND093030,A2,F,55B,True,INSUFFICIENT_INFORMATION,,,,,,,,,validated executable rule not included in high-confidence first pass,Approved indicator retained in rulebook but not executed in this first-pass implementation.
37485,S2017ND093030,A3,F,55B,True,INSUFFICIENT_INFORMATION,,,,,,,,no observed layer satisfies all depth/thickness/material/color conditions,explicit organic material type; identifiable moist matrix color,"no observed layer satisfies all depth/thickness/material/color conditions; Missing: explicit organic material type, identifiable moist matrix color"
37485,S2017ND093030,A4,F,55B,True,INSUFFICIENT_INFORMATION,,,,,,,,,validated executable rule not included in high-confidence first pass,Approved indicator retained in rulebook but not executed in this first-pass implementation.
37485,S2017ND093030,A5,F,55B,True,INSUFFICIENT_INFORMATION,,,,,,,,,validated executable rule not included in high-confidence first pass,Approved indicator retained in rulebook but not executed in this first-pass implementation.
37485,S2017ND093030,A6,F,55B,False,NOT_APPLICABLE,,,,,,,,,validated executable rule not included in high-confidence first pass,Approved indicator retained in rulebook but not executed in this first-pass implementation.
37485,S2017ND093030,A7,F,55B,False,NOT_APPLICABLE,,,,,,,,,,Indicator A7 is not approved for LRR F/MLRA 55B.
37485,S2017ND093030,A8,F,55B,False,NOT_APPLICABLE,,,,,,,,,,Indicator A8 is not approved for LRR F/MLRA 55B.
37485,S2017ND093030,A9,F,55B,True,INSUFFICIENT_INFORMATION,,,,,,,,no observed layer satisfies all depth/thickness/material/color conditions,explicit organic material type; identifiable moist matrix color,"no observed layer satisfies all depth/thickness/material/color conditions; Missing: explicit organic material type, identifiable moist matrix color"
37485,S2017ND093030,A10,F,55B,False,NOT_APPLICABLE,,,,,,,,,,Indicator A10 is not approved for LRR F/MLRA 55B.
37485,S2017ND093030,A11,F,55B,True,INSUFFICIENT_INFORMATION,,,,,,,,no continuous depleted layer satisfies depth/thickness requirements,explicit wetness-derived depleted matrix; identifiable moist matrix color,"no continuous depleted layer satisfies depth/thickness requirements; Missing: explicit wetness-derived depleted matrix, identifiable moist matrix color"
37485,S2017ND093030,A12,F,55B,True,INSUFFICIENT_INFORMATION,,,,,,,,no continuous depleted layer satisfies depth/thickness requirements,explicit wetness-derived depleted matrix; identifiable moist matrix color,"no continuous depleted layer satisfies depth/thickness requirements; Missing: explicit wetness-derived depleted matrix, identifiable moist matrix color"
37485,S2017ND093030,A13,F,55B,False,NOT_APPLICABLE,,,,,,,,,validated executable rule not included in high-confidence first pass,Approved indicator retained in rulebook but not executed in this first-pass implementation.
37485,S2017ND093030,A14,F,55B,False,NOT_APPLICABLE,,,,,,,,,validated executable rule not included in high-confidence first pass,Approved indicator retained in rulebook but not executed in this first-pass implementation.
37485,S2017ND093030,A15,F,55B,False,NOT_APPLICABLE,,,,,,,,,validated executable rule not included in high-confidence first pass,Approved indicator retained in rulebook but not executed in this first-pass implementation.
37485,S2017ND093030,A16,F,55B,False,NOT_APPLICABLE,,,,,,,,,validated executable rule not included in high-confidence first pass,Approved indicator retained in rulebook but not executed in this first-pass implementation.
37485,S2017ND093030,A17,F,55B,False,NOT_APPLICABLE,,,,,,,,,validated executable rule not included in high-confidence first pass,Approved indicator retained in rulebook but not executed in this first-pass implementation.
37485,S2017ND093030,A18,F,55B,True,INSUFFICIENT_INFORMATION,,,,,,,,,validated executable rule not included in high-confidence first pass,Approved indicator retained in rulebook but not executed in this first-pass implementation.
37485,S2017ND093030,S1,F,55B,True,INSUFFICIENT_INFORMATION,,,,,,,,,validated executable rule not included in high-confidence first pass,Approved indicator retained in rulebook but not executed in this first-pass implementation.
37485,S2017ND093030,S2,F,55B,False,NOT_APPLICABLE,,,,,,,,,validated executable rule not included in high-confidence first pass,Approved indicator retained in rulebook but not executed in this first-pass implementation.
37485,S2017ND093030,S3,F,55B,True,INSUFFICIENT_INFORMATION,,,,,,,,,validated executable rule not included in high-confidence first pass,Approved indicator retained in rulebook but not executed in this first-pass implementation.
37485,S2017ND093030,S4,F,55B,True,INSUFFICIENT_INFORMATION,,,,,,,,no explicit qualifying gley-page matrix at required depth,identifiable moist matrix color,no explicit qualifying gley-page matrix at required depth; Missing: identifiable moist matrix color
37485,S2017ND093030,S5,F,55B,True,INSUFFICIENT_INFORMATION,,,,,,,,no continuous 10-cm sandy layer meets matrix and redox requirements,identifiable moist matrix color; redox percentage/type/contrast,"no continuous 10-cm sandy layer meets matrix and redox requirements; Missing: identifiable moist matrix color, redox percentage/type/contrast"
37485,S2017ND093030,S6,F,55B,True,INSUFFICIENT_INFORMATION,,,,,,,,,validated executable rule not included in high-confidence first pass,Approved indicator retained in rulebook but not executed in this first-pass implementation.
37485,S2017ND093030,S7,F,55B,False,NOT_APPLICABLE,,,,,,,,,validated executable rule not included in high-confidence first pass,Approved indicator retained in rulebook but not executed in this first-pass implementation.
37485,S2017ND093030,S8,F,55B,False,NOT_APPLICABLE,,,,,,,,,validated executable rule not included in high-confidence first pass,Approved indicator retained in rulebook but not executed in this first-pass implementation.
37485,S2017ND093030,S9,F,55B,False,NOT_APPLICABLE,,,,,,,,,validated executable rule not included in high-confidence first pass,Approved indicator retained in rulebook but not executed in this first-pass implementation.
37485,S2017ND093030,S11,F,55B,False,NOT_APPLICABLE,,,,,,,,,validated executable rule not included in high-confidence first pass,Approved indicator retained in rulebook but not executed in this first-pass implementation.
37485,S2017ND093030,S12,F,55B,False,NOT_APPLICABLE,,,,,,,,,validated executable rule not included in high-confidence first pass,Approved indicator retained in rulebook but not executed in this first-pass implementation.
37485,S2017ND093030,F1,F,55B,True,INSUFFICIENT_INFORMATION,,,,,,,,,validated executable rule not included in high-confidence first pass,Approved indicator retained in rulebook but not executed in this first-pass implementation.
37485,S2017ND093030,F2,F,55B,True,INSUFFICIENT_INFORMATION,,,,,,,,no explicit qualifying gley-page matrix at required depth,identifiable moist matrix color,no explicit qualifying gley-page matrix at required depth; Missing: identifiable moist matrix color
37485,S2017ND093030,F3,F,55B,True,INSUFFICIENT_INFORMATION,,,,,,,,no continuous depleted layer satisfies depth/thickness requirements,explicit wetness-derived depleted matrix; identifiable moist matrix color,"no continuous depleted layer satisfies depth/thickness requirements; Missing: explicit wetness-derived depleted matrix, identifiable moist matrix color"
37485,S2017ND093030,F6,F,55B,True,INSUFFICIENT_INFORMATION,,,,,,,,no continuous 10-cm loamy/clayey layer meets conditional color/redox requirements,identifiable moist matrix color; quantitative redox description,"no continuous 10-cm loamy/clayey layer meets conditional color/redox requirements; Missing: identifiable moist matrix color, quantitative redox description"
37485,S2017ND093030,F7,F,55B,True,INSUFFICIENT_INFORMATION,,,,,,,,no continuous 10-cm loamy/clayey layer meets conditional color/redox requirements,identifiable moist matrix color; quantitative redox description,"no continuous 10-cm loamy/clayey layer meets conditional color/redox requirements; Missing: identifiable moist matrix color, quantitative redox description"
37485,S2017ND093030,F8,F,55B,True,INSUFFICIENT_INFORMATION,,,,,,,,,validated executable rule not included in high-confidence first pass,Approved indicator retained in rulebook but not executed in this first-pass implementation.
37485,S2017ND093030,F10,F,55B,False,NOT_APPLICABLE,,,,,,,,,validated executable rule not included in high-confidence first pass,Approved indicator retained in rulebook but not executed in this first-pass implementation.
37485,S2017ND093030,F11,F,55B,False,NOT_APPLICABLE,,,,,,,,,validated executable rule not included in high-confidence first pass,Approved indicator retained in rulebook but not executed in this first-pass implementation.
37485,S2017ND093030,F12,F,55B,False,NOT_APPLICABLE,,,,,,,,,validated executable rule not included in high-confidence first pass,Approved indicator retained in rulebook but not executed in this first-pass implementation.
37485,S2017ND093030,F13,F,55B,False,NOT_APPLICABLE,,,,,,,,,validated executable rule not included in high-confidence first pass,Approved indicator retained in rulebook but not executed in this first-pass implementation.
37485,S2017ND093030,F16,F,55B,False,NOT_APPLICABLE,,,,,,,,,validated executable rule not included in high-confidence first pass,Approved indicator retained in rulebook but not executed in this first-pass implementation.
37485,S2017ND093030,F17,F,55B,False,NOT_APPLICABLE,,,,,,,,,validated executable rule not included in high-confidence first pass,Approved indicator retained in rulebook but not executed in this first-pass implementation.
37485,S2017ND093030,F18,F,55B,False,NOT_APPLICABLE,,,,,,,,,validated executable rule not included in high-confidence first pass,Approved indicator retained in rulebook but not executed in this first-pass implementation.
37485,S2017ND093030,F19,F,55B,False,NOT_APPLICABLE,,,,,,,,,validated executable rule not included in high-confidence first pass,Approved indicator retained in rulebook but not executed in this first-pass implementation.
37485,S2017ND093030,F20,F,55B,False,NOT_APPLICABLE,,,,,,,,,validated executable rule not included in high-confidence first pass,Approved indicator retained in rulebook but not executed in this first-pass implementation.
37485,S2017ND093030,F21,F,55B,False,NOT_APPLICABLE,,,,,,,,,validated executable rule not included in high-confidence first pass,Approved indicator retained in rulebook but not executed in this first-pass implementation.
37485,S2017ND093030,F22,F,55B,False,NOT_APPLICABLE,,,,,,,,,validated executable rule not included in high-confidence first pass,Approved indicator retained in rulebook but not executed in this first-pass implementation.
37486,S2017ND093063,A1,F,53B,True,INDICATOR_NOT_DEMONSTRATED,False,,,,,,,taxonomy is not qualifying Histosol/Histel,,taxonomy is not qualifying Histosol/Histel
37486,S2017ND093063,A2,F,53B,True,INSUFFICIENT_INFORMATION,,,,,,,,,validated executable rule not included in high-confidence first pass,Approved indicator retained in rulebook but not executed in this first-pass implementation.
37486,S2017ND093063,A3,F,53B,True,INSUFFICIENT_INFORMATION,,,,,,,,no observed layer satisfies all depth/thickness/material/color conditions,explicit organic material type; identifiable moist matrix color,"no observed layer satisfies all depth/thickness/material/color conditions; Missing: explicit organic material type, identifiable moist matrix color"
37486,S2017ND093063,A4,F,53B,True,INSUFFICIENT_INFORMATION,,,,,,,,,validated executable rule not included in high-confidence first pass,Approved indicator retained in rulebook but not executed in this first-pass implementation.
37486,S2017ND093063,A5,F,53B,True,INSUFFICIENT_INFORMATION,,,,,,,,,validated executable rule not included in high-confidence first pass,Approved indicator retained in rulebook but not executed in this first-pass implementation.
37486,S2017ND093063,A6,F,53B,False,NOT_APPLICABLE,,,,,,,,,validated executable rule not included in high-confidence first pass,Approved indicator retained in rulebook but not executed in this first-pass implementation.
37486,S2017ND093063,A7,F,53B,False,NOT_APPLICABLE,,,,,,,,,,Indicator A7 is not approved for LRR F/MLRA 53B.
37486,S2017ND093063,A8,F,53B,False,NOT_APPLICABLE,,,,,,,,,,Indicator A8 is not approved for LRR F/MLRA 53B.
37486,S2017ND093063,A9,F,53B,True,INSUFFICIENT_INFORMATION,,,,,,,,no observed layer satisfies all depth/thickness/material/color conditions,explicit organic material type; identifiable moist matrix color,"no observed layer satisfies all depth/thickness/material/color conditions; Missing: explicit organic material type, identifiable moist matrix color"
37486,S2017ND093063,A10,F,53B,False,NOT_APPLICABLE,,,,,,,,,,Indicator A10 is not approved for LRR F/MLRA 53B.
37486,S2017ND093063,A11,F,53B,True,INSUFFICIENT_INFORMATION,,,,,,,,no continuous depleted layer satisfies depth/thickness requirements,explicit wetness-derived depleted matrix; identifiable moist matrix color,"no continuous depleted layer satisfies depth/thickness requirements; Missing: explicit wetness-derived depleted matrix, identifiable moist matrix color"
37486,S2017ND093063,A12,F,53B,True,INSUFFICIENT_INFORMATION,,,,,,,,no continuous depleted layer satisfies depth/thickness requirements,explicit wetness-derived depleted matrix; identifiable moist matrix color,"no continuous depleted layer satisfies depth/thickness requirements; Missing: explicit wetness-derived depleted matrix, identifiable moist matrix color"
37486,S2017ND093063,A13,F,53B,False,NOT_APPLICABLE,,,,,,,,,validated executable rule not included in high-confidence first pass,Approved indicator retained in rulebook but not executed in this first-pass implementation.
37486,S2017ND093063,A14,F,53B,False,NOT_APPLICABLE,,,,,,,,,validated executable rule not included in high-confidence first pass,Approved indicator retained in rulebook but not executed in this first-pass implementation.
37486,S2017ND093063,A15,F,53B,False,NOT_APPLICABLE,,,,,,,,,validated executable rule not included in high-confidence first pass,Approved indicator retained in rulebook but not executed in this first-pass implementation.
37486,S2017ND093063,A16,F,53B,False,NOT_APPLICABLE,,,,,,,,,validated executable rule not included in high-confidence first pass,Approved indicator retained in rulebook but not executed in this first-pass implementation.
37486,S2017ND093063,A17,F,53B,False,NOT_APPLICABLE,,,,,,,,,validated executable rule not included in high-confidence first pass,Approved indicator retained in rulebook but not executed in this first-pass implementation.
37486,S2017ND093063,A18,F,53B,True,INSUFFICIENT_INFORMATION,,,,,,,,,validated executable rule not included in high-confidence first pass,Approved indicator retained in rulebook but not executed in this first-pass implementation.
37486,S2017ND093063,S1,F,53B,True,INSUFFICIENT_INFORMATION,,,,,,,,,validated executable rule not included in high-confidence first pass,Approved indicator retained in rulebook but not executed in this first-pass implementation.
37486,S2017ND093063,S2,F,53B,False,NOT_APPLICABLE,,,,,,,,,validated executable rule not included in high-confidence first pass,Approved indicator retained in rulebook but not executed in this first-pass implementation.
37486,S2017ND093063,S3,F,53B,True,INSUFFICIENT_INFORMATION,,,,,,,,,validated executable rule not included in high-confidence first pass,Approved indicator retained in rulebook but not executed in this first-pass implementation.
37486,S2017ND093063,S4,F,53B,True,INSUFFICIENT_INFORMATION,,,,,,,,no explicit qualifying gley-page matrix at required depth,identifiable moist matrix color,no explicit qualifying gley-page matrix at required depth; Missing: identifiable moist matrix color
37486,S2017ND093063,S5,F,53B,True,INSUFFICIENT_INFORMATION,,,,,,,,no continuous 10-cm sandy layer meets matrix and redox requirements,identifiable moist matrix color,no continuous 10-cm sandy layer meets matrix and redox requirements; Missing: identifiable moist matrix color
37486,S2017ND093063,S6,F,53B,True,INSUFFICIENT_INFORMATION,,,,,,,,,validated executable rule not included in high-confidence first pass,Approved indicator retained in rulebook but not executed in this first-pass implementation.
37486,S2017ND093063,S7,F,53B,False,NOT_APPLICABLE,,,,,,,,,validated executable rule not included in high-confidence first pass,Approved indicator retained in rulebook but not executed in this first-pass implementation.
37486,S2017ND093063,S8,F,53B,False,NOT_APPLICABLE,,,,,,,,,validated executable rule not included in high-confidence first pass,Approved indicator retained in rulebook but not executed in this first-pass implementation.
37486,S2017ND093063,S9,F,53B,False,NOT_APPLICABLE,,,,,,,,,validated executable rule not included in high-confidence first pass,Approved indicator retained in rulebook but not executed in this first-pass implementation.
37486,S2017ND093063,S11,F,53B,False,NOT_APPLICABLE,,,,,,,,,validated executable rule not included in high-confidence first pass,Approved indicator retained in rulebook but not executed in this first-pass implementation.
37486,S2017ND093063,S12,F,53B,False,NOT_APPLICABLE,,,,,,,,,validated executable rule not included in high-confidence first pass,Approved indicator retained in rulebook but not executed in this first-pass implementation.
37486,S2017ND093063,F1,F,53B,True,INSUFFICIENT_INFORMATION,,,,,,,,,validated executable rule not included in high-confidence first pass,Approved indicator retained in rulebook but not executed in this first-pass implementation.
37486,S2017ND093063,F2,F,53B,True,INSUFFICIENT_INFORMATION,,,,,,,,no explicit qualifying gley-page matrix at required depth,identifiable moist matrix color,no explicit qualifying gley-page matrix at required depth; Missing: identifiable moist matrix color
37486,S2017ND093063,F3,F,53B,True,INSUFFICIENT_INFORMATION,,,,,,,,no continuous depleted layer satisfies depth/thickness requirements,explicit wetness-derived depleted matrix; identifiable moist matrix color,"no continuous depleted layer satisfies depth/thickness requirements; Missing: explicit wetness-derived depleted matrix, identifiable moist matrix color"
37486,S2017ND093063,F6,F,53B,True,INSUFFICIENT_INFORMATION,,,,,,,,no continuous 10-cm loamy/clayey layer meets conditional color/redox requirements,identifiable moist matrix color,no continuous 10-cm loamy/clayey layer meets conditional color/redox requirements; Missing: identifiable moist matrix color
37486,S2017ND093063,F7,F,53B,True,INSUFFICIENT_INFORMATION,,,,,,,,no continuous 10-cm loamy/clayey layer meets conditional color/redox requirements,identifiable moist matrix color,no continuous 10-cm loamy/clayey layer meets conditional color/redox requirements; Missing: identifiable moist matrix color
37486,S2017ND093063,F8,F,53B,True,INSUFFICIENT_INFORMATION,,,,,,,,,validated executable rule not included in high-confidence first pass,Approved indicator retained in rulebook but not executed in this first-pass implementation.
37486,S2017ND093063,F10,F,53B,False,NOT_APPLICABLE,,,,,,,,,validated executable rule not included in high-confidence first pass,Approved indicator retained in rulebook but not executed in this first-pass implementation.
37486,S2017ND093063,F11,F,53B,False,NOT_APPLICABLE,,,,,,,,,validated executable rule not included in high-confidence first pass,Approved indicator retained in rulebook but not executed in this first-pass implementation.
37486,S2017ND093063,F12,F,53B,False,NOT_APPLICABLE,,,,,,,,,validated executable rule not included in high-confidence first pass,Approved indicator retained in rulebook but not executed in this first-pass implementation.
37486,S2017ND093063,F13,F,53B,False,NOT_APPLICABLE,,,,,,,,,validated executable rule not included in high-confidence first pass,Approved indicator retained in rulebook but not executed in this first-pass implementation.
37486,S2017ND093063,F16,F,53B,False,NOT_APPLICABLE,,,,,,,,,validated executable rule not included in high-confidence first pass,Approved indicator retained in rulebook but not executed in this first-pass implementation.
37486,S2017ND093063,F17,F,53B,False,NOT_APPLICABLE,,,,,,,,,validated executable rule not included in high-confidence first pass,Approved indicator retained in rulebook but not executed in this first-pass implementation.
37486,S2017ND093063,F18,F,53B,False,NOT_APPLICABLE,,,,,,,,,validated executable rule not included in high-confidence first pass,Approved indicator retained in rulebook but not executed in this first-pass implementation.
37486,S2017ND093063,F19,F,53B,False,NOT_APPLICABLE,,,,,,,,,validated executable rule not included in high-confidence first pass,Approved indicator retained in rulebook but not executed in this first-pass implementation.
37486,S2017ND093063,F20,F,53B,False,NOT_APPLICABLE,,,,,,,,,validated executable rule not included in high-confidence first pass,Approved indicator retained in rulebook but not executed in this first-pass implementation.
37486,S2017ND093063,F21,F,53B,False,NOT_APPLICABLE,,,,,,,,,validated executable rule not included in high-confidence first pass,Approved indicator retained in rulebook but not executed in this first-pass implementation.
37486,S2017ND093063,F22,F,53B,False,NOT_APPLICABLE,,,,,,,,,validated executable rule not included in high-confidence first pass,Approved indicator retained in rulebook but not executed in this first-pass implementation.
24847,S2012ND093001,A1,F,53B,True,INSUFFICIENT_INFORMATION,,,,,,,,,taxonomy,Missing: taxonomy
24847,S2012ND093001,A2,F,53B,True,INSUFFICIENT_INFORMATION,,,,,,,,,validated executable rule not included in high-confidence first pass,Approved indicator retained in rulebook but not executed in this first-pass implementation.
24847,S2012ND093001,A3,F,53B,True,INSUFFICIENT_INFORMATION,,,,,,,,no observed layer satisfies all depth/thickness/material/color conditions,explicit organic material type; identifiable moist matrix color,"no observed layer satisfies all depth/thickness/material/color conditions; Missing: explicit organic material type, identifiable moist matrix color"
24847,S2012ND093001,A4,F,53B,True,INSUFFICIENT_INFORMATION,,,,,,,,,validated executable rule not included in high-confidence first pass,Approved indicator retained in rulebook but not executed in this first-pass implementation.
24847,S2012ND093001,A5,F,53B,True,INSUFFICIENT_INFORMATION,,,,,,,,,validated executable rule not included in high-confidence first pass,Approved indicator retained in rulebook but not executed in this first-pass implementation.
24847,S2012ND093001,A6,F,53B,False,NOT_APPLICABLE,,,,,,,,,validated executable rule not included in high-confidence first pass,Approved indicator retained in rulebook but not executed in this first-pass implementation.
24847,S2012ND093001,A7,F,53B,False,NOT_APPLICABLE,,,,,,,,,,Indicator A7 is not approved for LRR F/MLRA 53B.
24847,S2012ND093001,A8,F,53B,False,NOT_APPLICABLE,,,,,,,,,,Indicator A8 is not approved for LRR F/MLRA 53B.
24847,S2012ND093001,A9,F,53B,True,INSUFFICIENT_INFORMATION,,,,,,,,no observed layer satisfies all depth/thickness/material/color conditions,explicit organic material type; identifiable moist matrix color,"no observed layer satisfies all depth/thickness/material/color conditions; Missing: explicit organic material type, identifiable moist matrix color"
24847,S2012ND093001,A10,F,53B,False,NOT_APPLICABLE,,,,,,,,,,Indicator A10 is not approved for LRR F/MLRA 53B.
24847,S2012ND093001,A11,F,53B,True,INSUFFICIENT_INFORMATION,,,,,,,,no continuous depleted layer satisfies depth/thickness requirements,explicit wetness-derived depleted matrix; identifiable moist matrix color,"no continuous depleted layer satisfies depth/thickness requirements; Missing: explicit wetness-derived depleted matrix, identifiable moist matrix color"
24847,S2012ND093001,A12,F,53B,True,INSUFFICIENT_INFORMATION,,,,,,,,no continuous depleted layer satisfies depth/thickness requirements,explicit wetness-derived depleted matrix; identifiable moist matrix color,"no continuous depleted layer satisfies depth/thickness requirements; Missing: explicit wetness-derived depleted matrix, identifiable moist matrix color"
24847,S2012ND093001,A13,F,53B,False,NOT_APPLICABLE,,,,,,,,,validated executable rule not included in high-confidence first pass,Approved indicator retained in rulebook but not executed in this first-pass implementation.
24847,S2012ND093001,A14,F,53B,False,NOT_APPLICABLE,,,,,,,,,validated executable rule not included in high-confidence first pass,Approved indicator retained in rulebook but not executed in this first-pass implementation.
24847,S2012ND093001,A15,F,53B,False,NOT_APPLICABLE,,,,,,,,,validated executable rule not included in high-confidence first pass,Approved indicator retained in rulebook but not executed in this first-pass implementation.
24847,S2012ND093001,A16,F,53B,False,NOT_APPLICABLE,,,,,,,,,validated executable rule not included in high-confidence first pass,Approved indicator retained in rulebook but not executed in this first-pass implementation.
24847,S2012ND093001,A17,F,53B,False,NOT_APPLICABLE,,,,,,,,,validated executable rule not included in high-confidence first pass,Approved indicator retained in rulebook but not executed in this first-pass implementation.
24847,S2012ND093001,A18,F,53B,True,INSUFFICIENT_INFORMATION,,,,,,,,,validated executable rule not included in high-confidence first pass,Approved indicator retained in rulebook but not executed in this first-pass implementation.
24847,S2012ND093001,S1,F,53B,True,INSUFFICIENT_INFORMATION,,,,,,,,,validated executable rule not included in high-confidence first pass,Approved indicator retained in rulebook but not executed in this first-pass implementation.
24847,S2012ND093001,S2,F,53B,False,NOT_APPLICABLE,,,,,,,,,validated executable rule not included in high-confidence first pass,Approved indicator retained in rulebook but not executed in this first-pass implementation.
24847,S2012ND093001,S3,F,53B,True,INSUFFICIENT_INFORMATION,,,,,,,,,validated executable rule not included in high-confidence first pass,Approved indicator retained in rulebook but not executed in this first-pass implementation.
24847,S2012ND093001,S4,F,53B,True,INSUFFICIENT_INFORMATION,,,,,,,,no explicit qualifying gley-page matrix at required depth,identifiable moist matrix color,no explicit qualifying gley-page matrix at required depth; Missing: identifiable moist matrix color
24847,S2012ND093001,S5,F,53B,True,INSUFFICIENT_INFORMATION,,,,,,,,no continuous 10-cm sandy layer meets matrix and redox requirements,identifiable moist matrix color; redox percentage/type/contrast,"no continuous 10-cm sandy layer meets matrix and redox requirements; Missing: identifiable moist matrix color, redox percentage/type/contrast"
24847,S2012ND093001,S6,F,53B,True,INSUFFICIENT_INFORMATION,,,,,,,,,validated executable rule not included in high-confidence first pass,Approved indicator retained in rulebook but not executed in this first-pass implementation.
24847,S2012ND093001,S7,F,53B,False,NOT_APPLICABLE,,,,,,,,,validated executable rule not included in high-confidence first pass,Approved indicator retained in rulebook but not executed in this first-pass implementation.
24847,S2012ND093001,S8,F,53B,False,NOT_APPLICABLE,,,,,,,,,validated executable rule not included in high-confidence first pass,Approved indicator retained in rulebook but not executed in this first-pass implementation.
24847,S2012ND093001,S9,F,53B,False,NOT_APPLICABLE,,,,,,,,,validated executable rule not included in high-confidence first pass,Approved indicator retained in rulebook but not executed in this first-pass implementation.
24847,S2012ND093001,S11,F,53B,False,NOT_APPLICABLE,,,,,,,,,validated executable rule not included in high-confidence first pass,Approved indicator retained in rulebook but not executed in this first-pass implementation.
24847,S2012ND093001,S12,F,53B,False,NOT_APPLICABLE,,,,,,,,,validated executable rule not included in high-confidence first pass,Approved indicator retained in rulebook but not executed in this first-pass implementation.
24847,S2012ND093001,F1,F,53B,True,INSUFFICIENT_INFORMATION,,,,,,,,,validated executable rule not included in high-confidence first pass,Approved indicator retained in rulebook but not executed in this first-pass implementation.
24847,S2012ND093001,F2,F,53B,True,INSUFFICIENT_INFORMATION,,,,,,,,no explicit qualifying gley-page matrix at required depth,identifiable moist matrix color,no explicit qualifying gley-page matrix at required depth; Missing: identifiable moist matrix color
24847,S2012ND093001,F3,F,53B,True,INSUFFICIENT_INFORMATION,,,,,,,,no continuous depleted layer satisfies depth/thickness requirements,explicit wetness-derived depleted matrix; identifiable moist matrix color,"no continuous depleted layer satisfies depth/thickness requirements; Missing: explicit wetness-derived depleted matrix, identifiable moist matrix color"
24847,S2012ND093001,F6,F,53B,True,INSUFFICIENT_INFORMATION,,,,,,,,no continuous 10-cm loamy/clayey layer meets conditional color/redox requirements,identifiable moist matrix color; quantitative redox description,"no continuous 10-cm loamy/clayey layer meets conditional color/redox requirements; Missing: identifiable moist matrix color, quantitative redox description"
24847,S2012ND093001,F7,F,53B,True,INSUFFICIENT_INFORMATION,,,,,,,,no continuous 10-cm loamy/clayey layer meets conditional color/redox requirements,identifiable moist matrix color; quantitative redox description,"no continuous 10-cm loamy/clayey layer meets conditional color/redox requirements; Missing: identifiable moist matrix color, quantitative redox description"
24847,S2012ND093001,F8,F,53B,True,INSUFFICIENT_INFORMATION,,,,,,,,,validated executable rule not included in high-confidence first pass,Approved indicator retained in rulebook but not executed in this first-pass implementation.
24847,S2012ND093001,F10,F,53B,False,NOT_APPLICABLE,,,,,,,,,validated executable rule not included in high-confidence first pass,Approved indicator retained in rulebook but not executed in this first-pass implementation.
24847,S2012ND093001,F11,F,53B,False,NOT_APPLICABLE,,,,,,,,,validated executable rule not included in high-confidence first pass,Approved indicator retained in rulebook but not executed in this first-pass implementation.
24847,S2012ND093001,F12,F,53B,False,NOT_APPLICABLE,,,,,,,,,validated executable rule not included in high-confidence first pass,Approved indicator retained in rulebook but not executed in this first-pass implementation.
24847,S2012ND093001,F13,F,53B,False,NOT_APPLICABLE,,,,,,,,,validated executable rule not included in high-confidence first pass,Approved indicator retained in rulebook but not executed in this first-pass implementation.
24847,S2012ND093001,F16,F,53B,False,NOT_APPLICABLE,,,,,,,,,validated executable rule not included in high-confidence first pass,Approved indicator retained in rulebook but not executed in this first-pass implementation.
24847,S2012ND093001,F17,F,53B,False,NOT_APPLICABLE,,,,,,,,,validated executable rule not included in high-confidence first pass,Approved indicator retained in rulebook but not executed in this first-pass implementation.
24847,S2012ND093001,F18,F,53B,False,NOT_APPLICABLE,,,,,,,,,validated executable rule not included in high-confidence first pass,Approved indicator retained in rulebook but not executed in this first-pass implementation.
24847,S2012ND093001,F19,F,53B,False,NOT_APPLICABLE,,,,,,,,,validated executable rule not included in high-confidence first pass,Approved indicator retained in rulebook but not executed in this first-pass implementation.
24847,S2012ND093001,F20,F,53B,False,NOT_APPLICABLE,,,,,,,,,validated executable rule not included in high-confidence first pass,Approved indicator retained in rulebook but not executed in this first-pass implementation.
24847,S2012ND093001,F21,F,53B,False,NOT_APPLICABLE,,,,,,,,,validated executable rule not included in high-confidence first pass,Approved indicator retained in rulebook but not executed in this first-pass implementation.
24847,S2012ND093001,F22,F,53B,False,NOT_APPLICABLE,,,,,,,,,validated executable rule not included in high-confidence first pass,Approved indicator retained in rulebook but not executed in this first-pass implementation.
