lay_id,layer_key,proj_id,lims_site_id,lims_pedon_id,lay_rpt_seq_num,lay_type,top_depth_cm,bottom_depth_cm,horizon_designation,horz_desgn_master,texture_description,texture_desc_abbrev,smp_id,smp_type,smp_condition,smp_status,samples_per_layer,user_site_id,horizontal_datum_name,latitude,longitude,coordinate_source,pedon_key,user_pedon_id,observation_date_id,pedon_status,lab_proj_name,project_focus,fiscal_year,project_source,proj_type,proj_status,taxon_name,taxonomic_order,taxonomic_suborder,taxonomic_great_group,country,county,state,mir_master_count,mir_scan_count,mir_passed_scan_count,mir_blank_qc_count,mir_first_scan_date,mir_last_scan_date,layer_thickness_cm,layer_midpoint_cm,surface_or_near_surface,depth_class,al_dithionite_pct,al_oxalate_pct,bulk_density_ovendry_g_cm3,bulk_density_third_bar_g_cm3,carbonate_pct,cec_nh4oac_cmol_kg,clay_pct,estimated_organic_carbon_pct,fe_dithionite_pct,fe_oxalate_pct,ph_cacl2,ph_water,sand_pct,silt_pct,total_carbon_pct,total_nitrogen_pct,total_sulfur_pct,water_retention_15bar_pct,water_retention_third_bar_pct,qc_flag_count,user_pedon_id_crosswalk,join_confidence,join_basis,nasis_horizon_row,nasis_user_pedon_id,nasis_nasis_horizon_sequence,nasis_horizon_designation,nasis_top_depth_cm,nasis_bottom_depth_cm,nasis_thickness_cm,nasis_field_texture,nasis_matrix_color_raw,nasis_matrix_color_name,nasis_matrix_munsell,nasis_matrix_hue,nasis_matrix_value,nasis_matrix_chroma,nasis_color_moisture_status,nasis_dry_munsell,nasis_moist_munsell,nasis_redox_raw,nasis_redox_feature_type,nasis_redox_concentration_rendered,nasis_redox_depletion_rendered,nasis_redox_percentages,nasis_redox_percentage_max,nasis_redox_abundance,nasis_redox_size,nasis_redox_contrast,nasis_redox_location,nasis_reduced_matrix_rendered,nasis_gley_rendered,nasis_wetness_morphology_raw,nasis_organic_horizon_or_material_rendered,nasis_raw_horizon_description,lab_fe_dith__analyte_66,lab_fe_mjelm__analyte_671,lab_fe_ox__analyte_60,lab_fe_pyp__analyte_73,lab_mn_dith__analyte_67,lab_mn_kcl__analyte_70,lab_mn_mjelm__analyte_673,lab_mn_ox__analyte_61,lab_mn_pyp__analyte_74,lab_mn_trelm__analyte_685,nasis_drainage_class,nasis_flooding,nasis_ponding,nasis_taxonomy,nasis_current_correlated_soil_name,nasis_certified_lab_pedon_description,nasis_record_origin
89519,12N05021,4498,20689,24847,1,horizon,0.0,6.0,AO,,Loam,L,187674,bulk,normal,submitted,1,S2012ND093001,,47.158989,-99.239021,standardized,12N8337,S2012ND093001,,not started,I2012USND099,NEON ND Woodworth,2012,NEON,investigation,completed,Manning,mollisols,ustolls,haplustolls,United States,Stutsman,North Dakota,4,4,4.0,0.0,2013-06-05 09:36:50,2013-06-05 09:39:16,6.0,3.0,True,0-10,,,,,,27.8883074,,5.63,,,,,,,5.62854456,0.46648788,0.09411598,,,0,S2012ND093001,HIGH,Top/bottom depths agree; designation differs,23.0,S2012ND093001,1.0,A,0.0,6.0,6.0,loam,"black (10YR 2/1), very dark gray (10YR 3/1), dry",very dark gray,10YR 3/1,10YR,3.0,1.0,,,,,,,,,,,,,,,,,,"A—0 to 6 centimeters (0.0 to 2.4 inches); black (10YR 2/1), very dark gray (10YR 3/1), dry; loam; 24 percent clay; weak fine granular structure; soft, very friable, slightly sticky, slightly plastic; many very fine roots throughout and few fine roots throughout; few very fine dendritic tubular pores; 3 percent by volume nonflat 2-?-5 millimeter mixed fragments; noneffervescent, by hcl, 1n; abrupt smooth boundary. Lab sample # 12N05021; dry when described; observed in pit, large or quarry",,20536.249181,,,,,1288.331089,,,,somewhat excessively,none flooding,none ponding,,Manning-Like,no,Pedon PC 5.0
89520,12N05022,4498,20689,24847,2,horizon,6.0,16.0,Ap,A,Loam,L,187675,bulk,normal,submitted,1,S2012ND093001,,47.158989,-99.239021,standardized,12N8337,S2012ND093001,,not started,I2012USND099,NEON ND Woodworth,2012,NEON,investigation,completed,Manning,mollisols,ustolls,haplustolls,United States,Stutsman,North Dakota,4,4,4.0,0.0,2013-06-05 09:40:03,2013-06-05 09:42:27,10.0,11.0,True,10-30,,,,,1.043887,19.1485353,,2.4352,,,,,,,2.5579286,0.22079177,0.02340189,,,0,S2012ND093001,EXACT,Designation and top/bottom depths agree,24.0,S2012ND093001,2.0,Ap,6.0,16.0,10.0,loam,"black (10YR 2/1), very dark grayish brown (10YR 3/2), dry",very dark grayish brown,10YR 3/2,10YR,3.0,2.0,,,,,,,,,,,,,,,,,,"Ap—6 to 16 centimeters (2.4 to 6.3 inches); black (10YR 2/1), very dark grayish brown (10YR 3/2), dry; loam; 24 percent clay; weak medium prismatic parts to moderate medium subangular blocky structure; slightly hard, friable, slightly sticky, slightly plastic; common very fine roots throughout and common fine roots throughout; many very fine dendritic tubular pores; 6 percent by volume nonflat 2-?-5 millimeter mixed fragments; noneffervescent, by hcl, 1n; abrupt smooth boundary. Lab sample # 12N05022; dry when described; observed in pit, large or quarry",,21886.461214,,,,,1660.646111,,,,somewhat excessively,none flooding,none ponding,,Manning-Like,no,Pedon PC 5.0
89521,12N05023,4498,20689,24847,3,horizon,16.0,32.0,2Bw,B,Very gravelly Sandy loam,GRV-SL,187676,bulk,normal,submitted,1,S2012ND093001,,47.158989,-99.239021,standardized,12N8337,S2012ND093001,,not started,I2012USND099,NEON ND Woodworth,2012,NEON,investigation,completed,Manning,mollisols,ustolls,haplustolls,United States,Stutsman,North Dakota,4,4,4.0,0.0,2013-06-05 09:43:14,2013-06-05 09:45:39,16.0,24.0,False,10-30,,,,,12.552281,11.9150628,,1.574,,,,,,,3.08170046,0.16491043,0.01719925,,,0,S2012ND093001,EXACT,Designation and top/bottom depths agree,25.0,S2012ND093001,3.0,2Bw,16.0,32.0,16.0,very gravelly sandy loam,"very dark brown (10YR 2/2), dark brown (10YR 3/3), dry",dark brown,10YR 3/3,10YR,3.0,3.0,,,,,,,,,,,,,,,,,,"2Bw—16 to 32 centimeters (6.3 to 12.6 inches); very dark brown (10YR 2/2), dark brown (10YR 3/3), dry; very gravelly sandy loam; 11 percent clay; loose, loose, nonsticky, nonplastic; common very fine roots throughout; 10 percent distinct irregular carbonate concretions with clear boundaries on bottom of rock fragments; 50 percent by volume nonflat 2-?-75 millimeter mixed fragments; noneffervescent, by hcl, 1n; clear wavy boundary. Lab sample # 12N05023; dry when described; observed in pit, large or quarry",,26189.506573,,,,,2063.86518,,,,somewhat excessively,none flooding,none ponding,,Manning-Like,no,Pedon PC 5.0
89522,12N05024,4498,20689,24847,4,horizon,32.0,58.0,2Bk1,B,Very gravelly Loamy sand,GRV-LS,187677,bulk,normal,submitted,1,S2012ND093001,,47.158989,-99.239021,standardized,12N8337,S2012ND093001,,not started,I2012USND099,NEON ND Woodworth,2012,NEON,investigation,completed,Manning,mollisols,ustolls,haplustolls,United States,Stutsman,North Dakota,4,4,4.0,0.0,2016-12-28 13:10:20,2016-12-28 13:10:20,26.0,45.0,False,30-60,,,,,22.596277,5.5880139,,0.538,,,,,,,3.25260301,0.08858838,0.0070468,,,0,S2012ND093001,EXACT,Designation and top/bottom depths agree,26.0,S2012ND093001,4.0,2Bk1,32.0,58.0,26.0,very gravelly loamy sand,"dark brown (10YR 3/3), brown (10YR 4/3), dry",brown,10YR 4/3,10YR,4.0,3.0,,,,,,,,,,,,,,,,,,"2Bk1—32 to 58 centimeters (12.6 to 22.8 inches); dark brown (10YR 3/3), brown (10YR 4/3), dry; very gravelly loamy sand; 3 percent clay; loose, loose, nonsticky, nonplastic; few very fine roots throughout; 5 percent distinct irregular carbonate concretions on bottom of rock fragments; 55 percent by volume nonflat 2-?-75 millimeter mixed fragments; strong effervescence, by hcl, 1n; clear wavy boundary. Lab sample # 12N05024; dry when described; observed in pit, large or quarry",,23464.987819,,,,,1499.198316,,,,somewhat excessively,none flooding,none ponding,,Manning-Like,no,Pedon PC 5.0
89523,12N05025,4498,20689,24847,5,horizon,58.0,92.0,2Bk2,B,Very gravelly Loamy sand,GRV-LS,187678,bulk,normal,submitted,1,S2012ND093001,,47.158989,-99.239021,standardized,12N8337,S2012ND093001,,not started,I2012USND099,NEON ND Woodworth,2012,NEON,investigation,completed,Manning,mollisols,ustolls,haplustolls,United States,Stutsman,North Dakota,4,4,4.0,0.0,2013-06-05 09:49:38,2013-06-05 09:52:03,34.0,75.0,False,60-100,,,,,27.557117,3.653777,,0.0028,,,,,,,3.31025062,0.02512333,0.0,,,0,S2012ND093001,EXACT,Designation and top/bottom depths agree,27.0,S2012ND093001,5.0,2Bk2,58.0,92.0,34.0,very gravelly loamy sand,"olive brown (2.5Y 4/3), light yellowish brown (2.5Y 6/3), dry",light yellowish brown,2.5Y 6/3,2.5Y,6.0,3.0,,,,,,,,,,,,,,,,,,"2Bk2—58 to 92 centimeters (22.8 to 36.2 inches); olive brown (2.5Y 4/3), light yellowish brown (2.5Y 6/3), dry; very gravelly loamy sand; 3 percent clay; loose, loose, nonsticky, nonplastic; few very fine roots throughout; 5 percent distinct irregular carbonate concretions on bottom of rock fragments; 60 percent by volume nonflat 2-?-10 millimeter mixed fragments; violent effervescence, by hcl, 1n; clear wavy boundary. Lab sample # 12N05025; dry when described; observed in pit, large or quarry",,20784.931974,,,,,1780.521903,,,,somewhat excessively,none flooding,none ponding,,Manning-Like,no,Pedon PC 5.0
89524,12N05026,4498,20689,24847,6,horizon,92.0,133.0,2BCk,BC,Very gravelly Sand,GRV-S,187679,bulk,normal,submitted,1,S2012ND093001,,47.158989,-99.239021,standardized,12N8337,S2012ND093001,,not started,I2012USND099,NEON ND Woodworth,2012,NEON,investigation,completed,Manning,mollisols,ustolls,haplustolls,United States,Stutsman,North Dakota,4,4,4.0,0.0,2013-06-05 09:52:52,2013-06-05 09:55:16,41.0,112.5,False,>100,,,,,24.635169,2.9606583,,-0.0867999,,,,,,,2.8664064,0.00503231,0.00301939,,,0,S2012ND093001,EXACT,Designation and top/bottom depths agree,28.0,S2012ND093001,6.0,2BCk,92.0,133.0,41.0,very gravelly sand,"60 percent dark brown (7.5YR 3/4) and 40 percent brown (10YR 4/3), 60 percent brown (7.5YR 4/4) and 40 percent brown (10YR 5/3), dry",percent brown,10YR 5/3,10YR,5.0,3.0,,,,,,,,,,,,,,,,,,"2BCk—92 to 133 centimeters (36.2 to 52.4 inches); 60 percent dark brown (7.5YR 3/4) and 40 percent brown (10YR 4/3), 60 percent brown (7.5YR 4/4) and 40 percent brown (10YR 5/3), dry; very gravelly sand; loose, loose, nonsticky, nonplastic; few very fine roots throughout; 10 percent distinct irregular carbonate concretions on bottom of rock fragments; 40 percent by volume nonflat 2-?-75 millimeter mixed fragments; slight effervescence, by hcl, 1n; clear wavy boundary. Lab sample # 12N05026; dry when described; observed in pit, large or quarry",,29814.352446,,,,,1680.664249,,,,somewhat excessively,none flooding,none ponding,,Manning-Like,no,Pedon PC 5.0
89525,12N05027,4498,20689,24847,7,horizon,133.0,200.0,2C,C,Very gravelly Sand,GRV-S,187680,bulk,normal,submitted,1,S2012ND093001,,47.158989,-99.239021,standardized,12N8337,S2012ND093001,,not started,I2012USND099,NEON ND Woodworth,2012,NEON,investigation,completed,Manning,mollisols,ustolls,haplustolls,United States,Stutsman,North Dakota,4,4,4.0,0.0,2013-06-05 09:56:04,2013-06-05 09:58:30,67.0,166.5,False,>100,,,,,15.54943,4.0821554,,0.064,,,,,,,1.93087209,0.0,0.00605922,,,0,S2012ND093001,HIGH,Designation and profile sequence agree,29.0,S2012ND093001,7.0,2C,133.0,190.0,57.0,very gravelly sand,"60 percent dark brown (7.5YR 3/4) and 40 percent brown (10YR 4/3), 60 percent brown (7.5YR 4/4) and 40 percent brown (10YR 5/3), dry",percent brown,10YR 5/3,10YR,5.0,3.0,,,,,,,,,,,,,,,,,,"2C—133 to 190 centimeters (52.4 to 74.8 inches); 60 percent dark brown (7.5YR 3/4) and 40 percent brown (10YR 4/3), 60 percent brown (7.5YR 4/4) and 40 percent brown (10YR 5/3), dry; very gravelly sand; loose, loose, nonsticky, nonplastic; 25 percent by volume nonflat 75-?-250 millimeter mixed fragments and 30 percent by volume nonflat 2-?-75 millimeter mixed fragments; very slight effervescence, by hcl, 1n. Lab sample # 12N05027; dry when described; observed in pit, large or quarry",,40865.855502,,,,,1442.153418,,,,somewhat excessively,none flooding,none ponding,,Manning-Like,no,Pedon PC 5.0
172895,16N01585,4878,28773,34938,1,horizon,0.0,20.0,A,A,Loam,L,242076,bulk,normal,submitted,1,S2015ND093009,WGS84,47.144874,-99.233198,standardized,16N0383,S2015ND093009,,not started,C2016USND034,Site_C NEON ND Stutsman Co.,2016,NEON,characterization,completed,Zahl,mollisols,ustolls,calciustolls,United States,Stutsman,North Dakota,4,4,4.0,0.0,2016-04-09 14:49:19,2016-04-09 14:49:20,20.0,10.0,True,10-30,0.0271105,0.09377844,1.65085652,1.39735603,10.110765,21.636701,30.8702488,2.6968,0.7413414,0.10935591,7.51,7.85,38.8,30.3,3.90838456,0.26840464,0.02477581,15.2,23.4069513,0,S2015ND093009,EXACT,Designation and top/bottom depths agree,587.0,S2015ND093009,1.0,A,0.0,20.0,20.0,loam,"very dark grayish brown (10YR 3/2), very dark brown (10YR 2/2), moist",very dark brown,10YR 2/2,10YR,2.0,2.0,moist,10YR 3/2,10YR 2/2,,,,,,,,,,,,,,,"A—0 to 20 centimeters (0.0 to 7.9 inches); very dark grayish brown (10YR 3/2), very dark brown (10YR 2/2), moist; loam; moderate fine granular structure; slightly hard, friable, slightly sticky, slightly plastic; moderate permeability; common fine roots throughout; 1 percent by volume nonflat subangular indurated 75-150-250 millimeter mixed fragments observed by visual inspection method and 3 percent by volume nonflat subangular indurated 2-40-75 millimeter mixed fragments observed by visual inspection method; slight effervescence, by hcl, 1n; clear wavy boundary. Lab sample # 16N01585; moist when described; observed in pit, small",0.7413414,,0.10935591,,0.0332284,,,384.7320782,,,well,,,"Fine-loamy, mixed, active, frigid Typic Calciustolls",Zahl,yes,NASIS
172896,16N01586,4878,28773,34938,2,horizon,20.0,36.0,Bk1,B,Clay loam,CL,242077,bulk,normal,submitted,1,S2015ND093009,WGS84,47.144874,-99.233198,standardized,16N0383,S2015ND093009,,not started,C2016USND034,Site_C NEON ND Stutsman Co.,2016,NEON,characterization,completed,Zahl,mollisols,ustolls,calciustolls,United States,Stutsman,North Dakota,4,4,4.0,0.0,2016-04-09 14:49:20,2016-04-09 14:49:20,16.0,28.0,False,10-30,0.0145722,0.07544461,1.45005956,1.32085678,21.220769,17.1615447,31.0875821,1.2736,0.7419657,0.1011958,7.67,8.11,33.7,35.2,3.81878786,0.1308298,0.01133171,13.6150235,20.8615563,0,S2015ND093009,EXACT,Designation and top/bottom depths agree,588.0,S2015ND093009,2.0,Bk1,20.0,36.0,16.0,clay loam,"dark grayish brown (2.5Y 4/2), dark olive brown (2.5Y 3/3), moist",dark olive brown,2.5Y 3/3,2.5Y,3.0,3.0,moist,2.5Y 4/2,2.5Y 3/3,,,,,,,,,,,,,,,"Bk1—20 to 36 centimeters (7.9 to 14.2 inches); dark grayish brown (2.5Y 4/2), dark olive brown (2.5Y 3/3), moist; clay loam; moderate medium prismatic parts to moderate medium subangular blocky structure; hard, firm, slightly sticky, slightly plastic; moderately slow permeability; common very fine roots throughout and common fine roots throughout; carbonate, finely disseminated; 1 percent by volume nonflat subangular indurated 75-150-250 millimeter mixed fragments observed by visual inspection method and 5 percent by volume nonflat subangular indurated 2-40-75 millimeter mixed fragments observed by visual inspection method; strong effervescence, by hcl, 1n; clear wavy boundary. Lab sample # 16N01586; moist when described; observed in pit, small",0.7419657,,0.1011958,,0.032278,,,277.7298013,,,well,,,"Fine-loamy, mixed, active, frigid Typic Calciustolls",Zahl,yes,NASIS
172897,16N01587,4878,28773,34938,3,horizon,36.0,63.0,Bk2,B,Clay loam,CL,242078,bulk,normal,submitted,1,S2015ND093009,WGS84,47.144874,-99.233198,standardized,16N0383,S2015ND093009,,not started,C2016USND034,Site_C NEON ND Stutsman Co.,2016,NEON,characterization,completed,Zahl,mollisols,ustolls,calciustolls,United States,Stutsman,North Dakota,4,4,4.0,0.0,2016-04-09 14:49:21,2016-04-09 14:49:21,27.0,49.5,False,30-60,0.0,0.03426719,1.5872706,1.44534026,22.000294,14.8545463,31.1417913,0.41,0.7825219,0.13377583,7.88,8.35,31.6,37.3,3.0478766,0.0432469,0.00102969,11.521418,19.9160104,0,S2015ND093009,EXACT,Designation and top/bottom depths agree,589.0,S2015ND093009,3.0,Bk2,36.0,63.0,27.0,clay loam,"light olive brown (2.5Y 5/3), olive brown (2.5Y 4/3), moist",olive brown,2.5Y 4/3,2.5Y,4.0,3.0,moist,2.5Y 5/3,2.5Y 4/3,,,,,,,,,,,,,,,"Bk2—36 to 63 centimeters (14.2 to 24.8 inches); light olive brown (2.5Y 5/3), olive brown (2.5Y 4/3), moist; clay loam; moderate coarse prismatic parts to moderate coarse subangular blocky structure; hard, firm, slightly sticky, slightly plastic; moderately slow permeability; few fine roots throughout; 10 percent faint clay films on all faces of peds; 5 percent fine irregular noncoherent cemented carbonate masses in matrix and 10 percent medium irregular noncoherent cemented carbonate masses in matrix; 2 percent by volume nonflat subangular indurated 75-150-250 millimeter mixed fragments observed by visual inspection method and 5 percent by volume nonflat subangular indurated 2-40-75 millimeter mixed fragments observed by visual inspection method; violent effervescence, by hcl, 1n; gradual wavy boundary. Lab sample # 16N01587; dry when described; observed in pit, small. patchy - phpvsfiid 1142308; patchy - phpvsfiid 1142308",0.7825219,,0.13377583,,0.033058,,,321.0619883,,,well,,,"Fine-loamy, mixed, active, frigid Typic Calciustolls",Zahl,yes,NASIS
172898,16N01588,4878,28773,34938,4,horizon,63.0,100.0,BCk,BC,Loam,L,242079,bulk,normal,submitted,1,S2015ND093009,WGS84,47.144874,-99.233198,standardized,16N0383,S2015ND093009,,not started,C2016USND034,Site_C NEON ND Stutsman Co.,2016,NEON,characterization,completed,Zahl,mollisols,ustolls,calciustolls,United States,Stutsman,North Dakota,8,8,8.0,0.0,2016-04-09 14:49:22,2020-01-27 07:52:05,37.0,81.5,False,60-100,0.0,0.03189762,1.68161914,1.56000832,19.632541,15.006156,31.5411302,0.3544,0.8434784,0.14903158,8.08,8.52,30.2,38.3,2.70799196,0.03193144,0.0,13.3834586,20.3062936,0,S2015ND093009,EXACT,Designation and top/bottom depths agree,590.0,S2015ND093009,4.0,BCk,63.0,100.0,37.0,loam,"light olive brown (2.5Y 5/3), olive brown (2.5Y 4/3), moist",olive brown,2.5Y 4/3,2.5Y,4.0,3.0,moist,2.5Y 5/3,2.5Y 4/3,"2 percent fine prominent irregular strong brown (7.5YR 4/6), moist, masses of oxidized iron in matrix and 5 percent medium distinct irregular light olive brown (2.5Y 5/6), moist, masses of oxidized iron in matrix",concentration,1.0,,2 | 5,5.0,,fine | medium,prominent | distinct,,,,"2 percent fine prominent irregular strong brown (7.5YR 4/6), moist, masses of oxidized iron in matrix and 5 percent medium distinct irregular light olive brown (2.5Y 5/6), moist, masses of oxidized iron in matrix",,"BCk—63 to 100 centimeters (24.8 to 39.4 inches); light olive brown (2.5Y 5/3), olive brown (2.5Y 4/3), moist; loam; weak very coarse subangular blocky structure; hard, firm, slightly sticky, slightly plastic; moderately slow permeability; few very fine roots throughout; 2 percent fine prominent irregular strong brown (7.5YR 4/6), moist, masses of oxidized iron in matrix and 5 percent medium distinct irregular light olive brown (2.5Y 5/6), moist, masses of oxidized iron in matrix; 5 percent medium irregular noncoherent cemented carbonate masses in matrix; 2 percent by volume nonflat subangular indurated 75-150-250 millimeter mixed fragments observed by visual inspection method and 5 percent by volume nonflat subangular indurated 2-40-75 millimeter mixed fragments observed by visual inspection method; strong effervescence, by hcl, 1n. Lab sample # 16N01588; dry when described; observed in pit, small",0.8434784,,0.14903158,,0.0411166,,,420.3725669,,,well,,,"Fine-loamy, mixed, active, frigid Typic Calciustolls",Zahl,yes,NASIS
172899,16N01589,4878,28774,34939,5,horizon,0.0,18.0,A,A,Loam,L,242080,bulk,normal,submitted,1,S2015ND093010,WGS84,47.1465,-99.225673,standardized,16N0384,S2015ND093010,,not started,C2016USND034,Site_C NEON ND Stutsman Co.,2016,NEON,characterization,completed,Wabeck,mollisols,ustolls,haplustolls,United States,Stutsman,North Dakota,4,4,4.0,0.0,2016-04-09 14:49:22,2016-04-09 14:49:23,18.0,9.0,True,0-10,0.0333348,0.09580402,1.33783347,1.14849429,0.447211,26.3971286,21.5750755,4.196,0.742162,0.11523499,7.26,7.65,46.7,31.7,4.24860136,0.40772535,0.04438529,16.4461248,29.2477506,0,S2015ND093010,EXACT,Designation and top/bottom depths agree,591.0,S2015ND093010,1.0,A,0.0,18.0,18.0,loam,"very dark grayish brown (10YR 3/2), very dark brown (10YR 2/2), moist",very dark brown,10YR 2/2,10YR,2.0,2.0,moist,10YR 3/2,10YR 2/2,,,,,,,,,,,,,,,"A—0 to 18 centimeters (0.0 to 7.1 inches); very dark grayish brown (10YR 3/2), very dark brown (10YR 2/2), moist; loam; moderate fine granular, and moderate medium granular structure; slightly hard, friable, slightly sticky, slightly plastic; moderate permeability; many very fine roots throughout; 5 percent by volume nonflat subangular indurated 2-40-75 millimeter mixed fragments observed by visual inspection method; noneffervescent, by hcl, 1n; clear smooth boundary. Lab sample # 16N01589; moderately dry when described; observed in pit, small",0.742162,,0.11523499,,0.0670975,,,2528.1039196,,,excessively,,,"Loamy-skeletal, mixed, frigid Entic Haplustolls",Wabek,yes,NASIS
172900,16N01590,4878,28774,34939,6,horizon,18.0,30.0,Bw,B,Loam,L,242081,bulk,normal,submitted,1,S2015ND093010,WGS84,47.1465,-99.225673,standardized,16N0384,S2015ND093010,,not started,C2016USND034,Site_C NEON ND Stutsman Co.,2016,NEON,characterization,completed,Wabeck,mollisols,ustolls,haplustolls,United States,Stutsman,North Dakota,4,4,4.0,0.0,2016-04-09 14:49:23,2016-04-09 14:49:24,12.0,24.0,False,10-30,0.0535572,0.12696961,1.42687669,1.32335507,1.826495,18.5088484,18.5218564,2.2004,0.8881614,0.11179187,7.5,7.93,51.1,30.4,2.42201813,0.2137377,0.02568963,9.5238095,17.2031476,0,S2015ND093010,EXACT,Designation and top/bottom depths agree,592.0,S2015ND093010,2.0,Bw,18.0,30.0,12.0,loam,"dark grayish brown (10YR 4/2), very dark grayish brown (10YR 3/2), moist",very dark grayish brown,10YR 3/2,10YR,3.0,2.0,moist,10YR 4/2,10YR 3/2,,,,,,,,,,,,,,,"Bw—18 to 30 centimeters (7.1 to 11.8 inches); dark grayish brown (10YR 4/2), very dark grayish brown (10YR 3/2), moist; loam; moderate medium prismatic parts to moderate medium subangular blocky structure; slightly hard, friable, slightly sticky, slightly plastic; moderate permeability; few very fine roots throughout; 10 percent by volume nonflat subangular indurated 2-40-75 millimeter mixed fragments observed by visual inspection method; noneffervescent, by hcl, 1n; clear wavy boundary. Lab sample # 16N01590; moderately dry when described; observed in pit, small",0.8881614,,0.11179187,,0.0652016,,,533.8375996,,,excessively,,,"Loamy-skeletal, mixed, frigid Entic Haplustolls",Wabek,yes,NASIS
172901,16N01591,4878,28774,34939,7,horizon,30.0,100.0,BCk,BC,Very gravelly Loamy coarse sand,GRV-LCOS,242082,bulk,normal,submitted,1,S2015ND093010,WGS84,47.1465,-99.225673,standardized,16N0384,S2015ND093010,,not started,C2016USND034,Site_C NEON ND Stutsman Co.,2016,NEON,characterization,completed,Wabeck,mollisols,ustolls,haplustolls,United States,Stutsman,North Dakota,4,4,4.0,0.0,2016-04-09 14:49:24,2016-04-09 14:49:25,70.0,65.0,False,60-100,0.0160087,0.09221139,,,18.060673,10.5185912,14.6782259,0.9628,0.8560077,0.15742396,7.76,8.26,47.8,37.5,3.1293479,0.11012368,0.00917697,7.2445019,,0,S2015ND093010,EXACT,Designation and top/bottom depths agree,593.0,S2015ND093010,3.0,BCk,30.0,100.0,70.0,very gravelly loamy coarse sand,"light yellowish brown (2.5Y 6/4), light olive brown (2.5Y 5/4), moist",light olive brown,2.5Y 5/4,2.5Y,5.0,4.0,moist,2.5Y 6/4,2.5Y 5/4,,,,,,,,,,,,,,,"BCk—30 to 100 centimeters (11.8 to 39.4 inches); light yellowish brown (2.5Y 6/4), light olive brown (2.5Y 5/4), moist; very gravelly loamy coarse sand; weak very coarse subangular blocky parts to single grain; loose, loose, nonsticky, nonplastic; very rapid permeability; few very fine roots throughout; 25 percent carbonate coats on bottom of rock fragments; carbonate, finely disseminated throughout; 50 percent by volume nonflat subangular indurated 2-40-75 millimeter mixed fragments observed by visual inspection method; strong effervescence, by hcl, 1n. Lab sample # 16N01591; dry when described; observed in pit, small. Thin layer with prismatic structure at top of horizon.",0.8560077,,0.15742396,,0.0612818,,,985.4573547,,,excessively,,,"Loamy-skeletal, mixed, frigid Entic Haplustolls",Wabek,yes,NASIS
172902,16N01592,4878,28775,34940,8,horizon,0.0,25.0,A,A,Silty clay loam,SICL,242083,bulk,normal,submitted,1,S2015ND093013,WGS84,47.137,-99.229,standardized,16N0385,S2015ND093013,,not started,C2016USND034,Site_C NEON ND Stutsman Co.,2016,NEON,characterization,completed,Wyard,mollisols,aquolls,endoaquolls,United States,Stutsman,North Dakota,4,4,4.0,0.0,2016-04-09 14:49:25,2016-04-09 14:49:26,25.0,12.5,True,10-30,0.0617607,0.11116118,1.40075214,1.03865474,0.207917,34.1011445,37.7951999,3.9148,0.7711862,0.20239221,7.32,7.5,32.1,30.1,3.94468365,0.38436447,0.05624846,21.7987805,39.9475362,0,S2015ND093013,EXACT,Designation and top/bottom depths agree,594.0,S2015ND093013,1.0,A,0.0,25.0,25.0,silty clay loam,"greenish black (10Y 2/1), very dark gray (10YR 3/1), dry",very dark gray,10YR 3/1,10YR,3.0,1.0,,,,,,,,,,,,,,,,,,"A—0 to 25 centimeters (0.0 to 9.8 inches); greenish black (10Y 2/1), very dark gray (10YR 3/1), dry; silty clay loam; weak medium subangular blocky parts to moderate fine granular, and moderate medium granular structure; slightly hard, friable, moderately sticky, moderately plastic; moderately slow permeability; many very fine roots throughout and common medium roots throughout and common fine roots throughout; 2 percent by volume nonflat subangular indurated 2-40-75 millimeter mixed fragments observed by visual inspection method; noneffervescent, by hcl, 1n; clear wavy boundary. Lab sample # 16N01592; moist when described; observed in pit, small",0.7711862,,0.20239221,,0.0835077,,,1096.6908102,,,somewhat poorly,,,"Fine, smectitic, frigid Typic Calciaquolls",Typic Caciaquoll,yes,NASIS
172903,16N01593,4878,28775,34940,9,horizon,25.0,34.0,Bw,B,Clay loam,CL,242084,bulk,normal,submitted,1,S2015ND093013,WGS84,47.137,-99.229,standardized,16N0385,S2015ND093013,,not started,C2016USND034,Site_C NEON ND Stutsman Co.,2016,NEON,characterization,completed,Wyard,mollisols,aquolls,endoaquolls,United States,Stutsman,North Dakota,4,4,4.0,0.0,2016-04-09 14:49:26,2016-04-09 14:49:27,9.0,29.5,False,10-30,0.0560604,0.09809856,1.56443935,1.40806733,1.926298,27.2321383,39.565849,1.8684,0.8599871,0.22216119,7.51,7.68,32.3,28.1,2.09945176,0.18484757,0.05259044,19.0921228,20.433512,0,S2015ND093013,EXACT,Designation and top/bottom depths agree,595.0,S2015ND093013,2.0,Bw,25.0,34.0,9.0,clay loam,"very dark grayish brown (2.5Y 3/2), olive brown (2.5Y 4/3), dry",olive brown,2.5Y 4/3,2.5Y,4.0,3.0,,,,,,,,,,,,,,,,,,"Bw—25 to 34 centimeters (9.8 to 13.4 inches); very dark grayish brown (2.5Y 3/2), olive brown (2.5Y 4/3), dry; clay loam; moderate medium subangular blocky structure; slightly hard, firm, moderately sticky, moderately plastic; moderately slow permeability; common very fine roots throughout and common fine roots throughout; 2 percent by volume nonflat subangular indurated 2-40-75 millimeter mixed fragments observed by visual inspection method; noneffervescent, by hcl, 1n; clear smooth boundary. Lab sample # 16N01593; moist when described; observed in pit, small",0.8599871,,0.22216119,,0.1097856,,,891.9038614,,,somewhat poorly,,,"Fine, smectitic, frigid Typic Calciaquolls",Typic Caciaquoll,yes,NASIS
172904,16N01594,4878,28775,34940,10,horizon,34.0,60.0,Bk,B,Clay loam,CL,242085,bulk,normal,submitted,1,S2015ND093013,WGS84,47.137,-99.229,standardized,16N0385,S2015ND093013,,not started,C2016USND034,Site_C NEON ND Stutsman Co.,2016,NEON,characterization,completed,Wyard,mollisols,aquolls,endoaquolls,United States,Stutsman,North Dakota,4,4,4.0,0.0,2016-04-09 14:49:27,2016-04-09 14:49:28,26.0,47.0,False,30-60,0.0,0.05491539,1.63889176,1.41166653,18.448844,20.3605825,37.9663928,0.666,0.7198988,0.17870771,7.82,8.06,28.8,33.2,2.88251059,0.08606057,0.03006936,16.3003663,21.5358413,0,S2015ND093013,EXACT,Designation and top/bottom depths agree,596.0,S2015ND093013,3.0,Bk,34.0,60.0,26.0,clay loam,"dark grayish brown (2.5Y 4/2), grayish brown (2.5Y 5/2), dry",grayish brown,2.5Y 5/2,2.5Y,5.0,2.0,,,,"3 percent medium faint gray (2.5Y 5/1), moist, iron depletions in matrix and 5 percent medium prominent dark yellowish brown (10YR 4/6), moist, masses of reduced iron in matrix",depletion | reduced matrix,,1.0,3,3.0,,medium,faint | prominent,,1.0,,"3 percent medium faint gray (2.5Y 5/1), moist, iron depletions in matrix and 5 percent medium prominent dark yellowish brown (10YR 4/6), moist, masses of reduced iron in matrix",,"Bk—34 to 60 centimeters (13.4 to 23.6 inches); dark grayish brown (2.5Y 4/2), grayish brown (2.5Y 5/2), dry; clay loam; moderate medium prismatic parts to moderate medium subangular blocky structure; slightly hard, firm, moderately sticky, moderately plastic; moderately slow permeability; common very fine roots throughout; 3 percent medium faint gray (2.5Y 5/1), moist, iron depletions in matrix and 5 percent medium prominent dark yellowish brown (10YR 4/6), moist, masses of reduced iron in matrix; 2 percent fine irregular noncoherent cemented white (2.5Y 8/1), moist, carbonate masses in matrix; 5 percent by volume nonflat subangular indurated 2-40-75 millimeter mixed fragments observed by visual inspection method; violent effervescence, by hcl, 1n; gradual wavy boundary. Lab sample # 16N01594; moist when described; observed in pit, small",0.7198988,,0.17870771,,0.0742417,,,619.4786945,,,somewhat poorly,,,"Fine, smectitic, frigid Typic Calciaquolls",Typic Caciaquoll,yes,NASIS
172905,16N01595,4878,28775,34940,11,horizon,60.0,100.0,BCk,BC,Clay loam,CL,242086,bulk,normal,submitted,1,S2015ND093013,WGS84,47.137,-99.229,standardized,16N0385,S2015ND093013,,not started,C2016USND034,Site_C NEON ND Stutsman Co.,2016,NEON,characterization,completed,Wyard,mollisols,aquolls,endoaquolls,United States,Stutsman,North Dakota,4,4,4.0,0.0,2016-04-09 14:49:29,2016-04-09 14:49:30,40.0,80.0,False,60-100,0.0053893,0.06338772,,,16.270522,28.4519484,59.4706968,0.4276,1.2650031,0.21250293,7.87,8.06,11.2,29.3,2.38078285,0.04944622,0.01578071,20.5,,0,S2015ND093013,EXACT,Designation and top/bottom depths agree,597.0,S2015ND093013,4.0,BCk,60.0,100.0,40.0,clay loam,"grayish brown (2.5Y 5/2), light brownish gray (2.5Y 6/2), dry",light brownish gray,2.5Y 6/2,2.5Y,6.0,2.0,,,,"1 percent fine distinct dark yellowish brown (10YR 4/6), moist, iron-manganese masses in matrix and 2 percent medium faint gray (2.5Y 5/1), moist, iron depletions in matrix and 21 percent medium prominent dark yellowish brown (10YR 4/6), moist, masses of reduced iron in matrix",depletion | reduced matrix,,1.0,1 | 2,2.0,,fine | medium,distinct | faint | prominent,,1.0,,"1 percent fine distinct dark yellowish brown (10YR 4/6), moist, iron-manganese masses in matrix and 2 percent medium faint gray (2.5Y 5/1), moist, iron depletions in matrix and 21 percent medium prominent dark yellowish brown (10YR 4/6), moist, masses of reduced iron in matrix",,"BCk—60 to 100 centimeters (23.6 to 39.4 inches); grayish brown (2.5Y 5/2), light brownish gray (2.5Y 6/2), dry; clay loam; weak coarse prismatic parts to weak coarse subangular blocky structure; slightly hard, firm, moderately sticky, moderately plastic; moderately slow permeability; few very fine roots throughout; 1 percent fine distinct dark yellowish brown (10YR 4/6), moist, iron-manganese masses in matrix and 2 percent medium faint gray (2.5Y 5/1), moist, iron depletions in matrix and 21 percent medium prominent dark yellowish brown (10YR 4/6), moist, masses of reduced iron in matrix; 3 percent medium irregular noncoherent cemented carbonate masses in matrix; 5 percent by volume nonflat subangular indurated 2-40-75 millimeter mixed fragments observed by visual inspection method; violent effervescence, by hcl, 1n. Lab sample # 16N01595; moist when described; observed in pit, small",1.2650031,,0.21250293,,0.0537709,,,639.3796091,,,somewhat poorly,,,"Fine, smectitic, frigid Typic Calciaquolls",Typic Caciaquoll,yes,NASIS
172906,16N01596,4878,28776,34941,12,horizon,0.0,26.0,A,A,Silt loam,SIL,242087,bulk,normal,submitted,1,S2015ND093017,WGS84,47.137,-99.234,standardized,16N0386,S2015ND093017,,not started,C2016USND034,Site_C NEON ND Stutsman Co.,2016,NEON,characterization,completed,Schaller,mollisols,ustolls,haplustolls,United States,Stutsman,North Dakota,4,4,4.0,0.0,2016-04-09 14:49:30,2016-04-09 14:49:31,26.0,13.0,True,10-30,0.0282715,0.08253596,0.57515466,0.37554709,,17.5351282,14.5138694,2.37,1.53228,0.16797357,6.7,7.11,69.5,16.0,2.36662919,0.22174375,0.02656838,8.5843373,141.9308591,0,S2015ND093017,EXACT,Designation and top/bottom depths agree,598.0,S2015ND093017,1.0,A,0.0,26.0,26.0,sandy loam,"very dark grayish brown (10YR 3/2), very dark brown (10YR 2/2), moist",very dark brown,10YR 2/2,10YR,2.0,2.0,moist,10YR 3/2,10YR 2/2,,,,,,,,,,,,,,,"A—0 to 26 centimeters (0.0 to 10.2 inches); very dark grayish brown (10YR 3/2), very dark brown (10YR 2/2), moist; sandy loam; weak medium subangular blocky parts to weak fine granular structure; soft, very friable, slightly sticky, slightly plastic; common (3.0) very fine roots throughout and common (3.0) fine roots throughout; 5 percent by volume nonflat subrounded indurated 2-3-5 millimeter mixed fragments observed by visual inspection method; noneffervescent, by hcl, 1n; abrupt wavy boundary. Lab sample # 16N01596; moist when described; observed in pit, small",1.53228,,0.16797357,,0.0904517,,,598.6006436,,,excessively,,,"Sandy, mixed, frigid Entic Haplustolls",Schaller,yes,NASIS
172907,16N01597,4878,28776,34941,13,horizon,26.0,45.0,Bw,B,Loamy coarse sand,LCOS,242088,bulk,normal,submitted,1,S2015ND093017,WGS84,47.137,-99.234,standardized,16N0386,S2015ND093017,,not started,C2016USND034,Site_C NEON ND Stutsman Co.,2016,NEON,characterization,completed,Schaller,mollisols,ustolls,haplustolls,United States,Stutsman,North Dakota,8,8,8.0,0.0,2016-04-09 14:49:31,2020-01-27 07:52:08,19.0,35.5,False,30-60,0.0418661,0.12994297,,,4.70573,15.3049176,13.5215311,1.9148,1.5800756,0.29825204,7.3,7.74,73.9,12.6,2.48129627,0.19118352,0.02760404,7.5621891,,0,S2015ND093017,EXACT,Designation and top/bottom depths agree,599.0,S2015ND093017,2.0,Bw,26.0,45.0,19.0,loamy coarse sand,"yellowish brown (10YR 5/4), dark yellowish brown (10YR 4/4), moist",dark yellowish brown,10YR 4/4,10YR,4.0,4.0,moist,10YR 5/4,10YR 4/4,,,,,,,,,,,,,,,"Bw—26 to 45 centimeters (10.2 to 17.7 inches); yellowish brown (10YR 5/4), dark yellowish brown (10YR 4/4), moist; loamy coarse sand; single grain; loose, loose, nonsticky, nonplastic; moderately few (0.5) very fine roots throughout and moderately few (0.5) fine roots throughout; 2 percent faint carbonate coats on bottom of rock fragments; 8 percent by volume nonflat subrounded indurated 20-40-76 millimeter mixed fragments observed by visual inspection method; very slight effervescence, by hcl, 1n; abrupt wavy boundary. Lab sample # 16N01597; moist when described; observed in pit, small. continuous - phpvsfiid 1142309; continuous - phpvsfiid 1142309",1.5800756,,0.29825204,,0.0618705,,,492.3824444,,,excessively,,,"Sandy, mixed, frigid Entic Haplustolls",Schaller,yes,NASIS
172908,16N01598,4878,28776,34941,14,horizon,45.0,100.0,Bk,B,Gravelly Sandy loam,GR-SL,242089,bulk,normal,submitted,1,S2015ND093017,WGS84,47.137,-99.234,standardized,16N0386,S2015ND093017,,not started,C2016USND034,Site_C NEON ND Stutsman Co.,2016,NEON,characterization,completed,Schaller,mollisols,ustolls,haplustolls,United States,Stutsman,North Dakota,8,8,8.0,0.0,2016-04-09 14:49:32,2020-01-27 07:52:12,55.0,72.5,False,60-100,0.0,0.03751395,,,13.542063,6.3761612,7.586668,0.4352,0.7121047,0.18159687,7.76,8.29,84.3,8.1,2.0644303,0.03536714,0.00303147,3.9702233,,0,S2015ND093017,EXACT,Designation and top/bottom depths agree,600.0,S2015ND093017,3.0,Bk,45.0,100.0,55.0,gravelly sandy loam,"pale brown (10YR 6/3), brown (10YR 5/3), moist",brown,10YR 5/3,10YR,5.0,3.0,moist,10YR 6/3,10YR 5/3,,,,,,,,,,,,,,,"Bk—45 to 100 centimeters (17.7 to 39.4 inches); pale brown (10YR 6/3), brown (10YR 5/3), moist; gravelly sandy loam; single grain; loose, loose, nonsticky, nonplastic; moderately few (0.5) very fine roots throughout and moderately few (0.5) fine roots throughout; carbonate, finely disseminated throughout and 3 percent fine irregular noncoherent cemented light gray (10YR 7/2), dry, and light brownish gray (10YR 6/2), moist, carbonate masses in matrix; 20 percent by volume nonflat subrounded indurated 2-40-76 millimeter mixed fragments observed by visual inspection method; strong effervescence, by hcl, 1n; gradual wavy boundary. Lab sample # 16N01598; dry when described; observed in pit, small",0.7121047,,0.18159687,,0.026934,,,366.7565161,,,excessively,,,"Sandy, mixed, frigid Entic Haplustolls",Schaller,yes,NASIS
172909,16N01599,4878,28776,34941,15,horizon,100.0,178.0,C1,C,Gravelly Sandy loam,GR-SL,242090,bulk,normal,submitted,1,S2015ND093017,WGS84,47.137,-99.234,standardized,16N0386,S2015ND093017,,not started,C2016USND034,Site_C NEON ND Stutsman Co.,2016,NEON,characterization,completed,Schaller,mollisols,ustolls,haplustolls,United States,Stutsman,North Dakota,4,4,4.0,0.0,2016-04-09 14:49:33,2016-04-09 14:49:33,78.0,139.0,False,>100,0.0,0.01445327,,,13.288282,4.0302128,5.5844986,0.0052,0.5917567,0.13050452,7.99,8.65,86.5,7.9,1.60191757,0.0,0.00807011,3.3364226,,0,S2015ND093017,EXACT,Designation and top/bottom depths agree,601.0,S2015ND093017,4.0,C1,100.0,178.0,78.0,gravelly sand,"light yellowish brown (2.5Y 6/3), light olive brown (2.5Y 5/3), moist",light olive brown,2.5Y 5/3,2.5Y,5.0,3.0,moist,2.5Y 6/3,2.5Y 5/3,,,,,,,,,,,,,,,"C1—100 to 178 centimeters (39.4 to 70.1 inches); light yellowish brown (2.5Y 6/3), light olive brown (2.5Y 5/3), moist; gravelly sand; single grain; loose, loose, nonsticky, nonplastic; carbonate, finely disseminated throughout; 20 percent by volume nonflat subrounded indurated 2-40-76 millimeter mixed fragments observed by visual inspection method; slight effervescence, by hcl, 1n; gradual wavy boundary. Lab sample # 16N01599; dry when described; observed in auger, bucket",0.5917567,,0.13050452,,0.042593,,,434.6608124,,,excessively,,,"Sandy, mixed, frigid Entic Haplustolls",Schaller,yes,NASIS
172910,16N01600,4878,28776,34941,16,horizon,178.0,200.0,C2,C,Gravelly Sandy loam,GR-SL,242091,bulk,normal,submitted,1,S2015ND093017,WGS84,47.137,-99.234,standardized,16N0386,S2015ND093017,,not started,C2016USND034,Site_C NEON ND Stutsman Co.,2016,NEON,characterization,completed,Schaller,mollisols,ustolls,haplustolls,United States,Stutsman,North Dakota,4,4,4.0,0.0,2016-04-09 14:49:33,2016-04-09 14:49:34,22.0,189.0,False,>100,0.0,0.01794301,,,15.78552,3.6256172,4.3701247,-0.0147999,0.5128648,0.14001954,7.98,8.59,89.5,6.1,1.88148299,0.0,0.00704675,3.1426269,,0,S2015ND093017,EXACT,Designation and top/bottom depths agree,602.0,S2015ND093017,5.0,C2,178.0,200.0,22.0,gravelly sand,"light yellowish brown (2.5Y 6/3), light olive brown (2.5Y 5/4), moist",light olive brown,2.5Y 5/4,2.5Y,5.0,4.0,moist,2.5Y 6/3,2.5Y 5/4,,,,,,,,,,,,,,,"C2—178 to 200 centimeters (70.1 to 78.7 inches); light yellowish brown (2.5Y 6/3), light olive brown (2.5Y 5/4), moist; gravelly sand; single grain; loose, loose, nonsticky, nonplastic; 1 percent fine distinct irregular extremely weakly coherent cemented very dark gray (2.5Y 3/1), moist, manganese masses in matrix; carbonate, finely disseminated throughout; 20 percent by volume nonflat subrounded indurated 2-40-76 millimeter mixed fragments observed by visual inspection method; slight effervescence, by hcl, 1n. Lab sample # 16N01600; dry when described; observed in auger, bucket",0.5128648,,0.14001954,,0.0878337,,,1310.4803643,,,excessively,,,"Sandy, mixed, frigid Entic Haplustolls",Schaller,yes,NASIS
172911,16N01601,4878,28777,34942,17,horizon,0.0,14.0,A,A,Loam,L,242092,bulk,normal,submitted,1,S2015ND093019,WGS84,47.146553,-99.245216,standardized,16N0387,S2015ND093019,,not started,C2016USND034,Site_C NEON ND Stutsman Co.,2016,NEON,characterization,completed,Williams,mollisols,ustolls,argiustolls,United States,Stutsman,North Dakota,4,4,4.0,0.0,2016-04-09 14:49:34,2016-04-09 14:49:35,14.0,7.0,True,0-10,0.0556918,0.11132772,1.20199628,1.06364644,0.134176,29.5151385,31.7795371,4.2544,0.8155124,0.13144692,6.64,7.05,36.3,31.9,4.26913227,0.40317855,0.05182244,17.7865613,24.4091087,0,S2015ND093019,EXACT,Designation and top/bottom depths agree,603.0,S2015ND093019,1.0,A,0.0,14.0,14.0,loam,"very dark gray (10YR 3/1), black (10YR 2/1), moist",black,10YR 2/1,10YR,2.0,1.0,moist,10YR 3/1,10YR 2/1,,,,,,,,,,,,,,,"A—0 to 14 centimeters (0.0 to 5.5 inches); very dark gray (10YR 3/1), black (10YR 2/1), moist; loam; moderate fine granular, and moderate medium granular structure; hard, friable, slightly sticky, slightly plastic; moderate permeability; many very fine roots throughout and few medium roots throughout and common fine roots throughout; common (1.0) medium tubular pores; 1 percent by volume nonflat subangular indurated 2-5-20 millimeter mixed fragments observed by visual inspection method; noneffervescent, by hcl, 1n; clear smooth boundary. Lab sample # 16N01601; moist when described; observed in pit, small. 1/2cm of undecomposed material (leaves & roots) on surface.",0.8155124,,0.13144692,,0.0537226,,,645.7800573,,,well,,,"Fine-loamy, mixed, active, frigid Typic Haplustolls",Max,yes,NASIS
172912,16N01602,4878,28777,34942,18,horizon,14.0,29.0,Bt,B,Clay loam,CL,242093,bulk,normal,submitted,1,S2015ND093019,WGS84,47.146553,-99.245216,standardized,16N0387,S2015ND093019,,not started,C2016USND034,Site_C NEON ND Stutsman Co.,2016,NEON,characterization,completed,Williams,mollisols,ustolls,argiustolls,United States,Stutsman,North Dakota,4,4,4.0,0.0,2016-04-09 14:49:35,2016-04-09 14:49:36,15.0,21.5,False,10-30,0.0638718,0.11963935,1.58000565,1.45102597,0.35545,30.4466119,34.3675418,2.4368,0.9547019,0.15540229,7.05,7.45,37.5,28.1,2.47942145,0.23465211,0.03218679,15.6545209,18.4594243,0,S2015ND093019,EXACT,Designation and top/bottom depths agree,604.0,S2015ND093019,2.0,Bt,14.0,29.0,15.0,clay loam,"olive brown (2.5Y 4/3), dark olive brown (2.5Y 3/3), moist",dark olive brown,2.5Y 3/3,2.5Y,3.0,3.0,moist,2.5Y 4/3,2.5Y 3/3,,,,,,,,,,,,,,,"Bt—14 to 29 centimeters (5.5 to 11.4 inches); olive brown (2.5Y 4/3), dark olive brown (2.5Y 3/3), moist; clay loam; moderate medium prismatic parts to moderate medium subangular blocky structure; hard, firm, moderately sticky, moderately plastic; moderately slow permeability; many very fine roots throughout and common fine roots throughout; common (3.0) medium tubular pores; 2 percent distinct black (10YR 2/1), moist, organic stains on all faces of peds and 10 percent faint very dark gray (2.5Y 3/1), moist, clay films on vertical faces of peds; 1 percent by volume nonflat subangular indurated 2-20-76 millimeter mixed fragments observed by visual inspection method; noneffervescent, by hcl, 1n; clear wavy boundary. Lab sample # 16N01602; moist when described; observed in pit, small. patchy - phpvsfiid 1142310; patchy - phpvsfiid 1142311; patchy - phpvsfiid 1142310; patchy - phpvsfiid 1142311",0.9547019,,0.15540229,,0.0495261,,,766.8087884,,,well,,,"Fine-loamy, mixed, active, frigid Typic Haplustolls",Max,yes,NASIS
172913,16N01603,4878,28777,34942,19,horizon,29.0,47.0,Btk,B,Clay loam,CL,242094,bulk,normal,submitted,1,S2015ND093019,WGS84,47.146553,-99.245216,standardized,16N0387,S2015ND093019,,not started,C2016USND034,Site_C NEON ND Stutsman Co.,2016,NEON,characterization,completed,Williams,mollisols,ustolls,argiustolls,United States,Stutsman,North Dakota,4,4,4.0,0.0,2016-04-09 14:49:36,2016-04-09 14:49:36,18.0,38.0,False,30-60,0.0088896,0.06238758,1.50758723,1.34752863,22.597397,18.6518745,35.9447732,0.928,0.7924879,0.1385356,7.69,8.15,29.5,34.6,3.63719398,0.12627708,0.01656093,12.4434389,19.235194,0,S2015ND093019,EXACT,Designation and top/bottom depths agree,605.0,S2015ND093019,3.0,Btk,29.0,47.0,18.0,clay loam,"light yellowish brown (2.5Y 6/3), light olive brown (2.5Y 5/3), moist",light olive brown,2.5Y 5/3,2.5Y,5.0,3.0,moist,2.5Y 6/3,2.5Y 5/3,,,,,,,,,,,,,,,"Btk—29 to 47 centimeters (11.4 to 18.5 inches); light yellowish brown (2.5Y 6/3), light olive brown (2.5Y 5/3), moist; clay loam; moderate medium prismatic parts to moderate medium subangular blocky structure; slightly hard, friable, moderately sticky, moderately plastic; moderately slow permeability; common very fine roots between peds; common (3.0) medium tubular pores; 25 percent distinct very dark gray (2.5Y 3/1), moist, clay films on vertical faces of peds; carbonate, finely disseminated throughout and 3 percent fine irregular noncoherent cemented white (2.5Y 8/1), moist, carbonate masses in matrix; 3 percent by volume nonflat subangular indurated 2-40-76 millimeter mixed fragments observed by visual inspection method; violent effervescence, by hcl, 1n; clear irregular boundary. Lab sample # 16N01603; dry when described; observed in pit, small. continuous - phpvsfiid 1142312; continuous - phpvsfiid 1142312",0.7924879,,0.1385356,,0.0349384,,,466.6135642,,,well,,,"Fine-loamy, mixed, active, frigid Typic Haplustolls",Max,yes,NASIS
172914,16N01604,4878,28777,34942,20,horizon,47.0,100.0,Bk,B,Loam,L,242095,bulk,normal,submitted,1,S2015ND093019,WGS84,47.146553,-99.245216,standardized,16N0387,S2015ND093019,,not started,C2016USND034,Site_C NEON ND Stutsman Co.,2016,NEON,characterization,completed,Williams,mollisols,ustolls,argiustolls,United States,Stutsman,North Dakota,4,4,4.0,0.0,2016-04-09 14:49:37,2016-04-09 14:49:38,53.0,73.5,False,60-100,0.0,0.03743547,,,19.006854,17.4450927,35.2309108,0.5588,0.8141912,0.10859381,7.85,8.35,30.0,34.8,2.84106534,0.08687641,0.00620546,12.9251701,,0,S2015ND093019,EXACT,Designation and top/bottom depths agree,606.0,S2015ND093019,4.0,Bk,47.0,100.0,53.0,loam,"light brownish gray (2.5Y 6/2), light olive brown (2.5Y 5/3), moist",light olive brown,2.5Y 5/3,2.5Y,5.0,3.0,moist,2.5Y 6/2,2.5Y 5/3,,,,,,,,,,,,,,,"Bk—47 to 100 centimeters (18.5 to 39.4 inches); light brownish gray (2.5Y 6/2), light olive brown (2.5Y 5/3), moist; loam; weak coarse prismatic parts to moderate medium subangular blocky structure; slightly hard, friable, slightly sticky, slightly plastic; moderately slow permeability; common very fine roots between peds; common (2.0) medium tubular pores; carbonate, finely disseminated throughout and 3 percent fine irregular noncoherent cemented white (2.5Y 8/1), moist, carbonate masses in matrix; 1 percent by volume nonflat subangular indurated 250-350-600 millimeter mixed fragments observed by visual inspection method and 3 percent by volume nonflat subangular indurated 2-40-76 millimeter mixed fragments observed by visual inspection method; violent effervescence, by hcl, 1n; clear irregular boundary. Lab sample # 16N01604; dry when described; observed in pit, small",0.8141912,,0.10859381,,0.0387325,,,338.2599056,,,well,,,"Fine-loamy, mixed, active, frigid Typic Haplustolls",Max,yes,NASIS
172915,16N01605,4878,28777,34942,21,horizon,100.0,200.0,BCk,BC,Loam,L,242096,bulk,normal,submitted,1,S2015ND093019,WGS84,47.146553,-99.245216,standardized,16N0387,S2015ND093019,,not started,C2016USND034,Site_C NEON ND Stutsman Co.,2016,NEON,characterization,completed,Williams,mollisols,ustolls,argiustolls,United States,Stutsman,North Dakota,4,4,4.0,0.0,2016-04-09 14:49:38,2016-04-09 14:49:39,100.0,150.0,False,>100,0.0,0.03626359,,,18.008128,16.0980619,32.0931411,0.2588,0.8530654,0.16144897,8.2,8.71,31.5,36.4,2.4159279,0.04538891,0.00412626,14.5015106,,0,S2015ND093019,EXACT,Designation and top/bottom depths agree,607.0,S2015ND093019,5.0,BCk,100.0,200.0,100.0,loam,"light brownish gray (2.5Y 6/2), light olive brown (2.5Y 5/3), moist",light olive brown,2.5Y 5/3,2.5Y,5.0,3.0,moist,2.5Y 6/2,2.5Y 5/3,"2 percent fine prominent noncoherent cemented black (10YR 2/1), moist, manganese masses in matrix and 4 percent medium distinct very dark grayish brown (2.5Y 3/2), moist, iron depletions in matrix and 4 percent fine prominent yellowish red (5YR 5/6), moist, masses of oxidized iron in matrix",concentration | depletion,1.0,1.0,2 | 4,4.0,,fine | medium,prominent | distinct,,,,"2 percent fine prominent noncoherent cemented black (10YR 2/1), moist, manganese masses in matrix and 4 percent medium distinct very dark grayish brown (2.5Y 3/2), moist, iron depletions in matrix and 4 percent fine prominent yellowish red (5YR 5/6), moist, masses of oxidized iron in matrix",,"BCk—100 to 200 centimeters (39.4 to 78.7 inches); light brownish gray (2.5Y 6/2), light olive brown (2.5Y 5/3), moist; loam; weak very coarse subangular blocky structure; slightly hard, friable, slightly sticky, slightly plastic; moderately slow permeability; 2 percent fine prominent noncoherent cemented black (10YR 2/1), moist, manganese masses in matrix and 4 percent medium distinct very dark grayish brown (2.5Y 3/2), moist, iron depletions in matrix and 4 percent fine prominent yellowish red (5YR 5/6), moist, masses of oxidized iron in matrix; carbonate, finely disseminated throughout and 4 percent medium irregular noncoherent cemented white (2.5Y 8/1), moist, carbonate masses in matrix; 3 percent by volume nonflat subangular indurated 2-40-76 millimeter mixed fragments observed by visual inspection method; violent effervescence, by hcl, 1n. Lab sample # 16N01605; dry when described; observed in auger, bucket",0.8530654,,0.16144897,,0.0375692,,,335.4924763,,,well,,,"Fine-loamy, mixed, active, frigid Typic Haplustolls",Max,yes,NASIS
172916,16N01606,4878,28778,34943,22,horizon,0.0,18.0,Oe,O,Mucky peat,MPT,242097,bulk,normal,submitted,1,S2015ND093021,WGS84,47.146,-99.244,standardized,16N0388,S2015ND093021,,not started,C2016USND034,Site_C NEON ND Stutsman Co.,2016,NEON,characterization,completed,Colvin,mollisols,aquolls,calciaquolls,United States,Stutsman,North Dakota,4,4,4.0,0.0,2016-04-09 14:49:39,2016-04-09 14:49:40,18.0,9.0,True,0-10,0.0247796,0.07575066,,,0.320745,69.0652649,34.3380769,26.2316,0.2877274,0.20256538,6.88,6.9,10.9,54.8,26.27495716,2.07760067,1.68270297,84.3220339,,0,S2015ND093021,EXACT,Designation and top/bottom depths agree,608.0,S2015ND093021,1.0,Oe,0.0,18.0,18.0,fragments,black (10YR 2/1) mucky peat,black,10YR 2/1,10YR,2.0,1.0,,,,,,,,,,,,,,,,,1.0,"Oe—0 to 18 centimeters (0.0 to 7.1 inches); black (10YR 2/1) mucky peat; fragments; noneffervescent, by hcl, 1n; abrupt smooth boundary. Lab sample # 16N01606; moist when described; observed in pit, small",0.2877274,,0.20256538,,0.012873,,,133.0145499,,,poorly,,frequent ponding for very long periods,"Fine-silty, mixed, superactive, frigid Typic Calciaquolls",Colvin,yes,NASIS
172917,16N01607,4878,28778,34943,23,horizon,18.0,34.0,A,A,Silty clay loam,SICL,242098,bulk,normal,submitted,1,S2015ND093021,WGS84,47.146,-99.244,standardized,16N0388,S2015ND093021,,not started,C2016USND034,Site_C NEON ND Stutsman Co.,2016,NEON,characterization,completed,Colvin,mollisols,aquolls,calciaquolls,United States,Stutsman,North Dakota,4,4,4.0,0.0,2016-04-09 14:49:40,2016-04-09 14:49:40,16.0,26.0,False,10-30,0.0286082,0.06003322,,,1.568713,24.6034108,33.5050553,2.2416,0.5902488,0.21060478,7.74,7.86,37.7,28.8,2.42577474,0.24901024,0.0923413,16.1412358,,0,S2015ND093021,EXACT,Designation and top/bottom depths agree,609.0,S2015ND093021,2.0,A,18.0,34.0,16.0,silty clay loam,"black (10YR 2/1), black (10YR 2/1), dry",black,10YR 2/1,10YR,2.0,1.0,,,,,,,,,,,,,,,,,,"A—18 to 34 centimeters (7.1 to 13.4 inches); black (10YR 2/1), black (10YR 2/1), dry; silty clay loam; 25 percent clay; weak fine prismatic parts to weak fine subangular blocky structure; friable, moderately sticky, moderately plastic; moderately slow permeability; fragments; very slight effervescence, by hcl, 1n; clear irregular boundary. Lab sample # 16N01607; wet when described; observed in pit, small. Water table is present in and under this horizon.",0.5902488,,0.21060478,,0.0096796,,,109.6447558,,,poorly,,frequent ponding for very long periods,"Fine-silty, mixed, superactive, frigid Typic Calciaquolls",Colvin,yes,NASIS
172918,16N01608,4878,28778,34943,24,horizon,34.0,80.0,Bkg1,B,Silty clay loam,SICL,242099,bulk,normal,submitted,1,S2015ND093021,WGS84,47.146,-99.244,standardized,16N0388,S2015ND093021,,not started,C2016USND034,Site_C NEON ND Stutsman Co.,2016,NEON,characterization,completed,Colvin,mollisols,aquolls,calciaquolls,United States,Stutsman,North Dakota,4,4,4.0,0.0,2016-04-09 14:49:41,2016-04-09 14:49:41,46.0,57.0,False,30-60,0.0113442,0.02883073,,,21.015051,15.8709684,31.0955264,0.2076,0.7507398,0.15120114,7.9,8.04,31.3,37.6,2.73335505,0.02977735,0.03388457,13.9784946,,0,S2015ND093021,EXACT,Designation and top/bottom depths agree,610.0,S2015ND093021,3.0,Bkg1,34.0,80.0,46.0,silty clay loam,"grayish brown (2.5Y 5/2), light brownish gray (2.5Y 6/2), dry",light brownish gray,2.5Y 6/2,2.5Y,6.0,2.0,,,,"light yellowish brown (10YR 6/4), moist, reduced matrix and 2 percent fine faint light brownish gray (2.5Y 6/2), moist, iron depletions in matrix and 5 percent fine prominent yellowish brown (10YR 5/6), moist, masses of oxidized iron in matrix",concentration | depletion | reduced matrix,1.0,1.0,2 | 5,5.0,,fine,faint | prominent,,1.0,,"light yellowish brown (10YR 6/4), moist, reduced matrix and 2 percent fine faint light brownish gray (2.5Y 6/2), moist, iron depletions in matrix and 5 percent fine prominent yellowish brown (10YR 5/6), moist, masses of oxidized iron in matrix",,"Bkg1—34 to 80 centimeters (13.4 to 31.5 inches); grayish brown (2.5Y 5/2), light brownish gray (2.5Y 6/2), dry; silty clay loam; 25 percent clay; moderate coarse prismatic parts to moderate medium subangular blocky structure; moderately sticky, moderately plastic; moderately slow permeability; light yellowish brown (10YR 6/4), moist, reduced matrix and 2 percent fine faint light brownish gray (2.5Y 6/2), moist, iron depletions in matrix and 5 percent fine prominent yellowish brown (10YR 5/6), moist, masses of oxidized iron in matrix; 1 percent fine irregular noncoherent cemented white (2.5Y 8/1), moist, carbonate masses in matrix; fragments; strong effervescence, by hcl, 1n; clear wavy boundary. Lab sample # 16N01608; wet, satiated when described; observed in pit, small",0.7507398,,0.15120114,,0.0467991,,,333.1550632,,,poorly,,frequent ponding for very long periods,"Fine-silty, mixed, superactive, frigid Typic Calciaquolls",Colvin,yes,NASIS
172919,16N01609,4878,28778,34943,25,horizon,80.0,110.0,Bkg2,B,Silty clay loam,SICL,242100,bulk,normal,submitted,1,S2015ND093021,WGS84,47.146,-99.244,standardized,16N0388,S2015ND093021,,not started,C2016USND034,Site_C NEON ND Stutsman Co.,2016,NEON,characterization,completed,Colvin,mollisols,aquolls,calciaquolls,United States,Stutsman,North Dakota,4,4,4.0,0.0,2016-04-09 14:49:42,2016-04-09 14:49:42,30.0,95.0,False,60-100,0.0128512,0.03010617,,,17.908023,15.478746,29.3737419,0.1708,0.8629372,0.14919509,7.84,8.01,32.1,38.5,2.31526639,0.02158996,0.02981471,14.8494289,,0,S2015ND093021,EXACT,Designation and top/bottom depths agree,611.0,S2015ND093021,4.0,Bkg2,80.0,110.0,30.0,silty clay loam,"dark grayish brown (2.5Y 4/2), light yellowish brown (2.5Y 6/3), dry",light yellowish brown,2.5Y 6/3,2.5Y,6.0,3.0,,,,"gray (2.5Y 5/1), moist, reduced matrix and 5 percent fine faint gray (2.5Y 5/1), moist, iron depletions in matrix and 7 percent fine distinct light olive brown (2.5Y 5/4), moist, masses of oxidized iron in matrix",concentration | depletion | reduced matrix,1.0,1.0,5 | 7,7.0,,fine,faint | distinct,,1.0,,"gray (2.5Y 5/1), moist, reduced matrix and 5 percent fine faint gray (2.5Y 5/1), moist, iron depletions in matrix and 7 percent fine distinct light olive brown (2.5Y 5/4), moist, masses of oxidized iron in matrix",,"Bkg2—80 to 110 centimeters (31.5 to 43.3 inches); dark grayish brown (2.5Y 4/2), light yellowish brown (2.5Y 6/3), dry; silty clay loam; 30 percent clay; moderate coarse prismatic parts to moderate medium subangular blocky structure; very sticky, very plastic; moderately slow permeability; gray (2.5Y 5/1), moist, reduced matrix and 5 percent fine faint gray (2.5Y 5/1), moist, iron depletions in matrix and 7 percent fine distinct light olive brown (2.5Y 5/4), moist, masses of oxidized iron in matrix; 5 percent fine irregular noncoherent cemented white (2.5Y 8/1), moist, carbonate masses in matrix; fragments; strong effervescence, by hcl, 1n; gradual wavy boundary. Lab sample # 16N01609; wet, satiated when described; observed in pit, small",0.8629372,,0.14919509,,0.0455415,,,415.1158213,,,poorly,,frequent ponding for very long periods,"Fine-silty, mixed, superactive, frigid Typic Calciaquolls",Colvin,yes,NASIS
172920,16N01610,4878,28778,34943,26,horizon,110.0,200.0,Cg,C,Silty clay loam,SICL,242101,bulk,normal,submitted,1,S2015ND093021,WGS84,47.146,-99.244,standardized,16N0388,S2015ND093021,,not started,C2016USND034,Site_C NEON ND Stutsman Co.,2016,NEON,characterization,completed,Colvin,mollisols,aquolls,calciaquolls,United States,Stutsman,North Dakota,4,4,4.0,0.0,2016-04-09 14:49:42,2016-04-09 14:49:43,90.0,155.0,False,>100,0.0107609,0.02912652,,,26.314832,15.1383947,34.070716,0.1228,0.5879098,0.10445735,7.94,8.12,30.2,35.7,3.28249748,0.03490926,0.04312321,14.1428571,,0,S2015ND093021,EXACT,Designation and top/bottom depths agree,612.0,S2015ND093021,5.0,Cg,110.0,200.0,90.0,silty clay loam,"grayish brown (2.5Y 5/2), light brownish gray (2.5Y 6/2), dry",light brownish gray,2.5Y 6/2,2.5Y,6.0,2.0,,,,"reduced matrix and 5 percent fine faint gray (2.5Y 5/1), moist, iron depletions in matrix and 7 percent fine distinct yellowish brown (10YR 5/4), moist, masses of oxidized iron in matrix",concentration | depletion | reduced matrix,1.0,1.0,5 | 7,7.0,,fine,faint | distinct,,1.0,,"reduced matrix and 5 percent fine faint gray (2.5Y 5/1), moist, iron depletions in matrix and 7 percent fine distinct yellowish brown (10YR 5/4), moist, masses of oxidized iron in matrix",,"Cg—110 to 200 centimeters (43.3 to 78.7 inches); grayish brown (2.5Y 5/2), light brownish gray (2.5Y 6/2), dry; silty clay loam; 30 percent clay; massive; moderately sticky, moderately plastic; moderately slow permeability; reduced matrix and 5 percent fine faint gray (2.5Y 5/1), moist, iron depletions in matrix and 7 percent fine distinct yellowish brown (10YR 5/4), moist, masses of oxidized iron in matrix; 1 percent fine irregular noncoherent cemented white (2.5Y 8/1), moist, carbonate masses in matrix; 3 percent by volume nonflat subrounded indurated 5-10-20 millimeter mixed fragments observed by visual inspection method; strong effervescence, by hcl, 1n. Lab sample # 16N01610; wet, satiated when described; observed in auger, bucket",0.5879098,,0.10445735,,0.0572488,,,335.2693158,,,poorly,,frequent ponding for very long periods,"Fine-silty, mixed, superactive, frigid Typic Calciaquolls",Colvin,yes,NASIS
172921,16N01611,4878,28779,34944,27,horizon,0.0,18.0,Oe,O,Mucky peat,MPT,242102,bulk,normal,submitted,1,S2015ND093022,WGS84,47.146167,-99.263711,standardized,16N0389,S2015ND093022,,not started,C2016USND034,Site_C NEON ND Stutsman Co.,2016,NEON,characterization,completed,Southam,mollisols,aquolls,endoaquolls,United States,Stutsman,North Dakota,4,4,4.0,0.0,2016-04-09 14:49:43,2016-04-09 14:49:44,18.0,9.0,True,0-10,0.0163228,0.0671256,,,13.799133,40.3197174,38.774963,11.124,0.422836,0.28546937,7.6,7.64,17.9,43.3,12.78229652,1.00292678,0.68693615,31.8318318,,0,S2015ND093022,EXACT,Designation and top/bottom depths agree,613.0,S2015ND093022,1.0,Oe,0.0,18.0,18.0,fragments,mucky peat,,,,,,,,,,,,,,,,,,,,,,1.0,"Oe—0 to 18 centimeters (0.0 to 7.1 inches); mucky peat; fragments; slight sulfurous odor; noneffervescent, by hcl, 1n; clear smooth boundary. Lab sample # 16N01611; wet when described; observed in pit, small. Water table is present within 18 cm.",0.422836,,0.28546937,,0.0332468,,,183.4554243,,,very poorly,,frequent ponding for very long periods,"Fine, smectitic, calcareous, frigid Vertic Endoaquolls",Southam,yes,NASIS
172922,16N01612,4878,28779,34944,28,horizon,18.0,54.0,A,A,Mucky Silt loam,MK-SIL,242103,bulk,normal,submitted,1,S2015ND093022,WGS84,47.146167,-99.263711,standardized,16N0389,S2015ND093022,,not started,C2016USND034,Site_C NEON ND Stutsman Co.,2016,NEON,characterization,completed,Southam,mollisols,aquolls,endoaquolls,United States,Stutsman,North Dakota,4,4,4.0,0.0,2019-07-30 07:47:25,2019-07-30 07:47:26,36.0,36.0,False,30-60,0.0128038,0.04898426,,,15.284309,33.6606348,27.8115612,7.6864,0.4164274,0.23809123,7.54,7.67,32.4,39.8,9.52143012,0.77757997,0.41652332,28.2982792,,0,S2015ND093022,EXACT,Designation and top/bottom depths agree,614.0,S2015ND093022,2.0,A,18.0,54.0,36.0,mucky silt loam,"black (10YR 2/1), very dark gray (10YR 3/1), dry",very dark gray,10YR 3/1,10YR,3.0,1.0,,,,,,,,,,,,,,,,,1.0,"A—18 to 54 centimeters (7.1 to 21.3 inches); black (10YR 2/1), very dark gray (10YR 3/1), dry; mucky silt loam; weak coarse subangular blocky parts to weak fine subangular blocky structure; slightly sticky, slightly plastic; moderate permeability; ; 2 percent by volume nonflat subangular indurated 250-350-600 millimeter mixed fragments observed by visual inspection method and 2 percent by volume nonflat subangular indurated 76-150-250 millimeter mixed fragments observed by visual inspection method; moderate sulfurous odor; strong effervescence, by hcl, 1n; clear smooth boundary. Lab sample # 16N01612; wet, satiated when described; observed in pit, small. Between the A and BCg a stone line is present. Comprised of stones and cobbles.; Rock fragments are concentrated in the lower half of the horizon.",0.4164274,,0.23809123,,0.0329042,,,215.573415,,,very poorly,,frequent ponding for very long periods,"Fine, smectitic, calcareous, frigid Vertic Endoaquolls",Southam,yes,NASIS
172923,16N01613,4878,28779,34944,29,horizon,54.0,100.0,BCg,BC,Silty clay,SIC,242104,bulk,normal,submitted,1,S2015ND093022,WGS84,47.146167,-99.263711,standardized,16N0389,S2015ND093022,,not started,C2016USND034,Site_C NEON ND Stutsman Co.,2016,NEON,characterization,completed,Southam,mollisols,aquolls,endoaquolls,United States,Stutsman,North Dakota,8,8,8.0,0.0,2016-04-09 14:49:45,2020-01-27 07:52:15,46.0,77.0,False,60-100,0.0,0.02248072,,,18.287403,14.0365563,27.2561919,0.3352,0.5889122,0.12035666,7.86,8.12,45.1,27.6,2.52550225,0.05952017,0.02873387,13.8856476,,0,S2015ND093022,EXACT,Designation and top/bottom depths agree,615.0,S2015ND093022,3.0,BCg,54.0,100.0,46.0,silty clay,"olive gray (5Y 5/2), gray (2.5Y 6/1), dry",gray,2.5Y 6/1,2.5Y,6.0,1.0,,,,"1 percent fine prominent black (10YR 2/1), moist, iron-manganese concretions in matrix and 5 percent fine distinct light olive brown (2.5Y 5/4), moist, masses of oxidized iron in matrix and 5 percent fine distinct grayish green (5GY 5/2), moist, iron depletions in matrix",concentration | depletion,1.0,1.0,1 | 5,5.0,,fine,prominent | distinct,,,,"1 percent fine prominent black (10YR 2/1), moist, iron-manganese concretions in matrix and 5 percent fine distinct light olive brown (2.5Y 5/4), moist, masses of oxidized iron in matrix and 5 percent fine distinct grayish green (5GY 5/2), moist, iron depletions in matrix",,"BCg—54 to 100 centimeters (21.3 to 39.4 inches); olive gray (5Y 5/2), gray (2.5Y 6/1), dry; silty clay; weak coarse subangular blocky structure; very sticky, very plastic; slow permeability; 1 percent fine prominent black (10YR 2/1), moist, iron-manganese concretions in matrix and 5 percent fine distinct light olive brown (2.5Y 5/4), moist, masses of oxidized iron in matrix and 5 percent fine distinct grayish green (5GY 5/2), moist, iron depletions in matrix; 2 percent by volume nonflat subangular indurated 76-150-250 millimeter mixed fragments observed by visual inspection method; strong sulfurous odor; strong effervescence, by hcl, 1n; gradual wavy boundary. Lab sample # 16N01613; wet, satiated when described; observed in pit, small",0.5889122,,0.12035666,,0.0715655,,,450.6747235,,,very poorly,,frequent ponding for very long periods,"Fine, smectitic, calcareous, frigid Vertic Endoaquolls",Southam,yes,NASIS
172924,16N01614,4878,28779,34944,30,horizon,100.0,200.0,2Cg,C,Clay loam,CL,242105,bulk,normal,submitted,1,S2015ND093022,WGS84,47.146167,-99.263711,standardized,16N0389,S2015ND093022,,not started,C2016USND034,Site_C NEON ND Stutsman Co.,2016,NEON,characterization,completed,Southam,mollisols,aquolls,endoaquolls,United States,Stutsman,North Dakota,4,4,4.0,0.0,2016-04-09 14:49:46,2016-04-09 14:49:47,100.0,150.0,False,>100,0.0,0.0230328,,,22.941219,11.6958912,23.8547972,0.1572,0.7373302,0.13147043,7.84,8.17,45.7,30.4,2.90768142,0.02353984,0.02661025,12.4329159,,0,S2015ND093022,EXACT,Designation and top/bottom depths agree,616.0,S2015ND093022,4.0,2Cg,100.0,200.0,100.0,clay loam,"gray (5Y 5/1), light brownish gray (2.5Y 6/2), dry",light brownish gray,2.5Y 6/2,2.5Y,6.0,2.0,,,,"5 percent fine distinct grayish green (5GY 5/2), moist, iron depletions in matrix and 5 percent fine distinct light olive brown (2.5Y 5/4), moist, masses of oxidized iron in matrix",concentration | depletion,1.0,1.0,5,5.0,,fine,distinct,,,,"5 percent fine distinct grayish green (5GY 5/2), moist, iron depletions in matrix and 5 percent fine distinct light olive brown (2.5Y 5/4), moist, masses of oxidized iron in matrix",,"2Cg—100 to 200 centimeters (39.4 to 78.7 inches); gray (5Y 5/1), light brownish gray (2.5Y 6/2), dry; clay loam; massive; moderately sticky, moderately plastic; moderately slow permeability; 5 percent fine distinct grayish green (5GY 5/2), moist, iron depletions in matrix and 5 percent fine distinct light olive brown (2.5Y 5/4), moist, masses of oxidized iron in matrix; 5 percent by volume nonflat subangular indurated 5-20-76 millimeter mixed fragments observed by visual inspection method; strong sulfurous odor; strong effervescence, by hcl, 1n. Lab sample # 16N01614; wet, satiated when described; observed in pit, small",0.7373302,,0.13147043,,0.1004657,,,1310.6276486,,,very poorly,,frequent ponding for very long periods,"Fine, smectitic, calcareous, frigid Vertic Endoaquolls",Southam,yes,NASIS
172925,16N01615,4878,28780,34945,31,horizon,0.0,2.0,Oi,O,Slightly decomposed plant material,SPM,242106,bulk,normal,submitted,1,S2015ND093026,WGS84,47.151072,-99.253018,standardized,16N0390,S2015ND093026,,not started,C2016USND034,Site_C NEON ND Stutsman Co.,2016,NEON,characterization,completed,Parnell,mollisols,aquolls,argiaquolls,United States,Stutsman,North Dakota,4,4,4.0,0.0,2016-04-09 14:49:47,2016-04-09 14:49:47,2.0,1.0,True,0-10,0.0004673,0.04278399,,,2.232693,74.9966236,35.9160196,33.7024,0.4675123,0.34940255,,,5.9,58.2,33.97156597,2.47308604,2.11305855,120.1680672,,0,S2015ND093026,EXACT,Designation and top/bottom depths agree,617.0,S2015ND093026,1.0,Oi,0.0,2.0,2.0,shell fragments,black (10YR 2/1) slightly decomposed plant material,black,10YR 2/1,10YR,2.0,1.0,,,,,,,,,,,,,,,,,1.0,"Oi—0 to 2 centimeters (0.0 to 0.8 inches); black (10YR 2/1) slightly decomposed plant material; shell fragments; fragments; noneffervescent, by hcl, 1n; abrupt smooth boundary. Lab sample # 16N01615; wet when described; observed in pit, small. Shells present within this horizon.",0.4675123,,0.34940255,,0.0532938,6.5609795,,495.6396169,,,very poorly,,frequent ponding for very long periods,"Fine, smectitic, frigid Vertic Argiaquolls",Parnell,yes,NASIS
172926,16N01616,4878,28780,34945,32,horizon,2.0,18.0,A1,A,Silty clay loam,SICL,242107,bulk,normal,submitted,1,S2015ND093026,WGS84,47.151072,-99.253018,standardized,16N0390,S2015ND093026,,not started,C2016USND034,Site_C NEON ND Stutsman Co.,2016,NEON,characterization,completed,Parnell,mollisols,aquolls,argiaquolls,United States,Stutsman,North Dakota,4,4,4.0,0.0,2016-04-09 14:49:48,2016-04-09 14:49:49,16.0,10.0,True,10-30,0.0448263,0.06756262,,,0.554532,33.388253,37.8033503,3.674,0.5428622,0.14423242,7.76,7.78,29.6,32.6,3.73876024,0.35781104,0.28583156,23.136646,,0,S2015ND093026,EXACT,Designation and top/bottom depths agree,618.0,S2015ND093026,2.0,A1,2.0,18.0,16.0,silty clay loam,"black (10YR 2/1), black (10YR 2/1), dry",black,10YR 2/1,10YR,2.0,1.0,,,,,,,,,,,,,,,,,,"A1—2 to 18 centimeters (0.8 to 7.1 inches); black (10YR 2/1), black (10YR 2/1), dry; silty clay loam; moderate fine granular, and weak fine granular structure; moderately sticky, moderately plastic; moderately slow permeability; shell fragments; fragments; noneffervescent, by hcl, 1n; clear wavy boundary. Lab sample # 16N01616; wet when described; observed in pit, small. Shells present within this horizon.",0.5428622,,0.14423242,,0.0263216,,,246.7412192,,,very poorly,,frequent ponding for very long periods,"Fine, smectitic, frigid Vertic Argiaquolls",Parnell,yes,NASIS
172927,16N01617,4878,28780,34945,33,horizon,18.0,36.0,A2,A,Silty clay loam,SICL,242108,bulk,normal,submitted,1,S2015ND093026,WGS84,47.151072,-99.253018,standardized,16N0390,S2015ND093026,,not started,C2016USND034,Site_C NEON ND Stutsman Co.,2016,NEON,characterization,completed,Parnell,mollisols,aquolls,argiaquolls,United States,Stutsman,North Dakota,4,4,4.0,0.0,2016-04-09 14:50:27,2016-04-09 14:50:27,18.0,27.0,False,10-30,0.0373066,0.05000161,,,0.796872,25.099999,32.9683154,1.784,0.6120728,0.13191002,7.8,7.83,38.3,28.7,1.88010587,0.18127743,0.27346994,18.2238409,,0,S2015ND093026,EXACT,Designation and top/bottom depths agree,619.0,S2015ND093026,3.0,A2,18.0,36.0,18.0,silty clay loam,"very dark gray (2.5Y 3/1), dark gray (2.5Y 4/1), dry",dark gray,2.5Y 4/1,2.5Y,4.0,1.0,,,,,,,,,,,,,,,,,,"A2—18 to 36 centimeters (7.1 to 14.2 inches); very dark gray (2.5Y 3/1), dark gray (2.5Y 4/1), dry; silty clay loam; moderate fine subangular blocky parts to weak fine granular structure; moderately sticky, moderately plastic; moderately slow permeability; fragments; very slight effervescence, by hcl, 1n; clear wavy boundary. Lab sample # 16N01617; wet when described; observed in pit, small",0.6120728,,0.13191002,,0.0275813,,,374.744389,,,very poorly,,frequent ponding for very long periods,"Fine, smectitic, frigid Vertic Argiaquolls",Parnell,yes,NASIS
172928,16N01618,4878,28780,34945,34,horizon,36.0,75.0,Btg1,B,Clay,C,242109,bulk,normal,submitted,1,S2015ND093026,WGS84,47.151072,-99.253018,standardized,16N0390,S2015ND093026,,not started,C2016USND034,Site_C NEON ND Stutsman Co.,2016,NEON,characterization,completed,Parnell,mollisols,aquolls,argiaquolls,United States,Stutsman,North Dakota,4,4,4.0,0.0,2016-04-09 14:50:27,2016-04-09 14:50:27,39.0,55.5,False,30-60,0.0236034,0.03953481,,,0.184909,21.1065508,32.3225344,0.7084,0.6939069,0.13369008,7.74,7.77,43.6,24.1,0.73238808,0.07861793,0.16861477,15.7907815,,0,S2015ND093026,EXACT,Designation and top/bottom depths agree,620.0,S2015ND093026,4.0,Btg1,36.0,75.0,39.0,clay,"very dark gray (2.5Y 3/1), dark gray (2.5Y 4/1), dry",dark gray,2.5Y 4/1,2.5Y,4.0,1.0,,,,"3 percent medium distinct grayish brown (2.5Y 5/2), moist, iron depletions in matrix and 3 percent fine distinct grayish brown (2.5Y 5/2), moist, iron depletions in matrix and 5 percent fine distinct light olive brown (2.5Y 5/4), moist, masses of oxidized iron in matrix",concentration | depletion,1.0,1.0,3 | 5,5.0,,medium | fine,distinct,,,,"3 percent medium distinct grayish brown (2.5Y 5/2), moist, iron depletions in matrix and 3 percent fine distinct grayish brown (2.5Y 5/2), moist, iron depletions in matrix and 5 percent fine distinct light olive brown (2.5Y 5/4), moist, masses of oxidized iron in matrix",,"Btg1—36 to 75 centimeters (14.2 to 29.5 inches); very dark gray (2.5Y 3/1), dark gray (2.5Y 4/1), dry; clay; weak coarse prismatic parts to weak medium subangular blocky structure; very sticky, very plastic; slow permeability; 3 percent medium distinct grayish brown (2.5Y 5/2), moist, iron depletions in matrix and 3 percent fine distinct grayish brown (2.5Y 5/2), moist, iron depletions in matrix and 5 percent fine distinct light olive brown (2.5Y 5/4), moist, masses of oxidized iron in matrix; ; 1 percent by volume nonflat subrounded indurated 2-40-76 millimeter sedimentary, unspecified fragments observed by visual inspection method; noneffervescent, by hcl, 1n; gradual wavy boundary. Lab sample # 16N01618; wet when described; observed in pit, small",0.6939069,,0.13369008,,0.0520986,,,649.2031713,,,very poorly,,frequent ponding for very long periods,"Fine, smectitic, frigid Vertic Argiaquolls",Parnell,yes,NASIS
172929,16N01619,4878,28780,34945,35,horizon,75.0,100.0,Btg2,B,Clay,C,242110,bulk,normal,submitted,1,S2015ND093026,WGS84,47.151072,-99.253018,standardized,16N0390,S2015ND093026,,not started,C2016USND034,Site_C NEON ND Stutsman Co.,2016,NEON,characterization,completed,Parnell,mollisols,aquolls,argiaquolls,United States,Stutsman,North Dakota,4,4,4.0,0.0,2016-04-09 14:50:27,2016-04-09 14:50:28,25.0,87.5,False,60-100,0.0128621,0.03236041,,,11.633654,19.3083844,34.8003587,0.4544,0.9128857,0.1293345,7.9,7.98,34.3,30.9,1.84548813,0.05482672,0.07241265,17.294921,,0,S2015ND093026,EXACT,Designation and top/bottom depths agree,621.0,S2015ND093026,5.0,Btg2,75.0,100.0,25.0,clay,"grayish brown (2.5Y 5/2), light gray (2.5Y 7/2), dry",light gray,2.5Y 7/2,2.5Y,7.0,2.0,,,,"reduced matrix and 4 percent fine distinct olive brown (2.5Y 4/4), moist, masses of oxidized iron in matrix and 4 percent medium distinct light brownish gray (2.5Y 6/2), moist, iron depletions in matrix",concentration | depletion | reduced matrix,1.0,1.0,4,4.0,,fine | medium,distinct,,1.0,,"reduced matrix and 4 percent fine distinct olive brown (2.5Y 4/4), moist, masses of oxidized iron in matrix and 4 percent medium distinct light brownish gray (2.5Y 6/2), moist, iron depletions in matrix",,"Btg2—75 to 100 centimeters (29.5 to 39.4 inches); grayish brown (2.5Y 5/2), light gray (2.5Y 7/2), dry; clay; moderate coarse prismatic parts to weak coarse subangular blocky structure; very sticky, very plastic; slow permeability; reduced matrix and 4 percent fine distinct olive brown (2.5Y 4/4), moist, masses of oxidized iron in matrix and 4 percent medium distinct light brownish gray (2.5Y 6/2), moist, iron depletions in matrix; shell fragments and 3 percent fine irregular noncoherent cemented white (2.5Y 8/1), moist, carbonate masses in matrix; 1 percent by volume nonflat subrounded indurated 2-40-76 millimeter sedimentary, unspecified fragments observed by visual inspection method; strong effervescence, by hcl, 1n; gradual wavy boundary. Lab sample # 16N01619; wet when described; observed in pit, small. Shells present within this horizon.",0.9128857,,0.1293345,,0.0564286,,,334.3195072,,,very poorly,,frequent ponding for very long periods,"Fine, smectitic, frigid Vertic Argiaquolls",Parnell,yes,NASIS
172930,16N01620,4878,28780,34945,36,horizon,100.0,133.0,BCkg,BC,Silty clay loam,SICL,242111,bulk,normal,submitted,1,S2015ND093026,WGS84,47.151072,-99.253018,standardized,16N0390,S2015ND093026,,not started,C2016USND034,Site_C NEON ND Stutsman Co.,2016,NEON,characterization,completed,Parnell,mollisols,aquolls,argiaquolls,United States,Stutsman,North Dakota,4,4,4.0,0.0,2016-04-09 14:50:28,2016-04-09 14:50:28,33.0,116.5,False,>100,0.0032772,0.02735456,,,20.389993,14.4736172,30.7195973,0.4532,0.8737528,0.15440369,7.96,8.11,35.3,34.0,2.89677224,0.04004754,0.04415498,14.7982063,,0,S2015ND093026,EXACT,Designation and top/bottom depths agree,622.0,S2015ND093026,6.0,BCkg,100.0,133.0,33.0,silty clay,"grayish brown (2.5Y 5/2), light brownish gray (2.5Y 6/2), dry",light brownish gray,2.5Y 6/2,2.5Y,6.0,2.0,,,,"reduced matrix and 5 percent medium prominent irregular noncoherent cemented light olive brown (2.5Y 5/6), moist, masses of oxidized iron in matrix and 5 percent medium faint irregular noncoherent cemented gray (5Y 5/1), moist, iron depletions in matrix",concentration | depletion | reduced matrix,1.0,1.0,5,5.0,,medium,prominent | faint,,1.0,,"reduced matrix and 5 percent medium prominent irregular noncoherent cemented light olive brown (2.5Y 5/6), moist, masses of oxidized iron in matrix and 5 percent medium faint irregular noncoherent cemented gray (5Y 5/1), moist, iron depletions in matrix",,"BCkg—100 to 133 centimeters (39.4 to 52.4 inches); grayish brown (2.5Y 5/2), light brownish gray (2.5Y 6/2), dry; silty clay; weak very coarse subangular blocky structure; moderately sticky, moderately plastic; slow permeability; reduced matrix and 5 percent medium prominent irregular noncoherent cemented light olive brown (2.5Y 5/6), moist, masses of oxidized iron in matrix and 5 percent medium faint irregular noncoherent cemented gray (5Y 5/1), moist, iron depletions in matrix; carbonate, finely disseminated throughout and 3 percent fine faint irregular noncoherent cemented white (2.5Y 8/1), moist, carbonate masses in matrix; 3 percent by volume nonflat subrounded indurated 2-40-76 millimeter sedimentary, unspecified fragments observed by visual inspection method; slight effervescence, by hcl, 1n; gradual wavy boundary. Lab sample # 16N01620; wet when described; observed in auger, bucket",0.8737528,,0.15440369,,0.1131833,,,653.9450227,,,very poorly,,frequent ponding for very long periods,"Fine, smectitic, frigid Vertic Argiaquolls",Parnell,yes,NASIS
172931,16N01621,4878,28780,34945,37,horizon,133.0,200.0,2Cg,C,Stratified Silty clay to Clay,SR- SIC C,242112,bulk,normal,submitted,1,S2015ND093026,WGS84,47.151072,-99.253018,standardized,16N0390,S2015ND093026,,not started,C2016USND034,Site_C NEON ND Stutsman Co.,2016,NEON,characterization,completed,Parnell,mollisols,aquolls,argiaquolls,United States,Stutsman,North Dakota,4,4,4.0,0.0,2016-04-09 14:50:28,2016-04-09 14:50:28,67.0,166.5,False,>100,0.0041855,0.02277908,,,13.726669,13.182299,23.9404394,0.3624,1.0784462,0.15040432,7.85,7.98,42.8,33.3,2.01431855,0.02870276,0.04612943,12.5060827,,0,S2015ND093026,EXACT,Designation and top/bottom depths agree,623.0,S2015ND093026,7.0,2Cg,133.0,200.0,67.0,stratified stratified silty clay to clay,"grayish brown (2.5Y 5/2), light brownish gray (2.5Y 6/2), dry",light brownish gray,2.5Y 6/2,2.5Y,6.0,2.0,,,,"reduced matrix and 6 percent fine prominent dark yellowish brown (10YR 4/6), moist, masses of oxidized iron in matrix and 6 percent medium faint gray (2.5Y 5/1), moist, iron depletions in matrix",concentration | depletion | reduced matrix,1.0,1.0,6,6.0,,fine | medium,prominent | faint,,1.0,,"reduced matrix and 6 percent fine prominent dark yellowish brown (10YR 4/6), moist, masses of oxidized iron in matrix and 6 percent medium faint gray (2.5Y 5/1), moist, iron depletions in matrix",,"2Cg—133 to 200 centimeters (52.4 to 78.7 inches); grayish brown (2.5Y 5/2), light brownish gray (2.5Y 6/2), dry; stratified stratified silty clay to clay; massive; very sticky, very plastic; slow permeability; reduced matrix and 6 percent fine prominent dark yellowish brown (10YR 4/6), moist, masses of oxidized iron in matrix and 6 percent medium faint gray (2.5Y 5/1), moist, iron depletions in matrix; 5 percent by volume nonflat subrounded indurated 2-40-76 millimeter sedimentary, unspecified fragments observed by visual inspection method; slight effervescence, by hcl, 1n. Lab sample # 16N01621; wet when described; observed in auger, bucket",1.0784462,,0.15040432,,0.0926637,,,536.7125066,,,very poorly,,frequent ponding for very long periods,"Fine, smectitic, frigid Vertic Argiaquolls",Parnell,yes,NASIS
172932,16N01622,4878,28781,34946,38,horizon,0.0,5.0,Oi,O,Slightly decomposed plant material,SPM,242113,bulk,normal,submitted,1,S2015ND093028,WGS84,47.140568,-99.252037,standardized,16N0391,S2015ND093028,,not started,C2016USND034,Site_C NEON ND Stutsman Co.,2016,NEON,characterization,completed,Parnell,mollisols,aquolls,argiaquolls,United States,Stutsman,North Dakota,4,4,4.0,0.0,2016-04-09 14:50:28,2016-04-09 14:50:29,5.0,2.5,True,0-10,0.0241111,0.055322,,,2.207622,55.2288252,37.8574778,20.4948,0.5435763,0.31049193,7.17,7.18,20.5,41.6,20.75847055,1.36310431,0.68640882,48.5391603,,0,S2015ND093028,EXACT,Designation and top/bottom depths agree,624.0,S2015ND093028,1.0,Oi,0.0,5.0,5.0,fragments,greenish black (10Y 2/1) slightly decomposed plant material,greenish black,10Y 2/1,10Y,2.0,1.0,,,,,,,,,,,,,,,,,1.0,"Oi—0 to 5 centimeters (0.0 to 2.0 inches); greenish black (10Y 2/1) slightly decomposed plant material; fragments; noneffervescent, by hcl, 1n; abrupt wavy boundary. Lab sample # 16N01622; moist when described; observed in pit, small",0.5435763,,0.31049193,,0.0832587,,,940.918297,,,poorly,,frequent ponding for very long periods,"Fine, smectitic, frigid Vertic Argiaquolls",Parnell,yes,NASIS
172933,16N01623,4878,28781,34946,39,horizon,5.0,28.0,A,A,Silty clay loam,SICL,242114,bulk,normal,submitted,1,S2015ND093028,WGS84,47.140568,-99.252037,standardized,16N0391,S2015ND093028,,not started,C2016USND034,Site_C NEON ND Stutsman Co.,2016,NEON,characterization,completed,Parnell,mollisols,aquolls,argiaquolls,United States,Stutsman,North Dakota,4,4,4.0,0.0,2016-04-09 14:50:29,2016-04-09 14:50:29,23.0,16.5,True,10-30,0.035058,0.06948229,1.81087943,1.28937694,0.052175,30.6571506,33.3769787,3.834,0.5481583,0.13864682,7.01,7.11,28.5,38.1,3.84122488,0.39293502,0.10782386,21.277205,28.0241824,0,S2015ND093028,EXACT,Designation and top/bottom depths agree,625.0,S2015ND093028,2.0,A,5.0,28.0,23.0,silty clay loam,"black (10YR 2/1), very dark gray (10YR 3/1), dry",very dark gray,10YR 3/1,10YR,3.0,1.0,,,,,,,,,,,,,,,,,,"A—5 to 28 centimeters (2.0 to 11.0 inches); black (10YR 2/1), very dark gray (10YR 3/1), dry; silty clay loam; 28 percent clay; weak medium subangular blocky, and moderate fine subangular blocky structure; slightly hard, friable, moderately sticky, moderately plastic; moderately slow permeability; many (6.0) fine roots throughout and many (6.0) coarse roots throughout; fragments; noneffervescent, by hcl, 1n; clear wavy boundary. Lab sample # 16N01623; moist when described; observed in pit, small",0.5481583,,0.13864682,,0.0729386,,,348.470624,,,poorly,,frequent ponding for very long periods,"Fine, smectitic, frigid Vertic Argiaquolls",Parnell,yes,NASIS
172934,16N01624,4878,28781,34946,40,horizon,28.0,53.0,Btg,B,Silty clay,SIC,242115,bulk,normal,submitted,1,S2015ND093028,WGS84,47.140568,-99.252037,standardized,16N0391,S2015ND093028,,not started,C2016USND034,Site_C NEON ND Stutsman Co.,2016,NEON,characterization,completed,Parnell,mollisols,aquolls,argiaquolls,United States,Stutsman,North Dakota,4,4,4.0,0.0,2016-04-09 14:50:29,2016-04-09 14:50:30,25.0,40.5,False,30-60,0.0716732,0.08615088,1.93019645,1.51659448,1.059067,26.0343161,40.3838031,0.6228,0.6092137,0.10873519,7.67,7.82,29.8,29.8,0.75115896,0.08241883,0.03129829,18.9779379,21.1115149,0,S2015ND093028,EXACT,Designation and top/bottom depths agree,626.0,S2015ND093028,3.0,Btg,28.0,53.0,25.0,silty clay,"dark grayish brown (2.5Y 4/2), gray (2.5Y 5/1), dry",gray,2.5Y 5/1,2.5Y,5.0,1.0,,,,"5 percent fine distinct light olive brown (2.5Y 5/4), moist, masses of oxidized iron in matrix",concentration,1.0,,5,5.0,,fine,distinct,,,,"5 percent fine distinct light olive brown (2.5Y 5/4), moist, masses of oxidized iron in matrix",,"Btg—28 to 53 centimeters (11.0 to 20.9 inches); dark grayish brown (2.5Y 4/2), gray (2.5Y 5/1), dry; silty clay; 38 percent clay; moderate medium prismatic parts to moderate fine angular blocky structure; hard, firm, very sticky, very plastic; slow permeability; common (2.0) very fine roots throughout and common (2.0) fine roots throughout; 90 percent distinct dark gray (2.5Y 4/1), moist, clay films on all faces of peds; 5 percent fine distinct light olive brown (2.5Y 5/4), moist, masses of oxidized iron in matrix; fragments; noneffervescent, by hcl, 1n; clear wavy boundary. Lab sample # 16N01624; moist when described; observed in pit, small. continuous - phpvsfiid 1142314; continuous - phpvsfiid 1142314",0.6092137,,0.10873519,,0.0659851,,,391.0941416,,,poorly,,frequent ponding for very long periods,"Fine, smectitic, frigid Vertic Argiaquolls",Parnell,yes,NASIS
172935,16N01625,4878,28781,34946,41,horizon,53.0,105.0,Bkg,B,Silty clay loam,SICL,242116,bulk,normal,submitted,1,S2015ND093028,WGS84,47.140568,-99.252037,standardized,16N0391,S2015ND093028,,not started,C2016USND034,Site_C NEON ND Stutsman Co.,2016,NEON,characterization,completed,Parnell,mollisols,aquolls,argiaquolls,United States,Stutsman,North Dakota,4,4,4.0,0.0,2016-04-09 14:50:30,2016-04-09 14:50:30,52.0,79.0,False,60-100,0.0172076,0.03808008,1.75106394,1.50184601,24.641395,15.3382001,37.4893503,0.4332,0.5418684,0.08524159,7.91,8.12,30.8,31.7,3.3852564,0.05655805,0.03907647,14.571899,19.0225164,0,S2015ND093028,EXACT,Designation and top/bottom depths agree,627.0,S2015ND093028,4.0,Bkg,53.0,105.0,52.0,silty clay loam,"grayish brown (2.5Y 5/2), light brownish gray (2.5Y 6/2), dry",light brownish gray,2.5Y 6/2,2.5Y,6.0,2.0,,,,"2 percent fine prominent black (10YR 2/1), moist, manganese masses in matrix and 3 percent fine faint light brownish gray (2.5Y 6/2), moist, iron depletions in matrix and 7 percent fine prominent dark yellowish brown (10YR 4/6), moist, masses of oxidized iron in matrix",concentration | depletion,1.0,1.0,2 | 3 | 7,7.0,,fine,prominent | faint,,,,"2 percent fine prominent black (10YR 2/1), moist, manganese masses in matrix and 3 percent fine faint light brownish gray (2.5Y 6/2), moist, iron depletions in matrix and 7 percent fine prominent dark yellowish brown (10YR 4/6), moist, masses of oxidized iron in matrix",,"Bkg—53 to 105 centimeters (20.9 to 41.3 inches); grayish brown (2.5Y 5/2), light brownish gray (2.5Y 6/2), dry; silty clay loam; 28 percent clay; moderate coarse prismatic parts to moderate coarse subangular blocky structure; hard, firm, moderately sticky, moderately plastic; slow permeability; few (0.5) very fine roots throughout; 2 percent fine prominent black (10YR 2/1), moist, manganese masses in matrix and 3 percent fine faint light brownish gray (2.5Y 6/2), moist, iron depletions in matrix and 7 percent fine prominent dark yellowish brown (10YR 4/6), moist, masses of oxidized iron in matrix; 7 percent fine irregular noncoherent cemented white (2.5Y 8/1), moist, carbonate masses in matrix; 1 percent by volume flat very angular very weakly coherent cemented 2-3-5 millimeter shale, unspecified fragments observed by visual inspection method and 2 percent by volume nonflat subangular indurated 2-40-76 millimeter mixed fragments observed by visual inspection method; strong effervescence, by hcl, 1n; clear wavy boundary. Lab sample # 16N01625; moist when described; observed in pit, small",0.5418684,,0.08524159,,0.0697253,,,385.9606998,,,poorly,,frequent ponding for very long periods,"Fine, smectitic, frigid Vertic Argiaquolls",Parnell,yes,NASIS
172936,16N01626,4878,28781,34946,42,horizon,105.0,160.0,2BCg,BC,Clay loam,CL,242117,bulk,normal,submitted,1,S2015ND093028,WGS84,47.140568,-99.252037,standardized,16N0391,S2015ND093028,,not started,C2016USND034,Site_C NEON ND Stutsman Co.,2016,NEON,characterization,completed,Parnell,mollisols,aquolls,argiaquolls,United States,Stutsman,North Dakota,4,4,4.0,0.0,2016-04-09 14:50:30,2016-04-09 14:50:31,55.0,132.5,False,>100,0.0081496,0.03457764,,,19.423562,14.6043201,27.9878543,0.1996,0.696375,0.11264579,8.01,8.19,36.9,35.1,2.53311724,0.02466321,0.02569084,14.4462719,,0,S2015ND093028,EXACT,Designation and top/bottom depths agree,628.0,S2015ND093028,5.0,2BCg,105.0,160.0,55.0,clay loam,"dark grayish brown (2.5Y 4/2), light brownish gray (2.5Y 6/2), dry",light brownish gray,2.5Y 6/2,2.5Y,6.0,2.0,,,,"2 percent fine distinct black (10YR 2/1), moist, manganese masses in matrix and 5 percent fine faint dark gray (2.5Y 4/1), moist, iron depletions in matrix and 10 percent fine prominent dark yellowish brown (10YR 4/6), moist, masses of oxidized iron in matrix",concentration | depletion,1.0,1.0,2 | 5 | 10,10.0,,fine,distinct | faint | prominent,,,,"2 percent fine distinct black (10YR 2/1), moist, manganese masses in matrix and 5 percent fine faint dark gray (2.5Y 4/1), moist, iron depletions in matrix and 10 percent fine prominent dark yellowish brown (10YR 4/6), moist, masses of oxidized iron in matrix",,"2BCg—105 to 160 centimeters (41.3 to 63.0 inches); dark grayish brown (2.5Y 4/2), light brownish gray (2.5Y 6/2), dry; clay loam; 30 percent clay; massive; hard, firm, moderately sticky, moderately plastic; slow permeability; 2 percent fine distinct black (10YR 2/1), moist, manganese masses in matrix and 5 percent fine faint dark gray (2.5Y 4/1), moist, iron depletions in matrix and 10 percent fine prominent dark yellowish brown (10YR 4/6), moist, masses of oxidized iron in matrix; 2 percent fine irregular noncoherent cemented white (2.5Y 8/1), moist, carbonate masses in matrix; 8 percent by volume nonflat subangular indurated 2-10-20 millimeter mixed fragments observed by visual inspection method; strong effervescence, by hcl, 1n; clear wavy boundary. Lab sample # 16N01626; wet when described; observed in auger, bucket",0.696375,,0.11264579,,0.054206,,,451.0126996,,,poorly,,frequent ponding for very long periods,"Fine, smectitic, frigid Vertic Argiaquolls",Parnell,yes,NASIS
172937,16N01627,4878,28781,34946,43,horizon,160.0,200.0,2Cg,C,Clay loam,CL,242118,bulk,normal,submitted,1,S2015ND093028,WGS84,47.140568,-99.252037,standardized,16N0391,S2015ND093028,,not started,C2016USND034,Site_C NEON ND Stutsman Co.,2016,NEON,characterization,completed,Parnell,mollisols,aquolls,argiaquolls,United States,Stutsman,North Dakota,4,4,4.0,0.0,2016-04-09 14:50:31,2016-04-09 14:50:31,40.0,180.0,False,>100,0.008278,0.03045368,,,16.027655,14.0813485,26.5003378,0.1664,0.7692839,0.13111111,7.94,8.13,37.2,36.3,2.08704414,0.02875848,0.03286684,14.3057504,,0,S2015ND093028,EXACT,Designation and top/bottom depths agree,629.0,S2015ND093028,6.0,2Cg,160.0,200.0,40.0,clay,"olive brown (2.5Y 4/3), light olive brown (2.5Y 5/3), dry",light olive brown,2.5Y 5/3,2.5Y,5.0,3.0,,,,"1 percent fine distinct black (10YR 2/1), moist, manganese masses in matrix and 5 percent fine prominent yellowish brown (10YR 5/6), moist, masses of oxidized iron in matrix and 7 percent fine distinct dark gray (2.5Y 4/1), moist, iron depletions in matrix",concentration | depletion,1.0,1.0,1 | 5 | 7,7.0,,fine,distinct | prominent,,,,"1 percent fine distinct black (10YR 2/1), moist, manganese masses in matrix and 5 percent fine prominent yellowish brown (10YR 5/6), moist, masses of oxidized iron in matrix and 7 percent fine distinct dark gray (2.5Y 4/1), moist, iron depletions in matrix",,"2Cg—160 to 200 centimeters (63.0 to 78.7 inches); olive brown (2.5Y 4/3), light olive brown (2.5Y 5/3), dry; clay; 38 percent clay; massive; hard, firm, moderately sticky, moderately plastic; slow permeability; 1 percent fine distinct black (10YR 2/1), moist, manganese masses in matrix and 5 percent fine prominent yellowish brown (10YR 5/6), moist, masses of oxidized iron in matrix and 7 percent fine distinct dark gray (2.5Y 4/1), moist, iron depletions in matrix; 1 percent fine irregular noncoherent cemented white (2.5Y 8/1), moist, carbonate masses in matrix; 7 percent by volume nonflat subangular indurated 2-10-20 millimeter mixed fragments observed by visual inspection method; slight effervescence, by hcl, 1n. Lab sample # 16N01627; wet when described; observed in auger, bucket",0.7692839,,0.13111111,,0.0471036,,,470.1620852,,,poorly,,frequent ponding for very long periods,"Fine, smectitic, frigid Vertic Argiaquolls",Parnell,yes,NASIS
172938,16N01628,4878,28782,34947,44,horizon,0.0,1.0,Oi,O,Slightly decomposed plant material,SPM,242119,bulk,normal,submitted,1,S2015ND093029,WGS84,47.122,-99.239,standardized,16N0392,S2015ND093029,,not started,C2016USND034,Site_C NEON ND Stutsman Co.,2016,NEON,characterization,completed,Mcdonaldsville,mollisols,aquolls,epiaquolls,United States,Stutsman,North Dakota,4,4,4.0,0.0,2016-04-09 14:50:31,2016-04-09 14:50:31,1.0,0.5,True,0-10,0.0,0.02007998,,,,38.0761745,,34.91,0.2729399,0.10519679,6.96,6.93,,,34.91442859,2.64469785,1.43553536,79.3525809,,0,S2015ND093029,EXACT,Designation and top/bottom depths agree,630.0,S2015ND093029,1.0,Oi,0.0,1.0,1.0,fragments,slightly decomposed plant material,,,,,,,,,,,,,,,,,,,,,,1.0,"Oi—0 to 1 centimeters (0.0 to 0.4 inches); slightly decomposed plant material; fragments; noneffervescent, by hcl, 1n; abrupt smooth boundary. Lab sample # 16N01628; moist when described; observed in pit, small",0.2729399,,0.10519679,,0.047475,,,431.7195943,,,very poorly,,frequent ponding for very long periods,"Loamy-skeletal, mixed, superactive, frigid Typic Calciaquolls",McDonaldsville,yes,NASIS
172939,16N01629,4878,28782,34947,45,horizon,1.0,25.0,A1,A,Mucky Silt loam,MK-SIL,242120,bulk,normal,submitted,1,S2015ND093029,WGS84,47.122,-99.239,standardized,16N0392,S2015ND093029,,not started,C2016USND034,Site_C NEON ND Stutsman Co.,2016,NEON,characterization,completed,Mcdonaldsville,mollisols,aquolls,epiaquolls,United States,Stutsman,North Dakota,4,4,4.0,0.0,2016-04-09 14:50:32,2016-04-09 14:50:32,24.0,13.0,True,10-30,0.0,0.06146141,,,17.623656,34.5515385,40.1044774,9.0956,0.2915283,0.17608747,7.75,7.86,25.6,34.3,11.21324293,0.86676474,0.35238615,29.89449,,0,S2015ND093029,EXACT,Designation and top/bottom depths agree,631.0,S2015ND093029,2.0,A1,1.0,25.0,24.0,mucky silt loam,"black (10YR 2/1), very dark gray (10YR 3/1), dry",very dark gray,10YR 3/1,10YR,3.0,1.0,,,,,,,,,,,,,,,,,1.0,"A1—1 to 25 centimeters (0.4 to 9.8 inches); black (10YR 2/1), very dark gray (10YR 3/1), dry; mucky silt loam; weak fine subangular blocky parts to weak fine granular structure; slightly hard, friable, slightly sticky, slightly plastic; moderate permeability; common (3.0) very fine roots throughout and common (1.0) coarse roots throughout; fragments; slight effervescence, by hcl, 1n; clear wavy boundary. Lab sample # 16N01629; moist when described; observed in pit, small",0.2915283,,0.17608747,,0.0724767,,,474.8794208,,,very poorly,,frequent ponding for very long periods,"Loamy-skeletal, mixed, superactive, frigid Typic Calciaquolls",McDonaldsville,yes,NASIS
172940,16N01630,4878,28782,34947,46,horizon,25.0,41.0,A2,A,Silty clay loam,SICL,242121,bulk,normal,submitted,1,S2015ND093029,WGS84,47.122,-99.239,standardized,16N0392,S2015ND093029,,not started,C2016USND034,Site_C NEON ND Stutsman Co.,2016,NEON,characterization,completed,Mcdonaldsville,mollisols,aquolls,epiaquolls,United States,Stutsman,North Dakota,4,4,4.0,0.0,2016-04-09 14:50:32,2016-04-09 14:50:32,16.0,33.0,False,30-60,0.0023451,0.04357178,,,12.585048,22.866831,31.4533605,3.2692,0.3359005,0.12572052,7.95,8.18,41.7,26.8,4.77571812,0.36521415,0.08897568,16.9611307,,0,S2015ND093029,EXACT,Designation and top/bottom depths agree,632.0,S2015ND093029,3.0,A2,25.0,41.0,16.0,silty clay loam,"black (10YR 2/1), very dark gray (10YR 3/1), dry",very dark gray,10YR 3/1,10YR,3.0,1.0,,,,,,,,,,,,,,,,,,"A2—25 to 41 centimeters (9.8 to 16.1 inches); black (10YR 2/1), very dark gray (10YR 3/1), dry; silty clay loam; moderate medium subangular blocky parts to moderate fine granular structure; slightly hard, friable, moderately sticky, moderately plastic; moderately slow permeability; common (3.0) very fine roots throughout and common (3.0) fine roots throughout; 1 percent shell fragments; 1 percent by volume nonflat subangular indurated 2-3-5 millimeter mixed fragments observed by visual inspection method; slight effervescence, by hcl, 1n; clear wavy boundary. Lab sample # 16N01630; wet when described; observed in pit, small. Shells present within this horizon.",0.3359005,,0.12572052,,0.0598689,,,357.076038,,,very poorly,,frequent ponding for very long periods,"Loamy-skeletal, mixed, superactive, frigid Typic Calciaquolls",McDonaldsville,yes,NASIS
172941,16N01631,4878,28782,34947,47,horizon,41.0,61.0,Bg,B,Clay,C,242122,bulk,normal,submitted,1,S2015ND093029,WGS84,47.122,-99.239,standardized,16N0392,S2015ND093029,,not started,C2016USND034,Site_C NEON ND Stutsman Co.,2016,NEON,characterization,completed,Mcdonaldsville,mollisols,aquolls,epiaquolls,United States,Stutsman,North Dakota,4,4,4.0,0.0,2016-04-09 14:50:33,2016-04-09 14:50:33,20.0,51.0,False,30-60,0.0067291,0.04578506,,,4.749134,20.0470867,29.7540913,0.59,0.6674068,0.13416086,8.24,8.62,42.7,27.5,1.16477804,0.07641274,0.01961949,14.4017962,,0,S2015ND093029,EXACT,Designation and top/bottom depths agree,633.0,S2015ND093029,4.0,Bg,41.0,61.0,20.0,clay,"dark grayish brown (2.5Y 4/2), grayish brown (2.5Y 5/2), dry",grayish brown,2.5Y 5/2,2.5Y,5.0,2.0,,,,"reduced matrix and 1 percent medium distinct olive (5Y 5/4), moist, masses of oxidized iron in matrix and 2 percent fine distinct olive (5Y 5/4), moist, masses of oxidized iron in matrix and 20 percent medium distinct grayish olive (10Y 5/2), moist, iron depletions in matrix",concentration | depletion | reduced matrix,1.0,1.0,1 | 2 | 20,20.0,,medium | fine,distinct,,1.0,,"reduced matrix and 1 percent medium distinct olive (5Y 5/4), moist, masses of oxidized iron in matrix and 2 percent fine distinct olive (5Y 5/4), moist, masses of oxidized iron in matrix and 20 percent medium distinct grayish olive (10Y 5/2), moist, iron depletions in matrix",,"Bg—41 to 61 centimeters (16.1 to 24.0 inches); dark grayish brown (2.5Y 4/2), grayish brown (2.5Y 5/2), dry; clay; weak coarse prismatic structure; hard, firm, very sticky, very plastic; slow permeability; reduced matrix and 1 percent medium distinct olive (5Y 5/4), moist, masses of oxidized iron in matrix and 2 percent fine distinct olive (5Y 5/4), moist, masses of oxidized iron in matrix and 20 percent medium distinct grayish olive (10Y 5/2), moist, iron depletions in matrix; 2 percent by volume nonflat subangular indurated 75-150-250 millimeter mixed fragments observed by visual inspection method and 10 percent by volume nonflat subangular indurated 20-40-76 millimeter mixed fragments observed by visual inspection method; very slight effervescence, by hcl, 1n; clear wavy boundary. Lab sample # 16N01631; wet, satiated when described; observed in pit, small. Stone line in bottom of horizon, cracks of A horizon material in upper horizon.",0.6674068,,0.13416086,,0.0599943,,,993.4292204,,,very poorly,,frequent ponding for very long periods,"Loamy-skeletal, mixed, superactive, frigid Typic Calciaquolls",McDonaldsville,yes,NASIS
172942,16N01632,4878,28782,34947,48,horizon,61.0,100.0,2Cg,C,Very gravelly Loamy sand,GRV-LS,242123,bulk,normal,submitted,1,S2015ND093029,WGS84,47.122,-99.239,standardized,16N0392,S2015ND093029,,not started,C2016USND034,Site_C NEON ND Stutsman Co.,2016,NEON,characterization,completed,Mcdonaldsville,mollisols,aquolls,epiaquolls,United States,Stutsman,North Dakota,8,8,8.0,0.0,2016-04-09 14:50:33,2020-01-27 07:52:19,39.0,80.5,False,60-100,0.0,0.01603032,,,18.695472,9.543781,12.7752504,0.266,1.3170578,0.31551077,8.07,8.5,73.5,13.7,2.5081867,0.0284444,0.0,5.5417983,,0,S2015ND093029,EXACT,Designation and top/bottom depths agree,634.0,S2015ND093029,5.0,2Cg,61.0,100.0,39.0,very gravelly loamy sand,"olive gray (5Y 5/2), light brownish gray (2.5Y 6/2), dry",light brownish gray,2.5Y 6/2,2.5Y,6.0,2.0,,,,"reduced matrix and 1 percent medium distinct olive (5Y 5/4), moist, masses of oxidized iron in matrix and 2 percent fine distinct olive (5Y 5/4), moist, masses of oxidized iron in matrix and 20 percent medium faint gray (5Y 6/1), moist, iron depletions in matrix",concentration | depletion | reduced matrix,1.0,1.0,1 | 2 | 20,20.0,,medium | fine,distinct | faint,,1.0,,"reduced matrix and 1 percent medium distinct olive (5Y 5/4), moist, masses of oxidized iron in matrix and 2 percent fine distinct olive (5Y 5/4), moist, masses of oxidized iron in matrix and 20 percent medium faint gray (5Y 6/1), moist, iron depletions in matrix",,"2Cg—61 to 100 centimeters (24.0 to 39.4 inches); olive gray (5Y 5/2), light brownish gray (2.5Y 6/2), dry; very gravelly loamy sand; single grain; loose, loose, nonsticky, nonplastic; rapid permeability; reduced matrix and 1 percent medium distinct olive (5Y 5/4), moist, masses of oxidized iron in matrix and 2 percent fine distinct olive (5Y 5/4), moist, masses of oxidized iron in matrix and 20 percent medium faint gray (5Y 6/1), moist, iron depletions in matrix; 35 percent by volume nonflat subrounded indurated 2-40-76 millimeter mixed fragments observed by visual inspection method; slight effervescence, by hcl, 1n. Lab sample # 16N01632; wet, satiated when described; observed in pit, small",1.3170578,,0.31551077,,0.1699021,,,1545.7055056,,,very poorly,,frequent ponding for very long periods,"Loamy-skeletal, mixed, superactive, frigid Typic Calciaquolls",McDonaldsville,yes,NASIS
172944,16N01634,4878,28783,34948,50,horizon,15.0,23.0,Ag1,A,Mucky Silt loam,MK-SIL,242125,bulk,normal,submitted,1,S2015ND093030,WGS84,47.137925,-99.243418,standardized,16N0393,S2015ND093030,,not started,C2016USND034,Site_C NEON ND Stutsman Co.,2016,NEON,characterization,completed,Southam,mollisols,aquolls,endoaquolls,United States,Stutsman,North Dakota,4,4,4.0,0.0,2019-07-30 07:47:28,2019-07-30 07:47:29,8.0,19.0,False,10-30,0.0,0.05355229,,,46.747907,33.2368762,49.6442555,8.26,0.2575374,0.20704869,7.78,7.95,12.0,38.4,13.86723653,0.79878465,0.36222738,32.1321321,,0,S2015ND093030,EXACT,Designation and top/bottom depths agree,636.0,S2015ND093030,2.0,Ag1,15.0,23.0,8.0,mucky silt loam,"black (2.5Y 2.5/1), dark gray (2.5Y 4/1), dry",dark gray,2.5Y 4/1,2.5Y,4.0,1.0,,,,,,,,,,,,,,,,,1.0,"Ag1—15 to 23 centimeters (5.9 to 9.1 inches); black (2.5Y 2.5/1), dark gray (2.5Y 4/1), dry; mucky silt loam; weak fine granular structure; slightly sticky, slightly plastic; moderate permeability; fragments; slight effervescence, by hcl, 1n; clear wavy boundary. Lab sample # 16N01634; wet when described; observed in pit, small",0.2575374,,0.20704869,,0.0729166,,,347.93862,,,very poorly,,frequent ponding for very long periods,"Fine-loamy, carbonatic, frigid Cumulic Endoaquolls",SND,yes,NASIS
172945,16N01635,4878,28783,34948,51,horizon,23.0,38.0,Ag2,A,Silty clay loam,SICL,242126,bulk,normal,submitted,1,S2015ND093030,WGS84,47.137925,-99.243418,standardized,16N0393,S2015ND093030,,not started,C2016USND034,Site_C NEON ND Stutsman Co.,2016,NEON,characterization,completed,Southam,mollisols,aquolls,endoaquolls,United States,Stutsman,North Dakota,4,4,4.0,0.0,2016-04-09 14:50:34,2016-04-09 14:50:35,15.0,30.5,False,30-60,0.0,0.04356046,,,50.409612,23.0563976,44.1257722,4.4508,0.2414537,0.16660138,7.73,7.89,18.1,37.8,10.49908095,0.43677007,0.20749172,24.6341883,,0,S2015ND093030,EXACT,Designation and top/bottom depths agree,637.0,S2015ND093030,3.0,Ag2,23.0,38.0,15.0,silty clay loam,"very dark gray (2.5Y 3/1), dark gray (2.5Y 4/1), dry",dark gray,2.5Y 4/1,2.5Y,4.0,1.0,,,,,,,,,,,,,,,,,,"Ag2—23 to 38 centimeters (9.1 to 15.0 inches); very dark gray (2.5Y 3/1), dark gray (2.5Y 4/1), dry; silty clay loam; weak fine subangular blocky parts to weak fine granular structure; moderately sticky, moderately plastic; moderately slow permeability; fragments; slight effervescence, by hcl, 1n; gradual wavy boundary. Lab sample # 16N01635; wet when described; observed in pit, small",0.2414537,,0.16660138,,0.0785327,,,321.4940244,,,very poorly,,frequent ponding for very long periods,"Fine-loamy, carbonatic, frigid Cumulic Endoaquolls",SND,yes,NASIS
172946,16N01636,4878,28783,34948,52,horizon,38.0,107.0,Ag3,A,Silty clay loam,SICL,242127,bulk,normal,submitted,1,S2015ND093030,WGS84,47.137925,-99.243418,standardized,16N0393,S2015ND093030,,not started,C2016USND034,Site_C NEON ND Stutsman Co.,2016,NEON,characterization,completed,Southam,mollisols,aquolls,endoaquolls,United States,Stutsman,North Dakota,4,4,4.0,0.0,2016-04-09 14:50:35,2016-04-09 14:50:35,69.0,72.5,False,60-100,0.0,0.05040612,,,43.851604,22.0674135,37.82301,3.418,0.2345684,0.1616472,7.69,7.85,22.1,40.1,8.67992918,0.36351929,0.18434881,19.9095023,,0,S2015ND093030,EXACT,Designation and top/bottom depths agree,638.0,S2015ND093030,4.0,Ag3,38.0,107.0,69.0,silty clay loam,"very dark gray (2.5Y 3/1), dark gray (2.5Y 4/1), dry",dark gray,2.5Y 4/1,2.5Y,4.0,1.0,,,,,,,,,,,,,,,,,,"Ag3—38 to 107 centimeters (15.0 to 42.1 inches); very dark gray (2.5Y 3/1), dark gray (2.5Y 4/1), dry; silty clay loam; weak fine subangular blocky parts to weak fine granular structure; moderately sticky, moderately plastic; moderately slow permeability; shell fragments; fragments; slight effervescence, by hcl, 1n; gradual wavy boundary. Lab sample # 16N01636; wet, satiated when described; observed in pit, small.",0.2345684,,0.1616472,,0.0590708,,,289.349511,,,very poorly,,frequent ponding for very long periods,"Fine-loamy, carbonatic, frigid Cumulic Endoaquolls",SND,yes,NASIS
172947,16N01637,4878,28783,34948,53,horizon,107.0,133.0,Cg1,C,Silty clay loam,SICL,242128,bulk,normal,submitted,1,S2015ND093030,WGS84,47.137925,-99.243418,standardized,16N0393,S2015ND093030,,not started,C2016USND034,Site_C NEON ND Stutsman Co.,2016,NEON,characterization,completed,Southam,mollisols,aquolls,endoaquolls,United States,Stutsman,North Dakota,4,4,4.0,0.0,2016-04-09 14:50:35,2016-04-09 14:50:36,26.0,120.0,False,>100,0.0,0.02284549,,,51.683547,14.0717509,36.9585153,1.3484,0.4301851,0.13172835,7.68,7.89,22.4,40.6,7.55054722,0.11914889,0.07600877,18.4192345,,0,S2015ND093030,EXACT,Designation and top/bottom depths agree,639.0,S2015ND093030,5.0,Cg1,107.0,133.0,26.0,silty clay,"dark grayish green (5GY 4/2), gray (5Y 5/1), dry",gray,5Y 5/1,5Y,5.0,1.0,,,,"reduced matrix and 2 percent medium distinct olive brown (2.5Y 4/3), moist, masses of oxidized iron in matrix and 2 percent fine distinct olive brown (2.5Y 4/3), moist, masses of oxidized iron in matrix",concentration | reduced matrix,1.0,,2,2.0,,medium | fine,distinct,,1.0,,"reduced matrix and 2 percent medium distinct olive brown (2.5Y 4/3), moist, masses of oxidized iron in matrix and 2 percent fine distinct olive brown (2.5Y 4/3), moist, masses of oxidized iron in matrix",,"Cg1—107 to 133 centimeters (42.1 to 52.4 inches); dark grayish green (5GY 4/2), gray (5Y 5/1), dry; silty clay; massive; very sticky, very plastic; slow permeability; reduced matrix and 2 percent medium distinct olive brown (2.5Y 4/3), moist, masses of oxidized iron in matrix and 2 percent fine distinct olive brown (2.5Y 4/3), moist, masses of oxidized iron in matrix; fragments; strong effervescence, by hcl, 1n; gradual wavy boundary. Lab sample # 16N01637; wet, satiated when described; observed in auger, bucket",0.4301851,,0.13172835,,0.1193581,,,435.950618,,,very poorly,,frequent ponding for very long periods,"Fine-loamy, carbonatic, frigid Cumulic Endoaquolls",SND,yes,NASIS
172948,16N01638,4878,28783,34948,54,horizon,133.0,200.0,Cg2,C,Clay,C,242129,bulk,normal,submitted,1,S2015ND093030,WGS84,47.137925,-99.243418,standardized,16N0393,S2015ND093030,,not started,C2016USND034,Site_C NEON ND Stutsman Co.,2016,NEON,characterization,completed,Southam,mollisols,aquolls,endoaquolls,United States,Stutsman,North Dakota,8,8,8.0,0.0,2016-04-09 14:50:36,2020-01-27 07:52:22,67.0,166.5,False,>100,0.0,0.04425168,,,0.351499,19.9904561,36.9508217,4.988,0.4599952,0.09412592,7.67,7.88,16.5,46.5,5.02516917,0.1078229,0.03317628,20.2171665,,0,S2015ND093030,EXACT,Designation and top/bottom depths agree,640.0,S2015ND093030,6.0,Cg2,133.0,200.0,67.0,clay,"dark gray (2.5Y 4/1), gray (2.5Y 5/1), dry",gray,2.5Y 5/1,2.5Y,5.0,1.0,,,,"reduced matrix and 2 percent medium distinct olive brown (2.5Y 4/4), moist, masses of oxidized iron in matrix and 2 percent fine distinct olive brown (2.5Y 4/4), moist, masses of oxidized iron in matrix",concentration | reduced matrix,1.0,,2,2.0,,medium | fine,distinct,,1.0,,"reduced matrix and 2 percent medium distinct olive brown (2.5Y 4/4), moist, masses of oxidized iron in matrix and 2 percent fine distinct olive brown (2.5Y 4/4), moist, masses of oxidized iron in matrix",,"Cg2—133 to 200 centimeters (52.4 to 78.7 inches); dark gray (2.5Y 4/1), gray (2.5Y 5/1), dry; clay; massive; very sticky, very plastic; slow permeability; reduced matrix and 2 percent medium distinct olive brown (2.5Y 4/4), moist, masses of oxidized iron in matrix and 2 percent fine distinct olive brown (2.5Y 4/4), moist, masses of oxidized iron in matrix; shell fragments; fragments; strong effervescence, by hcl, 1n. Lab sample # 16N01638; wet, satiated when described; observed in auger, bucket. This horizon has a thin sand lens.",0.4599952,,0.09412592,,0.1247646,,,893.363289,,,very poorly,,frequent ponding for very long periods,"Fine-loamy, carbonatic, frigid Cumulic Endoaquolls",SND,yes,NASIS
172949,16N01639,4878,28784,34949,55,horizon,0.0,29.0,A,A,Silt loam,SIL,242130,bulk,normal,submitted,1,S2015ND093031,WGS84,47.128,-99.243,standardized,16N0394,S2015ND093031,,not started,C2016USND034,Site_C NEON ND Stutsman Co.,2016,NEON,characterization,completed,Tonka,mollisols,albolls,argialbolls,United States,Stutsman,North Dakota,4,4,4.0,0.0,2016-04-13 07:53:27,2016-04-13 07:53:27,29.0,14.5,True,10-30,0.0445615,0.07376575,,,,27.8213637,29.6515451,4.38,0.563982,0.33069653,5.47,5.94,22.7,47.6,4.37522224,0.40881178,0.06241401,18.9844638,,0,S2015ND093031,EXACT,Designation and top/bottom depths agree,641.0,S2015ND093031,1.0,A,0.0,29.0,29.0,silt loam,"very dark brown (10YR 2/2), very dark grayish brown (10YR 3/2), dry",very dark grayish brown,10YR 3/2,10YR,3.0,2.0,,,,,,,,,,,,,,,,,,"A—0 to 29 centimeters (0.0 to 11.4 inches); very dark brown (10YR 2/2), very dark grayish brown (10YR 3/2), dry; silt loam; slightly hard, friable, slightly sticky, slightly plastic; moderate permeability; many (6.0) very fine roots throughout and many (6.0) fine roots throughout; many (6.0) very fine tubular and many (6.0) fine tubular pores; fragments; noneffervescent, by hcl, 1n. Lab sample # 16N01639; moist when described; observed in auger, bucket",0.563982,,0.33069653,,0.0563808,,,511.6887877,,,poorly,,frequent ponding for long periods,"Fine, smectitic, frigid Argiaquic Argialbolls",Tonka,yes,NASIS
172950,16N01640,4878,28784,34949,56,horizon,29.0,35.0,EB,EB,Silt loam,SIL,242131,bulk,normal,submitted,1,S2015ND093031,WGS84,47.128,-99.243,standardized,16N0394,S2015ND093031,,not started,C2016USND034,Site_C NEON ND Stutsman Co.,2016,NEON,characterization,completed,Tonka,mollisols,albolls,argialbolls,United States,Stutsman,North Dakota,4,4,4.0,0.0,2016-04-13 07:53:27,2016-04-13 07:53:28,6.0,32.0,False,30-60,0.0548641,0.07555537,,,-0.004052,22.882534,30.0444674,2.02,0.6690826,0.43947865,5.55,6.1,21.8,48.2,2.02487341,0.19284509,0.01555202,16.1898498,,0,S2015ND093031,EXACT,Designation and top/bottom depths agree,642.0,S2015ND093031,2.0,EB,29.0,35.0,6.0,silt loam,"dark grayish brown (10YR 4/2), grayish brown (10YR 5/2), dry",grayish brown,10YR 5/2,10YR,5.0,2.0,,,,,,,,,,,,,,,,,,"EB—29 to 35 centimeters (11.4 to 13.8 inches); dark grayish brown (10YR 4/2), grayish brown (10YR 5/2), dry; silt loam; slightly hard, friable, moderately sticky, moderately plastic; moderate permeability; many (6.0) very fine roots throughout and many (6.0) fine roots throughout; many (6.0) very fine tubular and many (6.0) fine tubular pores; fragments; noneffervescent, by hcl, 1n. Lab sample # 16N01640; moist when described; observed in auger, bucket",0.6690826,,0.43947865,,0.0823739,,,1029.4286548,,,poorly,,frequent ponding for long periods,"Fine, smectitic, frigid Argiaquic Argialbolls",Tonka,yes,NASIS
172951,16N01641,4878,28784,34949,57,horizon,35.0,70.0,Bt1,B,Clay,C,242132,bulk,normal,submitted,1,S2015ND093031,WGS84,47.128,-99.243,standardized,16N0394,S2015ND093031,,not started,C2016USND034,Site_C NEON ND Stutsman Co.,2016,NEON,characterization,completed,Tonka,mollisols,albolls,argialbolls,United States,Stutsman,North Dakota,4,4,4.0,0.0,2016-04-13 07:53:28,2016-04-13 07:53:28,35.0,52.5,False,30-60,0.09195,0.09736106,,,0.088086,29.5734063,37.7646578,1.4892,0.8820516,0.28103198,6.15,6.41,21.9,40.3,1.49625212,0.13010888,0.01154192,18.6489194,,0,S2015ND093031,EXACT,Designation and top/bottom depths agree,643.0,S2015ND093031,3.0,Bt1,35.0,70.0,35.0,clay,"black (10YR 2/1), very dark gray (10YR 3/1), dry",very dark gray,10YR 3/1,10YR,3.0,1.0,,,,,,,,,,,,,,,,,,"Bt1—35 to 70 centimeters (13.8 to 27.6 inches); black (10YR 2/1), very dark gray (10YR 3/1), dry; clay; hard, firm, very sticky, very plastic; slow permeability; common (3.0) very fine roots between peds and common (3.0) fine roots between peds; common (3.0) very fine tubular and common (3.0) fine tubular pores; fragments; noneffervescent, by hcl, 1n. Lab sample # 16N01641; moist when described; observed in auger, bucket",0.8820516,,0.28103198,,0.1153077,,,1518.4346998,,,poorly,,frequent ponding for long periods,"Fine, smectitic, frigid Argiaquic Argialbolls",Tonka,yes,NASIS
172952,16N01642,4878,28784,34949,58,horizon,70.0,100.0,Bt2,B,Clay,C,242133,bulk,normal,submitted,1,S2015ND093031,WGS84,47.128,-99.243,standardized,16N0394,S2015ND093031,,not started,C2016USND034,Site_C NEON ND Stutsman Co.,2016,NEON,characterization,completed,Tonka,mollisols,albolls,argialbolls,United States,Stutsman,North Dakota,4,4,4.0,0.0,2016-04-13 07:53:28,2016-04-13 07:53:29,30.0,85.0,False,60-100,0.084598,0.09982425,,,0.113852,29.379242,40.1776273,1.0868,1.1744048,0.29685726,6.5,6.73,28.3,31.5,1.10498657,0.11155102,0.01894263,20.8412548,,0,S2015ND093031,EXACT,Designation and top/bottom depths agree,644.0,S2015ND093031,4.0,Bt2,70.0,100.0,30.0,clay,"black (10YR 2/1), very dark grayish brown (10YR 3/2), dry",very dark grayish brown,10YR 3/2,10YR,3.0,2.0,,,,"3 percent fine prominent strong brown (7.5YR 5/6), moist, masses of oxidized iron in matrix and 7 percent fine faint pale yellow (2.5Y 7/3), moist, iron depletions in matrix",concentration | depletion,1.0,1.0,3 | 7,7.0,,fine,prominent | faint,,,,"3 percent fine prominent strong brown (7.5YR 5/6), moist, masses of oxidized iron in matrix and 7 percent fine faint pale yellow (2.5Y 7/3), moist, iron depletions in matrix",,"Bt2—70 to 100 centimeters (27.6 to 39.4 inches); black (10YR 2/1), very dark grayish brown (10YR 3/2), dry; clay; hard, firm, very sticky, very plastic; slow permeability; common (3.0) very fine roots between peds and common (3.0) fine roots between peds; common (3.0) very fine tubular and common (3.0) fine tubular pores; 3 percent fine prominent strong brown (7.5YR 5/6), moist, masses of oxidized iron in matrix and 7 percent fine faint pale yellow (2.5Y 7/3), moist, iron depletions in matrix; fragments; noneffervescent, by hcl, 1n. Lab sample # 16N01642; moist when described; observed in auger, bucket",1.1744048,,0.29685726,,0.1419711,,,1573.6486332,,,poorly,,frequent ponding for long periods,"Fine, smectitic, frigid Argiaquic Argialbolls",Tonka,yes,NASIS
172953,16N01643,4878,28785,34950,59,horizon,0.0,44.0,A,A,Silt loam,SIL,242134,bulk,normal,submitted,1,S2015ND093032,WGS84,47.130825,-99.243025,standardized,16N0395,S2015ND093032,,not started,C2016USND034,Site_C NEON ND Stutsman Co.,2016,NEON,characterization,completed,Makoti,mollisols,ustolls,haplustolls,United States,Stutsman,North Dakota,4,4,4.0,0.0,2016-04-13 07:53:29,2016-04-13 07:53:29,44.0,22.0,True,10-30,0.0580112,0.11718978,,,0.249202,33.5349605,26.6948253,4.93,0.9700234,0.28715306,6.66,6.91,36.8,36.5,4.96088438,0.48347602,0.07041933,17.3462698,,0,S2015ND093032,EXACT,Designation and top/bottom depths agree,647.0,S2015ND093032,1.0,A,0.0,44.0,44.0,silt loam,"very dark gray (10YR 3/1), black (10YR 2/1), moist",black,10YR 2/1,10YR,2.0,1.0,moist,10YR 3/1,10YR 2/1,,,,,,,,,,,,,,,"A—0 to 44 centimeters (0.0 to 17.3 inches); very dark gray (10YR 3/1), black (10YR 2/1), moist; silt loam; weak fine subangular blocky parts to weak fine granular structure; soft, friable, slightly sticky, slightly plastic; moderate permeability; many (6.0) very fine roots throughout and many (6.0) fine roots throughout; common (2.0) very fine tubular and common (2.0) fine tubular pores; fragments; noneffervescent, by hcl, 1n; clear wavy boundary. Lab sample # 16N01643; moist when described; observed in auger, bucket",0.9700234,,0.28715306,,0.1498535,,,2003.2162804,,,moderately well,,,"Fine-loamy, mixed, superactive, frigid Pachic Haplustolls",Roseglen,yes,NASIS
172954,16N01644,4878,28785,34950,60,horizon,44.0,66.0,Bw,B,Silty clay loam,SICL,242135,bulk,normal,submitted,1,S2015ND093032,WGS84,47.130825,-99.243025,standardized,16N0395,S2015ND093032,,not started,C2016USND034,Site_C NEON ND Stutsman Co.,2016,NEON,characterization,completed,Makoti,mollisols,ustolls,haplustolls,United States,Stutsman,North Dakota,4,4,4.0,0.0,2016-04-13 07:53:30,2016-04-13 07:53:30,22.0,55.0,False,30-60,0.0507949,0.13024978,,,0.604356,28.784378,30.8307818,2.308,1.2335653,0.34532338,7.22,7.59,25.0,44.2,2.38192043,0.24133996,0.04092286,15.6118143,,0,S2015ND093032,EXACT,Designation and top/bottom depths agree,648.0,S2015ND093032,2.0,Bw,44.0,66.0,22.0,silty clay loam,"dark grayish brown (10YR 4/2), very dark grayish brown (10YR 3/2), moist",very dark grayish brown,10YR 3/2,10YR,3.0,2.0,moist,10YR 4/2,10YR 3/2,,,,,,,,,,,,,,,"Bw—44 to 66 centimeters (17.3 to 26.0 inches); dark grayish brown (10YR 4/2), very dark grayish brown (10YR 3/2), moist; silty clay loam; slightly hard, friable, moderately sticky, moderately plastic; moderately slow permeability; many (6.0) very fine roots throughout and many (6.0) fine roots throughout; common (2.0) very fine tubular and common (2.0) fine tubular pores; fragments; noneffervescent, by hcl, 1n; clear wavy boundary. Lab sample # 16N01644; moist when described; observed in auger, bucket",1.2335653,,0.34532338,,0.2826334,,,2817.0551118,,,moderately well,,,"Fine-loamy, mixed, superactive, frigid Pachic Haplustolls",Roseglen,yes,NASIS
172955,16N01645,4878,28785,34950,61,horizon,66.0,100.0,Bk,B,Silty clay loam,SICL,242136,bulk,normal,submitted,1,S2015ND093032,WGS84,47.130825,-99.243025,standardized,16N0395,S2015ND093032,,not started,C2016USND034,Site_C NEON ND Stutsman Co.,2016,NEON,characterization,completed,Makoti,mollisols,ustolls,haplustolls,United States,Stutsman,North Dakota,4,4,4.0,0.0,2016-04-13 07:53:30,2016-04-13 07:53:30,34.0,83.0,False,60-100,0.0183712,0.09563117,,,34.812703,17.2236858,30.6525434,1.4828,0.9856616,0.25934925,7.62,8.13,16.7,52.6,5.66143037,0.19664932,0.05174982,16.1578555,,0,S2015ND093032,EXACT,Designation and top/bottom depths agree,649.0,S2015ND093032,3.0,Bk,66.0,100.0,34.0,silty clay loam,"brown (10YR 5/3), brown (10YR 4/3), moist",brown,10YR 4/3,10YR,4.0,3.0,moist,10YR 5/3,10YR 4/3,,,,,,,,,,,,,,,"Bk—66 to 100 centimeters (26.0 to 39.4 inches); brown (10YR 5/3), brown (10YR 4/3), moist; silty clay loam; slightly hard, friable, moderately sticky, moderately plastic; moderately slow permeability; few (0.9) very fine roots throughout and few (0.9) fine roots throughout; few (0.9) very fine tubular and few (0.9) fine tubular pores; 5 percent faint dark gray (10YR 4/1), moist, clay films on vertical faces of peds; carbonate, finely disseminated throughout; 1 percent by volume nonflat subrounded indurated 2-40-75 millimeter mixed fragments observed by visual inspection method; violent effervescence, by hcl, 1n; clear wavy boundary. Lab sample # 16N01645; moist when described; observed in auger, bucket. patchy - phpvsfiid 1142315; patchy - phpvsfiid 1142315",0.9856616,,0.25934925,,0.1680317,,,1548.4615264,,,moderately well,,,"Fine-loamy, mixed, superactive, frigid Pachic Haplustolls",Roseglen,yes,NASIS
172956,16N01646,4878,28786,34951,62,horizon,0.0,20.0,Ap,A,Silt loam,SIL,242137,bulk,normal,submitted,1,S2015ND093033,WGS84,47.128106,-99.243791,standardized,16N0396,S2015ND093033,,not started,C2016USND034,Site_C NEON ND Stutsman Co.,2016,NEON,characterization,completed,Bryant,mollisols,ustolls,haplustolls,United States,Stutsman,North Dakota,4,4,4.0,0.0,2016-04-13 07:53:30,2016-04-13 07:53:31,20.0,10.0,True,10-30,0.0621255,0.0797896,,,0.167471,21.1996704,19.5315681,2.8396,0.7660668,0.16167066,6.8,7.12,51.9,28.6,2.85980979,0.33947382,0.04423447,11.9061248,,0,S2015ND093033,EXACT,Designation and top/bottom depths agree,651.0,S2015ND093033,1.0,Ap,0.0,20.0,20.0,silt loam,"very dark brown (10YR 2/2), black (10YR 2/1), moist",black,10YR 2/1,10YR,2.0,1.0,moist,10YR 2/2,10YR 2/1,,,,,,,,,,,,,,,"Ap—0 to 20 centimeters (0.0 to 7.9 inches); very dark brown (10YR 2/2), black (10YR 2/1), moist; silt loam; slightly hard, friable, slightly sticky, slightly plastic; moderate permeability; many (6.0) very fine roots throughout and many (6.0) fine roots throughout; common (3.0) very fine tubular and common (3.0) fine tubular pores; fragments; noneffervescent, by hcl, 1n. Lab sample # 16N01646; moist when described; observed in auger, bucket",0.7660668,,0.16167066,,0.1558261,,,1699.3197038,,,well,,,"Coarse-loamy, mixed, active, frigid Typic Haplustolls",Tansem,yes,NASIS
172957,16N01647,4878,28786,34951,63,horizon,20.0,30.0,Bw,B,Silt loam,SIL,242138,bulk,normal,submitted,1,S2015ND093033,WGS84,47.128106,-99.243791,standardized,16N0396,S2015ND093033,,not started,C2016USND034,Site_C NEON ND Stutsman Co.,2016,NEON,characterization,completed,Bryant,mollisols,ustolls,haplustolls,United States,Stutsman,North Dakota,4,4,4.0,0.0,2016-04-13 07:53:31,2016-04-13 07:53:31,10.0,25.0,False,10-30,0.0629698,0.08651785,,,1.186504,18.1012607,22.0440604,1.5072,0.7730765,0.16440497,7.44,7.95,41.2,36.8,1.64886445,0.20610806,0.03091621,11.2075199,,0,S2015ND093033,EXACT,Designation and top/bottom depths agree,652.0,S2015ND093033,2.0,Bw,20.0,30.0,10.0,silt loam,"grayish brown (2.5Y 5/2), very dark grayish brown (2.5Y 3/2), moist",very dark grayish brown,2.5Y 3/2,2.5Y,3.0,2.0,moist,2.5Y 5/2,2.5Y 3/2,,,,,,,,,,,,,,,"Bw—20 to 30 centimeters (7.9 to 11.8 inches); grayish brown (2.5Y 5/2), very dark grayish brown (2.5Y 3/2), moist; silt loam; slightly hard, friable, slightly sticky, slightly plastic; moderate permeability; many (6.0) very fine roots throughout and many (6.0) fine roots throughout; common (3.0) very fine tubular and common (3.0) fine tubular pores; fragments; noneffervescent, by hcl, 1n. Lab sample # 16N01647; moist when described; observed in auger, bucket",0.7730765,,0.16440497,,0.1563968,,,1657.7325603,,,well,,,"Coarse-loamy, mixed, active, frigid Typic Haplustolls",Tansem,yes,NASIS
172958,16N01648,4878,28786,34951,64,horizon,30.0,100.0,Bk,B,Silt loam,SIL,242139,bulk,normal,submitted,1,S2015ND093033,WGS84,47.128106,-99.243791,standardized,16N0396,S2015ND093033,,not started,C2016USND034,Site_C NEON ND Stutsman Co.,2016,NEON,characterization,completed,Bryant,mollisols,ustolls,haplustolls,United States,Stutsman,North Dakota,4,4,4.0,0.0,2016-04-13 07:53:31,2016-04-13 07:53:32,70.0,65.0,False,60-100,0.0206979,0.04453069,,,25.578321,11.7606128,21.5905947,0.4004,0.5983003,0.09924882,7.92,8.47,27.2,51.2,3.46837869,0.0820918,0.01847066,9.765625,,0,S2015ND093033,EXACT,Designation and top/bottom depths agree,653.0,S2015ND093033,3.0,Bk,30.0,100.0,70.0,silt loam,"light yellowish brown (2.5Y 6/4), light olive brown (2.5Y 5/4), moist",light olive brown,2.5Y 5/4,2.5Y,5.0,4.0,moist,2.5Y 6/4,2.5Y 5/4,"3 percent fine prominent strong brown (7.5YR 4/6), moist, masses of oxidized iron in matrix and 3 percent fine prominent strong brown (7.5YR 5/8), moist, masses of oxidized iron in matrix",concentration,1.0,,3,3.0,,fine,prominent,,,,"3 percent fine prominent strong brown (7.5YR 4/6), moist, masses of oxidized iron in matrix and 3 percent fine prominent strong brown (7.5YR 5/8), moist, masses of oxidized iron in matrix",,"Bk—30 to 100 centimeters (11.8 to 39.4 inches); light yellowish brown (2.5Y 6/4), light olive brown (2.5Y 5/4), moist; silt loam; soft, friable, slightly sticky, slightly plastic; moderate permeability; common (3.0) very fine roots throughout and common (3.0) fine roots throughout; few (1.0) very fine tubular and few (1.0) fine tubular pores; 3 percent fine prominent strong brown (7.5YR 4/6), moist, masses of oxidized iron in matrix and 3 percent fine prominent strong brown (7.5YR 5/8), moist, masses of oxidized iron in matrix; carbonate, finely disseminated throughout; fragments; violent effervescence, by hcl, 1n. Lab sample # 16N01648; moist when described; observed in auger, bucket",0.5983003,,0.09924882,,0.0828943,,,742.5282241,,,well,,,"Coarse-loamy, mixed, active, frigid Typic Haplustolls",Tansem,yes,NASIS
172959,16N01649,4878,28787,34952,65,horizon,0.0,20.0,Ap,A,Loam,L,242140,bulk,normal,submitted,1,S2015ND093034,WGS84,47.127281,-99.246569,standardized,16N0397,S2015ND093034,,not started,C2016USND034,Site_C NEON ND Stutsman Co.,2016,NEON,characterization,completed,Zahl,mollisols,ustolls,calciustolls,United States,Stutsman,North Dakota,4,4,4.0,0.0,2016-04-13 07:53:32,2016-04-13 07:53:32,20.0,10.0,True,10-30,0.0638314,0.11883344,,,2.95839,25.2804997,18.0628198,4.0748,0.7999668,0.15245149,7.42,7.75,49.5,32.4,4.42800182,0.46556094,0.05069441,13.2833423,,0,S2015ND093034,EXACT,Designation and top/bottom depths agree,654.0,S2015ND093034,1.0,Ap,0.0,20.0,20.0,loam,"very dark grayish brown (10YR 3/2), very dark brown (10YR 2/2), moist",very dark brown,10YR 2/2,10YR,2.0,2.0,moist,10YR 3/2,10YR 2/2,,,,,,,,,,,,,,,"Ap—0 to 20 centimeters (0.0 to 7.9 inches); very dark grayish brown (10YR 3/2), very dark brown (10YR 2/2), moist; loam; slightly hard, friable, slightly sticky, slightly plastic; moderate permeability; many (6.0) very fine roots throughout and many (6.0) medium roots throughout and many (6.0) fine roots throughout; common (3.0) medium tubular and common (3.0) fine tubular pores; carbonate, finely disseminated throughout; 3 percent by volume nonflat subangular indurated 2-40-75 millimeter mixed fragments observed by visual inspection method; slight effervescence, by hcl, 1n. Lab sample # 16N01649; moist when described; observed in auger, bucket",0.7999668,,0.15245149,,0.287172,,,793.6414177,,,well,,,"Coarse-loamy, mixed, superactive, frigid Typic Calciustolls",Zahl,yes,NASIS
172960,16N01650,4878,28787,34952,66,horizon,20.0,36.0,ABk,AB,Loam,L,242141,bulk,normal,submitted,1,S2015ND093034,WGS84,47.127281,-99.246569,standardized,16N0397,S2015ND093034,,not started,C2016USND034,Site_C NEON ND Stutsman Co.,2016,NEON,characterization,completed,Zahl,mollisols,ustolls,calciustolls,United States,Stutsman,North Dakota,4,4,4.0,0.0,2016-04-13 07:53:33,2016-04-13 07:53:33,16.0,28.0,False,10-30,0.082557,0.16649233,,,3.411504,21.2118098,17.7435931,3.0008,0.7251979,0.15168591,7.51,7.97,47.9,34.4,3.41017221,0.35135108,0.04650235,11.3525952,,0,S2015ND093034,EXACT,Designation and top/bottom depths agree,655.0,S2015ND093034,2.0,ABk,20.0,36.0,16.0,loam,"brown (10YR 5/3), 10Y 4/3 (10Y 4/3), moist",brown,10Y 4/3,10Y,4.0,3.0,moist,10YR 5/3,10Y 4/3,,,,,,,,,,,,,,,"ABk—20 to 36 centimeters (7.9 to 14.2 inches); brown (10YR 5/3), 10Y 4/3 (10Y 4/3), moist; loam; slightly hard, friable, slightly sticky, slightly plastic; moderate permeability; common (3.0) very fine roots throughout and common (3.0) medium roots throughout and common (3.0) fine roots throughout; common (3.0) very fine tubular pores; carbonate, finely disseminated throughout; 1 percent by volume nonflat subangular indurated 75-150-250 millimeter mixed fragments observed by visual inspection method and 6 percent by volume nonflat subangular indurated 2-40-75 millimeter mixed fragments observed by visual inspection method; violent effervescence, by hcl, 1n. Lab sample # 16N01650; moist when described; observed in auger, bucket",0.7251979,,0.15168591,,0.0763312,,,575.2134136,,,well,,,"Coarse-loamy, mixed, superactive, frigid Typic Calciustolls",Zahl,yes,NASIS
172961,16N01651,4878,28787,34952,67,horizon,36.0,70.0,Bk,B,Loam,L,242142,bulk,normal,submitted,1,S2015ND093034,WGS84,47.127281,-99.246569,standardized,16N0397,S2015ND093034,,not started,C2016USND034,Site_C NEON ND Stutsman Co.,2016,NEON,characterization,completed,Zahl,mollisols,ustolls,calciustolls,United States,Stutsman,North Dakota,4,4,4.0,0.0,2016-04-13 07:53:33,2016-04-13 07:53:34,34.0,53.0,False,30-60,0.0483541,0.10908529,,,18.896259,13.2638343,22.0178971,1.132,0.6877788,0.15562411,7.76,8.28,30.4,47.6,3.40231318,0.16446227,0.02775301,10.0527886,,0,S2015ND093034,EXACT,Designation and top/bottom depths agree,656.0,S2015ND093034,3.0,Bk,36.0,70.0,34.0,loam,"pale brown (10YR 6/3), brown (10YR 5/3), moist",brown,10YR 5/3,10YR,5.0,3.0,moist,10YR 6/3,10YR 5/3,,,,,,,,,,,,,,,"Bk—36 to 70 centimeters (14.2 to 27.6 inches); pale brown (10YR 6/3), brown (10YR 5/3), moist; loam; slightly hard, friable, slightly sticky, slightly plastic; moderate permeability; common (3.0) medium roots throughout and common (3.0) fine roots throughout; common (1.0) very fine tubular pores; carbonate, finely disseminated throughout; 2 percent by volume nonflat subangular indurated 75-150-250 millimeter mixed fragments observed by visual inspection method and 10 percent by volume nonflat subangular indurated 2-40-75 millimeter mixed fragments observed by visual inspection method; violent effervescence, by hcl, 1n. Lab sample # 16N01651; moist when described; observed in auger, bucket. A ston line is at the bottom of the horizon.",0.6877788,,0.15562411,,0.052614,,,475.9892615,,,well,,,"Coarse-loamy, mixed, superactive, frigid Typic Calciustolls",Zahl,yes,NASIS
172962,16N01652,4878,28787,34952,68,horizon,70.0,100.0,BCk,BC,Loam,L,242143,bulk,normal,submitted,1,S2015ND093034,WGS84,47.127281,-99.246569,standardized,16N0397,S2015ND093034,,not started,C2016USND034,Site_C NEON ND Stutsman Co.,2016,NEON,characterization,completed,Zahl,mollisols,ustolls,calciustolls,United States,Stutsman,North Dakota,4,4,4.0,0.0,2016-04-13 07:53:34,2016-04-13 07:53:34,30.0,85.0,False,60-100,0.0386311,0.06894204,,,16.849376,10.9945162,18.348203,0.748,0.6707258,0.18566154,7.82,8.3,37.7,44.0,2.76785024,0.12301557,0.01640208,7.8967944,,0,S2015ND093034,EXACT,Designation and top/bottom depths agree,657.0,S2015ND093034,4.0,BCk,70.0,100.0,30.0,loam,"light yellowish brown (2.5Y 6/4), light olive brown (2.5Y 5/4), moist",light olive brown,2.5Y 5/4,2.5Y,5.0,4.0,moist,2.5Y 6/4,2.5Y 5/4,,,,,,,,,,,,,,,"BCk—70 to 100 centimeters (27.6 to 39.4 inches); light yellowish brown (2.5Y 6/4), light olive brown (2.5Y 5/4), moist; loam; slightly hard, friable, slightly sticky, slightly plastic; moderate permeability; few (0.5) very fine roots throughout; common (1.0) fine tubular pores; carbonate, finely disseminated throughout; 10 percent by volume nonflat subangular indurated 2-40-75 millimeter mixed fragments observed by visual inspection method; strong effervescence, by hcl, 1n. Lab sample # 16N01652; moist when described; observed in auger, bucket. stone line in this horizon at 70cm.",0.6707258,,0.18566154,,0.0697658,,,759.6197251,,,well,,,"Coarse-loamy, mixed, superactive, frigid Typic Calciustolls",Zahl,yes,NASIS
175270,16N04064,4966,29278,35444,1,horizon,0.0,30.0,A1,A,Fine sandy loam,FSL,247266,bulk,normal,submitted,1,S2016ND059001,WGS84,46.805925,-100.915698,standardized,16N0916,S2016ND059001,,not started,C2016USND122,Site_C NEON_10_NOGP,2016,NEON,characterization,completed,Parshall,mollisols,ustolls,haplustolls,United States,Morton,North Dakota,4,4,4.0,0.0,2019-06-05 07:48:32,2019-06-05 07:48:32,30.0,15.0,True,10-30,0.0490244,0.04056986,1.47444864,1.41163939,,10.2869285,8.1824277,1.31,1.0209127,0.07206757,5.83,6.43,74.6,17.2,1.30501041,0.1517454,0.01922108,6.1573034,12.0394056,0,S2016ND059001,EXACT,Designation and top/bottom depths agree,1248.0,S2016ND059001,1.0,A1,0.0,30.0,30.0,fine sandy loam,"dark grayish brown (10YR 4/2), very dark grayish brown (10YR 3/2), moist",very dark grayish brown,10YR 3/2,10YR,3.0,2.0,moist,10YR 4/2,10YR 3/2,,,,,,,,,,,,,,,"A1—0 to 30 centimeters (0.0 to 11.8 inches); dark grayish brown (10YR 4/2), very dark grayish brown (10YR 3/2), moist; fine sandy loam; 60 percent sand; 24 percent silt; 16 percent clay; weak medium subangular blocky parts to weak fine granular structure; soft, very friable, nonsticky, nonplastic; common (4.0) very fine roots throughout and common (2.0) fine roots throughout; common (12.0) very fine tubular pores; fragments; 16 Percent of Clay; 60 Percent of Sand; noneffervescent, by hcl, 1n; neutral, pH 6.8, pH meter; clear wavy boundary.; moist when described; observed in pit, small",1.0209127,,0.07206757,,0.0319607,,,246.6810692,,,well,none flooding,none ponding,"Coarse-loamy, mixed, superactive, frigid Pachic Haplustolls",Parshall,no,NASIS
175271,16N04065,4966,29278,35444,2,horizon,30.0,56.0,A2,A,Fine sandy loam,FSL,247267,bulk,normal,submitted,1,S2016ND059001,WGS84,46.805925,-100.915698,standardized,16N0916,S2016ND059001,,not started,C2016USND122,Site_C NEON_10_NOGP,2016,NEON,characterization,completed,Parshall,mollisols,ustolls,haplustolls,United States,Morton,North Dakota,4,4,4.0,0.0,2019-06-05 07:48:35,2019-06-05 07:48:36,26.0,43.0,False,30-60,0.0526164,0.04556399,1.61380739,1.57198465,,10.8097801,9.3023855,1.14,1.0128826,0.09396938,6.11,6.71,71.7,19.0,1.14486258,0.13170985,0.01874333,5.1077313,11.9996959,0,S2016ND059001,EXACT,Designation and top/bottom depths agree,1249.0,S2016ND059001,2.0,A2,30.0,56.0,26.0,fine sandy loam,"dark gray (10YR 4/1), very dark gray (10YR 3/1), moist",very dark gray,10YR 3/1,10YR,3.0,1.0,moist,10YR 4/1,10YR 3/1,,,,,,,,,,,,,,,"A2—30 to 56 centimeters (11.8 to 22.0 inches); dark gray (10YR 4/1), very dark gray (10YR 3/1), moist; fine sandy loam; 60 percent sand; 24 percent silt; 16 percent clay; weak medium subangular blocky parts to weak fine granular structure; soft, very friable, nonsticky, nonplastic; common (3.0) very fine roots throughout and common (2.0) fine roots throughout; common (3.0) very fine tubular and few (1.0) fine tubular pores; fragments; 16 Percent of Clay; 60 Percent of Sand; noneffervescent, by hcl, 1n; neutral, pH 6.8, pH meter; clear wavy boundary.; moist when described; observed in pit, small",1.0128826,,0.09396938,,0.031813,,,354.1610674,,,well,none flooding,none ponding,"Coarse-loamy, mixed, superactive, frigid Pachic Haplustolls",Parshall,no,NASIS
175272,16N04066,4966,29278,35444,3,horizon,56.0,89.0,Bw1,B,Fine sandy loam,FSL,247268,bulk,normal,submitted,1,S2016ND059001,WGS84,46.805925,-100.915698,standardized,16N0916,S2016ND059001,,not started,C2016USND122,Site_C NEON_10_NOGP,2016,NEON,characterization,completed,Parshall,mollisols,ustolls,haplustolls,United States,Morton,North Dakota,4,4,4.0,0.0,2019-06-05 07:48:38,2019-06-05 07:48:38,33.0,72.5,False,60-100,0.0560272,0.04820465,1.49509066,1.46576216,,9.7319222,10.0635476,0.71,1.0583282,0.09539447,6.51,7.24,71.4,18.5,0.70904965,0.09116353,0.01721978,5.1823708,14.4182265,0,S2016ND059001,EXACT,Designation and top/bottom depths agree,1250.0,S2016ND059001,3.0,Bw1,56.0,89.0,33.0,fine sandy loam,"brown (10YR 5/3), dark brown (10YR 3/3), moist",dark brown,10YR 3/3,10YR,3.0,3.0,moist,10YR 5/3,10YR 3/3,,,,,,,,,,,,,,,"Bw1—56 to 89 centimeters (22.0 to 35.0 inches); brown (10YR 5/3), dark brown (10YR 3/3), moist; fine sandy loam; 68 percent sand; 19 percent silt; 13 percent clay; weak medium prismatic parts to moderate medium subangular blocky structure; soft, very friable, nonsticky, nonplastic; common (3.0) very fine roots throughout and common (2.0) fine roots throughout; common (3.0) very fine tubular and few (1.0) fine tubular pores; fragments; 13 Percent of Clay; 68 Percent of Sand; noneffervescent, by hcl, 1n; neutral, pH 7.1, pH meter; clear wavy boundary.; moist when described; observed in pit, small",1.0583282,,0.09539447,,0.0292579,,,247.6196954,,,well,none flooding,none ponding,"Coarse-loamy, mixed, superactive, frigid Pachic Haplustolls",Parshall,no,NASIS
175273,16N04067,4966,29278,35444,4,horizon,89.0,140.0,Bw2,B,Fine sandy loam,FSL,247269,bulk,normal,submitted,1,S2016ND059001,WGS84,46.805925,-100.915698,standardized,16N0916,S2016ND059001,,not started,C2016USND122,Site_C NEON_10_NOGP,2016,NEON,characterization,completed,Parshall,mollisols,ustolls,haplustolls,United States,Morton,North Dakota,4,4,4.0,0.0,2019-06-05 07:48:41,2019-06-05 07:48:41,51.0,114.5,False,>100,0.0621537,0.06207455,1.51294313,1.43771766,,11.9184753,12.4538399,0.67,0.8990312,0.1305576,6.72,7.5,66.3,21.2,0.67134158,0.08137474,0.01627495,6.4816557,13.3701545,0,S2016ND059001,EXACT,Designation and top/bottom depths agree,1251.0,S2016ND059001,4.0,Bw2,89.0,140.0,51.0,fine sandy loam,"light brownish gray (10YR 6/2), dark grayish brown (10YR 4/2), moist",dark grayish brown,10YR 4/2,10YR,4.0,2.0,moist,10YR 6/2,10YR 4/2,,,,,,,,,,,,,,,"Bw2—89 to 140 centimeters (35.0 to 55.1 inches); light brownish gray (10YR 6/2), dark grayish brown (10YR 4/2), moist; fine sandy loam; 65 percent sand; 19 percent silt; 16 percent clay; weak medium prismatic parts to weak medium subangular blocky structure; soft, very friable, nonsticky, nonplastic; common (3.0) very fine roots throughout; common (3.0) very fine tubular pores; fragments; 16 Percent of Clay; 65 Percent of Sand; noneffervescent, by hcl, 1n; neutral, pH 7.1, pH meter.; moist when described; observed in pit, small",0.8990312,,0.1305576,,0.031246,,,242.338257,,,well,none flooding,none ponding,"Coarse-loamy, mixed, superactive, frigid Pachic Haplustolls",Parshall,no,NASIS
175274,16N04068,4966,29279,35445,5,horizon,0.0,18.0,A,A,Silty clay loam,SICL,247270,bulk,normal,submitted,1,S2016ND059003,WGS84,46.800992,-100.916115,standardized,16N0917,S2016ND059003,,not started,C2016USND122,Site_C NEON_10_NOGP,2016,NEON,characterization,completed,Wyola,mollisols,ustolls,argiustolls,United States,Morton,North Dakota,4,4,4.0,0.0,2019-06-05 07:48:43,2019-06-05 07:48:44,18.0,9.0,True,0-10,0.1137625,0.12610087,1.26857485,1.13493325,,32.4934022,37.8405914,2.74,1.0069136,0.17590807,6.11,6.73,22.9,39.3,2.7443068,0.29216955,0.03965158,22.3544631,20.6432762,0,S2016ND059003,EXACT,Designation and top/bottom depths agree,1254.0,S2016ND059003,1.0,A,0.0,18.0,18.0,silty clay loam,"very dark grayish brown (10YR 3/2), very dark brown (10YR 2/2), moist",very dark brown,10YR 2/2,10YR,2.0,2.0,moist,10YR 3/2,10YR 2/2,,,,,,,,,,,,,,,"A—0 to 18 centimeters (0.0 to 7.1 inches); very dark grayish brown (10YR 3/2), very dark brown (10YR 2/2), moist; silty clay loam; 4 percent sand; 59 percent silt; 37 percent clay; moderate medium subangular blocky parts to moderate medium granular structure; moderately hard, firm, very sticky, very plastic; many (10.0) very fine roots throughout; many (7.0) very fine tubular pores; fragments; 37 Percent of Clay; 4 Percent of Sand; noneffervescent, by hcl, 1n; slightly alkaline, pH 7.5, pH meter; clear wavy boundary.; moist when described; observed in pit, small",1.0069136,,0.17590807,,0.0261563,,,308.129318,,,well,occasional flooding for brief periods,none ponding,"Fine, smectitic, frigid Vertic Argiustolls",Savage,no,NASIS
175275,16N04069,4966,29279,35445,6,horizon,18.0,29.0,Bt,B,Silty clay loam,SICL,247271,bulk,normal,submitted,1,S2016ND059003,WGS84,46.800992,-100.916115,standardized,16N0917,S2016ND059003,,not started,C2016USND122,Site_C NEON_10_NOGP,2016,NEON,characterization,completed,Wyola,mollisols,ustolls,argiustolls,United States,Morton,North Dakota,4,4,4.0,0.0,2019-06-05 07:48:46,2019-06-05 07:48:47,11.0,23.5,False,10-30,0.1042357,0.13569589,1.51348176,1.26532946,,32.1415345,38.2367456,1.7,1.0923029,0.18705157,6.58,7.27,25.1,36.7,1.69769643,0.19911254,0.02829494,20.6747638,27.3023053,0,S2016ND059003,EXACT,Designation and top/bottom depths agree,1255.0,S2016ND059003,2.0,Bt,18.0,29.0,11.0,silty clay loam,"brown (10YR 4/3), dark brown (10YR 3/3), moist",dark brown,10YR 3/3,10YR,3.0,3.0,moist,10YR 4/3,10YR 3/3,,,,,,,,,,,,,,,"Bt—18 to 29 centimeters (7.1 to 11.4 inches); brown (10YR 4/3), dark brown (10YR 3/3), moist; silty clay loam; 4 percent sand; 59 percent silt; 37 percent clay; moderate medium prismatic parts to moderate medium subangular blocky structure; moderately hard, firm, very sticky, very plastic; many (10.0) very fine roots throughout and few (1.0) fine roots throughout; many (10.0) fine tubular pores; 45 percent prominent very dark grayish brown (10YR 3/2), moist, clay films on all faces of peds; fragments; 37 Percent of Clay; 4 Percent of Sand; noneffervescent, by hcl, 1n; slightly alkaline, pH 7.6, pH meter; clear wavy boundary.; moist when described; observed in pit, small",1.0923029,,0.18705157,,0.023467,,,193.1056961,,,well,occasional flooding for brief periods,none ponding,"Fine, smectitic, frigid Vertic Argiustolls",Savage,no,NASIS
175276,16N04070,4966,29279,35445,7,horizon,29.0,51.0,Btk,B,Clay,C,247272,bulk,normal,submitted,1,S2016ND059003,WGS84,46.800992,-100.916115,standardized,16N0917,S2016ND059003,,not started,C2016USND122,Site_C NEON_10_NOGP,2016,NEON,characterization,completed,Wyola,mollisols,ustolls,argiustolls,United States,Morton,North Dakota,4,4,4.0,0.0,2019-06-05 07:48:49,2019-06-05 07:48:49,22.0,40.0,False,30-60,0.0631039,0.09323497,1.42358994,1.29402766,6.802779,23.8481266,31.3113716,0.934,0.9835312,0.1662329,7.83,8.44,34.8,33.9,1.7490065,0.13533979,0.02186258,15.6024096,23.3138963,0,S2016ND059003,EXACT,Designation and top/bottom depths agree,1256.0,S2016ND059003,3.0,Btk,29.0,51.0,22.0,clay,"grayish brown (10YR 5/2), dark grayish brown (10YR 4/2), moist",dark grayish brown,10YR 4/2,10YR,4.0,2.0,moist,10YR 5/2,10YR 4/2,,,,,,,,,,,,,,,"Btk—29 to 51 centimeters (11.4 to 20.1 inches); grayish brown (10YR 5/2), dark grayish brown (10YR 4/2), moist; clay; 25 percent sand; 30 percent silt; 45 percent clay; moderate medium prismatic parts to moderate medium subangular blocky structure; moderately hard, firm, very sticky, very plastic; many (10.0) very fine roots throughout and few (1.0) fine roots throughout; many (10.0) fine tubular pores; 40 percent prominent very dark brown (10YR 2/2), moist, clay films on all faces of peds; carbonate, finely disseminated throughout; fragments; 45 percent of Clay; 47 percent of Sand; violent effervescence, by hcl, 1n; moderately alkaline, pH 8.0, pH meter; clear wavy boundary.; moist when described; observed in pit, small",0.9835312,,0.1662329,,0.0210578,,,144.5503438,,,well,occasional flooding for brief periods,none ponding,"Fine, smectitic, frigid Vertic Argiustolls",Savage,no,NASIS
175277,16N04071,4966,29279,35445,8,horizon,51.0,107.0,Bk,B,Clay loam,CL,247273,bulk,normal,submitted,1,S2016ND059003,WGS84,46.800992,-100.916115,standardized,16N0917,S2016ND059003,,not started,C2016USND122,Site_C NEON_10_NOGP,2016,NEON,characterization,completed,Wyola,mollisols,ustolls,argiustolls,United States,Morton,North Dakota,4,4,4.0,0.0,2019-06-05 07:48:52,2019-06-05 07:48:52,56.0,79.0,False,60-100,0.0538278,0.06627719,1.4536528,1.32767286,7.801916,19.2236064,28.0215781,0.414,0.952979,0.19852613,8.03,8.75,41.3,30.7,1.34755518,0.08292647,0.02902427,12.8588375,20.5940097,0,S2016ND059003,EXACT,Designation and top/bottom depths agree,1257.0,S2016ND059003,4.0,Bk,51.0,107.0,56.0,clay loam,"light yellowish brown (2.5Y 6/3), light olive brown (2.5Y 5/3), moist",light olive brown,2.5Y 5/3,2.5Y,5.0,3.0,moist,2.5Y 6/3,2.5Y 5/3,,,,,,,,,,,,,,,"Bk—51 to 107 centimeters (20.1 to 42.1 inches); light yellowish brown (2.5Y 6/3), light olive brown (2.5Y 5/3), moist; clay loam; 40 percent sand; 27 percent silt; 33 percent clay; moderate medium prismatic parts to moderate medium subangular blocky structure; moderately hard, firm, very sticky, very plastic; few (1.0) very fine roots throughout and few (1.0) fine roots throughout; common (2.0) fine tubular pores; carbonate, finely disseminated throughout and 30 percent fine irregular weakly coherent cemented carbonate masses throughout and 15 percent medium irregular weakly coherent cemented carbonate masses throughout; fragments; 33 percent of Clay; 50 percent of Sand; violent effervescence, by hcl, 1n; moderately alkaline, pH 8.2, pH meter; clear wavy boundary.; moist when described; observed in pit, small",0.952979,,0.19852613,,0.0241915,,,155.7666575,,,well,occasional flooding for brief periods,none ponding,"Fine, smectitic, frigid Vertic Argiustolls",Savage,no,NASIS
175278,16N04072,4966,29280,35446,9,horizon,0.0,4.0,Oi,O,Slightly decomposed plant material,SPM,247274,bulk,normal,submitted,1,S2016ND059005,WGS84,46.768943,-100.917042,standardized,16N0918,S2016ND059005,,not started,C2016USND122,Site_C NEON_10_NOGP,2016,NEON,characterization,completed,Temvik,mollisols,ustolls,haplustolls,United States,Morton,North Dakota,4,4,4.0,0.0,2019-06-05 07:48:55,2019-06-05 07:48:56,4.0,2.0,True,0-10,0.0845575,0.09150817,,,,33.0631138,24.3789,6.81,0.7995976,0.12009185,5.83,6.04,17.1,58.5,6.80586534,0.57922258,0.08481474,29.1142857,,0,S2016ND059005,EXACT,Designation and top/bottom depths agree,1259.0,S2016ND059005,1.0,Oi,0.0,4.0,4.0,fragments,slightly decomposed plant material,,,,,,,,,,,,,,,,,,,,,,1.0,"Oi—0 to 4 centimeters (0.0 to 1.6 inches); slightly decomposed plant material; fragments.; moist when described; observed in auger, bucket",0.7995976,,0.12009185,,0.0466,,,368.6587597,,,well,none flooding,none ponding,"Fine-silty, mixed, superactive, frigid Typic Haplustolls",Temvik,no,NASIS
175279,16N04073,4966,29280,35446,10,horizon,4.0,20.0,A,A,Silt loam,SIL,247275,bulk,normal,submitted,1,S2016ND059005,WGS84,46.768943,-100.917042,standardized,16N0918,S2016ND059005,,not started,C2016USND122,Site_C NEON_10_NOGP,2016,NEON,characterization,completed,Temvik,mollisols,ustolls,haplustolls,United States,Morton,North Dakota,4,4,4.0,0.0,2019-06-05 07:48:58,2019-06-05 07:48:59,16.0,12.0,True,10-30,0.0865756,0.10823604,,,,23.6388789,23.3344406,3.18,0.8325264,0.14066706,5.51,5.91,18.9,57.8,3.17797699,0.32911089,0.04525275,13.9478261,,0,S2016ND059005,EXACT,Designation and top/bottom depths agree,1260.0,S2016ND059005,2.0,A,4.0,20.0,16.0,silt loam,"very dark gray (10YR 3/1), black (10YR 2/1), moist",black,10YR 2/1,10YR,2.0,1.0,moist,10YR 3/1,10YR 2/1,,,,,,,,,,,,,,,"A—4 to 20 centimeters (1.6 to 7.9 inches); very dark gray (10YR 3/1), black (10YR 2/1), moist; silt loam; 5 percent sand; 69 percent silt; 26 percent clay; slightly hard, friable, moderately sticky, moderately plastic; common (4.0) very fine roots throughout and few (1.0) fine roots throughout; common (4.0) very fine tubular and few (1.0) fine tubular pores; fragments; 26 percent of Clay; 5 percent of Sand; noneffervescent, by hcl, 1n; neutral, pH 7.0, pH meter.; moist when described; observed in auger, bucket",0.8325264,,0.14066706,,0.0423609,,,405.8851388,,,well,none flooding,none ponding,"Fine-silty, mixed, superactive, frigid Typic Haplustolls",Temvik,no,NASIS
175280,16N04074,4966,29280,35446,11,horizon,20.0,35.0,Bw1,B,Silty clay loam,SICL,247276,bulk,normal,submitted,1,S2016ND059005,WGS84,46.768943,-100.917042,standardized,16N0918,S2016ND059005,,not started,C2016USND122,Site_C NEON_10_NOGP,2016,NEON,characterization,completed,Temvik,mollisols,ustolls,haplustolls,United States,Morton,North Dakota,4,4,4.0,0.0,2019-06-05 07:49:01,2019-06-05 07:49:01,15.0,27.5,False,10-30,0.117734,0.17224961,,,,22.130618,29.580607,1.41,1.0732782,0.2038873,6.24,6.93,18.6,51.8,1.41334642,0.18569515,0.03094919,14.5387454,,0,S2016ND059005,EXACT,Designation and top/bottom depths agree,1261.0,S2016ND059005,3.0,Bw1,20.0,35.0,15.0,silty clay loam,"light olive brown (2.5Y 5/3), olive brown (2.5Y 4/3), moist",olive brown,2.5Y 4/3,2.5Y,4.0,3.0,moist,2.5Y 5/3,2.5Y 4/3,,,,,,,,,,,,,,,"Bw1—20 to 35 centimeters (7.9 to 13.8 inches); light olive brown (2.5Y 5/3), olive brown (2.5Y 4/3), moist; silty clay loam; 5 percent sand; 63 percent silt; 32 percent clay; moderately hard, firm, moderately sticky, moderately plastic; common (3.0) very fine roots throughout; common (3.0) very fine tubular pores; fragments; 32 Percent of Clay; 5 Percent of Sand; noneffervescent, by hcl, 1n; neutral, pH 7.2, pH meter.; moist when described; observed in auger, bucket",1.0732782,,0.2038873,,0.0430886,,,406.9223971,,,well,none flooding,none ponding,"Fine-silty, mixed, superactive, frigid Typic Haplustolls",Temvik,no,NASIS
175281,16N04075,4966,29280,35446,12,horizon,35.0,51.0,Bw2,B,Silty clay loam,SICL,247277,bulk,normal,submitted,1,S2016ND059005,WGS84,46.768943,-100.917042,standardized,16N0918,S2016ND059005,,not started,C2016USND122,Site_C NEON_10_NOGP,2016,NEON,characterization,completed,Temvik,mollisols,ustolls,haplustolls,United States,Morton,North Dakota,4,4,4.0,0.0,2019-06-05 07:49:04,2019-06-05 07:49:05,16.0,43.0,False,30-60,0.1017581,0.15742593,,,,23.0775153,29.9299204,0.99,0.8642535,0.14196169,6.65,7.38,28.9,41.2,0.99410904,0.13461893,0.02588826,14.5428973,,0,S2016ND059005,EXACT,Designation and top/bottom depths agree,1262.0,S2016ND059005,4.0,Bw2,35.0,51.0,16.0,silty clay loam,"light olive brown (2.5Y 5/3), olive brown (2.5Y 4/3), moist",olive brown,2.5Y 4/3,2.5Y,4.0,3.0,moist,2.5Y 5/3,2.5Y 4/3,,,,,,,,,,,,,,,"Bw2—35 to 51 centimeters (13.8 to 20.1 inches); light olive brown (2.5Y 5/3), olive brown (2.5Y 4/3), moist; silty clay loam; 5 percent sand; 57 percent silt; 38 percent clay; moderately hard, firm, very sticky, very plastic; common (2.0) very fine roots throughout; common (2.0) very fine tubular pores; fragments; 38 percent of Clay; 5 percent of Sand; noneffervescent, by hcl, 1n; slightly alkaline, pH 7.5, pH meter.; moist when described; observed in auger, bucket",0.8642535,,0.14196169,,0.03507,,,353.6155485,,,well,none flooding,none ponding,"Fine-silty, mixed, superactive, frigid Typic Haplustolls",Temvik,no,NASIS
175282,16N04076,4966,29280,35446,13,horizon,51.0,72.0,Bk1,B,Silty clay loam,SICL,247278,bulk,normal,submitted,1,S2016ND059005,WGS84,46.768943,-100.917042,standardized,16N0918,S2016ND059005,,not started,C2016USND122,Site_C NEON_10_NOGP,2016,NEON,characterization,completed,Temvik,mollisols,ustolls,haplustolls,United States,Morton,North Dakota,4,4,4.0,0.0,2019-06-05 07:49:07,2019-06-05 07:49:08,21.0,61.5,False,60-100,0.0599468,0.10052379,,,10.643016,21.5292888,31.6914515,0.6132,0.7195694,0.15955348,7.86,8.48,28.2,40.1,1.88725847,0.10369552,0.01555433,15.4123113,,0,S2016ND059005,EXACT,Designation and top/bottom depths agree,1263.0,S2016ND059005,5.0,Bk1,51.0,72.0,21.0,silty clay loam,"grayish brown (2.5Y 5/2), dark grayish brown (2.5Y 4/2), moist",dark grayish brown,2.5Y 4/2,2.5Y,4.0,2.0,moist,2.5Y 5/2,2.5Y 4/2,,,,,,,,,,,,,,,"Bk1—51 to 72 centimeters (20.1 to 28.3 inches); grayish brown (2.5Y 5/2), dark grayish brown (2.5Y 4/2), moist; silty clay loam; 8 percent sand; 56 percent silt; 36 percent clay; moderately hard, firm, very sticky, very plastic; very few (0.5) very fine roots throughout; few (0.5) very fine tubular pores; carbonate, finely disseminated throughout and 3 percent fine irregular weakly coherent cemented carbonate masses throughout; fragments; 36 percent of Clay; 8 percent of Sand; strong effervescence, by hcl, 1n; moderately alkaline, pH 8.0, pH meter.; moist when described; observed in auger, bucket",0.7195694,,0.15955348,,0.02582,,,215.1168305,,,well,none flooding,none ponding,"Fine-silty, mixed, superactive, frigid Typic Haplustolls",Temvik,no,NASIS
175283,16N04077,4966,29280,35446,14,horizon,72.0,101.0,Bk2,B,Silty clay loam,SICL,247279,bulk,normal,submitted,1,S2016ND059005,WGS84,46.768943,-100.917042,standardized,16N0918,S2016ND059005,,not started,C2016USND122,Site_C NEON_10_NOGP,2016,NEON,characterization,completed,Temvik,mollisols,ustolls,haplustolls,United States,Morton,North Dakota,4,4,4.0,0.0,2019-06-05 07:49:10,2019-06-05 07:49:10,29.0,86.5,False,60-100,0.055812,0.07394796,,,11.331903,20.4205475,31.3502797,0.4104,0.7912702,0.19034002,8.03,8.64,28.8,39.8,1.77141497,0.06215491,0.00932324,15.0202977,,0,S2016ND059005,EXACT,Designation and top/bottom depths agree,1264.0,S2016ND059005,6.0,Bk2,72.0,101.0,29.0,silty clay loam,"grayish brown (2.5Y 5/2), dark grayish brown (2.5Y 4/2), moist",dark grayish brown,2.5Y 4/2,2.5Y,4.0,2.0,moist,2.5Y 5/2,2.5Y 4/2,"3 percent fine distinct irregular dark yellowish brown (10YR 4/6), moist, masses of oxidized iron throughout",concentration,1.0,,3,3.0,,fine,distinct,throughout,,,"3 percent fine distinct irregular dark yellowish brown (10YR 4/6), moist, masses of oxidized iron throughout",,"Bk2—72 to 101 centimeters (28.3 to 39.8 inches); grayish brown (2.5Y 5/2), dark grayish brown (2.5Y 4/2), moist; silty clay loam; 8 percent sand; 54 percent silt; 38 percent clay; moderately hard, firm, very sticky, very plastic; very few (0.5) very fine roots throughout; few (0.5) very fine tubular pores; 3 percent fine distinct irregular dark yellowish brown (10YR 4/6), moist, masses of oxidized iron throughout; carbonate, finely disseminated throughout and 4 percent medium irregular weakly coherent cemented carbonate masses throughout; fragments; 38 percent of Clay; 8 percent of Sand; strong effervescence, by hcl, 1n; moderately alkaline, pH 8.2, pH meter.; moist when described; observed in auger, bucket",0.7912702,,0.19034002,,0.0240975,,,187.4023627,,,well,none flooding,none ponding,"Fine-silty, mixed, superactive, frigid Typic Haplustolls",Temvik,no,NASIS
175284,16N04078,4966,29281,35447,15,horizon,0.0,23.0,A,A,Silt loam,SIL,247280,bulk,normal,submitted,1,S2016ND059007,WGS84,46.78332,-100.90815,standardized,16N0919,S2016ND059007,,not started,C2016USND122,Site_C NEON_10_NOGP,2016,NEON,characterization,completed,Golva,mollisols,ustolls,haplustolls,United States,Morton,North Dakota,4,4,4.0,0.0,2019-06-05 07:49:13,2019-06-05 07:49:13,23.0,11.5,True,10-30,0.1216381,0.1698975,1.20599323,0.98904877,0.492431,36.9946415,44.9385448,2.7312,1.4644191,0.27863598,7.39,7.91,7.5,47.6,2.78731219,0.2839903,0.04312445,25.1465798,33.7357421,0,S2016ND059007,EXACT,Designation and top/bottom depths agree,1268.0,S2016ND059007,1.0,A,0.0,23.0,23.0,silt loam,"very dark grayish brown (10YR 3/2), very dark brown (10YR 2/2), moist",very dark brown,10YR 2/2,10YR,2.0,2.0,moist,10YR 3/2,10YR 2/2,,,,,,,,,,,,,,,"A—0 to 23 centimeters (0.0 to 9.1 inches); very dark grayish brown (10YR 3/2), very dark brown (10YR 2/2), moist; silt loam; 10 percent sand; 66 percent silt; 24 percent clay; moderate medium granular structure; soft, very friable, slightly sticky, slightly plastic; common (6.0) very fine roots throughout and few (1.0) very coarse roots throughout and common (4.0) fine roots throughout; common (5.0) very fine tubular and few (1.0) fine tubular pores; fragments; 24 Percent of Clay; 10 Percent of Sand; noneffervescent, by hcl, 1n; slightly alkaline, pH 7.4, pH meter; clear wavy boundary.; moist when described; observed in pit, small",1.4644191,,0.27863598,,0.0384452,,,384.9240181,,,moderately well,none flooding,none ponding,"Fine-silty, mixed, superactive, frigid Typic Haplustolls",Golva,no,NASIS
175285,16N04079,4966,29281,35447,16,horizon,23.0,38.0,Bw,B,Silt loam,SIL,247281,bulk,normal,submitted,1,S2016ND059007,WGS84,46.78332,-100.90815,standardized,16N0919,S2016ND059007,,not started,C2016USND122,Site_C NEON_10_NOGP,2016,NEON,characterization,completed,Golva,mollisols,ustolls,haplustolls,United States,Morton,North Dakota,4,4,4.0,0.0,2019-06-05 07:49:16,2019-06-05 07:49:16,15.0,30.5,False,30-60,0.116127,0.16706325,1.34449046,1.09449029,1.420225,36.3394315,46.3028575,2.3396,1.4768132,0.29275744,7.52,8.1,5.5,48.2,2.50831596,0.24240028,0.03899483,23.8731219,33.8897963,0,S2016ND059007,EXACT,Designation and top/bottom depths agree,1269.0,S2016ND059007,2.0,Bw,23.0,38.0,15.0,silt loam,"dark grayish brown (10YR 4/2), very dark grayish brown (10YR 3/2), moist",very dark grayish brown,10YR 3/2,10YR,3.0,2.0,moist,10YR 4/2,10YR 3/2,"3 percent fine distinct irregular strong brown (7.5YR 4/6), moist, masses of oxidized iron throughout | observed in pit, small. Numerous redoximorphic features due to wicking effect of the water table of the creek upward through the soil profile. This pedon is adjacent to a small intermittent creek.",concentration,1.0,,3,3.0,,fine,distinct,throughout,,,"3 percent fine distinct irregular strong brown (7.5YR 4/6), moist, masses of oxidized iron throughout | observed in pit, small. Numerous redoximorphic features due to wicking effect of the water table of the creek upward through the soil profile. This pedon is adjacent to a small intermittent creek.",,"Bw—23 to 38 centimeters (9.1 to 15.0 inches); dark grayish brown (10YR 4/2), very dark grayish brown (10YR 3/2), moist; silt loam; 6 percent sand; 69 percent silt; 25 percent clay; moderate medium prismatic parts to moderate medium subangular blocky structure; soft, very friable, slightly sticky, slightly plastic; common (4.0) very fine roots throughout and common (2.0) very coarse roots throughout and common (2.0) fine roots throughout; common (3.0) very fine tubular pores; 3 percent fine distinct irregular strong brown (7.5YR 4/6), moist, masses of oxidized iron throughout; fragments; 25 Percent of Clay; 6 Percent of Sand; very slight effervescence, by hcl, 1n; slightly alkaline, pH 7.6, pH meter; clear wavy boundary.; moist when described; observed in pit, small. Numerous redoximorphic features due to wicking effect of the water table of the creek upward through the soil profile. This pedon is adjacent to a small intermittent creek.",1.4768132,,0.29275744,,0.0334698,,,322.6997471,,,moderately well,none flooding,none ponding,"Fine-silty, mixed, superactive, frigid Typic Haplustolls",Golva,no,NASIS
175286,16N04080,4966,29281,35447,17,horizon,38.0,67.0,Bk1,B,Silt loam,SIL,247282,bulk,normal,submitted,1,S2016ND059007,WGS84,46.78332,-100.90815,standardized,16N0919,S2016ND059007,,not started,C2016USND122,Site_C NEON_10_NOGP,2016,NEON,characterization,completed,Golva,mollisols,ustolls,haplustolls,United States,Morton,North Dakota,4,4,4.0,0.0,2019-06-05 07:49:19,2019-06-05 07:49:20,29.0,52.5,False,30-60,0.0910409,0.13625093,1.45190707,1.20002109,5.233461,32.56169,47.7411777,1.2124,1.3845805,0.28582843,7.81,8.32,2.8,49.5,1.83590736,0.13716549,0.02321262,25.5949367,33.186027,0,S2016ND059007,EXACT,Designation and top/bottom depths agree,1270.0,S2016ND059007,3.0,Bk1,38.0,67.0,29.0,silt loam,"light brownish gray (2.5Y 6/2), dark grayish brown (2.5Y 4/2), moist",dark grayish brown,2.5Y 4/2,2.5Y,4.0,2.0,moist,2.5Y 6/2,2.5Y 4/2,"10 percent fine distinct irregular strong brown (7.5YR 4/6), moist, masses of oxidized iron throughout and 10 percent medium distinct irregular strong brown (7.5YR 4/6), moist, masses of oxidized iron throughout | observed in pit, small. Numerous redoximorphic features due to wicking effect of the water table of the creek upward through the soil profile. This pedon is adjacent to a small intermittent creek.",concentration,1.0,,10,10.0,,fine | medium,distinct,throughout,,,"10 percent fine distinct irregular strong brown (7.5YR 4/6), moist, masses of oxidized iron throughout and 10 percent medium distinct irregular strong brown (7.5YR 4/6), moist, masses of oxidized iron throughout | observed in pit, small. Numerous redoximorphic features due to wicking effect of the water table of the creek upward through the soil profile. This pedon is adjacent to a small intermittent creek.",,"Bk1—38 to 67 centimeters (15.0 to 26.4 inches); light brownish gray (2.5Y 6/2), dark grayish brown (2.5Y 4/2), moist; silt loam; 6 percent sand; 69 percent silt; 25 percent clay; strong medium prismatic parts to moderate medium subangular blocky structure; moderately hard, firm, slightly sticky, slightly plastic; common (3.0) very fine roots throughout; common (3.0) very fine tubular pores; 10 percent fine distinct irregular strong brown (7.5YR 4/6), moist, masses of oxidized iron throughout and 10 percent medium distinct irregular strong brown (7.5YR 4/6), moist, masses of oxidized iron throughout; carbonate, finely disseminated throughout; fragments; 25 Percent of Clay; 6 Percent of Sand; strong effervescence, by hcl, 1n; moderately alkaline, pH 8.1, pH meter; gradual wavy boundary.; moist when described; observed in pit, small. Numerous redoximorphic features due to wicking effect of the water table of the creek upward through the soil profile. This pedon is adjacent to a small intermittent creek.",1.3845805,,0.28582843,,0.0217065,,,215.3574885,,,moderately well,none flooding,none ponding,"Fine-silty, mixed, superactive, frigid Typic Haplustolls",Golva,no,NASIS
175287,16N04081,4966,29281,35447,18,horizon,67.0,110.0,Bk2,B,Silt loam,SIL,247283,bulk,normal,submitted,1,S2016ND059007,WGS84,46.78332,-100.90815,standardized,16N0919,S2016ND059007,,not started,C2016USND122,Site_C NEON_10_NOGP,2016,NEON,characterization,completed,Golva,mollisols,ustolls,haplustolls,United States,Morton,North Dakota,4,4,4.0,0.0,2019-06-05 07:49:22,2019-06-05 07:49:23,43.0,88.5,False,60-100,0.073599,0.10752464,1.44495901,1.21114619,7.024824,28.9668491,42.8131824,0.7876,1.5526089,0.31275094,7.87,8.2,3.4,53.8,1.63000385,0.09464538,0.05994208,22.7484472,33.717445,0,S2016ND059007,EXACT,Designation and top/bottom depths agree,1271.0,S2016ND059007,4.0,Bk2,67.0,110.0,43.0,silt loam,"pale red (2.5YR 6/2), dark grayish brown (2.5Y 4/2), moist",dark grayish brown,2.5Y 4/2,2.5Y,4.0,2.0,moist,2.5YR 6/2,2.5Y 4/2,"1 percent fine distinct irregular strong brown (7.5YR 4/6), moist, masses of oxidized iron throughout and 1 percent medium distinct irregular strong brown (7.5YR 4/6), moist, masses of oxidized iron throughout and 25 percent fine distinct irregular strong brown (7.5YR 5/8), moist, masses of oxidized iron throughout and 25 percent medium distinct irregular strong brown (7.5YR 5/8), moist, masses of oxidized iron throughout | observed in pit, small. Numerous redoximorphic features due to wicking effect of the water table of the creek upward through the soil profile. This pedon is adjacent to a small intermittent creek.",concentration,1.0,,1 | 25,25.0,,fine | medium,distinct,throughout,,,"1 percent fine distinct irregular strong brown (7.5YR 4/6), moist, masses of oxidized iron throughout and 1 percent medium distinct irregular strong brown (7.5YR 4/6), moist, masses of oxidized iron throughout and 25 percent fine distinct irregular strong brown (7.5YR 5/8), moist, masses of oxidized iron throughout and 25 percent medium distinct irregular strong brown (7.5YR 5/8), moist, masses of oxidized iron throughout | observed in pit, small. Numerous redoximorphic features due to wicking effect of the water table of the creek upward through the soil profile. This pedon is adjacent to a small intermittent creek.",,"Bk2—67 to 110 centimeters (26.4 to 43.3 inches); pale red (2.5YR 6/2), dark grayish brown (2.5Y 4/2), moist; silt loam; 6 percent sand; 69 percent silt; 25 percent clay; strong medium prismatic parts to moderate medium subangular blocky structure; moderately hard, firm, slightly sticky, slightly plastic; few (1.0) very fine roots throughout; few (1.0) very fine tubular pores; 1 percent fine distinct irregular strong brown (7.5YR 4/6), moist, masses of oxidized iron throughout and 1 percent medium distinct irregular strong brown (7.5YR 4/6), moist, masses of oxidized iron throughout and 25 percent fine distinct irregular strong brown (7.5YR 5/8), moist, masses of oxidized iron throughout and 25 percent medium distinct irregular strong brown (7.5YR 5/8), moist, masses of oxidized iron throughout; carbonate, finely disseminated throughout and 15 percent fine irregular weakly coherent cemented carbonate masses throughout and 25 percent medium irregular weakly coherent cemented carbonate masses throughout; fragments; 25 Percent of Clay; 6 Percent of Sand; violent effervescence, by hcl, 1n; moderately alkaline, pH 8.2, pH meter.; moist when described; observed in pit, small. Numerous redoximorphic features due to wicking effect of the water table of the creek upward through the soil profile. This pedon is adjacent to a small intermittent creek.",1.5526089,,0.31275094,,0.0234083,,,180.616046,,,moderately well,none flooding,none ponding,"Fine-silty, mixed, superactive, frigid Typic Haplustolls",Golva,no,NASIS
175288,16N04082,4966,29282,35448,19,horizon,0.0,23.0,A,A,Silty clay loam,SICL,247284,bulk,normal,submitted,1,S2016ND059008,WGS84,46.801622,-100.914473,standardized,16N0920,S2016ND059008,,not started,C2016USND122,Site_C NEON_10_NOGP,2016,NEON,characterization,completed,Wyola,mollisols,ustolls,argiustolls,United States,Morton,North Dakota,4,4,4.0,0.0,2019-06-05 07:49:25,2019-06-05 07:49:26,23.0,11.5,True,10-30,0.1266477,0.12853317,1.50729094,1.26776758,,33.8698646,42.6545325,2.55,1.6983519,0.30922628,6.12,6.78,11.6,45.7,2.55470592,0.24081244,0.03559836,22.1191136,23.7725279,0,S2016ND059008,EXACT,Designation and top/bottom depths agree,1275.0,S2016ND059008,1.0,A,0.0,23.0,23.0,silty clay loam,"very dark grayish brown (10YR 3/2), very dark brown (10YR 2/2), moist",very dark brown,10YR 2/2,10YR,2.0,2.0,moist,10YR 3/2,10YR 2/2,,,,,,,,,,,,,,,"A—0 to 23 centimeters (0.0 to 9.1 inches); very dark grayish brown (10YR 3/2), very dark brown (10YR 2/2), moist; silty clay loam; 5 percent sand; 57 percent silt; 38 percent clay; moderate medium subangular blocky parts to moderate medium granular structure; moderately hard, firm, very sticky, very plastic; common (8.0) very fine roots throughout; many (6.0) very fine tubular pores; fragments; 5 Percent of Sand; 38 percent of Clay; noneffervescent, by hcl, 1n; neutral, pH 7.2, pH meter; clear wavy boundary.; moist when described; observed in pit, small",1.6983519,,0.30922628,,0.0480171,,,335.9995771,,,well,none flooding,none ponding,"Fine, smectitic, frigid Vertic Argiustolls",Savage,no,NASIS
175289,16N04083,4966,29282,35448,20,horizon,23.0,53.0,Bt,B,Silty clay,SIC,247285,bulk,normal,submitted,1,S2016ND059008,WGS84,46.801622,-100.914473,standardized,16N0920,S2016ND059008,,not started,C2016USND122,Site_C NEON_10_NOGP,2016,NEON,characterization,completed,Wyola,mollisols,ustolls,argiustolls,United States,Morton,North Dakota,4,4,4.0,0.0,2019-06-05 07:49:28,2019-06-05 07:49:28,30.0,38.0,False,30-60,0.1286749,0.14416873,1.60549852,1.26693013,,35.8664746,48.9239568,1.84,1.8280951,0.36866302,6.63,7.36,8.4,42.7,1.84317144,0.20011576,0.03159722,24.6362098,31.1516382,0,S2016ND059008,EXACT,Designation and top/bottom depths agree,1276.0,S2016ND059008,2.0,Bt,23.0,53.0,30.0,silty clay,"grayish brown (10YR 5/2), dark grayish brown (10YR 4/2), moist",dark grayish brown,10YR 4/2,10YR,4.0,2.0,moist,10YR 5/2,10YR 4/2,,,,,,,,,,,,,,,"Bt—23 to 53 centimeters (9.1 to 20.9 inches); grayish brown (10YR 5/2), dark grayish brown (10YR 4/2), moist; silty clay; 5 percent sand; 47 percent silt; 48 percent clay; strong medium prismatic parts to strong medium angular blocky structure; hard, very firm, very sticky, very plastic; common (5.0) very fine roots throughout; common (4.0) very fine tubular pores; 80 percent prominent very dark gray (10YR 3/1), moist, clay films on all faces of peds; fragments; 48 Percent of Clay; 5 percent of Sand; noneffervescent, by hcl, 1n; slightly alkaline, pH 7.4, pH meter; clear wavy boundary.; moist when described; observed in pit, small",1.8280951,,0.36866302,,0.065775,,,264.9700257,,,well,none flooding,none ponding,"Fine, smectitic, frigid Vertic Argiustolls",Savage,no,NASIS
175290,16N04084,4966,29282,35448,21,horizon,53.0,88.0,Btk,B,Silty clay,SIC,247286,bulk,normal,submitted,1,S2016ND059008,WGS84,46.801622,-100.914473,standardized,16N0920,S2016ND059008,,not started,C2016USND122,Site_C NEON_10_NOGP,2016,NEON,characterization,completed,Wyola,mollisols,ustolls,argiustolls,United States,Morton,North Dakota,4,4,4.0,0.0,2019-06-05 07:49:30,2019-06-05 07:49:31,35.0,70.5,False,60-100,0.1218466,0.15253303,1.79335352,1.35723552,1.802374,33.327671,46.6996638,1.464,1.4270639,0.31664948,7.72,8.23,10.8,42.5,1.68456965,0.16845696,0.02737426,22.3867403,31.120519,0,S2016ND059008,EXACT,Designation and top/bottom depths agree,1277.0,S2016ND059008,3.0,Btk,53.0,88.0,35.0,silty clay,"brown (10YR 5/3), brown (10YR 4/3), moist",brown,10YR 4/3,10YR,4.0,3.0,moist,10YR 5/3,10YR 4/3,,,,,,,,,,,,,,,"Btk—53 to 88 centimeters (20.9 to 34.6 inches); brown (10YR 5/3), brown (10YR 4/3), moist; silty clay; 4 percent sand; 41 percent silt; 55 percent clay; strong medium prismatic parts to strong medium angular blocky structure; hard, very firm, very sticky, very plastic; common (2.0) very fine roots between peds; common (2.0) very fine tubular pores; 80 percent distinct very dark grayish brown (10YR 3/2), moist, clay films on all faces of peds; carbonate, finely disseminated throughout and 25 percent fine irregular weakly coherent cemented carbonate masses throughout; fragments; 55 Percent of Clay; 4 percent of Sand; strong effervescence, by hcl, 1n; slightly alkaline, pH 7.8, pH meter; gradual wavy boundary.; moist when described; observed in pit, small",1.4270639,,0.31664948,,0.032981,,,335.594323,,,well,none flooding,none ponding,"Fine, smectitic, frigid Vertic Argiustolls",Savage,no,NASIS
175291,16N04085,4966,29282,35448,22,horizon,88.0,200.0,C,C,Silty clay,SIC,247287,bulk,normal,submitted,1,S2016ND059008,WGS84,46.801622,-100.914473,standardized,16N0920,S2016ND059008,,not started,C2016USND122,Site_C NEON_10_NOGP,2016,NEON,characterization,completed,Wyola,mollisols,ustolls,argiustolls,United States,Morton,North Dakota,4,4,4.0,0.0,2019-06-05 07:49:33,2019-06-05 07:49:34,112.0,144.0,False,>100,0.1110851,0.13875659,1.74992896,1.36342257,2.70794,30.4162854,46.4583333,1.1048,1.6442268,0.31859388,7.86,8.24,13.8,39.7,1.429146,0.12610112,0.02732191,22.2809124,30.3031493,0,S2016ND059008,EXACT,Designation and top/bottom depths agree,1278.0,S2016ND059008,4.0,C,88.0,200.0,112.0,silty clay,"grayish brown (2.5Y 5/2), dark grayish brown (2.5Y 4/2), moist",dark grayish brown,2.5Y 4/2,2.5Y,4.0,2.0,moist,2.5Y 5/2,2.5Y 4/2,,,,,,,,,,,,,,,"C—88 to 200 centimeters (34.6 to 78.7 inches); grayish brown (2.5Y 5/2), dark grayish brown (2.5Y 4/2), moist; silty clay; 4 percent sand; 46 percent silt; 50 percent clay; massive; hard, very firm, very sticky, very plastic; few (1.0) very fine roots throughout; few (1.0) very fine tubular pores; 5 percent fine irregular weakly coherent cemented carbonate masses throughout and 2 percent medium irregular weakly coherent cemented carbonate masses throughout; 2 percent by volume nonflat angular strongly coherent cemented 5-12-20 millimeter ironstone nodules fragments observed by visual inspection method and 8 percent by volume nonflat angular strongly coherent cemented 2-3-5 millimeter ironstone nodules fragments observed by visual inspection method; 50 Percent of Clay; 4 Percent of Sand; strong effervescence, by hcl, 1n; moderately alkaline, pH 8.0, pH meter.; moist when described; observed in auger, bucket",1.6442268,,0.31859388,,0.0350281,,,307.0126172,,,well,none flooding,none ponding,"Fine, smectitic, frigid Vertic Argiustolls",Savage,no,NASIS
175292,16N04086,4966,29283,35449,23,horizon,0.0,18.0,A,A,Silt loam,SIL,247288,bulk,normal,submitted,1,S2016ND059011,WGS84,46.785917,-100.916085,standardized,16N0921,S2016ND059011,,not started,C2016USND122,Site_C NEON_10_NOGP,2016,NEON,characterization,completed,Morton,mollisols,ustolls,argiustolls,United States,Morton,North Dakota,4,4,4.0,0.0,2016-12-13 08:57:42,2016-12-13 08:57:42,18.0,9.0,True,0-10,0.1004523,0.13774318,1.19551519,1.07355522,,24.7678548,26.9903174,2.4,0.7901696,0.12538296,5.86,6.48,34.6,38.4,2.40448692,0.24767247,0.02992709,14.9119374,23.1464337,0,S2016ND059011,EXACT,Designation and top/bottom depths agree,1279.0,S2016ND059011,1.0,A,0.0,18.0,18.0,silt loam,"dark grayish brown (10YR 4/2), very dark grayish brown (10YR 3/2), moist",very dark grayish brown,10YR 3/2,10YR,3.0,2.0,moist,10YR 4/2,10YR 3/2,,,,,,,,,,,,,,,"A—0 to 18 centimeters (0.0 to 7.1 inches); dark grayish brown (10YR 4/2), very dark grayish brown (10YR 3/2), moist; silt loam; 10 percent sand; 68 percent silt; 22 percent clay; weak fine subangular blocky parts to moderate medium granular structure; soft, very friable, slightly sticky, slightly plastic; common (5.0) very fine roots throughout and few (1.0) fine roots throughout; common (3.0) very fine tubular and few (1.0) fine tubular pores; fragments; 22 Percent of Clay; 10 Percent of Sand; noneffervescent, by hcl, 1n; neutral, pH 7.0, pH meter; clear wavy boundary.; moist when described; observed in pit, small",0.7901696,,0.12538296,,0.0177027,,,178.0710309,,,well,none flooding,none ponding,"Fine-silty, mixed, superactive, frigid Typic Argiustolls",Morton,no,NASIS
175293,16N04087,4966,29283,35449,24,horizon,18.0,51.0,Bt,B,Silty clay loam,SICL,247289,bulk,normal,submitted,1,S2016ND059011,WGS84,46.785917,-100.916085,standardized,16N0921,S2016ND059011,,not started,C2016USND122,Site_C NEON_10_NOGP,2016,NEON,characterization,completed,Morton,mollisols,ustolls,argiustolls,United States,Morton,North Dakota,4,4,4.0,0.0,2016-12-13 08:57:42,2016-12-13 08:57:43,33.0,34.5,False,30-60,0.1089763,0.18663301,1.50289692,1.28140092,,27.1014975,31.2574312,1.45,0.78195,0.10638724,6.49,7.03,37.8,30.9,1.44688651,0.14572958,0.02081851,16.8082368,25.7595762,0,S2016ND059011,EXACT,Designation and top/bottom depths agree,1280.0,S2016ND059011,2.0,Bt,18.0,51.0,33.0,silty clay loam,"brown (10YR 5/3), brown (10YR 4/3), moist",brown,10YR 4/3,10YR,4.0,3.0,moist,10YR 5/3,10YR 4/3,,,,,,,,,,,,,,,"Bt—18 to 51 centimeters (7.1 to 20.1 inches); brown (10YR 5/3), brown (10YR 4/3), moist; silty clay loam; 10 percent sand; 60 percent silt; 30 percent clay; moderate medium prismatic parts to moderate medium subangular blocky structure; slightly hard, friable, moderately sticky, moderately plastic; common (4.0) very fine roots throughout; common (3.0) very fine tubular pores; 80 percent prominent black (10YR 2/1), moist, clay films on all faces of peds; fragments; 30 Percent of Clay; 10 Percent of Sand; noneffervescent, by hcl, 1n; neutral, pH 7.3, pH meter; clear wavy boundary.; moist when described; observed in pit, small",0.78195,,0.10638724,,0.0126976,,,124.2791559,,,well,none flooding,none ponding,"Fine-silty, mixed, superactive, frigid Typic Argiustolls",Morton,no,NASIS
175294,16N04088,4966,29283,35449,25,horizon,51.0,88.0,Btk,B,Silty clay loam,SICL,247290,bulk,normal,submitted,1,S2016ND059011,WGS84,46.785917,-100.916085,standardized,16N0921,S2016ND059011,,not started,C2016USND122,Site_C NEON_10_NOGP,2016,NEON,characterization,completed,Morton,mollisols,ustolls,argiustolls,United States,Morton,North Dakota,4,4,4.0,0.0,2016-12-13 08:57:43,2016-12-13 08:57:43,37.0,69.5,False,60-100,0.0684332,0.11457418,1.34335936,1.17049461,7.987344,29.3878255,34.1122367,0.7212,0.9413595,0.22904137,7.86,8.53,19.1,46.8,1.68226242,0.1051414,0.00841131,20.5173427,32.6851702,0,S2016ND059011,EXACT,Designation and top/bottom depths agree,1281.0,S2016ND059011,3.0,Btk,51.0,88.0,37.0,silty clay loam,"grayish brown (2.5Y 5/2), dark grayish brown (2.5Y 4/2), moist",dark grayish brown,2.5Y 4/2,2.5Y,4.0,2.0,moist,2.5Y 5/2,2.5Y 4/2,"2 percent medium prominent irregular strong brown (7.5YR 5/8), moist, masses of oxidized iron throughout and 3 percent fine prominent irregular strong brown (7.5YR 5/8), moist, masses of oxidized iron throughout | observed in pit, small. The redoximorphic features present in this Btk horizon were near the bottom of the horizon just above the sedimentary beds (Cr horizon).",concentration,1.0,,2 | 3,3.0,,medium | fine,prominent,throughout,,,"2 percent medium prominent irregular strong brown (7.5YR 5/8), moist, masses of oxidized iron throughout and 3 percent fine prominent irregular strong brown (7.5YR 5/8), moist, masses of oxidized iron throughout | observed in pit, small. The redoximorphic features present in this Btk horizon were near the bottom of the horizon just above the sedimentary beds (Cr horizon).",,"Btk—51 to 88 centimeters (20.1 to 34.6 inches); grayish brown (2.5Y 5/2), dark grayish brown (2.5Y 4/2), moist; silty clay loam; 10 percent sand; 61 percent silt; 29 percent clay; moderate medium prismatic parts to moderate medium subangular blocky structure; slightly hard, friable, moderately sticky, moderately plastic; common (2.0) very fine roots throughout; common (3.0) very fine tubular pores; 60 percent prominent black (10YR 2/1), moist, clay films on all faces of peds; 2 percent medium prominent irregular strong brown (7.5YR 5/8), moist, masses of oxidized iron throughout and 3 percent fine prominent irregular strong brown (7.5YR 5/8), moist, masses of oxidized iron throughout; carbonate, finely disseminated and 5 percent fine irregular weakly coherent cemented carbonate masses throughout and 5 percent medium irregular weakly coherent cemented carbonate masses throughout; fragments; 29 Percent of Clay; 10 Percent of Sand; violent effervescence, by hcl, 1n; moderately alkaline, pH 8.0, pH meter; clear wavy boundary.; moist when described; observed in pit, small. The redoximorphic features present in this Btk horizon were near the bottom of the horizon just above the sedimentary beds (Cr horizon).",0.9413595,,0.22904137,,0.0087033,,,87.7225254,,,well,none flooding,none ponding,"Fine-silty, mixed, superactive, frigid Typic Argiustolls",Morton,no,NASIS
175295,16N04089,4966,29283,35449,26,horizon,88.0,200.0,Cr,C,Bedrock,BR,247291,bulk,normal,submitted,1,S2016ND059011,WGS84,46.785917,-100.916085,standardized,16N0921,S2016ND059011,,not started,C2016USND122,Site_C NEON_10_NOGP,2016,NEON,characterization,completed,Morton,mollisols,ustolls,argiustolls,United States,Morton,North Dakota,4,4,4.0,0.0,2016-12-13 08:57:44,2016-12-13 08:57:44,112.0,144.0,False,>100,0.053291,0.07778033,,,1.782961,29.2889044,27.7882502,0.3364,1.955907,0.54304614,8.23,8.88,39.1,33.1,0.54982789,0.03172084,0.03172084,15.4661558,,0,S2016ND059011,EXACT,Designation and top/bottom depths agree,1282.0,S2016ND059011,4.0,Cr,88.0,200.0,112.0,structureless massive,bedrock,,,,,,,,,,,,,,,,,,,,,,,"Cr—88 to 200 centimeters (34.6 to 78.7 inches); bedrock; structureless massive; fragments.; moderately dry when described; observed in auger, bucket",1.955907,,0.54304614,,0.0096572,,,77.3445859,,,well,none flooding,none ponding,"Fine-silty, mixed, superactive, frigid Typic Argiustolls",Morton,no,NASIS
175296,16N04090,4966,29284,35450,27,horizon,0.0,18.0,A,A,Loamy sand,LS,247292,bulk,normal,submitted,1,S2016ND059013,WGS84,46.807505,-100.903558,standardized,16N0922,S2016ND059013,,not started,C2016USND122,Site_C NEON_10_NOGP,2016,NEON,characterization,completed,Schaller,mollisols,ustolls,haplustolls,United States,Morton,North Dakota,4,4,4.0,0.0,2016-12-13 08:57:44,2016-12-13 08:57:45,18.0,9.0,True,0-10,0.0506056,0.03999151,,,0.481384,7.5211116,5.2653413,0.8024,2.0882535,0.09414022,7.41,7.93,83.6,11.1,0.8591545,0.0909693,0.01314001,3.4922527,,0,S2016ND059013,EXACT,Designation and top/bottom depths agree,1283.0,S2016ND059013,1.0,A,0.0,18.0,18.0,loamy sand,"dark grayish brown (10YR 4/2), very dark grayish brown (10YR 3/2), moist",very dark grayish brown,10YR 3/2,10YR,3.0,2.0,moist,10YR 4/2,10YR 3/2,,,,,,,,,,,,,,,"A—0 to 18 centimeters (0.0 to 7.1 inches); dark grayish brown (10YR 4/2), very dark grayish brown (10YR 3/2), moist; loamy sand; 75 percent sand; 20 percent silt; 5 percent clay; weak fine granular structure; soft, very friable, nonsticky, nonplastic; common (5.0) very fine roots throughout and common (3.0) fine roots throughout; common (5.0) very fine tubular and common (3.0) fine tubular pores; 3 percent by volume nonflat subrounded indurated 5-10-20 millimeter mixed fragments observed by visual inspection method and 5 percent by volume nonflat subrounded indurated 2-3-5 millimeter mixed fragments observed by visual inspection method; 5 Percent of Clay; 75 Percent of Sand; noneffervescent, by hcl, 1n; slightly alkaline, pH 7.5, pH meter; clear wavy boundary.; moist when described; observed in pit, small",2.0882535,,0.09414022,,0.0499345,,,302.7781048,,,excessively,none flooding,none ponding,"Sandy, mixed, frigid Entic Haplustolls",Schaller,no,NASIS
175297,16N04091,4966,29284,35450,28,horizon,18.0,32.0,AC,AC,Loamy sand,LS,247293,bulk,normal,submitted,1,S2016ND059013,WGS84,46.807505,-100.903558,standardized,16N0922,S2016ND059013,,not started,C2016USND122,Site_C NEON_10_NOGP,2016,NEON,characterization,completed,Schaller,mollisols,ustolls,haplustolls,United States,Morton,North Dakota,4,4,4.0,0.0,2016-12-13 08:57:45,2016-12-13 08:57:46,14.0,25.0,False,10-30,0.0478649,0.04534188,,,0.758877,6.9576158,5.1377227,0.6788,1.1580482,0.09695554,7.55,8.08,86.8,8.1,0.76745434,0.07068658,0.01110789,3.2227488,,0,S2016ND059013,EXACT,Designation and top/bottom depths agree,1284.0,S2016ND059013,2.0,AC,18.0,32.0,14.0,loamy sand,"dark grayish brown (10YR 4/2), very dark grayish brown (10YR 3/2), moist",very dark grayish brown,10YR 3/2,10YR,3.0,2.0,moist,10YR 4/2,10YR 3/2,,,,,,,,,,,,,,,"AC—18 to 32 centimeters (7.1 to 12.6 inches); dark grayish brown (10YR 4/2), very dark grayish brown (10YR 3/2), moist; loamy sand; 75 percent sand; 20 percent silt; 5 percent clay; weak fine granular structure; loose, loose, nonsticky, nonplastic; common (3.0) very fine roots throughout and common (2.0) fine roots throughout; common (3.0) very fine tubular and common (2.0) fine tubular pores; 4 percent by volume nonflat subrounded indurated 5-8-20 millimeter mixed fragments observed by visual inspection method and 8 percent by volume nonflat subrounded indurated 2-3-5 millimeter mixed fragments observed by visual inspection method; 5 Percent of Clay; 75 Percent of Sand; noneffervescent, by hcl, 1n; slightly alkaline, pH 7.5, pH meter; abrupt wavy boundary.; moist when described; observed in pit, small",1.1580482,,0.09695554,,0.0329198,,,240.5895773,,,excessively,none flooding,none ponding,"Sandy, mixed, frigid Entic Haplustolls",Schaller,no,NASIS
175298,16N04092,4966,29284,35450,29,horizon,32.0,46.0,C1,C,Very gravelly Sand,GRV-S,247294,bulk,normal,submitted,1,S2016ND059013,WGS84,46.807505,-100.903558,standardized,16N0922,S2016ND059013,,not started,C2016USND122,Site_C NEON_10_NOGP,2016,NEON,characterization,completed,Schaller,mollisols,ustolls,haplustolls,United States,Morton,North Dakota,4,4,4.0,0.0,2016-12-13 08:57:46,2016-12-13 08:57:46,14.0,39.0,False,30-60,0.0609572,0.03084222,,,5.325431,3.9825707,2.4004257,0.3804,4.9114498,0.2460084,7.83,8.3,92.9,4.7,1.02001772,0.03029756,0.0272678,3.9107143,,0,S2016ND059013,EXACT,Designation and top/bottom depths agree,1285.0,S2016ND059013,3.0,C1,32.0,46.0,14.0,very gravelly sand,"yellowish brown (10YR 5/6), dark yellowish brown (10YR 4/6), moist",dark yellowish brown,10YR 4/6,10YR,4.0,6.0,moist,10YR 5/6,10YR 4/6,,,,,,,,,,,,,,,"C1—32 to 46 centimeters (12.6 to 18.1 inches); yellowish brown (10YR 5/6), dark yellowish brown (10YR 4/6), moist; very gravelly sand; 88 percent sand; 9 percent silt; 3 percent clay; structureless single grain; loose, loose, nonsticky, nonplastic; few (1.0) very fine roots throughout and few (1.0) fine roots throughout; few (1.0) very fine tubular and few (1.0) fine tubular pores; 15 percent fine irregular weakly coherent cemented carbonate masses on bottom of rock fragments; 1 percent by volume nonflat subrounded indurated 20-25-76 millimeter mixed fragments observed by visual inspection method and 9 percent by volume nonflat subrounded indurated 5-10-20 millimeter mixed fragments observed by visual inspection method and 30 percent by volume nonflat subrounded indurated 2-3-5 millimeter mixed fragments observed by visual inspection method; 3 Percent of Clay; 88 Percent of Sand; strong effervescence, by hcl, 1n; slightly alkaline, pH 7.6, pH meter; abrupt wavy boundary.; moist when described; observed in pit, small. The soil matrix of the C1 horizon is non-effervescent but the carbonate masses coating the bottoms of the rock fragments in this horizon exhibited strong effervescence.",4.9114498,,0.2460084,,0.1241274,,,288.6248521,,,excessively,none flooding,none ponding,"Sandy, mixed, frigid Entic Haplustolls",Schaller,no,NASIS
175299,16N04093,4966,29284,35450,30,horizon,46.0,130.0,C2,C,Fine sand,FS,247295,bulk,normal,submitted,1,S2016ND059013,WGS84,46.807505,-100.903558,standardized,16N0922,S2016ND059013,,not started,C2016USND122,Site_C NEON_10_NOGP,2016,NEON,characterization,completed,Schaller,mollisols,ustolls,haplustolls,United States,Morton,North Dakota,4,4,4.0,0.0,2016-12-13 08:57:47,2016-12-13 08:57:47,84.0,88.0,False,60-100,0.0369056,0.02864227,,,6.496121,3.3473707,1.988535,0.25,1.4705893,0.06941047,7.87,8.44,90.5,7.5,1.02707952,0.02013881,0.01107635,2.3017107,,0,S2016ND059013,EXACT,Designation and top/bottom depths agree,1286.0,S2016ND059013,4.0,C2,46.0,130.0,84.0,fine sand,"light yellowish brown (2.5Y 6/3), olive brown (2.5Y 4/3), moist",olive brown,2.5Y 4/3,2.5Y,4.0,3.0,moist,2.5Y 6/3,2.5Y 4/3,,,,,,,,,,,,,,,"C2—46 to 130 centimeters (18.1 to 51.2 inches); light yellowish brown (2.5Y 6/3), olive brown (2.5Y 4/3), moist; fine sand; 90 percent sand; 8 percent silt; 2 percent clay; structureless single grain; loose, loose, nonsticky, nonplastic; common (2.0) very fine roots throughout; common (2.0) very fine tubular pores; carbonate, finely disseminated throughout; fragments; 2 Percent of Clay; 10 Percent of Sand; slight effervescence, by hcl, 1n; moderately alkaline, pH 7.9, pH meter; clear wavy boundary.; moist when described; observed in pit, small",1.4705893,,0.06941047,,0.0370061,,,150.5287355,,,excessively,none flooding,none ponding,"Sandy, mixed, frigid Entic Haplustolls",Schaller,no,NASIS
175300,16N04094,4966,29285,35451,31,horizon,0.0,27.0,A,A,Clay loam,CL,247296,bulk,normal,submitted,1,S2016ND059014,WGS84,46.785732,-100.912045,standardized,16N0923,S2016ND059014,,not started,C2016USND122,Site_C NEON_10_NOGP,2016,NEON,characterization,completed,Wyola,mollisols,ustolls,argiustolls,United States,Morton,North Dakota,4,4,4.0,0.0,2016-12-13 08:57:47,2016-12-13 08:57:48,27.0,13.5,True,10-30,0.1112654,0.12416117,1.3907753,1.12427679,,32.2742394,42.3503524,2.28,1.2325761,0.23263106,6.14,6.78,20.6,37.0,2.27854153,0.19950364,0.02310042,21.9345794,32.4125906,0,S2016ND059014,EXACT,Designation and top/bottom depths agree,1289.0,S2016ND059014,1.0,A,0.0,27.0,27.0,clay loam,"dark grayish brown (10YR 4/2), very dark brown (10YR 2/2), moist",very dark brown,10YR 2/2,10YR,2.0,2.0,moist,10YR 4/2,10YR 2/2,,,,,,,,,,,,,,,"A—0 to 27 centimeters (0.0 to 10.6 inches); dark grayish brown (10YR 4/2), very dark brown (10YR 2/2), moist; clay loam; 22 percent sand; 46 percent silt; 32 percent clay; strong medium granular structure; moderately hard, firm, moderately sticky, moderately plastic; common (5.0) very fine roots throughout and few (1.0) medium roots throughout and common (2.0) fine roots throughout and few (1.0) coarse roots throughout; common (5.0) very fine tubular and common (2.0) fine tubular pores; fragments; 32 Percent of Clay; 22 Percent of Sand; noneffervescent, by hcl, 1n; neutral, pH 6.8, pH meter; clear wavy boundary.; moist when described; observed in pit, small",1.2325761,,0.23263106,,0.0348364,,,344.3655828,,,well,none flooding,none ponding,"Fine, smectitic, frigid Vertic Argiustolls",Savage,no,NASIS
175301,16N04095,4966,29285,35451,32,horizon,27.0,44.0,Bt1,B,Clay loam,CL,247297,bulk,normal,submitted,1,S2016ND059014,WGS84,46.785732,-100.912045,standardized,16N0923,S2016ND059014,,not started,C2016USND122,Site_C NEON_10_NOGP,2016,NEON,characterization,completed,Wyola,mollisols,ustolls,argiustolls,United States,Morton,North Dakota,4,4,4.0,0.0,2016-12-13 08:57:48,2016-12-13 08:57:49,17.0,35.5,False,30-60,0.1348303,0.10971729,1.61151665,1.34292608,,30.133604,40.9034147,1.54,1.7158189,0.18977232,6.38,7.1,28.2,30.9,1.54327243,0.14697833,0.01574768,20.411215,28.6474324,0,S2016ND059014,EXACT,Designation and top/bottom depths agree,1290.0,S2016ND059014,2.0,Bt1,27.0,44.0,17.0,clay loam,"grayish brown (2.5Y 5/2), very dark grayish brown (2.5Y 3/2), moist",very dark grayish brown,2.5Y 3/2,2.5Y,3.0,2.0,moist,2.5Y 5/2,2.5Y 3/2,,,,,,,,,,,,,,,"Bt1—27 to 44 centimeters (10.6 to 17.3 inches); grayish brown (2.5Y 5/2), very dark grayish brown (2.5Y 3/2), moist; clay loam; 23 percent sand; 41 percent silt; 36 percent clay; moderate coarse prismatic parts to moderate medium angular blocky structure; moderately hard, firm, moderately sticky, moderately plastic; common (3.0) very fine roots between peds and few (1.0) fine roots throughout; common (3.0) very fine tubular and few (1.0) fine tubular pores; 70 percent prominent very dark gray (2.5Y 3/1), moist, clay films on all faces of peds; fragments; 36 Percent of Clay; 23 Percent of Sand; noneffervescent, by hcl, 1n; neutral, pH 7.2, pH meter; gradual wavy boundary.; moist when described; observed in pit, small",1.7158189,,0.18977232,,0.0485082,,,372.7079758,,,well,none flooding,none ponding,"Fine, smectitic, frigid Vertic Argiustolls",Savage,no,NASIS
175302,16N04096,4966,29285,35451,33,horizon,44.0,73.0,Bt2,B,Clay loam,CL,247298,bulk,normal,submitted,1,S2016ND059014,WGS84,46.785732,-100.912045,standardized,16N0923,S2016ND059014,,not started,C2016USND122,Site_C NEON_10_NOGP,2016,NEON,characterization,completed,Wyola,mollisols,ustolls,argiustolls,United States,Morton,North Dakota,4,4,4.0,0.0,2016-12-13 08:57:49,2016-12-13 08:57:50,29.0,58.5,False,30-60,0.0994132,0.11139068,1.63586935,1.40579917,,26.793226,36.7427843,1.18,1.492524,0.19833759,6.63,7.32,32.4,30.9,1.18249421,0.11511006,0.01046455,17.8285714,23.8400161,0,S2016ND059014,EXACT,Designation and top/bottom depths agree,1291.0,S2016ND059014,3.0,Bt2,44.0,73.0,29.0,clay loam,"light olive brown (2.5Y 5/3), olive brown (2.5Y 4/3), moist",olive brown,2.5Y 4/3,2.5Y,4.0,3.0,moist,2.5Y 5/3,2.5Y 4/3,,,,,,,,,,,,,,,"Bt2—44 to 73 centimeters (17.3 to 28.7 inches); light olive brown (2.5Y 5/3), olive brown (2.5Y 4/3), moist; clay loam; 25 percent sand; 37 percent silt; 38 percent clay; moderate coarse prismatic parts to moderate medium angular blocky structure; hard, very firm, moderately sticky, moderately plastic; few (1.0) very fine roots between peds and few (1.0) fine roots throughout; few (1.0) very fine tubular and few (1.0) fine tubular pores; 85 percent prominent very dark grayish brown (2.5Y 3/2), moist, clay films on all faces of peds; 1 percent by volume nonflat subrounded indurated 5-10-20 millimeter granite fragments observed by visual inspection method; 38 Percent of Clay; 25 Percent of Sand; noneffervescent, by hcl, 1n; slightly alkaline, pH 7.4, pH meter; gradual wavy boundary.; moist when described; observed in pit, small",1.492524,,0.19833759,,0.0437418,,,396.6751805,,,well,none flooding,none ponding,"Fine, smectitic, frigid Vertic Argiustolls",Savage,no,NASIS
175303,16N04097,4966,29285,35451,34,horizon,73.0,85.0,Bt3,B,Clay loam,CL,247299,bulk,normal,submitted,1,S2016ND059014,WGS84,46.785732,-100.912045,standardized,16N0923,S2016ND059014,,not started,C2016USND122,Site_C NEON_10_NOGP,2016,NEON,characterization,completed,Wyola,mollisols,ustolls,argiustolls,United States,Morton,North Dakota,4,4,4.0,0.0,2016-12-13 08:57:50,2016-12-13 08:57:50,12.0,79.0,False,60-100,0.0679656,0.09478536,1.36381774,1.09522134,1.951357,35.4199817,34.6706975,0.776,0.771115,0.20735679,7.46,7.97,42.1,23.2,1.00626453,0.08563953,0.00535247,23.2471729,42.0369849,0,S2016ND059014,EXACT,Designation and top/bottom depths agree,1292.0,S2016ND059014,4.0,Bt3,73.0,85.0,12.0,clay loam,"light olive brown (2.5Y 5/4), olive brown (2.5Y 4/4), moist",olive brown,2.5Y 4/4,2.5Y,4.0,4.0,moist,2.5Y 5/4,2.5Y 4/4,"8 percent coarse prominent irregular yellowish brown (10YR 5/6), moist, and brown (7.5YR 4/4), moist, masses of oxidized iron on faces of peds",concentration,1.0,,8,8.0,,coarse,prominent,on faces of peds,,,"8 percent coarse prominent irregular yellowish brown (10YR 5/6), moist, and brown (7.5YR 4/4), moist, masses of oxidized iron on faces of peds",,"Bt3—73 to 85 centimeters (28.7 to 33.5 inches); light olive brown (2.5Y 5/4), olive brown (2.5Y 4/4), moist; clay loam; 30 percent sand; 36 percent silt; 34 percent clay; moderate coarse prismatic parts to moderate medium angular blocky structure; hard, very firm, moderately sticky, moderately plastic; few (1.0) very fine roots between peds; few (1.0) very fine tubular pores; 60 percent distinct dark olive brown (2.5Y 3/3), moist, clay films on all faces of peds; 8 percent coarse prominent irregular yellowish brown (10YR 5/6), moist, and brown (7.5YR 4/4), moist, masses of oxidized iron on faces of peds; 1 percent by volume nonflat subrounded indurated 5-10-20 millimeter granite fragments observed by visual inspection method; 34 Percent of Clay; 30 Percent of Sand; noneffervescent, by hcl, 1n; slightly alkaline, pH 7.5, pH meter; clear wavy boundary.; slightly moist when described; observed in pit, small",0.771115,,0.20735679,,0.0165963,,,151.3472547,,,well,none flooding,none ponding,"Fine, smectitic, frigid Vertic Argiustolls",Savage,no,NASIS
175304,16N04098,4966,29285,35451,35,horizon,85.0,104.0,Bk,B,Clay loam,CL,247300,bulk,normal,submitted,1,S2016ND059014,WGS84,46.785732,-100.912045,standardized,16N0923,S2016ND059014,,not started,C2016USND122,Site_C NEON_10_NOGP,2016,NEON,characterization,completed,Wyola,mollisols,ustolls,argiustolls,United States,Morton,North Dakota,4,4,4.0,0.0,2016-12-13 08:57:50,2016-12-13 08:57:51,19.0,94.5,False,60-100,0.0549628,0.07956543,1.40304001,1.20195881,6.136179,33.317056,29.7396455,0.4432,0.4781767,0.18333698,7.73,8.24,47.9,22.4,1.18055904,0.05317834,0.0,22.8826816,35.0138437,0,S2016ND059014,EXACT,Designation and top/bottom depths agree,1293.0,S2016ND059014,5.0,Bk,85.0,104.0,19.0,clay loam,"light yellowish brown (2.5Y 6/3), light olive brown (2.5Y 5/3), moist",light olive brown,2.5Y 5/3,2.5Y,5.0,3.0,moist,2.5Y 6/3,2.5Y 5/3,"2 percent coarse prominent irregular yellowish brown (10YR 5/6), moist, masses of oxidized iron on faces of peds",concentration,1.0,,2,2.0,,coarse,prominent,on faces of peds,,,"2 percent coarse prominent irregular yellowish brown (10YR 5/6), moist, masses of oxidized iron on faces of peds",,"Bk—85 to 104 centimeters (33.5 to 40.9 inches); light yellowish brown (2.5Y 6/3), light olive brown (2.5Y 5/3), moist; clay loam; 40 percent sand; 29 percent silt; 31 percent clay; moderate coarse prismatic parts to weak medium subangular blocky structure; hard, very firm, moderately sticky, moderately plastic; few (1.0) very fine roots between peds; few (1.0) very fine tubular pores; 10 percent distinct olive brown (2.5Y 4/3), moist, clay films on vertical faces of peds; 2 percent coarse prominent irregular yellowish brown (10YR 5/6), moist, masses of oxidized iron on faces of peds; 25 percent coarse irregular weakly coherent cemented carbonate masses on horizontal faces of peds; 1 percent by volume nonflat subrounded indurated 5-10-20 millimeter granite fragments observed by visual inspection method; 31 Percent of Clay; 40 Percent of Sand; strong effervescence, by hcl, 1n; slightly alkaline, pH 7.7, pH meter.; slightly moist when described; observed in pit, small",0.4781767,,0.18333698,,0.0062815,,,72.7269261,,,well,none flooding,none ponding,"Fine, smectitic, frigid Vertic Argiustolls",Savage,no,NASIS
175305,16N04099,4966,29286,35452,36,horizon,0.0,22.0,A,A,Silty clay loam,SICL,247301,bulk,normal,submitted,1,S2016ND059016,WGS84,46.79185,-100.917078,standardized,16N0924,S2016ND059016,,not started,C2016USND122,Site_C NEON_10_NOGP,2016,NEON,characterization,completed,Sen,mollisols,ustolls,haplustolls,United States,Morton,North Dakota,4,4,4.0,0.0,2016-12-13 08:57:51,2016-12-13 08:57:52,22.0,11.0,True,10-30,0.116209,0.13295899,1.39958281,1.07676938,,42.5120154,44.5345598,3.87,1.4384128,0.29692757,6.92,7.39,4.9,50.6,3.86865468,0.36036783,0.04663584,26.0188088,36.2443817,0,S2016ND059016,EXACT,Designation and top/bottom depths agree,1296.0,S2016ND059016,1.0,A,0.0,22.0,22.0,silty clay loam,"dark gray (10YR 4/1), very dark gray (10YR 3/1), moist",very dark gray,10YR 3/1,10YR,3.0,1.0,moist,10YR 4/1,10YR 3/1,,,,,,,,,,,,,,,"A—0 to 22 centimeters (0.0 to 8.7 inches); dark gray (10YR 4/1), very dark gray (10YR 3/1), moist; silty clay loam; 10 percent sand; 62 percent silt; 28 percent clay; strong medium granular structure; moderately hard, firm, moderately sticky, moderately plastic; 3.0 very fine roots throughout and 2.0 fine roots throughout and 1.0 coarse roots throughout; 3.0 very fine tubular and 2.0 fine tubular and 1.0 coarse tubular pores; fragments; noneffervescent, by hcl, 1n; neutral, pH 7.3, pH meter; clear wavy boundary.; moist when described; observed in pit, small",1.4384128,,0.29692757,,0.0325583,,,304.7861723,,,well,none flooding,none ponding,"Fine-silty, mixed, superactive, frigid Typic Haplustolls",Sen,no,NASIS
175306,16N04100,4966,29286,35452,37,horizon,22.0,36.0,Bw,B,Silty clay loam,SICL,247302,bulk,normal,submitted,1,S2016ND059016,WGS84,46.79185,-100.917078,standardized,16N0924,S2016ND059016,,not started,C2016USND122,Site_C NEON_10_NOGP,2016,NEON,characterization,completed,Sen,mollisols,ustolls,haplustolls,United States,Morton,North Dakota,4,4,4.0,0.0,2016-12-13 08:57:52,2016-12-13 08:57:52,14.0,29.0,False,10-30,0.1132833,0.14088545,1.2735737,1.03247472,0.640827,37.8188526,45.6970396,1.8932,1.4809609,0.41144706,7.43,8.03,3.3,51.0,1.96614722,0.18067299,0.02444399,22.3046358,34.7972482,0,S2016ND059016,EXACT,Designation and top/bottom depths agree,1297.0,S2016ND059016,2.0,Bw,22.0,36.0,14.0,silty clay loam,"grayish brown (2.5Y 5/2), dark grayish brown (2.5Y 4/2), moist",dark grayish brown,2.5Y 4/2,2.5Y,4.0,2.0,moist,2.5Y 5/2,2.5Y 4/2,,,,,,,,,,,,,,,"Bw—22 to 36 centimeters (8.7 to 14.2 inches); grayish brown (2.5Y 5/2), dark grayish brown (2.5Y 4/2), moist; silty clay loam; 10 percent sand; 57 percent silt; 33 percent clay; weak medium prismatic parts to weak medium subangular blocky structure; moderately hard, firm, moderately sticky, moderately plastic; 2.0 very fine roots throughout and 1.0 fine roots throughout and 1.0 coarse roots throughout; 2.0 very fine tubular and 1.0 fine tubular and 1.0 coarse tubular pores; 10 percent faint very dark grayish brown (2.5Y 3/2), moist, clay films on vertical faces of peds; fragments; noneffervescent, by hcl, 1n; moderately alkaline, pH 7.9, pH meter; clear wavy boundary.; moist when described; observed in pit, small",1.4809609,,0.41144706,,0.0217934,,,143.9625132,,,well,none flooding,none ponding,"Fine-silty, mixed, superactive, frigid Typic Haplustolls",Sen,no,NASIS
175307,16N04101,4966,29286,35452,38,horizon,36.0,67.0,Bk,B,Silty clay loam,SICL,247303,bulk,normal,submitted,1,S2016ND059016,WGS84,46.79185,-100.917078,standardized,16N0924,S2016ND059016,,not started,C2016USND122,Site_C NEON_10_NOGP,2016,NEON,characterization,completed,Sen,mollisols,ustolls,haplustolls,United States,Morton,North Dakota,4,4,4.0,0.0,2016-12-13 08:57:52,2016-12-13 08:57:53,31.0,51.5,False,30-60,0.0855508,0.1123422,1.30145306,1.11202606,4.602468,31.1589179,39.7395903,1.028,1.340769,0.38129885,7.81,8.53,5.3,55.0,1.57619345,0.1057848,0.01480987,22.6598465,32.5175401,0,S2016ND059016,EXACT,Designation and top/bottom depths agree,1298.0,S2016ND059016,3.0,Bk,36.0,67.0,31.0,silty clay loam,"light yellowish brown (2.5Y 6/3), light olive brown (2.5Y 5/3), moist",light olive brown,2.5Y 5/3,2.5Y,5.0,3.0,moist,2.5Y 6/3,2.5Y 5/3,"4 percent medium distinct irregular weakly coherent cemented yellowish brown (10YR 5/6), moist, masses of oxidized iron throughout",concentration,1.0,,4,4.0,,medium,distinct,throughout,,,"4 percent medium distinct irregular weakly coherent cemented yellowish brown (10YR 5/6), moist, masses of oxidized iron throughout",,"Bk—36 to 67 centimeters (14.2 to 26.4 inches); light yellowish brown (2.5Y 6/3), light olive brown (2.5Y 5/3), moist; silty clay loam; 10 percent sand; 55 percent silt; 35 percent clay; weak medium prismatic parts to weak medium subangular blocky structure; moderately hard, firm, moderately sticky, moderately plastic; 1.0 very fine roots throughout; 1.0 very fine tubular pores; 4 percent medium distinct irregular weakly coherent cemented yellowish brown (10YR 5/6), moist, masses of oxidized iron throughout; 3 percent coarse irregular weakly coherent cemented carbonate masses throughout; fragments; strong effervescence, by hcl, 1n; moderately alkaline, pH 8.3, pH meter; clear wavy boundary.; moist when described; observed in pit, small",1.340769,,0.38129885,,0.0154062,,,83.6134671,,,well,none flooding,none ponding,"Fine-silty, mixed, superactive, frigid Typic Haplustolls",Sen,no,NASIS
175308,16N04102,4966,29286,35452,39,horizon,67.0,200.0,Cr,C,Bedrock,BR,247304,bulk,normal,submitted,1,S2016ND059016,WGS84,46.79185,-100.917078,standardized,16N0924,S2016ND059016,,not started,C2016USND122,Site_C NEON_10_NOGP,2016,NEON,characterization,completed,Sen,mollisols,ustolls,haplustolls,United States,Morton,North Dakota,4,4,4.0,0.0,2016-12-13 08:57:53,2016-12-13 08:57:54,133.0,133.5,False,>100,0.0639065,0.09235772,,,3.875397,31.2848913,38.8865608,0.7844,1.2828876,0.62818789,7.83,8.53,3.5,57.6,1.2518006,0.07425936,0.01166933,13.457189,,0,S2016ND059016,EXACT,Designation and top/bottom depths agree,1299.0,S2016ND059016,4.0,Cr,67.0,200.0,133.0,bedrock,"light brownish gray (2.5Y 6/2), dark grayish brown (2.5Y 4/2), moist",dark grayish brown,2.5Y 4/2,2.5Y,4.0,2.0,moist,2.5Y 6/2,2.5Y 4/2,"8 percent medium prominent irregular weakly coherent cemented yellowish brown (10YR 5/6), moist, masses of oxidized iron along lamina or strata surfaces",concentration,1.0,,8,8.0,,medium,prominent,,,,"8 percent medium prominent irregular weakly coherent cemented yellowish brown (10YR 5/6), moist, masses of oxidized iron along lamina or strata surfaces",,"Cr—67 to 200 centimeters (26.4 to 78.7 inches); light brownish gray (2.5Y 6/2), dark grayish brown (2.5Y 4/2), moist; bedrock; 10 percent sand; 55 percent silt; 35 percent clay; 8 percent medium prominent irregular weakly coherent cemented yellowish brown (10YR 5/6), moist, masses of oxidized iron along lamina or strata surfaces; 2 percent medium irregular weakly coherent cemented carbonate masses throughout; fragments; strong effervescence, by hcl, 1n.; moist when described; observed in pit, small",1.2828876,,0.62818789,,0.0224383,,,194.2620255,,,well,none flooding,none ponding,"Fine-silty, mixed, superactive, frigid Typic Haplustolls",Sen,no,NASIS
175309,16N04103,4966,29287,35453,40,horizon,0.0,30.0,A,A,Silt loam,SIL,247305,bulk,normal,submitted,1,S2016ND059017,WGS84,46.764807,-100.921602,standardized,16N0925,S2016ND059017,,not started,C2016USND122,Site_C NEON_10_NOGP,2016,NEON,characterization,completed,Wilton,mollisols,ustolls,haplustolls,United States,Morton,North Dakota,4,4,4.0,0.0,2016-12-13 08:57:54,2016-12-13 08:57:55,30.0,15.0,True,10-30,0.1007503,0.10859633,,,,24.523028,25.0657037,2.84,1.074304,0.12369414,6.09,6.65,18.5,56.4,2.84041757,0.26854857,0.02788774,12.6587302,,0,S2016ND059017,EXACT,Designation and top/bottom depths agree,1300.0,S2016ND059017,1.0,A,0.0,30.0,30.0,silt loam,"very dark grayish brown (10YR 3/2), very dark brown (10YR 2/2), moist",very dark brown,10YR 2/2,10YR,2.0,2.0,moist,10YR 3/2,10YR 2/2,,,,,,,,,,,,,,,"A—0 to 30 centimeters (0.0 to 11.8 inches); very dark grayish brown (10YR 3/2), very dark brown (10YR 2/2), moist; silt loam; 10 percent sand; 68 percent silt; 22 percent clay; moderate medium granular structure; slightly hard, friable, slightly sticky, slightly plastic; 6.0 very fine roots throughout; 5.0 very fine tubular pores; fragments; noneffervescent, by hcl, 1n; clear wavy boundary.; moist when described; observed in pit, small",1.074304,,0.12369414,,0.0607657,,,408.7190737,,,well,none flooding,none ponding,"Fine-silty, mixed, superactive, frigid Pachic Haplustolls",Wilton,no,NASIS
175310,16N04104,4966,29287,35453,41,horizon,30.0,49.0,Bw1,B,Silt loam,SIL,247306,bulk,normal,submitted,1,S2016ND059017,WGS84,46.764807,-100.921602,standardized,16N0925,S2016ND059017,,not started,C2016USND122,Site_C NEON_10_NOGP,2016,NEON,characterization,completed,Wilton,mollisols,ustolls,haplustolls,United States,Morton,North Dakota,4,4,4.0,0.0,2016-12-13 08:57:55,2016-12-13 08:57:55,19.0,39.5,False,30-60,0.0959971,0.14687901,,,,21.2824885,28.1098357,1.36,0.9196784,0.15640601,6.52,7.24,20.1,51.8,1.36295136,0.13423006,0.0185857,12.8163993,,0,S2016ND059017,EXACT,Designation and top/bottom depths agree,1301.0,S2016ND059017,2.0,Bw1,30.0,49.0,19.0,silt loam,"brown (10YR 4/3), dark brown (10YR 3/3), moist",dark brown,10YR 3/3,10YR,3.0,3.0,moist,10YR 4/3,10YR 3/3,,,,,,,,,,,,,,,"Bw1—30 to 49 centimeters (11.8 to 19.3 inches); brown (10YR 4/3), dark brown (10YR 3/3), moist; silt loam; 10 percent sand; 65 percent silt; 25 percent clay; moderate medium prismatic parts to moderate medium subangular blocky structure; slightly hard, friable, slightly sticky, slightly plastic; 4.0 very fine roots throughout; 4.0 very fine tubular pores; fragments; noneffervescent, by hcl, 1n; clear wavy boundary.; moist when described; observed in pit, small",0.9196784,,0.15640601,,0.0369751,,,379.370051,,,well,none flooding,none ponding,"Fine-silty, mixed, superactive, frigid Pachic Haplustolls",Wilton,no,NASIS
175311,16N04105,4966,29287,35453,42,horizon,49.0,56.0,Bw2,B,Silty clay loam,SICL,247307,bulk,normal,submitted,1,S2016ND059017,WGS84,46.764807,-100.921602,standardized,16N0925,S2016ND059017,,not started,C2016USND122,Site_C NEON_10_NOGP,2016,NEON,characterization,completed,Wilton,mollisols,ustolls,haplustolls,United States,Morton,North Dakota,4,4,4.0,0.0,2016-12-13 08:57:56,2016-12-13 08:57:56,7.0,52.5,False,30-60,0.1090349,0.14420266,,,1.438387,21.1232665,30.2355434,0.9272,1.0887009,0.14678509,7.42,8.03,32.3,37.5,1.09608888,0.11374507,0.01240855,10.4365079,,0,S2016ND059017,EXACT,Designation and top/bottom depths agree,1302.0,S2016ND059017,3.0,Bw2,49.0,56.0,7.0,silty clay loam,"brown (10YR 5/3), brown (10YR 4/3), moist",brown,10YR 4/3,10YR,4.0,3.0,moist,10YR 5/3,10YR 4/3,,,,,,,,,,,,,,,"Bw2—49 to 56 centimeters (19.3 to 22.0 inches); brown (10YR 5/3), brown (10YR 4/3), moist; silty clay loam; 18 percent sand; 54 percent silt; 28 percent clay; weak medium prismatic parts to weak medium subangular blocky structure; moderately hard, firm, slightly sticky, slightly plastic; 2.0 very fine roots throughout; 2.0 very fine tubular pores; 2 percent by volume nonflat subangular indurated 5-15-20 millimeter mixed fragments observed by visual inspection method; noneffervescent, by hcl, 1n; clear wavy boundary.; moist when described; observed in pit, small",1.0887009,,0.14678509,,0.0459347,,,436.9464605,,,well,none flooding,none ponding,"Fine-silty, mixed, superactive, frigid Pachic Haplustolls",Wilton,no,NASIS
175312,16N04106,4966,29287,35453,43,horizon,56.0,90.0,2Bk1,B,Clay loam,CL,247308,bulk,normal,submitted,1,S2016ND059017,WGS84,46.764807,-100.921602,standardized,16N0925,S2016ND059017,,not started,C2016USND122,Site_C NEON_10_NOGP,2016,NEON,characterization,completed,Wilton,mollisols,ustolls,haplustolls,United States,Morton,North Dakota,4,4,4.0,0.0,2016-12-13 08:57:56,2016-12-13 08:57:57,34.0,73.0,False,60-100,0.0740482,0.09818102,,,7.839995,17.4797659,23.499618,0.6392,0.8443556,0.12597989,7.73,8.26,41.5,35.0,1.58480962,0.09261874,0.01029097,14.1399763,,0,S2016ND059017,EXACT,Designation and top/bottom depths agree,1303.0,S2016ND059017,4.0,2Bk1,56.0,90.0,34.0,clay loam,"grayish brown (10YR 5/2), dark grayish brown (10YR 4/2), moist",dark grayish brown,10YR 4/2,10YR,4.0,2.0,moist,10YR 5/2,10YR 4/2,"1 percent medium prominent irregular strong brown (7.5YR 5/8), moist, masses of oxidized iron in matrix and 2 percent medium distinct irregular red (2.5YR 4/6), moist, masses of oxidized iron in matrix",concentration,1.0,,1 | 2,2.0,,medium,prominent | distinct,,,,"1 percent medium prominent irregular strong brown (7.5YR 5/8), moist, masses of oxidized iron in matrix and 2 percent medium distinct irregular red (2.5YR 4/6), moist, masses of oxidized iron in matrix",,"2Bk1—56 to 90 centimeters (22.0 to 35.4 inches); grayish brown (10YR 5/2), dark grayish brown (10YR 4/2), moist; clay loam; 35 percent sand; 37 percent silt; 28 percent clay; weak medium prismatic parts to weak medium subangular blocky structure; moderately hard, firm, slightly sticky, slightly plastic; 2.0 very fine roots throughout; 1.0 very fine tubular pores; 5 percent carbonate coats on bottom of rock fragments; 1 percent medium prominent irregular strong brown (7.5YR 5/8), moist, masses of oxidized iron in matrix and 2 percent medium distinct irregular red (2.5YR 4/6), moist, masses of oxidized iron in matrix; carbonate, finely disseminated throughout and 5 percent coarse irregular weakly coherent cemented carbonate masses throughout and 5 percent medium irregular weakly coherent cemented carbonate masses throughout; 10 percent by volume nonflat subangular indurated 5-15-20 millimeter granite fragments observed by visual inspection method; strong effervescence, by hcl, 1n; clear wavy boundary.; moist when described; observed in auger, bucket",0.8443556,,0.12597989,,0.0333389,,,307.1410468,,,well,none flooding,none ponding,"Fine-silty, mixed, superactive, frigid Pachic Haplustolls",Wilton,no,NASIS
175313,16N04107,4966,29287,35453,44,horizon,90.0,133.0,3Bk2,B,Clay loam,CL,247309,bulk,normal,submitted,1,S2016ND059017,WGS84,46.764807,-100.921602,standardized,16N0925,S2016ND059017,,not started,C2016USND122,Site_C NEON_10_NOGP,2016,NEON,characterization,completed,Wilton,mollisols,ustolls,haplustolls,United States,Morton,North Dakota,4,4,4.0,0.0,2016-12-13 08:57:57,2016-12-13 08:57:57,43.0,111.5,False,>100,0.0592097,0.0638874,,,8.009111,20.2178053,28.1803446,0.2888,0.8088763,0.22481628,7.88,8.47,33.5,38.3,1.25209133,0.03104359,0.00310436,22.4369748,,0,S2016ND059017,EXACT,Designation and top/bottom depths agree,1304.0,S2016ND059017,5.0,3Bk2,90.0,133.0,43.0,clay loam,"brown (10YR 5/3), brown (10YR 4/3), moist",brown,10YR 4/3,10YR,4.0,3.0,moist,10YR 5/3,10YR 4/3,"2 percent medium distinct irregular red (2.5YR 4/6), moist, masses of oxidized iron in matrix and 5 percent coarse prominent irregular strong brown (7.5YR 5/8), moist, masses of oxidized iron in matrix",concentration,1.0,,2 | 5,5.0,,medium | coarse,distinct | prominent,,,,"2 percent medium distinct irregular red (2.5YR 4/6), moist, masses of oxidized iron in matrix and 5 percent coarse prominent irregular strong brown (7.5YR 5/8), moist, masses of oxidized iron in matrix",,"3Bk2—90 to 133 centimeters (35.4 to 52.4 inches); brown (10YR 5/3), brown (10YR 4/3), moist; clay loam; 25 percent sand; 43 percent silt; 32 percent clay; weak medium subangular blocky structure; moderately hard, firm, slightly sticky, slightly plastic; 2 percent medium distinct irregular red (2.5YR 4/6), moist, masses of oxidized iron in matrix and 5 percent coarse prominent irregular strong brown (7.5YR 5/8), moist, masses of oxidized iron in matrix; carbonate, finely disseminated throughout and 5 percent coarse irregular weakly coherent cemented carbonate masses throughout and 5 percent medium irregular weakly coherent cemented carbonate masses throughout; 1 percent by volume nonflat subangular indurated 2-3-5 millimeter granite fragments observed by visual inspection method and 1 percent by volume nonflat subangular indurated 5-15-20 millimeter granite fragments observed by visual inspection method; strong effervescence, by hcl, 1n; clear wavy boundary.; moist when described; observed in auger, bucket",0.8088763,,0.22481628,,0.03334,,,290.4929422,,,well,none flooding,none ponding,"Fine-silty, mixed, superactive, frigid Pachic Haplustolls",Wilton,no,NASIS
175314,16N04108,4966,29288,35454,45,horizon,0.0,14.0,A,A,Silty clay loam,SICL,247310,bulk,normal,submitted,1,S2016ND059020,WGS84,46.800505,-100.919598,standardized,16N0926,S2016ND059020,,not started,C2016USND122,Site_C NEON_10_NOGP,2016,NEON,characterization,completed,Chama,mollisols,ustolls,calciustolls,United States,Morton,North Dakota,4,4,4.0,0.0,2016-12-13 08:57:58,2016-12-13 08:57:59,14.0,7.0,True,0-10,0.1245307,0.16008897,1.43237646,1.21064393,1.036938,39.1238365,47.6804834,2.6752,1.4022013,0.2618772,7.2,7.56,5.7,46.6,2.79666351,0.27438963,0.03377103,22.4356436,27.4785992,0,S2016ND059020,EXACT,Designation and top/bottom depths agree,1306.0,S2016ND059020,1.0,A,0.0,14.0,14.0,silty clay loam,"brown (10YR 4/3), dark brown (10YR 3/3), moist",dark brown,10YR 3/3,10YR,3.0,3.0,moist,10YR 4/3,10YR 3/3,,,,,,,,,,,,,,,"A—0 to 14 centimeters (0.0 to 5.5 inches); brown (10YR 4/3), dark brown (10YR 3/3), moist; silty clay loam; 4 percent sand; 64 percent silt; 32 percent clay; moderate medium granular structure; moderately hard, friable, moderately sticky, moderately plastic; common (5.0) very fine roots throughout and common (5.0) fine roots throughout; common (4.0) very fine tubular and common (4.0) fine tubular pores; carbonate, finely disseminated throughout; fragments; 32 percent of Clay; 4 percent of Sand; slight effervescence, by hcl, 1n; neutral, pH 7.2, pH meter; clear wavy boundary.; moist when described; observed in pit, small",1.4022013,,0.2618772,,0.048968,,,422.1777917,,,well,none flooding,none ponding,"Fine-silty, mixed, superactive, frigid Typic Calciustolls",Chama,no,NASIS
175315,16N04109,4966,29288,35454,46,horizon,14.0,54.0,Bk,B,Silty clay loam,SICL,247311,bulk,normal,submitted,1,S2016ND059020,WGS84,46.800505,-100.919598,standardized,16N0926,S2016ND059020,,not started,C2016USND122,Site_C NEON_10_NOGP,2016,NEON,characterization,completed,Chama,mollisols,ustolls,calciustolls,United States,Morton,North Dakota,4,4,4.0,0.0,2016-12-13 08:57:59,2016-12-13 08:58:00,40.0,34.0,False,30-60,0.0957432,0.13851613,1.39341861,1.18604167,6.935909,34.2926049,46.770066,1.5972,1.2475349,0.25679835,7.64,8.22,4.7,48.5,2.42778329,0.17944485,0.02638895,21.037464,29.9253404,0,S2016ND059020,EXACT,Designation and top/bottom depths agree,1307.0,S2016ND059020,2.0,Bk,14.0,54.0,40.0,silty clay loam,"brown (10YR 5/3), brown (10YR 4/3), moist",brown,10YR 4/3,10YR,4.0,3.0,moist,10YR 5/3,10YR 4/3,,,,,,,,,,,,,,,"Bk—14 to 54 centimeters (5.5 to 21.3 inches); brown (10YR 5/3), brown (10YR 4/3), moist; silty clay loam; 4 percent sand; 66 percent silt; 30 percent clay; moderate coarse prismatic parts to moderate medium subangular blocky structure; moderately hard, friable, moderately sticky, moderately plastic; common (4.0) very fine roots throughout and common (4.0) fine roots throughout; common (2.0) very fine tubular and common (2.0) fine tubular pores; carbonate, finely disseminated throughout; fragments; 30 Percent of Clay; 4 Percent of Sand; strong effervescence, by hcl, 1n; slightly alkaline, pH 7.8, pH meter; clear wavy boundary.; moist when described; observed in pit, small",1.2475349,,0.25679835,,0.0293678,,,244.3136028,,,well,none flooding,none ponding,"Fine-silty, mixed, superactive, frigid Typic Calciustolls",Chama,no,NASIS
175316,16N04110,4966,29288,35454,47,horizon,54.0,68.0,BCk,BC,Silty clay loam,SICL,247312,bulk,normal,submitted,1,S2016ND059020,WGS84,46.800505,-100.919598,standardized,16N0926,S2016ND059020,,not started,C2016USND122,Site_C NEON_10_NOGP,2016,NEON,characterization,completed,Chama,mollisols,ustolls,calciustolls,United States,Morton,North Dakota,4,4,4.0,0.0,2016-12-13 08:58:00,2016-12-13 08:58:00,14.0,61.0,False,60-100,0.1040012,0.11815223,1.39999841,1.21816006,6.583249,38.4107259,46.8124808,0.7704,1.8634552,0.32600285,7.79,8.36,3.5,49.7,1.56331722,0.09506659,0.04119552,20.162963,31.298213,0,S2016ND059020,EXACT,Designation and top/bottom depths agree,1308.0,S2016ND059020,3.0,BCk,54.0,68.0,14.0,silty clay loam,"grayish brown (2.5Y 5/2), dark grayish brown (2.5Y 4/2), moist",dark grayish brown,2.5Y 4/2,2.5Y,4.0,2.0,moist,2.5Y 5/2,2.5Y 4/2,"10 percent fine prominent irregular light olive brown (2.5Y 5/6), moist, masses of oxidized iron throughout | observed in pit, small. Redoximorphic features have formed in a thin band right above the sedimentary beds of the Cr horizon due to lateral flow of subsurface water along the top of the beds.",concentration,1.0,,10,10.0,,fine,prominent,throughout,,,"10 percent fine prominent irregular light olive brown (2.5Y 5/6), moist, masses of oxidized iron throughout | observed in pit, small. Redoximorphic features have formed in a thin band right above the sedimentary beds of the Cr horizon due to lateral flow of subsurface water along the top of the beds.",,"BCk—54 to 68 centimeters (21.3 to 26.8 inches); grayish brown (2.5Y 5/2), dark grayish brown (2.5Y 4/2), moist; silty clay loam; 4 percent sand; 67 percent silt; 29 percent clay; moderate medium subangular blocky structure; moderately hard, friable, moderately sticky, moderately plastic; common (3.0) very fine roots throughout; common (2.0) very fine tubular pores; 10 percent fine prominent irregular light olive brown (2.5Y 5/6), moist, masses of oxidized iron throughout; carbonate, finely disseminated throughout and 10 percent fine irregular weakly coherent cemented carbonate masses throughout and 10 percent medium irregular weakly coherent cemented carbonate masses throughout; fragments; 4 Percent of Sand; 29 percent of Clay; strong effervescence, by hcl, 1n; slightly alkaline, pH 7.8, pH meter; clear wavy boundary.; moist when described; observed in pit, small. Redoximorphic features have formed in a thin band right above the sedimentary beds of the Cr horizon due to lateral flow of subsurface water along the top of the beds.",1.8634552,,0.32600285,,0.0308676,,,132.220494,,,well,none flooding,none ponding,"Fine-silty, mixed, superactive, frigid Typic Calciustolls",Chama,no,NASIS
175317,16N04111,4966,29288,35454,48,horizon,68.0,200.0,Cr,C,Bedrock,BR,247313,bulk,normal,submitted,1,S2016ND059020,WGS84,46.800505,-100.919598,standardized,16N0926,S2016ND059020,,not started,C2016USND122,Site_C NEON_10_NOGP,2016,NEON,characterization,completed,Chama,mollisols,ustolls,calciustolls,United States,Morton,North Dakota,4,4,4.0,0.0,2016-12-13 08:58:00,2016-12-13 08:58:01,132.0,134.0,False,>100,0.0599281,0.08980802,,,4.519154,30.0787696,43.3829946,0.5976,1.3542768,0.27067867,7.71,8.19,3.0,53.6,1.1368094,0.0842081,0.02631503,11.6570104,,0,S2016ND059020,EXACT,Designation and top/bottom depths agree,1309.0,S2016ND059020,4.0,Cr,68.0,200.0,132.0,fragments,bedrock,,,,,,,,,,,,,,,,,,,,,,,"Cr—68 to 200 centimeters (26.8 to 78.7 inches); bedrock; fragments.; slightly moist when described; observed in auger, bucket",1.3542768,,0.27067867,,0.0272273,,,187.1436135,,,well,none flooding,none ponding,"Fine-silty, mixed, superactive, frigid Typic Calciustolls",Chama,no,NASIS
175318,16N04112,4966,29289,35455,49,horizon,0.0,13.0,Ap,A,Loam,L,247314,bulk,normal,submitted,1,S2016ND059021,WGS84,46.798325,-100.904268,standardized,16N0927,S2016ND059021,,not started,C2016USND122,Site_C NEON_10_NOGP,2016,NEON,characterization,completed,Farnuf,mollisols,ustolls,argiustolls,United States,Morton,North Dakota,4,4,4.0,0.0,2016-12-13 08:58:01,2016-12-13 08:58:02,13.0,6.5,True,0-10,0.0864528,0.10630457,1.25246905,1.12668699,,22.0299025,24.0452008,2.17,0.7621628,0.10535448,5.64,6.12,38.3,37.7,2.17445098,0.22672001,0.02370255,13.3879222,22.3288532,0,S2016ND059021,EXACT,Designation and top/bottom depths agree,1310.0,S2016ND059021,1.0,Ap,0.0,13.0,13.0,loam,"dark grayish brown (10YR 4/2), very dark grayish brown (10YR 3/2), moist",very dark grayish brown,10YR 3/2,10YR,3.0,2.0,moist,10YR 4/2,10YR 3/2,,,,,,,,,,,,,,,"Ap—0 to 13 centimeters (0.0 to 5.1 inches); dark grayish brown (10YR 4/2), very dark grayish brown (10YR 3/2), moist; loam; 35 percent sand; 45 percent silt; 20 percent clay; weak fine granular structure; slightly hard, friable, slightly sticky, slightly plastic; common (6.0) very fine roots throughout and few (1.0) fine roots throughout and few (1.0) coarse roots throughout; common (6.0) very fine tubular and few (1.0) fine tubular and few (1.0) coarse tubular pores; fragments; 20 percent of Clay; 35 percent of Sand; noneffervescent, by hcl, 1n; neutral, pH 7.1, pH meter; abrupt smooth boundary.; moist when described; observed in pit, small. Weak platy structure evident near the bottom of the Ap horizon resulting from soil compaction caused by cultivation in the past.",0.7621628,,0.10535448,,0.0294835,,,316.6968402,,,well,none flooding,none ponding,"Fine-loamy, mixed, superactive, frigid Typic Argiustolls",Farnuf,no,NASIS
175319,16N04113,4966,29289,35455,50,horizon,13.0,25.0,A,A,Loam,L,247315,bulk,normal,submitted,1,S2016ND059021,WGS84,46.798325,-100.904268,standardized,16N0927,S2016ND059021,,not started,C2016USND122,Site_C NEON_10_NOGP,2016,NEON,characterization,completed,Farnuf,mollisols,ustolls,argiustolls,United States,Morton,North Dakota,4,4,4.0,0.0,2016-12-13 08:58:02,2016-12-13 08:58:02,12.0,19.0,False,10-30,0.0907436,0.114036,1.36781161,1.22442099,,23.1038616,25.2594578,1.77,0.825815,0.11621504,6.05,6.61,37.8,36.9,1.76869819,0.18617876,0.01758355,16.0441176,20.7057843,0,S2016ND059021,EXACT,Designation and top/bottom depths agree,1311.0,S2016ND059021,2.0,A,13.0,25.0,12.0,loam,"dark grayish brown (10YR 4/2), very dark grayish brown (10YR 3/2), moist",very dark grayish brown,10YR 3/2,10YR,3.0,2.0,moist,10YR 4/2,10YR 3/2,,,,,,,,,,,,,,,"A—13 to 25 centimeters (5.1 to 9.8 inches); dark grayish brown (10YR 4/2), very dark grayish brown (10YR 3/2), moist; loam; 35 percent sand; 42 percent silt; 23 percent clay; moderate medium subangular blocky parts to moderate medium granular structure; slightly hard, friable, slightly sticky, slightly plastic; common (5.0) very fine roots throughout and common (2.0) fine roots throughout and few (1.0) coarse roots throughout; common (5.0) very fine tubular and common (2.0) fine tubular and few (1.0) coarse tubular pores; fragments; 23 percent of Clay; 35 percent of Sand; noneffervescent, by hcl, 1n; slightly alkaline, pH 7.4, pH meter; clear wavy boundary.; moist when described; observed in pit, small",0.825815,,0.11621504,,0.0313453,,,365.2472586,,,well,none flooding,none ponding,"Fine-loamy, mixed, superactive, frigid Typic Argiustolls",Farnuf,no,NASIS
175320,16N04114,4966,29289,35455,51,horizon,25.0,37.0,Bt,B,Clay loam,CL,247316,bulk,normal,submitted,1,S2016ND059021,WGS84,46.798325,-100.904268,standardized,16N0927,S2016ND059021,,not started,C2016USND122,Site_C NEON_10_NOGP,2016,NEON,characterization,completed,Farnuf,mollisols,ustolls,argiustolls,United States,Morton,North Dakota,4,4,4.0,0.0,2016-12-13 08:58:03,2016-12-13 08:58:03,12.0,31.0,False,30-60,0.1016077,0.15481921,1.33230548,1.17110155,0.574467,28.6959667,34.1792276,1.2516,0.9916356,0.16357644,7.31,7.8,27.7,38.1,1.31633335,0.14625926,0.01358122,17.1764706,22.6921904,0,S2016ND059021,EXACT,Designation and top/bottom depths agree,1312.0,S2016ND059021,3.0,Bt,25.0,37.0,12.0,clay loam,"grayish brown (2.5Y 5/2), dark grayish brown (2.5Y 4/2), moist",dark grayish brown,2.5Y 4/2,2.5Y,4.0,2.0,moist,2.5Y 5/2,2.5Y 4/2,,,,,,,,,,,,,,,"Bt—25 to 37 centimeters (9.8 to 14.6 inches); grayish brown (2.5Y 5/2), dark grayish brown (2.5Y 4/2), moist; clay loam; 30 percent sand; 40 percent silt; 30 percent clay; moderate medium prismatic parts to moderate medium subangular blocky structure; moderately hard, firm, moderately sticky, moderately plastic; common (3.0) very fine roots throughout; common (3.0) very fine tubular pores; 25 percent distinct very dark grayish brown (2.5Y 3/2), moist, clay films on all faces of peds; fragments; 30 percent of Clay; 30 percent of Sand; noneffervescent, by hcl, 1n; slightly alkaline, pH 7.5, pH meter; clear wavy boundary.; moist when described; observed in pit, small",0.9916356,,0.16357644,,0.0246512,,,231.3639066,,,well,none flooding,none ponding,"Fine-loamy, mixed, superactive, frigid Typic Argiustolls",Farnuf,no,NASIS
175321,16N04115,4966,29289,35455,52,horizon,37.0,57.0,Btk,B,Clay loam,CL,247317,bulk,normal,submitted,1,S2016ND059021,WGS84,46.798325,-100.904268,standardized,16N0927,S2016ND059021,,not started,C2016USND122,Site_C NEON_10_NOGP,2016,NEON,characterization,completed,Farnuf,mollisols,ustolls,argiustolls,United States,Morton,North Dakota,4,4,4.0,0.0,2016-12-13 08:58:03,2016-12-13 08:58:04,20.0,47.0,False,30-60,0.0755203,0.116945,1.4134723,1.26939515,10.74702,25.247126,34.3177694,0.69,0.9489201,0.14514751,7.85,8.35,26.5,39.2,1.98472693,0.09401338,0.00522297,13.1086957,22.2682936,0,S2016ND059021,EXACT,Designation and top/bottom depths agree,1313.0,S2016ND059021,4.0,Btk,37.0,57.0,20.0,clay loam,"light yellowish brown (2.5Y 6/3), olive brown (2.5Y 4/3), moist",olive brown,2.5Y 4/3,2.5Y,4.0,3.0,moist,2.5Y 6/3,2.5Y 4/3,,,,,,,,,,,,,,,"Btk—37 to 57 centimeters (14.6 to 22.4 inches); light yellowish brown (2.5Y 6/3), olive brown (2.5Y 4/3), moist; clay loam; 25 percent sand; 46 percent silt; 29 percent clay; moderate medium prismatic parts to moderate medium subangular blocky structure; moderately hard, firm, moderately sticky, moderately plastic; common (3.0) very fine roots throughout; common (3.0) very fine tubular pores; 25 percent distinct very dark grayish brown (2.5Y 3/2), moist, clay films on all faces of peds; carbonate, finely disseminated throughout and 3 percent medium irregular weakly coherent cemented carbonate masses throughout; fragments; 29 percent of Clay; 25 percent of Sand; strong effervescence, by hcl, 1n; slightly alkaline, pH 7.8, pH meter; gradual wavy boundary.; moist when described; observed in pit, small",0.9489201,,0.14514751,,0.0237091,,,195.0850338,,,well,none flooding,none ponding,"Fine-loamy, mixed, superactive, frigid Typic Argiustolls",Farnuf,no,NASIS
175322,16N04116,4966,29289,35455,53,horizon,57.0,105.0,Bk,B,Clay loam,CL,247318,bulk,normal,submitted,1,S2016ND059021,WGS84,46.798325,-100.904268,standardized,16N0927,S2016ND059021,,not started,C2016USND122,Site_C NEON_10_NOGP,2016,NEON,characterization,completed,Farnuf,mollisols,ustolls,argiustolls,United States,Morton,North Dakota,4,4,4.0,0.0,2016-12-13 08:58:04,2016-12-13 08:58:05,48.0,81.0,False,60-100,0.0608141,0.08581715,1.4386579,1.32313578,10.84586,22.1045629,29.7698285,0.458,0.8161823,0.1334462,7.95,8.52,33.4,36.8,1.75619298,0.06235005,0.00415667,23.0969267,20.4075657,0,S2016ND059021,EXACT,Designation and top/bottom depths agree,1314.0,S2016ND059021,5.0,Bk,57.0,105.0,48.0,clay loam,"light yellowish brown (2.5Y 6/4), olive brown (2.5Y 4/4), moist",olive brown,2.5Y 4/4,2.5Y,4.0,4.0,moist,2.5Y 6/4,2.5Y 4/4,,,,,,,,,,,,,,,"Bk—57 to 105 centimeters (22.4 to 41.3 inches); light yellowish brown (2.5Y 6/4), olive brown (2.5Y 4/4), moist; clay loam; 25 percent sand; 46 percent silt; 29 percent clay; weak coarse prismatic parts to moderate coarse subangular blocky structure; moderately hard, firm, moderately sticky, moderately plastic; common (3.0) very fine roots throughout; common (3.0) very fine tubular pores; carbonate, finely disseminated throughout and 8 percent coarse irregular weakly coherent cemented carbonate masses throughout; fragments; 29 percent of Clay; 25 percent of Sand; violent effervescence, by hcl, 1n; moderately alkaline, pH 8.4, pH meter; gradual wavy boundary.; moist when described; observed in pit, small",0.8161823,,0.1334462,,0.0204789,,,178.2111388,,,well,none flooding,none ponding,"Fine-loamy, mixed, superactive, frigid Typic Argiustolls",Farnuf,no,NASIS
175323,16N04117,4966,29290,35456,54,horizon,0.0,12.0,A,A,Loam,L,247319,bulk,normal,submitted,1,S2016ND059022,WGS84,46.786505,-100.910593,standardized,16N0928,S2016ND059022,,not started,C2016USND122,Site_C NEON_10_NOGP,2016,NEON,characterization,completed,Cabba,entisols,orthents,ustorthents,United States,Morton,North Dakota,4,4,4.0,0.0,2016-12-13 08:58:05,2016-12-13 08:58:06,12.0,6.0,True,0-10,0.0706798,0.11276813,1.14082016,0.9710892,4.710558,28.4122837,24.7166926,2.7048,0.5530187,0.11968112,7.55,8.05,38.2,37.1,3.27146218,0.2612989,0.02822028,16.599064,32.707606,0,S2016ND059022,EXACT,Designation and top/bottom depths agree,1317.0,S2016ND059022,1.0,A,0.0,12.0,12.0,loam,"very dark grayish brown (10YR 3/2), grayish brown (10YR 5/2), dry",grayish brown,10YR 5/2,10YR,5.0,2.0,,,,,,,,,,,,,,,,,,"A—0 to 12 centimeters (0.0 to 4.7 inches); very dark grayish brown (10YR 3/2), grayish brown (10YR 5/2), dry; loam; 30 percent sand; 47 percent silt; 23 percent clay; weak medium subangular blocky parts to moderate medium granular structure; slightly hard, friable, slightly sticky, slightly plastic; 3.0 very fine roots throughout and 2.0 fine roots throughout; 3.0 very fine tubular and 2.0 fine tubular pores; 1 percent by volume nonflat subrounded indurated 5-10-20 millimeter granite fragments observed by visual inspection method; noneffervescent, by hcl, 1n; moderately alkaline, pH 8.1, pH meter; clear wavy boundary.; moist when described; observed in pit, small",0.5530187,,0.11968112,,0.0075355,,,72.3703504,,,well,none flooding,none ponding,"Loamy, mixed, superactive, calcareous, frigid Typic Ustorthents",Cabba,no,NASIS
175324,16N04118,4966,29290,35456,55,horizon,12.0,28.0,Bk,B,Loam,L,247320,bulk,normal,submitted,1,S2016ND059022,WGS84,46.786505,-100.910593,standardized,16N0928,S2016ND059022,,not started,C2016USND122,Site_C NEON_10_NOGP,2016,NEON,characterization,completed,Cabba,entisols,orthents,ustorthents,United States,Morton,North Dakota,4,4,4.0,0.0,2016-12-13 08:58:06,2016-12-13 08:58:06,16.0,20.0,False,10-30,0.0692431,0.11162622,1.08054682,0.96172752,11.576242,24.874476,21.299987,1.5804,0.4998949,0.12573628,7.7,8.27,43.4,35.3,2.96665928,0.16713573,0.01775817,17.3333333,28.9629276,0,S2016ND059022,EXACT,Designation and top/bottom depths agree,1318.0,S2016ND059022,2.0,Bk,12.0,28.0,16.0,loam,"brown (10YR 4/3), pale brown (10YR 6/3), dry",pale brown,10YR 6/3,10YR,6.0,3.0,,,,,,,,,,,,,,,,,,"Bk—12 to 28 centimeters (4.7 to 11.0 inches); brown (10YR 4/3), pale brown (10YR 6/3), dry; loam; 28 percent sand; 49 percent silt; 23 percent clay; weak medium subangular blocky structure; slightly hard, friable, slightly sticky, slightly plastic; 2.0 very fine roots throughout and 1.0 fine roots throughout; 2.0 very fine tubular and 1.0 fine tubular pores; carbonate, finely disseminated throughout and 1 percent medium irregular weakly coherent cemented carbonate masses throughout; fragments; strong effervescence, by hcl, 1n; moderately alkaline, pH 8.3, pH meter; clear wavy boundary.; moist when described; observed in pit, small",0.4998949,,0.12573628,,0.0044108,,,43.8979519,,,well,none flooding,none ponding,"Loamy, mixed, superactive, calcareous, frigid Typic Ustorthents",Cabba,no,NASIS
175325,16N04119,4966,29290,35456,56,horizon,28.0,40.0,BCk,BC,Loam,L,247321,bulk,normal,submitted,1,S2016ND059022,WGS84,46.786505,-100.910593,standardized,16N0928,S2016ND059022,,not started,C2016USND122,Site_C NEON_10_NOGP,2016,NEON,characterization,completed,Cabba,entisols,orthents,ustorthents,United States,Morton,North Dakota,4,4,4.0,0.0,2016-12-13 08:58:07,2016-12-13 08:58:07,12.0,34.0,False,30-60,0.0568887,0.09303415,1.10824979,0.99250908,16.576484,22.6685663,23.5252747,0.8104,0.6329821,0.2107012,7.93,8.6,40.0,36.5,2.80039302,0.09404305,0.00835938,14.75,25.6439372,0,S2016ND059022,EXACT,Designation and top/bottom depths agree,1319.0,S2016ND059022,3.0,BCk,28.0,40.0,12.0,loam,"olive brown (2.5Y 4/3), light yellowish brown (2.5Y 6/3), dry",light yellowish brown,2.5Y 6/3,2.5Y,6.0,3.0,,,,"2 percent medium distinct irregular dark yellowish brown (10YR 4/6), moist, masses of oxidized iron on horizontal faces of peds and 3 percent fine distinct irregular yellowish brown (10YR 5/6), moist, masses of oxidized iron lining pores",concentration,1.0,,2 | 3,3.0,,medium | fine,distinct,,,,"2 percent medium distinct irregular dark yellowish brown (10YR 4/6), moist, masses of oxidized iron on horizontal faces of peds and 3 percent fine distinct irregular yellowish brown (10YR 5/6), moist, masses of oxidized iron lining pores",,"BCk—28 to 40 centimeters (11.0 to 15.7 inches); olive brown (2.5Y 4/3), light yellowish brown (2.5Y 6/3), dry; loam; 30 percent sand; 47 percent silt; 23 percent clay; weak coarse subangular blocky structure; slightly hard, friable, slightly sticky, slightly plastic; 1.0 very fine roots throughout; 1.0 very fine tubular and 1.0 fine tubular pores; 2 percent medium distinct irregular dark yellowish brown (10YR 4/6), moist, masses of oxidized iron on horizontal faces of peds and 3 percent fine distinct irregular yellowish brown (10YR 5/6), moist, masses of oxidized iron lining pores; carbonate, finely disseminated throughout and 2 percent medium irregular weakly coherent cemented carbonate masses throughout; fragments; strong effervescence, by hcl, 1n; moderately alkaline, pH 8.4, pH meter; clear wavy boundary.; moist when described; observed in pit, small",0.6329821,,0.2107012,,0.0072757,,,51.8031058,,,well,none flooding,none ponding,"Loamy, mixed, superactive, calcareous, frigid Typic Ustorthents",Cabba,no,NASIS
175326,16N04120,4966,29290,35456,57,horizon,40.0,200.0,Cr,C,Bedrock,BR,247322,bulk,normal,submitted,1,S2016ND059022,WGS84,46.786505,-100.910593,standardized,16N0928,S2016ND059022,,not started,C2016USND122,Site_C NEON_10_NOGP,2016,NEON,characterization,completed,Cabba,entisols,orthents,ustorthents,United States,Morton,North Dakota,4,4,4.0,0.0,2016-12-13 08:58:07,2016-12-13 08:58:08,160.0,120.0,False,>100,0.0422234,0.06873146,,,15.157133,21.2190298,21.4957148,0.4108,0.5452479,0.18763264,8.06,8.62,47.1,31.4,2.23390871,0.06234164,0.0,14.5320464,,0,S2016ND059022,EXACT,Designation and top/bottom depths agree,1320.0,S2016ND059022,4.0,Cr,40.0,200.0,160.0,bedrock,"light olive brown (2.5Y 5/4), light yellowish brown (2.5Y 6/3), dry",light yellowish brown,2.5Y 6/3,2.5Y,6.0,3.0,,,,"3 percent coarse distinct irregular strong brown (7.5YR 5/6), moist, masses of oxidized iron on horizontal faces of peds",concentration,1.0,,3,3.0,,coarse,distinct,,,,"3 percent coarse distinct irregular strong brown (7.5YR 5/6), moist, masses of oxidized iron on horizontal faces of peds",,"Cr—40 to 200 centimeters (15.7 to 78.7 inches); light olive brown (2.5Y 5/4), light yellowish brown (2.5Y 6/3), dry; bedrock; structureless massive; 1.0 very fine roots top of horizon; 3 percent coarse distinct irregular strong brown (7.5YR 5/6), moist, masses of oxidized iron on horizontal faces of peds; 3 percent coarse irregular weakly coherent cemented carbonate masses along lamina or strata surfaces; fragments; strong effervescence, by hcl, 1n.; moist when described; observed in auger, bucket",0.5452479,,0.18763264,,0.0070372,,,58.3368852,,,well,none flooding,none ponding,"Loamy, mixed, superactive, calcareous, frigid Typic Ustorthents",Cabba,no,NASIS
175327,16N04121,4966,29291,35457,58,horizon,0.0,13.0,Ap,A,Silt loam,SIL,247323,bulk,normal,submitted,1,S2016ND059023,WGS84,46.799135,-100.902753,standardized,16N0929,S2016ND059023,,not started,C2016USND122,Site_C NEON_10_NOGP,2016,NEON,characterization,completed,Janesburg,mollisols,ustolls,natrustolls,United States,Morton,North Dakota,4,4,4.0,0.0,2016-12-13 08:58:08,2016-12-13 08:58:08,13.0,6.5,True,0-10,0.0992292,0.12111124,1.29273909,1.15442706,,24.9777496,28.9272908,3.03,0.768325,0.11732313,5.69,6.23,26.5,44.6,3.02563438,0.27881272,0.02788127,14.6153846,24.7643447,0,S2016ND059023,EXACT,Designation and top/bottom depths agree,1321.0,S2016ND059023,1.0,Ap,0.0,13.0,13.0,silt loam,"very dark grayish brown (10YR 3/2), black (10YR 2/1), moist",black,10YR 2/1,10YR,2.0,1.0,moist,10YR 3/2,10YR 2/1,,,,,,,,,,,,,,,"Ap—0 to 13 centimeters (0.0 to 5.1 inches); very dark grayish brown (10YR 3/2), black (10YR 2/1), moist; silt loam; 5 percent sand; 75 percent silt; 20 percent clay; weak fine granular structure; slightly hard, friable, slightly sticky, slightly plastic; common (6.0) very fine roots throughout and common (2.0) fine roots throughout; common (6.0) very fine tubular and common (2.0) fine tubular pores; fragments; 20 percent of Clay; 5 percent of Sand; noneffervescent, by hcl, 1n; neutral, pH 7.2, pH meter; abrupt smooth boundary.; moist when described; observed in pit, small",0.768325,,0.11732313,,0.0281753,,,291.1431959,,,well,none flooding,none ponding,"Fine, smectitic, frigid Typic Natrustolls",Janesburg,no,NASIS
175328,16N04122,4966,29291,35457,59,horizon,13.0,21.0,Bw1,B,Silt loam,SIL,247324,bulk,normal,submitted,1,S2016ND059023,WGS84,46.799135,-100.902753,standardized,16N0929,S2016ND059023,,not started,C2016USND122,Site_C NEON_10_NOGP,2016,NEON,characterization,completed,Janesburg,mollisols,ustolls,natrustolls,United States,Morton,North Dakota,4,4,4.0,0.0,2016-12-13 08:58:08,2016-12-13 08:58:09,8.0,17.0,False,10-30,0.1361128,0.17673639,1.3236495,1.13424822,,26.0668484,35.4270173,1.38,1.0075546,0.12160567,6.44,7.21,29.9,34.7,1.38456471,0.13533339,0.01353334,15.9940653,25.3698833,0,S2016ND059023,EXACT,Designation and top/bottom depths agree,1322.0,S2016ND059023,2.0,Bw1,13.0,21.0,8.0,silt loam,"very dark grayish brown (10YR 3/2), very dark brown (10YR 2/2), moist",very dark brown,10YR 2/2,10YR,2.0,2.0,moist,10YR 3/2,10YR 2/2,,,,,,,,,,,,,,,"Bw1—13 to 21 centimeters (5.1 to 8.3 inches); very dark grayish brown (10YR 3/2), very dark brown (10YR 2/2), moist; silt loam; 5 percent sand; 72 percent silt; 23 percent clay; weak medium prismatic parts to moderate medium subangular blocky structure; slightly hard, friable, slightly sticky, slightly plastic; common (4.0) very fine roots throughout and few (1.0) fine roots throughout; common (4.0) very fine tubular and few (1.0) fine tubular pores; fragments; 23 Percent of Clay; 5 Percent of Sand; noneffervescent, by hcl, 1n; slightly alkaline, pH 7.4, pH meter; clear smooth boundary.; moist when described; observed in pit, small",1.0075546,,0.12160567,,0.032706,,,322.3027224,,,well,none flooding,none ponding,"Fine, smectitic, frigid Typic Natrustolls",Janesburg,no,NASIS
175329,16N04123,4966,29291,35457,60,horizon,21.0,50.0,Bw2,B,Silt loam,SIL,247325,bulk,normal,submitted,1,S2016ND059023,WGS84,46.799135,-100.902753,standardized,16N0929,S2016ND059023,,not started,C2016USND122,Site_C NEON_10_NOGP,2016,NEON,characterization,completed,Janesburg,mollisols,ustolls,natrustolls,United States,Morton,North Dakota,4,4,4.0,0.0,2016-12-13 08:58:09,2016-12-13 08:58:10,29.0,35.5,False,30-60,0.1240639,0.16697657,1.54415434,1.27873559,,28.9671318,39.8826377,1.23,0.9390709,0.11051157,6.65,7.37,25.8,34.3,1.23332448,0.14632663,0.01149709,17.7284946,26.8001262,0,S2016ND059023,EXACT,Designation and top/bottom depths agree,1323.0,S2016ND059023,3.0,Bw2,21.0,50.0,29.0,silt loam,"grayish brown (10YR 5/2), dark grayish brown (10YR 4/2), moist",dark grayish brown,10YR 4/2,10YR,4.0,2.0,moist,10YR 5/2,10YR 4/2,,,,,,,,,,,,,,,"Bw2—21 to 50 centimeters (8.3 to 19.7 inches); grayish brown (10YR 5/2), dark grayish brown (10YR 4/2), moist; silt loam; 5 percent sand; 70 percent silt; 25 percent clay; moderate coarse prismatic parts to moderate medium subangular blocky structure; moderately hard, firm, slightly sticky, slightly plastic; common (2.0) very fine roots throughout; common (2.0) very fine tubular pores; 40 percent prominent black (10YR 2/1), moist, clay films on all faces of peds; fragments; 5 percent of Sand; 25 percent of Clay; noneffervescent, by hcl, 1n; slightly alkaline, pH 7.5, pH meter; clear wavy boundary.; moist when described; observed in pit, small",0.9390709,,0.11051157,,0.0245735,,,262.8724294,,,well,none flooding,none ponding,"Fine, smectitic, frigid Typic Natrustolls",Janesburg,no,NASIS
175330,16N04124,4966,29291,35457,61,horizon,50.0,75.0,2Btnk,B,Silty clay,SIC,247326,bulk,normal,submitted,1,S2016ND059023,WGS84,46.799135,-100.902753,standardized,16N0929,S2016ND059023,,not started,C2016USND122,Site_C NEON_10_NOGP,2016,NEON,characterization,completed,Janesburg,mollisols,ustolls,natrustolls,United States,Morton,North Dakota,4,4,4.0,0.0,2016-12-13 08:58:10,2016-12-13 08:58:11,25.0,62.5,False,60-100,0.083099,0.11291682,1.44146343,1.19594751,6.527872,28.9308573,45.6227571,0.7164,0.8133385,0.13186116,7.92,8.53,19.0,35.4,1.50372685,0.09464015,0.00630934,18.7906372,32.7089592,0,S2016ND059023,EXACT,Designation and top/bottom depths agree,1324.0,S2016ND059023,4.0,2Btnk,50.0,75.0,25.0,silty clay,"dark grayish brown (10YR 4/2), very dark grayish brown (10YR 3/2), moist",very dark grayish brown,10YR 3/2,10YR,3.0,2.0,moist,10YR 4/2,10YR 3/2,,,,,,,,,,,,,,,"2Btnk—50 to 75 centimeters (19.7 to 29.5 inches); dark grayish brown (10YR 4/2), very dark grayish brown (10YR 3/2), moist; silty clay; 8 percent sand; 47 percent silt; 45 percent clay; strong medium columnar parts to strong medium angular blocky structure; moderately hard, firm, very sticky, very plastic; few (1.0) very fine roots between peds; few (1.0) very fine tubular pores; 10 percent distinct gray (10YR 5/1), moist, silt coats on tops of soil columns and 75 percent distinct black (10YR 2/1), moist, clay films on all faces of peds; carbonate, finely disseminated throughout and 3 percent fine irregular weakly coherent cemented carbonate masses throughout and 3 percent medium irregular weakly coherent cemented carbonate masses throughout; fragments; 8 Percent of Clay; 45 Percent of Sand; violent effervescence, by hcl, 1n; moderately alkaline, pH 8.1, pH meter; gradual wavy boundary.; moist when described; observed in pit, small",0.8133385,,0.13186116,,0.0092679,,,77.0617142,,,well,none flooding,none ponding,"Fine, smectitic, frigid Typic Natrustolls",Janesburg,no,NASIS
175331,16N04125,4966,29291,35457,62,horizon,75.0,87.0,2Bk,B,Silty clay,SIC,247327,bulk,normal,submitted,1,S2016ND059023,WGS84,46.799135,-100.902753,standardized,16N0929,S2016ND059023,,not started,C2016USND122,Site_C NEON_10_NOGP,2016,NEON,characterization,completed,Janesburg,mollisols,ustolls,natrustolls,United States,Morton,North Dakota,4,4,4.0,0.0,2016-12-13 08:58:11,2016-12-13 08:58:11,12.0,81.0,False,60-100,0.0542513,0.07556145,1.38198062,1.1986865,10.137397,26.5709644,41.9837253,0.5332,0.715035,0.11667577,8.12,8.69,22.9,35.1,1.74862064,0.08376626,0.01151786,20.1079622,33.1901461,0,S2016ND059023,EXACT,Designation and top/bottom depths agree,1325.0,S2016ND059023,5.0,2Bk,75.0,87.0,12.0,silty clay,"light brownish gray (2.5Y 6/2), grayish brown (2.5Y 5/2), moist",grayish brown,2.5Y 5/2,2.5Y,5.0,2.0,moist,2.5Y 6/2,2.5Y 5/2,"1 percent fine distinct irregular dark yellowish brown (10YR 4/6), moist, masses of oxidized iron throughout and 5 percent medium distinct irregular brownish yellow (10YR 6/6), moist, masses of oxidized iron throughout",concentration,1.0,,1 | 5,5.0,,fine | medium,distinct,throughout,,,"1 percent fine distinct irregular dark yellowish brown (10YR 4/6), moist, masses of oxidized iron throughout and 5 percent medium distinct irregular brownish yellow (10YR 6/6), moist, masses of oxidized iron throughout",,"2Bk—75 to 87 centimeters (29.5 to 34.3 inches); light brownish gray (2.5Y 6/2), grayish brown (2.5Y 5/2), moist; silty clay; 8 percent sand; 62 percent silt; 30 percent clay; moderate medium prismatic parts to moderate medium angular blocky structure; moderately hard, firm, very sticky, very plastic; few (1.0) very fine roots throughout; few (1.0) very fine tubular pores; 1 percent fine distinct irregular dark yellowish brown (10YR 4/6), moist, masses of oxidized iron throughout and 5 percent medium distinct irregular brownish yellow (10YR 6/6), moist, masses of oxidized iron throughout; carbonate, finely disseminated throughout and 20 percent medium irregular weakly coherent cemented carbonate masses throughout; fragments; 30 Percent of Clay; 8 Percent of Sand; violent effervescence, by hcl, 1n; moderately alkaline, pH 8.4, pH meter; gradual wavy boundary.; moist when described; observed in pit, small",0.715035,,0.11667577,,0.0053408,,,56.5700711,,,well,none flooding,none ponding,"Fine, smectitic, frigid Typic Natrustolls",Janesburg,no,NASIS
175332,16N04126,4966,29291,35457,63,horizon,87.0,99.0,2BCky,BC,Silty clay,SIC,247328,bulk,normal,submitted,1,S2016ND059023,WGS84,46.799135,-100.902753,standardized,16N0929,S2016ND059023,,not started,C2016USND122,Site_C NEON_10_NOGP,2016,NEON,characterization,completed,Janesburg,mollisols,ustolls,natrustolls,United States,Morton,North Dakota,4,4,4.0,0.0,2016-12-13 08:58:12,2016-12-13 08:58:12,12.0,93.0,False,60-100,0.0489273,0.07275469,1.39994379,1.22625389,8.446,28.1726439,44.7861956,0.506,0.7506842,0.16309265,8.26,8.79,21.9,33.3,1.51579503,0.07368448,0.02631589,19.5865633,31.1989422,0,S2016ND059023,EXACT,Designation and top/bottom depths agree,1326.0,S2016ND059023,6.0,2BCky,87.0,99.0,12.0,silty clay,"light brownish gray (2.5Y 6/2), grayish brown (2.5Y 5/2), moist",grayish brown,2.5Y 5/2,2.5Y,5.0,2.0,moist,2.5Y 6/2,2.5Y 5/2,"1 percent medium prominent irregular brownish yellow (10YR 6/6), moist, masses of oxidized iron throughout",concentration,1.0,,1,1.0,,medium,prominent,throughout,,,"1 percent medium prominent irregular brownish yellow (10YR 6/6), moist, masses of oxidized iron throughout",,"2BCky—87 to 99 centimeters (34.3 to 39.0 inches); light brownish gray (2.5Y 6/2), grayish brown (2.5Y 5/2), moist; silty clay; 8 percent sand; 59 percent silt; 33 percent clay; weak coarse angular blocky parts to moderate medium angular blocky structure; moderately hard, firm, very sticky, very plastic; few (1.0) very fine roots throughout; few (1.0) very fine tubular pores; 1 percent medium prominent irregular brownish yellow (10YR 6/6), moist, masses of oxidized iron throughout; 15 percent fine gypsum crystals, unspecified between peds and 18 percent medium irregular weakly coherent cemented carbonate masses between peds; fragments; 33 Percent of Clay; 8 Percent of Sand; violent effervescence, by hcl, 1n; strongly alkaline, pH 8.6, pH meter; clear wavy boundary.; moist when described; observed in pit, small",0.7506842,,0.16309265,,0.0058014,,,47.3800469,,,well,none flooding,none ponding,"Fine, smectitic, frigid Typic Natrustolls",Janesburg,no,NASIS
175333,16N04127,4966,29291,35457,64,horizon,99.0,200.0,2Cr,C,Bedrock,BR,247329,bulk,normal,submitted,1,S2016ND059023,WGS84,46.799135,-100.902753,standardized,16N0929,S2016ND059023,,not started,C2016USND122,Site_C NEON_10_NOGP,2016,NEON,characterization,completed,Janesburg,mollisols,ustolls,natrustolls,United States,Morton,North Dakota,4,4,4.0,0.0,2016-12-13 08:58:12,2016-12-13 08:58:13,101.0,149.5,False,>100,0.0406468,0.07366225,,,4.422381,28.0439086,42.2815498,0.4796,0.7637512,0.22652449,8.02,8.17,21.0,36.7,1.00683474,0.03162832,0.37321414,21.8576196,,0,S2016ND059023,EXACT,Designation and top/bottom depths agree,1327.0,S2016ND059023,7.0,2Cr,99.0,200.0,101.0,structureless massive,bedrock,,,,,,,,,,,,,,,,,,,,,,,"2Cr—99 to 200 centimeters (39.0 to 78.7 inches); bedrock; structureless massive; fragments; noneffervescent, by hcl, 1n; moderately alkaline, pH 8.3, pH meter.; slightly moist when described; observed in auger, bucket",0.7637512,,0.22652449,,0.0058571,,,118.0685783,,,well,none flooding,none ponding,"Fine, smectitic, frigid Typic Natrustolls",Janesburg,no,NASIS
175334,16N04128,4966,29292,35458,65,horizon,0.0,32.0,A,A,Silt loam,SIL,247330,bulk,normal,submitted,1,S2016ND059024,WGS84,46.766155,-100.92129,standardized,16N0930,S2016ND059024,,not started,C2016USND122,Site_C NEON_10_NOGP,2016,NEON,characterization,completed,Wilton,mollisols,ustolls,haplustolls,United States,Morton,North Dakota,8,8,8.0,0.0,2016-12-13 08:58:13,2020-01-27 12:06:45,32.0,16.0,True,10-30,0.0931954,0.10733123,1.09408129,0.98854208,,24.9419147,25.3542571,2.84,0.7511428,0.12411163,6.09,6.8,16.4,58.2,2.84132438,0.26863431,0.0464944,13.4104938,27.3498944,0,S2016ND059024,EXACT,Designation and top/bottom depths agree,1328.0,S2016ND059024,1.0,A,0.0,32.0,32.0,silt loam,"very dark grayish brown (10YR 3/2), very dark brown (10YR 2/2), moist",very dark brown,10YR 2/2,10YR,2.0,2.0,moist,10YR 3/2,10YR 2/2,,,,,,,,,,,,,,,"A—0 to 32 centimeters (0.0 to 12.6 inches); very dark grayish brown (10YR 3/2), very dark brown (10YR 2/2), moist; silt loam; 10 percent sand; 68 percent silt; 22 percent clay; moderate medium granular structure; slightly hard, friable, slightly sticky, slightly plastic; 5.0 very fine roots throughout and 2.0 fine roots throughout; 4.0 very fine tubular and 1.0 fine tubular pores; 1 percent by volume nonflat subrounded indurated 5-12-20 millimeter granite fragments observed by visual inspection method; noneffervescent, by hcl, 1n; neutral, pH 7.2, pH meter; clear wavy boundary.; moist when described; observed in pit, small",0.7511428,,0.12411163,,0.0411217,,,446.4219509,,,well,none flooding,none ponding,"Fine-silty, mixed, superactive, frigid Pachic Haplustolls",Wilton,no,NASIS
175335,16N04129,4966,29292,35458,66,horizon,32.0,52.0,Bw1,B,Silt loam,SIL,247331,bulk,normal,submitted,1,S2016ND059024,WGS84,46.766155,-100.92129,standardized,16N0930,S2016ND059024,,not started,C2016USND122,Site_C NEON_10_NOGP,2016,NEON,characterization,completed,Wilton,mollisols,ustolls,haplustolls,United States,Morton,North Dakota,4,4,4.0,0.0,2016-12-13 08:58:14,2016-12-13 08:58:14,20.0,42.0,False,30-60,0.1062632,0.13542968,1.47952468,1.34635145,,22.2512125,28.1807254,1.46,0.830854,0.16229979,6.29,6.85,15.1,56.7,1.45744812,0.13437465,0.02170667,12.033543,22.1386179,0,S2016ND059024,EXACT,Designation and top/bottom depths agree,1329.0,S2016ND059024,2.0,Bw1,32.0,52.0,20.0,silt loam,"dark grayish brown (10YR 4/2), very dark grayish brown (10YR 3/2), moist",very dark grayish brown,10YR 3/2,10YR,3.0,2.0,moist,10YR 4/2,10YR 3/2,,,,,,,,,,,,,,,"Bw1—32 to 52 centimeters (12.6 to 20.5 inches); dark grayish brown (10YR 4/2), very dark grayish brown (10YR 3/2), moist; silt loam; 12 percent sand; 64 percent silt; 24 percent clay; moderate medium prismatic parts to moderate medium subangular blocky structure; slightly hard, friable, slightly sticky, slightly plastic; 3.0 very fine roots throughout and 2.0 fine roots throughout; 3.0 very fine tubular and 2.0 fine tubular pores; 10 percent faint very dark brown (10YR 2/2), moist, clay films on all faces of peds; 1 percent by volume nonflat subrounded indurated 5-12-20 millimeter granite fragments observed by visual inspection method; noneffervescent, by hcl, 1n; slightly alkaline, pH 7.4, pH meter; clear wavy boundary.; moist when described; observed in pit, small. discontinuous - phpvsfiid 1506473; discontinuous - phpvsfiid 1506473",0.830854,,0.16229979,,0.0422293,,,426.2527655,,,well,none flooding,none ponding,"Fine-silty, mixed, superactive, frigid Pachic Haplustolls",Wilton,no,NASIS
175336,16N04130,4966,29292,35458,67,horizon,52.0,64.0,Bw2,B,Silt loam,SIL,247332,bulk,normal,submitted,1,S2016ND059024,WGS84,46.766155,-100.92129,standardized,16N0930,S2016ND059024,,not started,C2016USND122,Site_C NEON_10_NOGP,2016,NEON,characterization,completed,Wilton,mollisols,ustolls,haplustolls,United States,Morton,North Dakota,4,4,4.0,0.0,2016-12-13 09:08:57,2016-12-13 09:08:58,12.0,58.0,False,30-60,0.1069741,0.13407565,1.47136014,1.35458858,0.214078,20.5435617,27.1926807,0.9448,0.8422308,0.17682287,7.14,7.85,20.4,52.4,0.97173453,0.10337601,0.01447264,11.5749235,21.4368835,0,S2016ND059024,EXACT,Designation and top/bottom depths agree,1330.0,S2016ND059024,3.0,Bw2,52.0,64.0,12.0,silt loam,"brown (10YR 5/3), brown (10YR 4/3), moist",brown,10YR 4/3,10YR,4.0,3.0,moist,10YR 5/3,10YR 4/3,,,,,,,,,,,,,,,"Bw2—52 to 64 centimeters (20.5 to 25.2 inches); brown (10YR 5/3), brown (10YR 4/3), moist; silt loam; 12 percent sand; 62 percent silt; 26 percent clay; moderate medium prismatic parts to moderate medium subangular blocky structure; slightly hard, friable, slightly sticky, slightly plastic; 3.0 very fine roots throughout and 1.0 fine roots throughout; 3.0 very fine tubular and 1.0 fine tubular pores; 3 percent faint very dark grayish brown (10YR 3/2), moist, clay films on all faces of peds; 1 percent by volume nonflat subrounded indurated 5-12-20 millimeter granite fragments observed by visual inspection method; noneffervescent, by hcl, 1n; slightly alkaline, pH 7.5, pH meter; clear wavy boundary.; moist when described; observed in pit, small. discontinuous - phpvsfiid 1506474; discontinuous - phpvsfiid 1506474",0.8422308,,0.17682287,,0.0399942,,,438.0794613,,,well,none flooding,none ponding,"Fine-silty, mixed, superactive, frigid Pachic Haplustolls",Wilton,no,NASIS
175337,16N04131,4966,29292,35458,68,horizon,64.0,75.0,Bk1,B,Silty clay loam,SICL,247333,bulk,normal,submitted,1,S2016ND059024,WGS84,46.766155,-100.92129,standardized,16N0930,S2016ND059024,,not started,C2016USND122,Site_C NEON_10_NOGP,2016,NEON,characterization,completed,Wilton,mollisols,ustolls,haplustolls,United States,Morton,North Dakota,4,4,4.0,0.0,2016-12-13 09:08:58,2016-12-13 09:08:59,11.0,69.5,False,60-100,0.0944099,0.11883057,1.45192249,1.33608385,2.090063,20.9656588,27.9789743,0.8092,0.8205113,0.15190489,7.66,8.33,24.4,47.6,1.05580649,0.0931594,0.01552657,12.016317,19.9272722,0,S2016ND059024,EXACT,Designation and top/bottom depths agree,1331.0,S2016ND059024,4.0,Bk1,64.0,75.0,11.0,silty clay loam,"brown (10YR 5/3), brown (10YR 4/3), moist",brown,10YR 4/3,10YR,4.0,3.0,moist,10YR 5/3,10YR 4/3,,,,,,,,,,,,,,,"Bk1—64 to 75 centimeters (25.2 to 29.5 inches); brown (10YR 5/3), brown (10YR 4/3), moist; silty clay loam; 18 percent sand; 54 percent silt; 28 percent clay; moderate medium prismatic parts to moderate medium subangular blocky structure; moderately hard, firm, slightly sticky, slightly plastic; 3.0 very fine roots throughout; 3.0 very fine tubular pores; carbonate, finely disseminated throughout; 1 percent by volume nonflat subrounded indurated 5-12-20 millimeter granite fragments observed by visual inspection method and 1 percent by volume flat subangular indurated 2-15-150 millimeter mixed fragments observed by visual inspection method; slight effervescence, by hcl, 1n; moderately alkaline, pH 7.9, pH meter; clear wavy boundary.; moist when described; observed in pit, small",0.8205113,,0.15190489,,0.0379307,,,392.1516427,,,well,none flooding,none ponding,"Fine-silty, mixed, superactive, frigid Pachic Haplustolls",Wilton,no,NASIS
175338,16N04132,4966,29292,35458,69,horizon,75.0,150.0,2Bk2,B,Clay loam,CL,247334,bulk,normal,submitted,1,S2016ND059024,WGS84,46.766155,-100.92129,standardized,16N0930,S2016ND059024,,not started,C2016USND122,Site_C NEON_10_NOGP,2016,NEON,characterization,completed,Wilton,mollisols,ustolls,haplustolls,United States,Morton,North Dakota,4,4,4.0,0.0,2016-12-13 09:08:59,2016-12-13 09:08:59,75.0,112.5,False,>100,0.0668582,0.08047231,1.48372592,1.38189567,10.093265,24.2494948,27.6621345,0.5092,0.7948467,0.1177338,7.9,8.54,31.1,41.2,1.71573723,0.07235036,0.00620146,11.440678,18.5425244,0,S2016ND059024,EXACT,Designation and top/bottom depths agree,1332.0,S2016ND059024,5.0,2Bk2,75.0,150.0,75.0,clay loam,"light brownish gray (10YR 6/2), dark grayish brown (10YR 4/2), moist",dark grayish brown,10YR 4/2,10YR,4.0,2.0,moist,10YR 6/2,10YR 4/2,,,,,,,,,,,,,,,"2Bk2—75 to 150 centimeters (29.5 to 59.1 inches); light brownish gray (10YR 6/2), dark grayish brown (10YR 4/2), moist; clay loam; 22 percent sand; 45 percent silt; 33 percent clay; moderate medium subangular blocky structure; moderately hard, firm, slightly sticky, slightly plastic; 1.0 very fine roots throughout; 2.0 very fine tubular pores; carbonate, finely disseminated throughout and 25 percent fine irregular weakly coherent cemented carbonate masses throughout and 10 percent medium irregular weakly coherent cemented carbonate masses throughout; 1 percent by volume nonflat subrounded indurated 2-3-5 millimeter granite fragments observed by visual inspection method and 1 percent by volume nonflat subrounded indurated 5-12-20 millimeter granite fragments observed by visual inspection method; violent effervescence, by hcl, 1n; moderately alkaline, pH 8.2, pH meter; clear wavy boundary.; moist when described; observed in pit, small",0.7948467,,0.1177338,,0.0362925,,,295.378241,,,well,none flooding,none ponding,"Fine-silty, mixed, superactive, frigid Pachic Haplustolls",Wilton,no,NASIS
175339,16N04133,4966,29293,35459,70,horizon,0.0,15.0,Ap,A,Loam,L,247335,bulk,normal,submitted,1,S2016ND059027,WGS84,46.80096,-100.904767,standardized,16N0931,S2016ND059027,,not started,C2016USND122,Site_C NEON_10_NOGP,2016,NEON,characterization,completed,Grail,mollisols,ustolls,argiustolls,United States,Eddy,North Dakota,4,4,4.0,0.0,2016-12-13 09:08:59,2016-12-13 09:09:00,15.0,7.5,True,0-10,0.0872115,0.10047918,1.36505756,1.21240868,,25.5775907,26.846462,2.26,0.9807505,0.10816044,5.92,6.51,31.5,41.7,2.26295241,0.18599609,0.02169954,13.9695712,25.0975198,0,S2016ND059027,EXACT,Designation and top/bottom depths agree,1334.0,S2016ND059027,1.0,Ap,0.0,15.0,15.0,loam,"very dark gray (10YR 3/1), black (10YR 2/1), moist",black,10YR 2/1,10YR,2.0,1.0,moist,10YR 3/1,10YR 2/1,,,,,,,,,,,,,,,"Ap—0 to 15 centimeters (0.0 to 5.9 inches); very dark gray (10YR 3/1), black (10YR 2/1), moist; loam; 20 percent sand; 58 percent silt; 22 percent clay; moderate medium subangular blocky parts to moderate fine granular structure; slightly hard, friable, slightly sticky, slightly plastic; common (10.0) very fine roots throughout and common (3.0) fine roots throughout; common (5.0) very fine tubular and common (3.0) fine tubular pores; fragments; 22 Percent of Clay; 20 Percent of Sand; noneffervescent, by hcl, 1n; neutral, pH 7.2, pH meter; abrupt smooth boundary.; moist when described; observed in pit, small",0.9807505,,0.10816044,,0.0378192,,,354.9987491,,,well,none flooding,none ponding,"Fine, smectitic, frigid Pachic Vertic Argiustolls",Grail,no,NASIS
175340,16N04134,4966,29293,35459,71,horizon,15.0,34.0,A,A,Loam,L,247336,bulk,normal,submitted,1,S2016ND059027,WGS84,46.80096,-100.904767,standardized,16N0931,S2016ND059027,,not started,C2016USND122,Site_C NEON_10_NOGP,2016,NEON,characterization,completed,Grail,mollisols,ustolls,argiustolls,United States,Eddy,North Dakota,4,4,4.0,0.0,2016-12-13 09:09:00,2016-12-13 09:09:01,19.0,24.5,False,10-30,0.0974887,0.11708614,1.35381435,1.20954146,,24.8286234,30.304677,2.14,1.043662,0.12715576,6.07,6.78,28.3,41.4,2.1379711,0.20757001,0.020757,13.6042403,22.1454628,0,S2016ND059027,EXACT,Designation and top/bottom depths agree,1335.0,S2016ND059027,2.0,A,15.0,34.0,19.0,loam,"very dark grayish brown (10YR 3/2), very dark brown (10YR 2/2), moist",very dark brown,10YR 2/2,10YR,2.0,2.0,moist,10YR 3/2,10YR 2/2,,,,,,,,,,,,,,,"A—15 to 34 centimeters (5.9 to 13.4 inches); very dark grayish brown (10YR 3/2), very dark brown (10YR 2/2), moist; loam; 20 percent sand; 58 percent silt; 22 percent clay; moderate medium subangular blocky parts to moderate fine granular structure; slightly hard, friable, slightly sticky, slightly plastic; common (3.0) very fine roots throughout and common (3.0) fine roots throughout; common (3.0) very fine tubular and common (3.0) fine tubular pores; fragments; 22 Percent of Clay; 20 Percent of Sand; noneffervescent, by hcl, 1n; neutral, pH 7.2, pH meter; clear wavy boundary.; moist when described; observed in pit, small",1.043662,,0.12715576,,0.04186,,,346.0093553,,,well,none flooding,none ponding,"Fine, smectitic, frigid Pachic Vertic Argiustolls",Grail,no,NASIS
175341,16N04135,4966,29293,35459,72,horizon,34.0,85.0,Bt,B,Clay loam,CL,247337,bulk,normal,submitted,1,S2016ND059027,WGS84,46.80096,-100.904767,standardized,16N0931,S2016ND059027,,not started,C2016USND122,Site_C NEON_10_NOGP,2016,NEON,characterization,completed,Grail,mollisols,ustolls,argiustolls,United States,Eddy,North Dakota,4,4,4.0,0.0,2016-12-13 09:09:01,2016-12-13 09:09:01,51.0,59.5,False,30-60,0.0988923,0.14323882,1.465092,1.30605274,,24.7301363,33.3371525,0.91,1.2757525,0.13670235,6.69,7.51,30.7,36.0,0.90501033,0.10402418,0.01040242,14.1884817,23.4576347,0,S2016ND059027,EXACT,Designation and top/bottom depths agree,1336.0,S2016ND059027,3.0,Bt,34.0,85.0,51.0,clay loam,"brown (10YR 4/3), dark brown (10YR 3/3), moist",dark brown,10YR 3/3,10YR,3.0,3.0,moist,10YR 4/3,10YR 3/3,,,,,,,,,,,,,,,"Bt—34 to 85 centimeters (13.4 to 33.5 inches); brown (10YR 4/3), dark brown (10YR 3/3), moist; clay loam; 30 percent sand; 33 percent silt; 37 percent clay; moderate medium prismatic parts to strong medium angular blocky structure; very hard, extremely firm, moderately sticky, moderately plastic; common (2.0) very fine roots throughout and common (2.0) fine roots throughout; common (2.0) very fine tubular and common (2.0) fine tubular pores; 75 percent distinct black (10YR 2/1), moist, clay films on all faces of peds; fragments; 37 Percent of Clay; 30 Percent of Sand; noneffervescent, by hcl, 1n; slightly alkaline, pH 7.5, pH meter; clear wavy boundary.; moist when described; observed in pit, small",1.2757525,,0.13670235,,0.0326636,,,296.3950354,,,well,none flooding,none ponding,"Fine, smectitic, frigid Pachic Vertic Argiustolls",Grail,no,NASIS
175342,16N04136,4966,29293,35459,73,horizon,85.0,105.0,Btk,B,Clay loam,CL,247338,bulk,normal,submitted,1,S2016ND059027,WGS84,46.80096,-100.904767,standardized,16N0931,S2016ND059027,,not started,C2016USND122,Site_C NEON_10_NOGP,2016,NEON,characterization,completed,Grail,mollisols,ustolls,argiustolls,United States,Eddy,North Dakota,4,4,4.0,0.0,2016-12-13 09:09:02,2016-12-13 09:09:02,20.0,95.0,False,60-100,0.0767614,0.12217515,1.4835027,1.30055446,4.184583,25.5007507,35.1986794,0.7484,1.0148315,0.14435958,7.74,8.38,27.2,37.6,1.2492651,0.09408691,0.00627246,16.6042447,26.3464061,0,S2016ND059027,EXACT,Designation and top/bottom depths agree,1337.0,S2016ND059027,4.0,Btk,85.0,105.0,20.0,clay loam,"grayish brown (2.5Y 5/2), dark grayish brown (2.5Y 4/2), moist",dark grayish brown,2.5Y 4/2,2.5Y,4.0,2.0,moist,2.5Y 5/2,2.5Y 4/2,,,,,,,,,,,,,,,"Btk—85 to 105 centimeters (33.5 to 41.3 inches); grayish brown (2.5Y 5/2), dark grayish brown (2.5Y 4/2), moist; clay loam; 30 percent sand; 34 percent silt; 36 percent clay; moderate medium prismatic parts to strong medium angular blocky structure; very hard, extremely firm, moderately sticky, moderately plastic; few (1.0) very fine roots throughout and few (1.0) fine roots throughout; few (1.0) very fine tubular and few (1.0) fine tubular pores; 30 percent distinct black (10YR 2/1), moist, clay films on all faces of peds and 40 percent distinct very dark gray (10YR 3/1), moist, clay films on all faces of peds; carbonate, finely disseminated throughout and 5 percent fine irregular weakly coherent cemented carbonate masses throughout and 15 percent medium irregular weakly coherent cemented carbonate masses throughout; fragments; 36 Percent of Clay; 30 Percent of Sand; violent effervescence, by hcl, 1n; moderately alkaline, pH 8.1, pH meter; gradual wavy boundary.; dry when described; observed in pit, small",1.0148315,,0.14435958,,0.0217619,,,259.3542619,,,well,none flooding,none ponding,"Fine, smectitic, frigid Pachic Vertic Argiustolls",Grail,no,NASIS
175343,16N04137,4966,29294,35460,74,horizon,0.0,14.0,A,A,Loam,L,247343,bulk,normal,submitted,1,S2016ND059030,WGS84,46.781328,-100.921798,standardized,16N0932,S2016ND059030,,not started,C2016USND122,Site_C NEON_10_NOGP,2016,NEON,characterization,completed,Bryant,mollisols,ustolls,haplustolls,United States,Morton,North Dakota,4,4,4.0,0.0,2016-12-13 09:09:05,2016-12-13 09:09:05,14.0,7.0,True,0-10,0.0859245,0.1200416,1.14359584,0.94090392,,23.9828774,25.9841039,2.66,0.7214064,0.10224972,6.75,7.26,39.1,34.9,2.65736905,0.257497,0.02368972,15.3481013,31.3632073,0,S2016ND059030,EXACT,Designation and top/bottom depths agree,1345.0,S2016ND059030,1.0,A,0.0,14.0,14.0,loam,"very dark grayish brown (10YR 3/2), very dark brown (10YR 2/2), moist",very dark brown,10YR 2/2,10YR,2.0,2.0,moist,10YR 3/2,10YR 2/2,,,,,,,,,,,,,,,"A—0 to 14 centimeters (0.0 to 5.5 inches); very dark grayish brown (10YR 3/2), very dark brown (10YR 2/2), moist; loam; 30 percent sand; 45 percent silt; 25 percent clay; moderate medium granular structure; slightly hard, friable, slightly sticky, slightly plastic; 3.0 very fine roots throughout and 1.0 medium roots throughout and 1.0 fine roots throughout; 3.0 very fine tubular and 1.0 medium tubular and 1.0 fine tubular pores; 1 percent by volume nonflat subrounded indurated 20-40-76 millimeter granite fragments observed by visual inspection method; noneffervescent, by hcl, 1n; neutral, pH 7.2, pH meter; clear wavy boundary.; moist when described; observed in pit, small",0.7214064,,0.10224972,,0.0214293,,,215.4317964,,,well,none flooding,none ponding,"Fine-silty, mixed, superactive, frigid Typic Haplustolls",Bryant,no,NASIS
175344,16N04138,4966,29294,35460,75,horizon,14.0,25.0,Bw1,B,Loam,L,247344,bulk,normal,submitted,1,S2016ND059030,WGS84,46.781328,-100.921798,standardized,16N0932,S2016ND059030,,not started,C2016USND122,Site_C NEON_10_NOGP,2016,NEON,characterization,completed,Bryant,mollisols,ustolls,haplustolls,United States,Morton,North Dakota,4,4,4.0,0.0,2016-12-13 09:09:05,2016-12-13 09:09:06,11.0,19.5,False,10-30,0.1007158,0.14279383,1.31652317,1.1581879,,24.1045595,29.9233227,1.8,0.7882283,0.10280743,6.36,6.97,37.3,32.8,1.80040116,0.17590126,0.01965955,14.453125,23.0085549,0,S2016ND059030,EXACT,Designation and top/bottom depths agree,1346.0,S2016ND059030,2.0,Bw1,14.0,25.0,11.0,loam,"dark grayish brown (2.5Y 4/2), very dark grayish brown (2.5Y 3/2), moist",very dark grayish brown,2.5Y 3/2,2.5Y,3.0,2.0,moist,2.5Y 4/2,2.5Y 3/2,,,,,,,,,,,,,,,"Bw1—14 to 25 centimeters (5.5 to 9.8 inches); dark grayish brown (2.5Y 4/2), very dark grayish brown (2.5Y 3/2), moist; loam; 30 percent sand; 45 percent silt; 25 percent clay; weak medium prismatic parts to moderate medium subangular blocky structure; slightly hard, friable, slightly sticky, slightly plastic; 2.0 very fine roots throughout and 1.0 fine roots throughout; 2.0 very fine tubular and 1.0 fine tubular pores; fragments; noneffervescent, by hcl, 1n; neutral, pH 7.3, pH meter; clear wavy boundary.; moist when described; observed in pit, small",0.7882283,,0.10280743,,0.0225956,,,213.8807753,,,well,none flooding,none ponding,"Fine-silty, mixed, superactive, frigid Typic Haplustolls",Bryant,no,NASIS
175345,16N04139,4966,29294,35460,76,horizon,25.0,41.0,Bw2,B,Loam,L,247345,bulk,normal,submitted,1,S2016ND059030,WGS84,46.781328,-100.921798,standardized,16N0932,S2016ND059030,,not started,C2016USND122,Site_C NEON_10_NOGP,2016,NEON,characterization,completed,Bryant,mollisols,ustolls,haplustolls,United States,Morton,North Dakota,8,8,8.0,0.0,2016-12-13 09:09:06,2020-01-27 12:06:53,16.0,33.0,False,30-60,0.1074853,0.15357248,1.30571693,1.15200184,1.817819,24.762596,33.2868086,1.3916,0.949812,0.10437474,7.6,8.17,26.6,40.1,1.60686704,0.15550326,0.01347695,15.1515152,24.4552006,0,S2016ND059030,EXACT,Designation and top/bottom depths agree,1347.0,S2016ND059030,3.0,Bw2,25.0,41.0,16.0,loam,"light olive brown (2.5Y 5/3), olive brown (2.5Y 4/3), moist",olive brown,2.5Y 4/3,2.5Y,4.0,3.0,moist,2.5Y 5/3,2.5Y 4/3,,,,,,,,,,,,,,,"Bw2—25 to 41 centimeters (9.8 to 16.1 inches); light olive brown (2.5Y 5/3), olive brown (2.5Y 4/3), moist; loam; 30 percent sand; 45 percent silt; 25 percent clay; weak medium prismatic parts to moderate medium subangular blocky structure; slightly hard, friable, slightly sticky, slightly plastic; 2.0 very fine roots throughout and 1.0 fine roots throughout; 2.0 very fine tubular and 1.0 fine tubular pores; fragments; noneffervescent, by hcl, 1n; slightly alkaline, pH 7.4, pH meter; clear wavy boundary.; moist when described; observed in pit, small",0.949812,,0.10437474,,0.0270621,,,212.9454534,,,well,none flooding,none ponding,"Fine-silty, mixed, superactive, frigid Typic Haplustolls",Bryant,no,NASIS
175346,16N04140,4966,29294,35460,77,horizon,41.0,53.0,Bk1,B,Silt loam,SIL,247346,bulk,normal,submitted,1,S2016ND059030,WGS84,46.781328,-100.921798,standardized,16N0932,S2016ND059030,,not started,C2016USND122,Site_C NEON_10_NOGP,2016,NEON,characterization,completed,Bryant,mollisols,ustolls,haplustolls,United States,Morton,North Dakota,4,4,4.0,0.0,2016-12-13 09:09:07,2016-12-13 09:09:07,12.0,47.0,False,30-60,0.0693676,0.12547248,1.32601925,1.18136358,9.884674,21.2826867,34.0528002,1.0844,0.7502866,0.1091065,7.84,8.53,20.1,45.8,2.26815346,0.13463925,0.00828549,14.3389199,23.5606427,0,S2016ND059030,EXACT,Designation and top/bottom depths agree,1348.0,S2016ND059030,4.0,Bk1,41.0,53.0,12.0,silt loam,"light brownish gray (2.5Y 6/2), dark grayish brown (2.5Y 4/2), moist",dark grayish brown,2.5Y 4/2,2.5Y,4.0,2.0,moist,2.5Y 6/2,2.5Y 4/2,,,,,,,,,,,,,,,"Bk1—41 to 53 centimeters (16.1 to 20.9 inches); light brownish gray (2.5Y 6/2), dark grayish brown (2.5Y 4/2), moist; silt loam; 22 percent sand; 54 percent silt; 24 percent clay; weak medium prismatic parts to moderate medium subangular blocky structure; slightly hard, friable, slightly sticky, slightly plastic; 2.0 very fine roots throughout and 1.0 fine roots throughout; 2.0 very fine tubular and 1.0 fine tubular pores; carbonate, finely disseminated throughout and 1 percent fine irregular weakly coherent cemented carbonate masses throughout; fragments; violent effervescence, by hcl, 1n; slightly alkaline, pH 7.8, pH meter; clear wavy boundary.; moist when described; observed in pit, small",0.7502866,,0.1091065,,0.0251681,,,222.3302286,,,well,none flooding,none ponding,"Fine-silty, mixed, superactive, frigid Typic Haplustolls",Bryant,no,NASIS
175347,16N04141,4966,29294,35460,78,horizon,53.0,62.0,2Abk,A,Silt loam,SIL,247347,bulk,normal,submitted,1,S2016ND059030,WGS84,46.781328,-100.921798,standardized,16N0932,S2016ND059030,,not started,C2016USND122,Site_C NEON_10_NOGP,2016,NEON,characterization,completed,Bryant,mollisols,ustolls,haplustolls,United States,Morton,North Dakota,4,4,4.0,0.0,2016-12-13 09:09:07,2016-12-13 09:09:07,9.0,57.5,False,30-60,0.0652979,0.10982641,1.27247669,1.17490714,9.48623,20.9498717,29.295327,1.0012,0.7442454,0.12206333,7.93,8.6,22.4,48.3,2.13600213,0.10318851,0.01135074,14.9837134,18.961942,0,S2016ND059030,EXACT,Designation and top/bottom depths agree,1349.0,S2016ND059030,5.0,2Abk,53.0,62.0,9.0,silt loam,"grayish brown (10YR 5/2), very dark grayish brown (10YR 3/2), moist",very dark grayish brown,10YR 3/2,10YR,3.0,2.0,moist,10YR 5/2,10YR 3/2,,,,,,,,,,,,,,,"2Abk—53 to 62 centimeters (20.9 to 24.4 inches); grayish brown (10YR 5/2), very dark grayish brown (10YR 3/2), moist; silt loam; 15 percent sand; 63 percent silt; 22 percent clay; weak coarse prismatic parts to moderate medium subangular blocky structure; slightly hard, friable, slightly sticky, slightly plastic; 1.0 very fine roots throughout and 1.0 fine roots throughout; 1.0 very fine tubular and 1.0 fine tubular pores; carbonate, finely disseminated throughout and 1 percent fine irregular weakly coherent cemented carbonate bands throughout; fragments; violent effervescence, by hcl, 1n; moderately alkaline, pH 8.0, pH meter; clear wavy boundary.; moist when described; observed in pit, small",0.7442454,,0.12206333,,0.0295314,,,265.1333883,,,well,none flooding,none ponding,"Fine-silty, mixed, superactive, frigid Typic Haplustolls",Bryant,no,NASIS
175348,16N04142,4966,29294,35460,79,horizon,62.0,80.0,2Bk2,B,Silt loam,SIL,247348,bulk,normal,submitted,1,S2016ND059030,WGS84,46.781328,-100.921798,standardized,16N0932,S2016ND059030,,not started,C2016USND122,Site_C NEON_10_NOGP,2016,NEON,characterization,completed,Bryant,mollisols,ustolls,haplustolls,United States,Morton,North Dakota,4,4,4.0,0.0,2016-12-13 09:09:07,2016-12-13 09:09:08,18.0,71.0,False,60-100,0.0607526,0.09791194,1.38990018,1.28221569,6.702913,17.7324739,25.9021303,0.806,0.7361943,0.13728393,7.99,8.6,26.1,48.0,1.60750454,0.10304516,0.01442632,12.543554,21.3926789,0,S2016ND059030,EXACT,Designation and top/bottom depths agree,1350.0,S2016ND059030,6.0,2Bk2,62.0,80.0,18.0,silt loam,"light olive brown (2.5Y 5/3), olive brown (2.5Y 4/3), moist",olive brown,2.5Y 4/3,2.5Y,4.0,3.0,moist,2.5Y 5/3,2.5Y 4/3,,,,,,,,,,,,,,,"2Bk2—62 to 80 centimeters (24.4 to 31.5 inches); light olive brown (2.5Y 5/3), olive brown (2.5Y 4/3), moist; silt loam; 15 percent sand; 63 percent silt; 22 percent clay; weak coarse prismatic parts to weak medium subangular blocky structure; slightly hard, friable, slightly sticky, slightly plastic; 1.0 very fine roots throughout and 1.0 fine roots throughout; 1.0 very fine tubular and 1.0 fine tubular pores; carbonate, finely disseminated throughout and 2 percent fine irregular weakly coherent cemented carbonate masses throughout; fragments; violent effervescence, by hcl, 1n; moderately alkaline, pH 8.0, pH meter; gradual wavy boundary.; moist when described; observed in pit, small",0.7361943,,0.13728393,,0.0296186,,,266.279022,,,well,none flooding,none ponding,"Fine-silty, mixed, superactive, frigid Typic Haplustolls",Bryant,no,NASIS
175349,16N04143,4966,29294,35460,80,horizon,80.0,128.0,2Bk3,B,Silt loam,SIL,247349,bulk,normal,submitted,1,S2016ND059030,WGS84,46.781328,-100.921798,standardized,16N0932,S2016ND059030,,not started,C2016USND122,Site_C NEON_10_NOGP,2016,NEON,characterization,completed,Bryant,mollisols,ustolls,haplustolls,United States,Morton,North Dakota,4,4,4.0,0.0,2016-12-13 09:09:08,2016-12-13 09:09:08,48.0,104.0,False,>100,0.0642396,0.0786834,1.451051,1.35881307,4.828818,18.9275212,23.4553633,0.4004,0.7611024,0.13916999,8.09,8.76,30.3,46.2,0.9777401,0.06175201,0.005146,10.7142857,17.5028064,0,S2016ND059030,EXACT,Designation and top/bottom depths agree,1351.0,S2016ND059030,7.0,2Bk3,80.0,128.0,48.0,silt loam,"light olive brown (2.5Y 5/3), olive brown (2.5Y 4/3), moist",olive brown,2.5Y 4/3,2.5Y,4.0,3.0,moist,2.5Y 5/3,2.5Y 4/3,"4 percent fine prominent irregular yellowish brown (10YR 5/8), moist, masses of oxidized iron | observed in pit, small. Redoximorphic features in the 2Bk3 horizon formed in the lower part of the horizon adjacent to and just above the glacial till parent material.",concentration,1.0,,4,4.0,,fine,prominent,,,,"4 percent fine prominent irregular yellowish brown (10YR 5/8), moist, masses of oxidized iron | observed in pit, small. Redoximorphic features in the 2Bk3 horizon formed in the lower part of the horizon adjacent to and just above the glacial till parent material.",,"2Bk3—80 to 128 centimeters (31.5 to 50.4 inches); light olive brown (2.5Y 5/3), olive brown (2.5Y 4/3), moist; silt loam; 25 percent sand; 53 percent silt; 22 percent clay; weak coarse prismatic parts to weak medium subangular blocky structure; slightly hard, friable, slightly sticky, slightly plastic; 1.0 very fine roots throughout and 1.0 fine roots throughout; 1.0 very fine tubular and 1.0 fine tubular pores; 4 percent fine prominent irregular yellowish brown (10YR 5/8), moist, masses of oxidized iron; carbonate, finely disseminated throughout and 2 percent medium irregular weakly coherent cemented carbonate masses throughout; fragments; violent effervescence, by hcl, 1n; moderately alkaline, pH 8.0, pH meter.; moist when described; observed in pit, small. Redoximorphic features in the 2Bk3 horizon formed in the lower part of the horizon adjacent to and just above the glacial till parent material.",0.7611024,,0.13916999,,0.0291812,,,273.4603916,,,well,none flooding,none ponding,"Fine-silty, mixed, superactive, frigid Typic Haplustolls",Bryant,no,NASIS
175350,16N04144,4966,29295,35461,81,horizon,0.0,20.0,A,A,Loam,L,247339,bulk,normal,submitted,1,S2016ND059029,WGS84,46.790985,-100.921822,standardized,16N0933,S2016ND059029,,not started,C2016USND122,Site_C NEON_10_NOGP,2016,NEON,characterization,completed,Amor,mollisols,ustolls,haplustolls,United States,Morton,North Dakota,4,4,4.0,0.0,2016-12-13 09:09:02,2016-12-13 09:09:03,20.0,10.0,True,10-30,0.0758627,0.12922003,1.19544391,1.06759458,,27.1685491,23.3923245,2.62,0.4103639,0.07947188,6.53,7.1,55.5,21.1,2.62101784,0.26002161,0.03016251,16.6,24.7866314,0,S2016ND059029,EXACT,Designation and top/bottom depths agree,1341.0,S2016ND059029,1.0,A,0.0,20.0,20.0,loam,"dark grayish brown (10YR 4/2), very dark grayish brown (10YR 3/2), moist",very dark grayish brown,10YR 3/2,10YR,3.0,2.0,moist,10YR 4/2,10YR 3/2,,,,,,,,,,,,,,,"A—0 to 20 centimeters (0.0 to 7.9 inches); dark grayish brown (10YR 4/2), very dark grayish brown (10YR 3/2), moist; loam; 40 percent sand; 38 percent silt; 22 percent clay; moderate medium subangular blocky parts to moderate medium granular structure; soft, very friable, slightly sticky, slightly plastic; common (5.0) very fine roots throughout and common (10.0) fine roots throughout; few (1.0) very fine tubular and common (3.0) fine tubular pores; fragments; 40 Percent of Sand; 22 percent of Clay; noneffervescent, by hcl, 1n; slightly alkaline, pH 7.4, pH meter; clear wavy boundary.; moist when described; observed in pit, small",0.4103639,,0.07947188,,0.0145916,,,149.1401505,,,well,none flooding,none ponding,"Fine-loamy, mixed, superactive, frigid Typic Haplustolls",Amor,no,NASIS
175351,16N04145,4966,29295,35461,82,horizon,20.0,37.0,Bw,B,Loam,L,247340,bulk,normal,submitted,1,S2016ND059029,WGS84,46.790985,-100.921822,standardized,16N0933,S2016ND059029,,not started,C2016USND122,Site_C NEON_10_NOGP,2016,NEON,characterization,completed,Amor,mollisols,ustolls,haplustolls,United States,Morton,North Dakota,4,4,4.0,0.0,2016-12-13 09:09:03,2016-12-13 09:09:03,17.0,28.5,False,10-30,0.0780531,0.16364209,1.19747508,1.06715902,,27.2171454,21.9575278,1.48,0.3694095,0.06795307,6.92,7.58,60.5,17.5,1.48374827,0.12538718,0.01776318,15.5102041,24.4461196,0,S2016ND059029,EXACT,Designation and top/bottom depths agree,1342.0,S2016ND059029,2.0,Bw,20.0,37.0,17.0,loam,"brown (10YR 4/3), dark brown (10YR 3/3), moist",dark brown,10YR 3/3,10YR,3.0,3.0,moist,10YR 4/3,10YR 3/3,,,,,,,,,,,,,,,"Bw—20 to 37 centimeters (7.9 to 14.6 inches); brown (10YR 4/3), dark brown (10YR 3/3), moist; loam; 50 percent sand; 30 percent silt; 20 percent clay; moderate medium prismatic parts to moderate medium subangular blocky structure; soft, very friable, slightly sticky, slightly plastic; common (5.0) very fine roots throughout and common (5.0) fine roots throughout; few (1.0) very fine tubular and common (2.0) fine tubular pores; carbonate, finely disseminated throughout; fragments; 20 Percent of Clay; 50 Percent of Sand; slight effervescence, by hcl, 1n; slightly alkaline, pH 7.6, pH meter; clear wavy boundary.; moist when described; observed in pit, small",0.3694095,,0.06795307,,0.0066962,,,70.4066365,,,well,none flooding,none ponding,"Fine-loamy, mixed, superactive, frigid Typic Haplustolls",Amor,no,NASIS
175352,16N04146,4966,29295,35461,83,horizon,37.0,74.0,Bk,B,Fine sandy loam,FSL,247341,bulk,normal,submitted,1,S2016ND059029,WGS84,46.790985,-100.921822,standardized,16N0933,S2016ND059029,,not started,C2016USND122,Site_C NEON_10_NOGP,2016,NEON,characterization,completed,Amor,mollisols,ustolls,haplustolls,United States,Morton,North Dakota,8,8,8.0,0.0,2016-12-13 09:09:04,2020-01-27 12:06:50,37.0,55.5,False,30-60,0.0371141,0.07376323,1.30107703,1.21683882,9.097146,21.9155851,18.6014532,0.388,0.3010135,0.0762954,7.89,8.48,64.7,16.7,1.47644661,0.06238507,0.00311925,14.2687277,19.2454398,0,S2016ND059029,EXACT,Designation and top/bottom depths agree,1343.0,S2016ND059029,3.0,Bk,37.0,74.0,37.0,fine sandy loam,"light olive brown (2.5Y 5/3), olive brown (2.5Y 4/3), moist",olive brown,2.5Y 4/3,2.5Y,4.0,3.0,moist,2.5Y 5/3,2.5Y 4/3,"observed in pit, small. A few small oxidized iron redoximorphic features were present at the very bottom of the Bk horizon directly above and adjacent to the soft sandstone bedrock parent material. These redoximorphic features formed due to subsurface water flowing laterally along the top of the beds.",concentration,1.0,,,,few,,,,,,"observed in pit, small. A few small oxidized iron redoximorphic features were present at the very bottom of the Bk horizon directly above and adjacent to the soft sandstone bedrock parent material. These redoximorphic features formed due to subsurface water flowing laterally along the top of the beds.",,"Bk—37 to 74 centimeters (14.6 to 29.1 inches); light olive brown (2.5Y 5/3), olive brown (2.5Y 4/3), moist; fine sandy loam; 57 percent sand; 27 percent silt; 16 percent clay; weak medium prismatic parts to moderate medium subangular blocky structure; soft, very friable, slightly sticky, slightly plastic; few (1.0) very fine roots throughout and common (3.0) fine roots throughout; few (1.0) very fine tubular and common (2.0) fine tubular pores; carbonate, finely disseminated throughout; fragments; 16 Percent of Clay; 57 Percent of Sand; violent effervescence, by hcl, 1n; moderately alkaline, pH 8.0, pH meter; clear wavy boundary.; moist when described; observed in pit, small. A few small oxidized iron redoximorphic features were present at the very bottom of the Bk horizon directly above and adjacent to the soft sandstone bedrock parent material. These redoximorphic features formed due to subsurface water flowing laterally along the top of the beds.",0.3010135,,0.0762954,,0.016333,,,26.4226487,,,well,none flooding,none ponding,"Fine-loamy, mixed, superactive, frigid Typic Haplustolls",Amor,no,NASIS
175353,16N04147,4966,29295,35461,84,horizon,74.0,200.0,Cr,C,Bedrock,BR,247342,bulk,normal,submitted,1,S2016ND059029,WGS84,46.790985,-100.921822,standardized,16N0933,S2016ND059029,,not started,C2016USND122,Site_C NEON_10_NOGP,2016,NEON,characterization,completed,Amor,mollisols,ustolls,haplustolls,United States,Morton,North Dakota,4,4,4.0,0.0,2016-12-13 09:09:04,2016-12-13 09:09:05,126.0,137.0,False,>100,0.0236181,0.05012323,,,7.070674,23.6862518,20.3688684,0.1916,0.3491153,0.11097198,8.13,8.77,62.2,17.4,1.04086647,0.03122599,0.0031226,15.4559505,,0,S2016ND059029,EXACT,Designation and top/bottom depths agree,1344.0,S2016ND059029,4.0,Cr,74.0,200.0,126.0,carbonate masses along lamina or strata surfaces,bedrock,,,,,,,,,,,,,,,,,,,,,,,"Cr—74 to 200 centimeters (29.1 to 78.7 inches); bedrock; carbonate masses along lamina or strata surfaces; fragments; strong effervescence, by hcl, 1n.; moist when described; observed in auger, bucket. The Cr horizon is soft sandstone sedimentary beds that were encountered at 74 cm below the surface. The Cr horizon has strong effervescence and numerous soft carbonate masses between the strata of the paralithic bedrock.",0.3491153,,0.11097198,,0.0031351,,,35.0437841,,,well,none flooding,none ponding,"Fine-loamy, mixed, superactive, frigid Typic Haplustolls",Amor,no,NASIS
184891,17N03470,5097,31135,37473,1,horizon,0.0,15.0,A,A,Loam,L,269127,bulk,normal,submitted,1,S2017ND093001,WGS84,47.2077,-99.166983,standardized,17N0679,S2017ND093001,,not started,C2017USND099,Site_C NEON_10_DCFS,2017,NEON,characterization,completed,Zahl,mollisols,ustolls,calciustolls,United States,Stutsman,North Dakota,4,4,0.0,4.0,2018-06-20 12:47:04,2018-06-20 12:49:40,15.0,7.5,True,0-10,0.0854631,0.09900066,1.20300601,1.07725385,0.813531,28.5712545,24.4739758,4.3928,0.7140044,0.14179515,6.95,7.29,45.7,29.8,4.48718135,0.48150119,0.052248,20.2830189,30.5381072,0,S2017ND093001,EXACT,Designation and top/bottom depths agree,2436.0,S2017ND093001,1.0,A,0.0,15.0,15.0,loam,"dark gray (10YR 4/1), black (10YR 2/1), moist",black,10YR 2/1,10YR,2.0,1.0,moist,10YR 4/1,10YR 2/1,,,,,,,,,,,,,,,"A—0 to 15 centimeters (0.0 to 5.9 inches); dark gray (10YR 4/1), black (10YR 2/1), moist; loam; 35 percent sand; 22 percent clay; moderate medium granular structure; slightly hard, friable, slightly sticky, slightly plastic; 8.0 very fine roots throughout and 1.0 fine roots throughout; 5.0 very fine dendritic tubular and 1.0 fine dendritic tubular pores; 2 percent by volume nonflat subrounded indurated 2-40-75 millimeter mixed fragments observed by visual inspection method; noneffervescent; clear smooth boundary.; moist when described; observed in pit, small",0.7140044,,0.14179515,,0.0656938,,,641.9174051,,,well,,,"Fine-loamy, mixed, superactive, frigid Typic Calciustolls",Zahl,no,NASIS
184892,17N03471,5097,31135,37473,2,horizon,15.0,42.0,Bk1,B,Clay loam,CL,269128,bulk,normal,submitted,1,S2017ND093001,WGS84,47.2077,-99.166983,standardized,17N0679,S2017ND093001,,not started,C2017USND099,Site_C NEON_10_DCFS,2017,NEON,characterization,completed,Zahl,mollisols,ustolls,calciustolls,United States,Stutsman,North Dakota,4,4,0.0,4.0,2018-06-20 12:50:31,2018-06-20 12:53:05,27.0,28.5,False,10-30,0.0554428,0.06538019,1.26551836,1.18580233,21.123184,16.2496474,29.417783,1.7356,0.6049723,0.13809273,7.61,8.06,38.0,32.6,4.26985426,0.23438341,0.03770516,14.3718593,26.4972216,0,S2017ND093001,HIGH,Top/bottom depths agree; designation differs,2437.0,S2017ND093001,2.0,Bk,15.0,42.0,27.0,clay loam,"light brownish gray (10YR 6/2), dark grayish brown (10YR 4/2), moist",dark grayish brown,10YR 4/2,10YR,4.0,2.0,moist,10YR 6/2,10YR 4/2,,,,,,,,,,,,,,,"Bk—15 to 42 centimeters (5.9 to 16.5 inches); light brownish gray (10YR 6/2), dark grayish brown (10YR 4/2), moist; clay loam; 45 percent sand; 28 percent clay; moderate medium prismatic parts to moderate medium subangular blocky structure; moderately hard, firm, moderately sticky, moderately plastic; 5.0 very fine roots throughout; 3.0 very fine dendritic tubular pores; carbonate, finely disseminated and 2 percent fine irregular carbonate masses throughout; 5 percent by volume nonflat subrounded indurated 2-40-75 millimeter mixed fragments observed by visual inspection method; violent effervescence; clear wavy boundary.; moist when described; observed in pit, small",0.6049723,,0.13809273,,0.0468712,,,413.463486,,,well,,,"Fine-loamy, mixed, superactive, frigid Typic Calciustolls",Zahl,no,NASIS
184893,17N03472,5097,31135,37473,3,horizon,42.0,100.0,Bk2,B,Loam,L,269129,bulk,normal,submitted,1,S2017ND093001,WGS84,47.2077,-99.166983,standardized,17N0679,S2017ND093001,,not started,C2017USND099,Site_C NEON_10_DCFS,2017,NEON,characterization,completed,Zahl,mollisols,ustolls,calciustolls,United States,Stutsman,North Dakota,4,4,0.0,4.0,2018-06-20 12:53:56,2018-06-20 12:56:31,58.0,71.0,False,60-100,0.0274737,0.03086697,1.38045416,1.30645061,23.018248,13.4706972,28.6684779,0.6676,0.6707945,0.11725372,7.9,8.47,36.2,35.1,3.42845077,0.12208133,0.03458971,12.4054463,22.4686791,0,S2017ND093001,HIGH,Top/bottom depths agree; designation differs,2438.0,S2017ND093001,3.0,C,42.0,100.0,58.0,loam,"light gray (10YR 7/2), light brownish gray (10YR 6/2), moist",light brownish gray,10YR 6/2,10YR,6.0,2.0,moist,10YR 7/2,10YR 6/2,,,,,,,,,,,,,,,"C—42 to 100 centimeters (16.5 to 39.4 inches); light gray (10YR 7/2), light brownish gray (10YR 6/2), moist; loam; 43 percent sand; 25 percent clay; massive; slightly hard, friable, moderately sticky, moderately plastic; 2.0 very fine roots throughout; 1.0 very fine dendritic tubular pores; 10 percent fine irregular carbonate masses throughout and 3 percent medium irregular carbonate bands throughout; 8 percent by volume nonflat subrounded indurated 2-40-75 millimeter mixed fragments observed by visual inspection method; violent effervescence.; moist when described; observed in pit, small",0.6707945,,0.11725372,,0.0826252,,,413.5969744,,,well,,,"Fine-loamy, mixed, superactive, frigid Typic Calciustolls",Zahl,no,NASIS
184894,17N03473,5097,31136,37474,4,horizon,0.0,11.0,A,A,Very gravelly Loam,GRV-L,269130,bulk,normal,submitted,1,S2017ND093004,WGS84,47.171435,-99.051345,standardized,17N0680,S2017ND093004,,not started,C2017USND099,Site_C NEON_10_DCFS,2017,NEON,characterization,completed,Sioux,mollisols,udolls,hapludolls,United States,Stutsman,North Dakota,4,4,0.0,4.0,2018-06-20 12:57:23,2018-06-20 12:59:59,11.0,5.5,True,0-10,0.0488077,0.07925941,1.13555491,1.02773101,6.380141,23.7323698,13.1529925,4.5344,1.1485728,0.13043719,7.18,7.36,68.7,18.1,5.30443364,0.53960649,0.08246816,13.0090189,29.5711002,0,S2017ND093004,EXACT,Designation and top/bottom depths agree,2439.0,S2017ND093004,1.0,A,0.0,11.0,11.0,very gravelly loam,"very dark grayish brown (10YR 3/2), dark grayish brown (10YR 4/2), dry",dark grayish brown,10YR 4/2,10YR,4.0,2.0,,,,,,,,,,,,,,,,,,"A—0 to 11 centimeters (0.0 to 4.3 inches); very dark grayish brown (10YR 3/2), dark grayish brown (10YR 4/2), dry; very gravelly loam; 48 percent sand; 22 percent clay; moderate medium granular structure; soft, very friable, slightly sticky, slightly plastic; 5.0 very fine roots throughout and 2.0 fine roots throughout; 4.0 very fine dendritic tubular and 1.0 fine dendritic tubular pores; 40 percent by volume nonflat subrounded indurated 2-40-75 millimeter mixed fragments observed by visual inspection method; noneffervescent; clear wavy boundary.; moist when described; observed in pit, small",1.1485728,,0.13043719,,0.334614,,,1181.2603214,,,excessively,,,"Sandy or sandy-skeletal, mixed, superactive, frigid Entic Hapludolls",Sioux,no,NASIS
184895,17N03474,5097,31136,37474,5,horizon,11.0,40.0,Bk1,B,Very gravelly Loamy coarse sand,GRV-LCOS,269131,bulk,normal,submitted,1,S2017ND093004,WGS84,47.171435,-99.051345,standardized,17N0680,S2017ND093004,,not started,C2017USND099,Site_C NEON_10_DCFS,2017,NEON,characterization,completed,Sioux,mollisols,udolls,hapludolls,United States,Stutsman,North Dakota,4,4,0.0,4.0,2018-06-20 13:00:51,2018-06-20 13:03:30,29.0,25.5,False,10-30,0.0340631,0.04968521,,,21.528936,6.5862135,7.0979973,0.7464,0.9178928,0.1761658,7.68,8.12,81.1,11.8,3.32798999,0.13110264,0.02521205,5.2334784,,0,S2017ND093004,HIGH,Top/bottom depths agree; designation differs,2440.0,S2017ND093004,2.0,Bk,11.0,40.0,29.0,very gravelly loamy coarse sand,"dark yellowish brown (10YR 4/4), dark yellowish brown (10YR 4/4), dry",dark yellowish brown,10YR 4/4,10YR,4.0,4.0,,,,,,,,,,,,,,,,,,"Bk—11 to 40 centimeters (4.3 to 15.7 inches); dark yellowish brown (10YR 4/4), dark yellowish brown (10YR 4/4), dry; very gravelly loamy coarse sand; 85 percent sand; 10 percent clay; weak medium subangular blocky structure; loose, loose, nonsticky, nonplastic; 3.0 very fine roots throughout; carbonate, finely disseminated; 55 percent by volume nonflat subrounded indurated 2-40-75 millimeter mixed fragments observed by visual inspection method; strong effervescence; clear wavy boundary.; moist when described; observed in pit, small",0.9178928,,0.1761658,,0.0657122,,,447.4691937,,,excessively,,,"Sandy or sandy-skeletal, mixed, superactive, frigid Entic Hapludolls",Sioux,no,NASIS
184896,17N03475,5097,31136,37474,6,horizon,40.0,100.0,Bk2,B,Extremely gravelly Coarse sand,GRX-COS,269132,bulk,normal,submitted,1,S2017ND093004,WGS84,47.171435,-99.051345,standardized,17N0680,S2017ND093004,,not started,C2017USND099,Site_C NEON_10_DCFS,2017,NEON,characterization,completed,Sioux,mollisols,udolls,hapludolls,United States,Stutsman,North Dakota,4,4,0.0,4.0,2018-06-20 13:04:22,2018-06-20 13:07:00,60.0,70.0,False,60-100,0.017451,0.01972299,,,19.51749,4.2562631,4.3091787,0.1576,0.9391444,0.19008538,7.81,8.38,87.9,7.8,2.49721733,0.05034712,0.02114579,2.1469999,,0,S2017ND093004,HIGH,Top/bottom depths agree; designation differs,2441.0,S2017ND093004,3.0,C,40.0,100.0,60.0,extremely gravelly coarse sand,"dark yellowish brown (10YR 4/4), yellowish brown (10YR 5/6), dry",yellowish brown,10YR 5/6,10YR,5.0,6.0,,,,,,,,,,,,,,,,,,"C—40 to 100 centimeters (15.7 to 39.4 inches); dark yellowish brown (10YR 4/4), yellowish brown (10YR 5/6), dry; extremely gravelly coarse sand; 90 percent sand; 4 percent clay; single grain; loose, loose, nonsticky, nonplastic; 1.0 very fine roots throughout; 1 percent fine carbonate masses throughout; 67 percent by volume nonflat subangular indurated 2-40-75 millimeter mixed fragments observed by visual inspection method; violent effervescence.; moist when described; observed in pit, small",0.9391444,,0.19008538,,0.0727459,,,408.5477208,,,excessively,,,"Sandy or sandy-skeletal, mixed, superactive, frigid Entic Hapludolls",Sioux,no,NASIS
184897,17N03476,5097,31137,37475,7,horizon,0.0,27.0,A,A,Silt loam,SIL,269133,bulk,normal,submitted,1,S2017ND093007,WGS84,47.16331,-99.115947,standardized,17N0681,S2017ND093007,,not started,C2017USND099,Site_C NEON_10_DCFS,2017,NEON,characterization,completed,Williams,mollisols,ustolls,argiustolls,United States,Stutsman,North Dakota,4,4,0.0,4.0,2018-06-20 13:07:53,2018-06-20 13:10:33,27.0,13.5,True,10-30,0.0709534,0.07265395,1.11635028,0.9874528,0.764944,25.9301651,23.1123125,3.9888,0.6105528,0.10112369,6.96,7.41,46.0,30.9,4.08234306,0.41948889,0.04297203,16.9067726,34.420961,0,S2017ND093007,EXACT,Designation and top/bottom depths agree,2442.0,S2017ND093007,1.0,A,0.0,27.0,27.0,silt loam,"very dark grayish brown (2.5Y 3/2), black (2.5Y 2.5/1), moist",black,2.5Y 2.5/1,2.5Y,2.5,1.0,moist,2.5Y 3/2,2.5Y 2.5/1,,,,,,,,,,,,,,,"A—0 to 27 centimeters (0.0 to 10.6 inches); very dark grayish brown (2.5Y 3/2), black (2.5Y 2.5/1), moist; silt loam; 30 percent sand; 19 percent clay; moderate coarse subangular blocky parts to moderate coarse granular structure; soft, very friable, slightly sticky, slightly plastic; 6.0 very fine roots throughout and 1.0 fine roots throughout; 4.0 very fine dendritic tubular pores; 3 percent by volume nonflat subrounded indurated 2-5-10 millimeter mixed fragments observed by visual inspection method; noneffervescent; clear wavy boundary.; moist when described; observed in pit, small",0.6105528,,0.10112369,,0.0808175,,,853.0716725,,,well,,,"Fine-loamy, mixed, superactive, frigid Typic Argiustolls",Williams,no,NASIS
184898,17N03477,5097,31137,37475,8,horizon,27.0,40.0,Bt,B,Clay loam,CL,269134,bulk,normal,submitted,1,S2017ND093007,WGS84,47.16331,-99.115947,standardized,17N0681,S2017ND093007,,not started,C2017USND099,Site_C NEON_10_DCFS,2017,NEON,characterization,completed,Williams,mollisols,ustolls,argiustolls,United States,Stutsman,North Dakota,4,4,0.0,4.0,2018-06-20 13:11:26,2018-06-20 13:14:06,13.0,33.5,False,30-60,0.0711655,0.05768719,1.38617021,1.26193527,1.265034,19.5049731,25.8058143,1.1876,0.9116508,0.11547648,7.53,8.09,48.4,25.8,1.33841298,0.16347029,0.03167237,12.168344,20.7462905,0,S2017ND093007,EXACT,Designation and top/bottom depths agree,2443.0,S2017ND093007,2.0,Bt,27.0,40.0,13.0,clay loam,"light olive brown (2.5Y 5/4), olive brown (2.5Y 4/4), moist",olive brown,2.5Y 4/4,2.5Y,4.0,4.0,moist,2.5Y 5/4,2.5Y 4/4,,,,,,,,,,,,,,,"Bt—27 to 40 centimeters (10.6 to 15.7 inches); light olive brown (2.5Y 5/4), olive brown (2.5Y 4/4), moist; clay loam; 30 percent sand; 30 percent clay; moderate medium prismatic parts to moderate medium subangular blocky structure; slightly hard, friable, moderately sticky, moderately plastic; 4.0 very fine roots throughout; 3.0 very fine dendritic tubular pores; 70 percent distinct very dark grayish brown (2.5Y 3/2), moist, clay films on all faces of peds; 4 percent by volume nonflat subrounded indurated 2-5-10 millimeter mixed fragments observed by visual inspection method; noneffervescent; clear wavy boundary.; moist when described; observed in pit, small",0.9116508,,0.11547648,,0.1981643,,,841.314079,,,well,,,"Fine-loamy, mixed, superactive, frigid Typic Argiustolls",Williams,no,NASIS
184899,17N03478,5097,31137,37475,9,horizon,40.0,70.0,Bk1,B,Clay loam,CL,269135,bulk,normal,submitted,1,S2017ND093007,WGS84,47.16331,-99.115947,standardized,17N0681,S2017ND093007,,not started,C2017USND099,Site_C NEON_10_DCFS,2017,NEON,characterization,completed,Williams,mollisols,ustolls,argiustolls,United States,Stutsman,North Dakota,4,4,0.0,4.0,2018-06-20 13:15:00,2018-06-20 13:17:42,30.0,55.0,False,30-60,0.0364155,0.04477439,1.29886151,1.23875641,18.888315,15.3965217,23.0068966,0.3432,0.6535123,0.13401719,7.83,8.35,41.2,35.8,2.60748489,0.10185488,0.01527823,12.760921,23.4545555,0,S2017ND093007,HIGH,Top/bottom depths agree; designation differs,2444.0,S2017ND093007,3.0,Bk,40.0,70.0,30.0,clay loam,"light olive brown (2.5Y 5/3), light brownish gray (2.5Y 6/2), moist",light brownish gray,2.5Y 6/2,2.5Y,6.0,2.0,moist,2.5Y 5/3,2.5Y 6/2,,,,,,,,,,,,,,,"Bk—40 to 70 centimeters (15.7 to 27.6 inches); light olive brown (2.5Y 5/3), light brownish gray (2.5Y 6/2), moist; clay loam; 40 percent sand; 28 percent clay; moderate medium subangular blocky structure; slightly hard, friable, moderately sticky, moderately plastic; 3.0 very fine roots throughout; 3.0 very fine dendritic tubular pores; carbonate coats on bottom of rock fragments; carbonate, finely disseminated throughout and 6 percent fine irregular carbonate masses throughout; 6 percent by volume flat angular moderately coherent cemented 2-40-75 millimeter shale, unspecified fragments observed by visual inspection method and 8 percent by volume nonflat subrounded indurated 2-5-10 millimeter mixed fragments observed by visual inspection method; strong effervescence; gradual wavy boundary.; moist when described; observed in pit, small",0.6535123,,0.13401719,,0.1422035,,,1404.4267022,,,well,,,"Fine-loamy, mixed, superactive, frigid Typic Argiustolls",Williams,no,NASIS
184900,17N03479,5097,31137,37475,10,horizon,70.0,104.0,Bk2,B,Clay loam,CL,269136,bulk,normal,submitted,1,S2017ND093007,WGS84,47.16331,-99.115947,standardized,17N0681,S2017ND093007,,not started,C2017USND099,Site_C NEON_10_DCFS,2017,NEON,characterization,completed,Williams,mollisols,ustolls,argiustolls,United States,Stutsman,North Dakota,4,4,0.0,4.0,2018-06-20 13:18:36,2018-06-20 13:21:19,34.0,87.0,False,60-100,0.0255517,0.04020553,1.32341732,1.26412598,19.323861,14.2421501,20.5037977,0.1516,0.611478,0.1353383,8.11,8.6,42.3,37.2,2.47374084,0.08144003,0.002036,12.26059,27.3819595,0,S2017ND093007,HIGH,Top/bottom depths agree; designation differs,2445.0,S2017ND093007,4.0,C,70.0,104.0,34.0,clay loam,"light yellowish brown (2.5Y 6/3), light olive brown (2.5Y 5/3), moist",light olive brown,2.5Y 5/3,2.5Y,5.0,3.0,moist,2.5Y 6/3,2.5Y 5/3,3 percent fine prominent masses of oxidized iron in matrix,concentration,1.0,,3,3.0,,fine,prominent,,,,3 percent fine prominent masses of oxidized iron in matrix,,"C—70 to 104 centimeters (27.6 to 40.9 inches); light yellowish brown (2.5Y 6/3), light olive brown (2.5Y 5/3), moist; clay loam; 40 percent sand; 28 percent clay; massive; slightly hard, friable, moderately sticky, moderately plastic; 3.0 very fine roots throughout; 2.0 very fine dendritic tubular pores; carbonate coats on bottom of rock fragments; 3 percent fine prominent masses of oxidized iron in matrix; carbonate, finely disseminated in matrix and 8 percent coarse irregular carbonate masses in matrix; 5 percent by volume flat angular moderately coherent cemented 2-40-75 millimeter shale, unspecified fragments observed by visual inspection method and 7 percent by volume nonflat subrounded indurated 2-5-10 millimeter mixed fragments observed by visual inspection method; strong effervescence.; moist when described; observed in pit, small",0.611478,,0.1353383,,0.1859782,,,1297.5419875,,,well,,,"Fine-loamy, mixed, superactive, frigid Typic Argiustolls",Williams,no,NASIS
184901,17N03480,5097,31138,37476,11,horizon,0.0,21.0,A1,A,Silt loam,SIL,269137,bulk,normal,submitted,1,S2017ND093010,WGS84,47.21001167,-99.17216167,standardized,17N0682,S2017ND093010,,not started,C2017USND099,Site_C NEON_10_DCFS,2017,NEON,characterization,completed,Grail,mollisols,ustolls,argiustolls,United States,Stutsman,North Dakota,4,4,0.0,4.0,2018-06-20 13:22:12,2018-06-20 13:42:44,21.0,10.5,True,10-30,0.0724578,0.06335242,1.39432548,1.25445997,,20.3477731,23.0586774,2.68,0.4214176,0.25320596,5.47,6.03,35.4,41.5,2.67566325,0.26552383,0.01429744,13.9583308,29.0236483,0,S2017ND093010,EXACT,Designation and top/bottom depths agree,2446.0,S2017ND093010,1.0,A1,0.0,21.0,21.0,silt loam,"very dark brown (10YR 2/2), black (10YR 2/1), moist",black,10YR 2/1,10YR,2.0,1.0,moist,10YR 2/2,10YR 2/1,,,,,,,,,,,,,,,"A1—0 to 21 centimeters (0.0 to 8.3 inches); very dark brown (10YR 2/2), black (10YR 2/1), moist; silt loam; 22 percent sand; 22 percent clay; weak medium subangular blocky parts to moderate fine granular structure; slightly hard, friable, slightly sticky, slightly plastic; 15.0 very fine roots throughout and 3.0 fine roots throughout; fragments; noneffervescent; clear smooth boundary.; moist when described; observed in pit, small",0.4214176,,0.25320596,,0.0418342,,,504.1711627,,,well,,,"Fine, smectitic, frigid Vertic Argiustolls",Grail,no,NASIS
184902,17N03481,5097,31138,37476,12,horizon,21.0,38.0,A2,A,Clay loam,CL,269138,bulk,normal,submitted,1,S2017ND093010,WGS84,47.21001167,-99.17216167,standardized,17N0682,S2017ND093010,,not started,C2017USND099,Site_C NEON_10_DCFS,2017,NEON,characterization,completed,Grail,mollisols,ustolls,argiustolls,United States,Stutsman,North Dakota,4,4,0.0,4.0,2018-06-20 13:49:00,2018-06-20 13:51:25,17.0,29.5,False,10-30,0.0791948,0.04965374,1.38037246,1.28712415,,18.3907271,23.7623521,1.06,0.4701429,0.2129323,6.29,7.02,40.4,35.8,1.06096615,0.12241917,0.00408064,12.6523241,23.5000458,0,S2017ND093010,EXACT,Designation and top/bottom depths agree,2447.0,S2017ND093010,2.0,A2,21.0,38.0,17.0,clay loam,"black (10YR 2/1), black (10YR 2/1), moist",black,10YR 2/1,10YR,2.0,1.0,moist,10YR 2/1,10YR 2/1,,,,,,,,,,,,,,,"A2—21 to 38 centimeters (8.3 to 15.0 inches); black (10YR 2/1), black (10YR 2/1), moist; clay loam; 35 percent sand; 30 percent clay; weak medium subangular blocky parts to moderate fine granular structure; slightly hard, friable, slightly sticky, slightly plastic; 7.0 very fine roots throughout and 1.0 fine roots throughout; 2.0 fine dendritic tubular pores; fragments; noneffervescent; gradual smooth boundary.; moist when described; observed in pit, small",0.4701429,,0.2129323,,0.0891112,,,1479.4580613,,,well,,,"Fine, smectitic, frigid Vertic Argiustolls",Grail,no,NASIS
184903,17N03482,5097,31138,37476,13,horizon,38.0,70.0,Btss1,B,Clay,C,269139,bulk,normal,submitted,1,S2017ND093010,WGS84,47.21001167,-99.17216167,standardized,17N0682,S2017ND093010,,not started,C2017USND099,Site_C NEON_10_DCFS,2017,NEON,characterization,completed,Grail,mollisols,ustolls,argiustolls,United States,Stutsman,North Dakota,4,4,0.0,4.0,2018-06-20 13:52:15,2018-06-20 13:54:47,32.0,54.0,False,30-60,0.099248,0.06851936,1.83356287,1.44285205,0.141155,28.6795779,38.3418556,0.8432,0.5706932,0.12477737,7.19,7.66,32.1,29.6,0.85748619,0.10331159,0.0,18.9682349,25.316857,0,S2017ND093010,EXACT,Designation and top/bottom depths agree,2448.0,S2017ND093010,3.0,Btss1,38.0,70.0,32.0,clay,"black (2.5Y 2.5/1), black (2.5Y 2.5/1), moist",black,2.5Y 2.5/1,2.5Y,2.5,1.0,moist,2.5Y 2.5/1,2.5Y 2.5/1,,,,,,,,,,,,,,,"Btss1—38 to 70 centimeters (15.0 to 27.6 inches); black (2.5Y 2.5/1), black (2.5Y 2.5/1), moist; clay; 20 percent sand; 50 percent clay; weak coarse prismatic parts to moderate medium angular blocky structure; moderately hard, firm, moderately sticky, moderately plastic; 1.0 fine roots throughout; 4.0 fine dendritic tubular pores; 20 percent black (10YR 2/1), moist, slickensides (pedogenic) on all faces of peds and 20 percent black (10YR 2/1), moist, clay films on all faces of peds; fragments; noneffervescent; gradual wavy boundary.; moist when described; observed in pit, small",0.5706932,,0.12477737,,0.0495896,,,648.1004561,,,well,,,"Fine, smectitic, frigid Vertic Argiustolls",Grail,no,NASIS
184904,17N03483,5097,31138,37476,14,horizon,70.0,87.0,Btss2,B,Silty clay,SIC,269140,bulk,normal,submitted,1,S2017ND093010,WGS84,47.21001167,-99.17216167,standardized,17N0682,S2017ND093010,,not started,C2017USND099,Site_C NEON_10_DCFS,2017,NEON,characterization,completed,Grail,mollisols,ustolls,argiustolls,United States,Stutsman,North Dakota,4,4,0.0,4.0,2018-06-20 13:55:35,2018-06-20 13:58:00,17.0,78.5,False,60-100,0.0739254,0.05143226,1.84511189,1.47808882,0.456295,25.3960387,34.9098011,0.5448,0.5118548,0.07601688,7.76,8.12,36.3,28.8,0.59820628,0.08251121,0.0,16.7462711,23.8677404,0,S2017ND093010,EXACT,Designation and top/bottom depths agree,2449.0,S2017ND093010,4.0,Btss2,70.0,87.0,17.0,silty clay,"very dark gray (2.5Y 3/1), very dark gray (2.5Y 3/1), moist",very dark gray,2.5Y 3/1,2.5Y,3.0,1.0,moist,2.5Y 3/1,2.5Y 3/1,,,,,,,,,,,,,,,"Btss2—70 to 87 centimeters (27.6 to 34.3 inches); very dark gray (2.5Y 3/1), very dark gray (2.5Y 3/1), moist; silty clay; 15 percent sand; 44 percent clay; weak coarse prismatic structure; moderately hard, firm, moderately sticky, moderately plastic; 1.0 fine roots throughout; 2.0 fine dendritic tubular pores; 20 percent black (10YR 2/1), moist, clay films on all faces of peds and 20 percent slickensides (pedogenic) on all faces of peds; fragments; noneffervescent; gradual wavy boundary.; moist when described; observed in pit, small",0.5118548,,0.07601688,,0.0656277,,,543.1246782,,,well,,,"Fine, smectitic, frigid Vertic Argiustolls",Grail,no,NASIS
184905,17N03484,5097,31138,37476,15,horizon,87.0,100.0,2C,C,Sandy clay loam,SCL,269141,bulk,normal,submitted,1,S2017ND093010,WGS84,47.21001167,-99.17216167,standardized,17N0682,S2017ND093010,,not started,C2017USND099,Site_C NEON_10_DCFS,2017,NEON,characterization,completed,Grail,mollisols,ustolls,argiustolls,United States,Stutsman,North Dakota,4,4,0.0,4.0,2018-06-20 13:58:49,2018-06-20 14:01:21,13.0,93.5,False,60-100,0.0346183,0.03060462,1.7670776,1.61607062,9.524514,16.2056036,26.0083705,0.3376,0.39518,0.06641202,7.88,8.31,52.7,21.3,1.48020415,0.07145813,0.02143744,13.6563197,17.8617247,0,S2017ND093010,EXACT,Designation and top/bottom depths agree,2450.0,S2017ND093010,5.0,2C,87.0,100.0,13.0,sandy clay loam,"grayish brown (2.5Y 5/2), dark grayish brown (2.5Y 4/2), moist",dark grayish brown,2.5Y 4/2,2.5Y,4.0,2.0,moist,2.5Y 5/2,2.5Y 4/2,"5 percent fine distinct light olive brown (2.5Y 5/4), moist, masses of oxidized iron in matrix and 15 percent medium prominent olive yellow (2.5Y 6/8), moist, masses of oxidized iron in matrix",concentration,1.0,,5 | 15,15.0,,fine | medium,distinct | prominent,,,,"5 percent fine distinct light olive brown (2.5Y 5/4), moist, masses of oxidized iron in matrix and 15 percent medium prominent olive yellow (2.5Y 6/8), moist, masses of oxidized iron in matrix",,"2C—87 to 100 centimeters (34.3 to 39.4 inches); grayish brown (2.5Y 5/2), dark grayish brown (2.5Y 4/2), moist; sandy clay loam; 55 percent sand; 10 percent silt; 30 percent clay; massive; slightly hard, friable, slightly sticky, slightly plastic; 0.5 fine roots throughout; 3.0 very fine dendritic tubular pores; 5 percent fine distinct light olive brown (2.5Y 5/4), moist, masses of oxidized iron in matrix and 15 percent medium prominent olive yellow (2.5Y 6/8), moist, masses of oxidized iron in matrix; 10 percent by volume nonflat subrounded indurated 2-10-20 millimeter mixed fragments observed by visual inspection method; noneffervescent.; moist when described; observed in pit, small",0.39518,,0.06641202,,0.0426595,,,544.7622066,,,well,,,"Fine, smectitic, frigid Vertic Argiustolls",Grail,no,NASIS
184906,17N03485,5097,31139,37477,16,horizon,0.0,25.0,A,A,Silt loam,SIL,269142,bulk,normal,submitted,1,S2017ND093011,WGS84,47.201977,-99.173992,standardized,17N0683,S2017ND093011,,not started,C2017USND099,Site_C NEON_10_DCFS,2017,NEON,characterization,completed,Bowbells,mollisols,ustolls,argiustolls,United States,Stutsman,North Dakota,4,4,0.0,4.0,2018-06-20 14:02:09,2018-06-20 14:04:35,25.0,12.5,True,10-30,0.1052025,0.08434678,1.13881124,1.01704504,,32.7458531,25.1932256,5.01,0.6317655,0.29901962,5.74,6.22,32.6,42.2,5.01292455,0.46225739,0.02978992,20.1544444,34.1612119,0,S2017ND093011,EXACT,Designation and top/bottom depths agree,2451.0,S2017ND093011,1.0,A,0.0,25.0,25.0,loam,"very dark gray (10YR 3/1), black (10YR 2/1), moist",black,10YR 2/1,10YR,2.0,1.0,moist,10YR 3/1,10YR 2/1,,,,,,,,,,,,,,,"A—0 to 25 centimeters (0.0 to 9.8 inches); very dark gray (10YR 3/1), black (10YR 2/1), moist; loam; 30 percent sand; 20 percent clay; moderate medium subangular blocky parts to moderate medium granular structure; soft, very friable, slightly sticky, slightly plastic; 2.0 fine roots throughout; 10.0 fine dendritic tubular pores; 1 percent by volume nonflat subrounded indurated 20-50-75 millimeter mixed fragments observed by visual inspection method; noneffervescent; clear wavy boundary.; moist when described; observed in pit, small",0.6317655,,0.29901962,,0.0833771,,,789.9795851,,,moderately well,,,"Fine-loamy, mixed, superactive, frigid Pachic Argiustolls",Bowbells,no,NASIS
184907,17N03486,5097,31139,37477,17,horizon,25.0,68.0,Bt1,B,Clay loam,CL,269143,bulk,normal,submitted,1,S2017ND093011,WGS84,47.201977,-99.173992,standardized,17N0683,S2017ND093011,,not started,C2017USND099,Site_C NEON_10_DCFS,2017,NEON,characterization,completed,Bowbells,mollisols,ustolls,argiustolls,United States,Stutsman,North Dakota,4,4,0.0,4.0,2018-06-20 14:05:25,2018-06-20 14:07:58,43.0,46.5,False,30-60,0.091091,0.06726199,1.5112137,1.38849305,,16.1811184,21.693703,1.06,0.7624028,0.15913944,6.51,7.19,38.2,40.1,1.05842492,0.13230312,0.01424803,10.2646577,19.9913711,0,S2017ND093011,EXACT,Designation and top/bottom depths agree,2452.0,S2017ND093011,2.0,Bt1,25.0,68.0,43.0,loam,"dark grayish brown (10YR 4/2), very dark grayish brown (10YR 3/2), moist",very dark grayish brown,10YR 3/2,10YR,3.0,2.0,moist,10YR 4/2,10YR 3/2,,,,,,,,,,,,,,,"Bt1—25 to 68 centimeters (9.8 to 26.8 inches); dark grayish brown (10YR 4/2), very dark grayish brown (10YR 3/2), moist; loam; 35 percent sand; 26 percent clay; strong medium prismatic parts to moderate medium subangular blocky structure; slightly hard, friable, slightly sticky, slightly plastic; 2.0 fine roots throughout; 1.0 fine dendritic tubular pores; 50 percent faint very dark brown (10YR 2/2), moist, clay films on all faces of peds; 1 percent by volume nonflat subrounded indurated 20-50-75 millimeter mixed fragments observed by visual inspection method; noneffervescent; clear irregular boundary.; moist when described; observed in pit, small",0.7624028,,0.15913944,,0.0639474,,,566.2568209,,,moderately well,,,"Fine-loamy, mixed, superactive, frigid Pachic Argiustolls",Bowbells,no,NASIS
184908,17N03487,5097,31139,37477,18,horizon,68.0,108.0,Bt2,B,Clay,C,269144,bulk,normal,submitted,1,S2017ND093011,WGS84,47.201977,-99.173992,standardized,17N0683,S2017ND093011,,not started,C2017USND099,Site_C NEON_10_DCFS,2017,NEON,characterization,completed,Bowbells,mollisols,ustolls,argiustolls,United States,Stutsman,North Dakota,4,4,0.0,4.0,2018-06-20 14:08:46,2018-06-20 14:11:14,40.0,88.0,False,60-100,0.085192,0.057515,1.74692854,1.49559974,0.139641,20.8089851,31.2418684,0.3732,1.0816033,0.19352466,7.1,7.41,35.4,33.4,0.38992918,0.08209035,0.00923516,13.9410188,22.6012592,0,S2017ND093011,EXACT,Designation and top/bottom depths agree,2453.0,S2017ND093011,3.0,Bt2,68.0,108.0,40.0,clay loam,"light olive brown (2.5Y 5/3), olive brown (2.5Y 4/3), moist",olive brown,2.5Y 4/3,2.5Y,4.0,3.0,moist,2.5Y 5/3,2.5Y 4/3,"15 percent medium yellowish brown (10YR 5/6), moist, masses of oxidized iron in matrix",concentration,1.0,,15,15.0,,medium,,,,,"15 percent medium yellowish brown (10YR 5/6), moist, masses of oxidized iron in matrix",,"Bt2—68 to 108 centimeters (26.8 to 42.5 inches); light olive brown (2.5Y 5/3), olive brown (2.5Y 4/3), moist; clay loam; 40 percent sand; 34 percent clay; strong medium prismatic parts to moderate medium angular blocky structure; moderately hard, firm, moderately sticky, moderately plastic; 1.0 fine dendritic tubular pores; 75 percent faint dark olive brown (2.5Y 3/3), moist, clay films on all faces of peds; 15 percent medium yellowish brown (10YR 5/6), moist, masses of oxidized iron in matrix; 3 percent by volume nonflat subrounded indurated 2-10-20 millimeter mixed fragments observed by visual inspection method; noneffervescent; gradual wavy boundary.; moist when described; observed in pit, small",1.0816033,,0.19352466,,0.0618957,,,565.9393835,,,moderately well,,,"Fine-loamy, mixed, superactive, frigid Pachic Argiustolls",Bowbells,no,NASIS
184909,17N03488,5097,31139,37477,19,horizon,108.0,140.0,Bk,B,Silty clay,SIC,269145,bulk,normal,submitted,1,S2017ND093011,WGS84,47.201977,-99.173992,standardized,17N0683,S2017ND093011,,not started,C2017USND099,Site_C NEON_10_DCFS,2017,NEON,characterization,completed,Bowbells,mollisols,ustolls,argiustolls,United States,Stutsman,North Dakota,4,4,0.0,4.0,2018-06-20 14:12:04,2018-06-20 14:14:37,32.0,124.0,False,>100,0.0396857,0.02616937,,,16.148741,14.169363,24.3928105,0.162,0.8730854,0.13848385,8.06,8.47,34.7,40.9,2.09901406,0.06113633,0.01630302,12.6867948,,0,S2017ND093011,UNMATCHED,No unique designation/depth/sequence match,,,,,,,,,,,,,,,,,,,,,,,,,,,,,,,,,0.8730854,,0.13848385,,0.0561027,,,441.9264096,,,moderately well,,,"Fine-loamy, mixed, superactive, frigid Pachic Argiustolls",Bowbells,no,NASIS
184910,17N03489,5097,31140,37478,20,horizon,0.0,34.0,A,A,Loam,L,269146,bulk,normal,submitted,1,S2017ND093014,WGS84,47.119373,-99.057563,standardized,17N0684,S2017ND093014,,not started,C2017USND099,Site_C NEON_10_DCFS,2017,NEON,characterization,completed,Arnegard,mollisols,ustolls,haplustolls,United States,Stutsman,North Dakota,4,4,0.0,4.0,2018-06-20 14:15:26,2018-06-20 14:17:55,34.0,17.0,True,10-30,0.0841908,0.07690785,1.15470719,1.01870681,,28.8420825,25.9179941,4.2,0.5750081,0.10257789,6.15,6.62,40.1,34.0,4.1958946,0.41958946,0.02353795,18.0323097,30.2423885,0,S2017ND093014,EXACT,Designation and top/bottom depths agree,2455.0,S2017ND093014,1.0,A,0.0,34.0,34.0,loam,"very dark gray (10YR 3/1), black (10YR 2/1), moist",black,10YR 2/1,10YR,2.0,1.0,moist,10YR 3/1,10YR 2/1,,,,,,,,,,,,,,,"A—0 to 34 centimeters (0.0 to 13.4 inches); very dark gray (10YR 3/1), black (10YR 2/1), moist; loam; 42 percent sand; 25 percent clay; moderate medium granular parts to moderate fine granular structure; slightly hard, friable, slightly sticky, slightly plastic; 6.0 very fine roots throughout and 1.0 fine roots throughout; fragments; noneffervescent; gradual wavy boundary.; moist when described;",0.5750081,,0.10257789,,0.1420464,,,759.8740735,,,moderately well,,,"Fine-loamy, mixed, superactive, frigid Pachic Haplustolls",Arnegard,no,NASIS
184911,17N03490,5097,31140,37478,21,horizon,34.0,57.0,Bw,B,Clay loam,CL,269147,bulk,normal,submitted,1,S2017ND093014,WGS84,47.119373,-99.057563,standardized,17N0684,S2017ND093014,,not started,C2017USND099,Site_C NEON_10_DCFS,2017,NEON,characterization,completed,Arnegard,mollisols,ustolls,haplustolls,United States,Stutsman,North Dakota,4,4,0.0,4.0,2018-06-20 14:18:44,2018-06-20 14:21:19,23.0,45.5,False,30-60,0.0644916,0.04751428,1.49727132,1.33130004,1.120411,19.2125756,26.3035157,1.2756,0.7568053,0.08210712,7.31,7.84,42.4,31.3,1.40780904,0.15302272,0.02346348,11.8070362,20.5196801,0,S2017ND093014,EXACT,Designation and top/bottom depths agree,2456.0,S2017ND093014,2.0,Bw,34.0,57.0,23.0,clay loam,"brown (10YR 4/3), very dark grayish brown (10YR 3/2), moist",very dark grayish brown,10YR 3/2,10YR,3.0,2.0,moist,10YR 4/3,10YR 3/2,,,,,,,,,,,,,,,"Bw—34 to 57 centimeters (13.4 to 22.4 inches); brown (10YR 4/3), very dark grayish brown (10YR 3/2), moist; clay loam; 40 percent sand; 27 percent clay; moderate coarse prismatic parts to moderate coarse subangular blocky structure; slightly hard, friable, slightly sticky, slightly plastic; 3.0 very fine roots throughout and 1.0 fine roots throughout; 3.0 fine dendritic tubular pores; 30 percent very dark brown (10YR 2/2), moist, clay films on all faces of peds; 2 percent by volume nonflat subrounded indurated 10-20-50 millimeter mixed fragments observed by visual inspection method; noneffervescent; clear wavy boundary.; moist when described;",0.7568053,,0.08210712,,0.0732766,,,681.6824403,,,moderately well,,,"Fine-loamy, mixed, superactive, frigid Pachic Haplustolls",Arnegard,no,NASIS
184912,17N03491,5097,31140,37478,22,horizon,57.0,93.0,Bk1,B,Clay loam,CL,269148,bulk,normal,submitted,1,S2017ND093014,WGS84,47.119373,-99.057563,standardized,17N0684,S2017ND093014,,not started,C2017USND099,Site_C NEON_10_DCFS,2017,NEON,characterization,completed,Arnegard,mollisols,ustolls,haplustolls,United States,Stutsman,North Dakota,4,4,0.0,4.0,2018-06-20 14:22:10,2018-06-20 14:24:42,36.0,75.0,False,60-100,0.0377135,0.03008373,1.44207217,1.33794779,16.930806,12.6226643,24.700904,0.6384,0.6489831,0.06776435,7.7,8.07,43.3,32.0,2.67108857,0.11171853,0.01117185,10.8424023,18.4458364,0,S2017ND093014,EXACT,Designation and top/bottom depths agree,2457.0,S2017ND093014,3.0,Bk1,57.0,93.0,36.0,clay loam,"light olive brown (2.5Y 5/3), olive brown (2.5Y 4/3), moist",olive brown,2.5Y 4/3,2.5Y,4.0,3.0,moist,2.5Y 5/3,2.5Y 4/3,,,,,,,,,,,,,,,"Bk1—57 to 93 centimeters (22.4 to 36.6 inches); light olive brown (2.5Y 5/3), olive brown (2.5Y 4/3), moist; clay loam; 40 percent sand; 28 percent clay; moderate medium subangular blocky structure; slightly hard, friable, slightly sticky, slightly plastic; 2.0 very fine roots throughout and 1.0 fine roots throughout; 6.0 fine dendritic tubular pores; carbonate, finely disseminated in matrix and 5 percent medium irregular carbonate masses in matrix; 2 percent by volume nonflat subrounded indurated 10-20-50 millimeter mixed fragments observed by visual inspection method; violent effervescence; gradual wavy boundary.; moist when described;",0.6489831,,0.06776435,,0.1490935,,,501.3954406,,,moderately well,,,"Fine-loamy, mixed, superactive, frigid Pachic Haplustolls",Arnegard,no,NASIS
184913,17N03492,5097,31140,37478,23,horizon,93.0,100.0,Bk2,B,Loam,L,269149,bulk,normal,submitted,1,S2017ND093014,WGS84,47.119373,-99.057563,standardized,17N0684,S2017ND093014,,not started,C2017USND099,Site_C NEON_10_DCFS,2017,NEON,characterization,completed,Arnegard,mollisols,ustolls,haplustolls,United States,Stutsman,North Dakota,4,4,0.0,4.0,2018-06-20 14:25:32,2018-06-20 14:28:07,7.0,96.5,False,60-100,0.0307226,0.03557436,1.3069983,1.22064983,23.29,15.1013935,29.4613076,0.3752,0.6212858,0.08924082,8.0,8.37,28.9,41.6,3.16947107,0.10191225,0.01019123,14.2973634,25.446746,0,S2017ND093014,UNMATCHED,No unique designation/depth/sequence match,,,,,,,,,,,,,,,,,,,,,,,,,,,,,,,,,0.6212858,,0.08924082,,0.1530037,,,716.5692379,,,moderately well,,,"Fine-loamy, mixed, superactive, frigid Pachic Haplustolls",Arnegard,no,NASIS
184914,17N03493,5097,31141,37479,24,horizon,0.0,18.0,A,A,Loam,L,269150,bulk,normal,submitted,1,S2017ND093016,WGS84,47.15684333,-99.11399,standardized,17N0685,S2017ND093016,,not started,C2017USND099,Site_C NEON_10_DCFS,2017,NEON,characterization,completed,Bowbells,mollisols,ustolls,argiustolls,United States,Stutsman,North Dakota,4,4,0.0,4.0,2018-06-20 14:28:58,2018-06-20 14:31:33,18.0,9.0,True,0-10,0.1211993,0.10838257,1.24637091,1.10867321,,29.9097969,28.7454484,5.01,0.6950773,0.15165396,5.57,6.14,32.9,38.4,5.01382172,0.48190107,0.06767121,20.1555772,27.9664332,0,S2017ND093016,EXACT,Designation and top/bottom depths agree,2459.0,S2017ND093016,1.0,A,0.0,18.0,18.0,loam,"very dark gray (10YR 3/1), black (10YR 2/1), moist",black,10YR 2/1,10YR,2.0,1.0,moist,10YR 3/1,10YR 2/1,,,,,,,,,,,,,,,"A—0 to 18 centimeters (0.0 to 7.1 inches); very dark gray (10YR 3/1), black (10YR 2/1), moist; loam; 45 percent sand; 18 percent clay; moderate medium subangular blocky parts to moderate medium granular structure; slightly hard, friable, slightly sticky, slightly plastic; 7.0 very fine roots throughout and 1.0 medium roots throughout and 2.0 fine roots throughout; fragments; noneffervescent; clear wavy boundary.; moist when described; observed in pit, small",0.6950773,,0.15165396,,0.0702078,,,664.3790602,,,well,,,"Fine-loamy, mixed, superactive, frigid Pachic Argiustolls",Bowbells,no,NASIS
184915,17N03494,5097,31141,37479,25,horizon,18.0,51.0,Bt,B,Clay loam,CL,269151,bulk,normal,submitted,1,S2017ND093016,WGS84,47.15684333,-99.11399,standardized,17N0685,S2017ND093016,,not started,C2017USND099,Site_C NEON_10_DCFS,2017,NEON,characterization,completed,Bowbells,mollisols,ustolls,argiustolls,United States,Stutsman,North Dakota,4,4,0.0,4.0,2018-06-20 14:32:24,2018-06-20 14:35:00,33.0,34.5,False,30-60,0.0764832,0.06007455,1.55397861,1.36208958,4.747571,19.770284,31.2246507,0.97,0.8991742,0.10721779,7.37,7.83,37.1,31.7,1.5446871,0.14321602,0.00511486,13.4344529,20.8050307,0,S2017ND093016,EXACT,Designation and top/bottom depths agree,2460.0,S2017ND093016,2.0,Bt,18.0,51.0,33.0,clay loam,"brown (10YR 4/3), very dark grayish brown (10YR 3/2), moist",very dark grayish brown,10YR 3/2,10YR,3.0,2.0,moist,10YR 4/3,10YR 3/2,,,,,,,,,,,,,,,"Bt—18 to 51 centimeters (7.1 to 20.1 inches); brown (10YR 4/3), very dark grayish brown (10YR 3/2), moist; clay loam; 37 percent sand; 30 percent clay; moderate medium prismatic parts to moderate medium subangular blocky structure; moderately hard, firm, moderately sticky, moderately plastic; 2.0 very fine roots throughout and 4.0 fine roots throughout; 1.0 very fine dendritic tubular and 1.0 fine dendritic tubular pores; 5 percent faint very dark brown (10YR 2/2), moist, clay films on all faces of peds; 1 percent by volume nonflat subrounded indurated 2-5-10 millimeter mixed fragments observed by visual inspection method; noneffervescent; clear wavy boundary.; moist when described; observed in pit, small",0.8991742,,0.10721779,,0.0644321,,,590.5633413,,,well,,,"Fine-loamy, mixed, superactive, frigid Pachic Argiustolls",Bowbells,no,NASIS
184916,17N03495,5097,31141,37479,26,horizon,51.0,80.0,Btk,B,Clay loam,CL,269152,bulk,normal,submitted,1,S2017ND093016,WGS84,47.15684333,-99.11399,standardized,17N0685,S2017ND093016,,not started,C2017USND099,Site_C NEON_10_DCFS,2017,NEON,characterization,completed,Bowbells,mollisols,ustolls,argiustolls,United States,Stutsman,North Dakota,4,4,0.0,4.0,2018-06-20 14:35:52,2018-06-20 14:38:27,29.0,65.5,False,60-100,0.039377,0.02996564,1.58803547,1.44466184,17.354607,16.5223735,31.7318785,0.328,0.8297784,0.0928427,7.79,8.25,33.5,34.8,2.40845569,0.08164257,0.0,12.7611377,20.8885194,0,S2017ND093016,EXACT,Designation and top/bottom depths agree,2461.0,S2017ND093016,3.0,Btk,51.0,80.0,29.0,clay loam,"light olive brown (2.5Y 5/4), olive brown (2.5Y 4/4), moist",olive brown,2.5Y 4/4,2.5Y,4.0,4.0,moist,2.5Y 5/4,2.5Y 4/4,"4 percent fine distinct light yellowish brown (10YR 6/4), moist, masses of oxidized iron in matrix",concentration,1.0,,4,4.0,,fine,distinct,,,,"4 percent fine distinct light yellowish brown (10YR 6/4), moist, masses of oxidized iron in matrix",,"Btk—51 to 80 centimeters (20.1 to 31.5 inches); light olive brown (2.5Y 5/4), olive brown (2.5Y 4/4), moist; clay loam; 35 percent sand; 32 percent clay; moderate medium prismatic parts to moderate medium subangular blocky structure; moderately hard, firm, moderately sticky, moderately plastic; 3.0 very fine roots throughout and 3.0 fine roots throughout; 6.0 fine dendritic tubular pores; 1 percent faint olive brown (2.5Y 4/3), moist, clay films on all faces of peds; 4 percent fine distinct light yellowish brown (10YR 6/4), moist, masses of oxidized iron in matrix; carbonate, finely disseminated in matrix and 7 percent medium irregular light gray (2.5Y 7/2), moist, carbonate masses in matrix; 3 percent by volume nonflat subrounded indurated 10-20-75 millimeter mixed fragments observed by visual inspection method and 7 percent by volume nonflat subrounded indurated 2-5-10 millimeter mixed fragments observed by visual inspection method; strong effervescence; gradual wavy boundary.; moist when described; observed in pit, small",0.8297784,,0.0928427,,0.044759,,,369.7455544,,,well,,,"Fine-loamy, mixed, superactive, frigid Pachic Argiustolls",Bowbells,no,NASIS
184917,17N03496,5097,31141,37479,27,horizon,80.0,100.0,Bk,B,Clay loam,CL,269153,bulk,normal,submitted,1,S2017ND093016,WGS84,47.15684333,-99.11399,standardized,17N0685,S2017ND093016,,not started,C2017USND099,Site_C NEON_10_DCFS,2017,NEON,characterization,completed,Bowbells,mollisols,ustolls,argiustolls,United States,Stutsman,North Dakota,4,4,0.0,4.0,2018-06-20 14:39:20,2018-06-20 14:41:58,20.0,90.0,False,60-100,0.0329606,0.03031941,1.61766803,1.52347196,15.741132,15.7425796,30.0050519,0.2412,0.768105,0.10245517,8.03,8.46,35.9,34.1,2.13210247,0.07141013,0.0,12.6720183,21.061507,0,S2017ND093016,UNMATCHED,No unique designation/depth/sequence match,,,,,,,,,,,,,,,,,,,,,,,,,,,,,,,,,0.768105,,0.10245517,,0.0674194,,,522.9588864,,,well,,,"Fine-loamy, mixed, superactive, frigid Pachic Argiustolls",Bowbells,no,NASIS
184918,17N03497,5097,31142,37480,28,horizon,0.0,24.0,A,A,Loam,L,269154,bulk,normal,submitted,1,S2017ND093020,WGS84,47.169265,-99.05691833,standardized,17N0686,S2017ND093020,,not started,C2017USND099,Site_C NEON_10_DCFS,2017,NEON,characterization,completed,Aastad,mollisols,udolls,argiudolls,United States,Stutsman,North Dakota,8,8,4.0,4.0,2018-06-20 14:42:51,2020-01-27 12:08:00,24.0,12.0,True,10-30,0.1020379,0.10459528,1.30357523,1.13883419,,27.6001018,27.075066,4.39,0.7900416,0.14692416,6.0,6.34,39.7,33.2,4.38916238,0.4501705,0.04194771,18.3376817,25.9123949,0,S2017ND093020,EXACT,Designation and top/bottom depths agree,2463.0,S2017ND093020,1.0,A,0.0,24.0,24.0,loam,"dark brown (10YR 3/3), brown (10YR 4/3), dry",brown,10YR 4/3,10YR,4.0,3.0,,,,,,,,,,,,,,,,,,"A—0 to 24 centimeters (0.0 to 9.4 inches); dark brown (10YR 3/3), brown (10YR 4/3), dry; loam; 35 percent sand; 20 percent clay; moderate medium prismatic parts to moderate medium subangular blocky structure; soft, friable, slightly sticky, slightly plastic; 10.0 fine roots throughout; 25.0 fine dendritic tubular pores; 5 percent by volume nonflat subrounded indurated 76-150-250 millimeter mixed fragments observed by visual inspection method and 7 percent by volume nonflat subrounded indurated 2-40-75 millimeter mixed fragments observed by visual inspection method; noneffervescent; clear smooth boundary.; moist when described; observed in pit, small",0.7900416,,0.14692416,,0.1036109,,,647.2024685,,,well,,,"Fine-loamy, mixed, superactive, frigid Pachic Argiudolls",Aastad,no,NASIS
184919,17N03498,5097,31142,37480,29,horizon,24.0,50.0,Bt,B,Extremely cobbly Sandy clay loam,CBX-SCL,269155,bulk,normal,submitted,1,S2017ND093020,WGS84,47.169265,-99.05691833,standardized,17N0686,S2017ND093020,,not started,C2017USND099,Site_C NEON_10_DCFS,2017,NEON,characterization,completed,Aastad,mollisols,udolls,argiudolls,United States,Stutsman,North Dakota,4,4,0.0,4.0,2018-06-20 14:46:21,2018-06-20 14:49:02,26.0,37.0,False,30-60,0.10262,0.10088839,1.44342596,1.34172201,1.481984,18.5585314,24.2029209,1.3924,0.9499483,0.15504845,7.22,7.62,40.0,35.8,1.57197489,0.1735297,0.03266441,11.9697209,20.0376827,0,S2017ND093020,EXACT,Designation and top/bottom depths agree,2464.0,S2017ND093020,2.0,Bt,24.0,50.0,26.0,extremely cobbly sandy clay loam,"very dark grayish brown (10YR 3/2), brown (10YR 4/3), dry",brown,10YR 4/3,10YR,4.0,3.0,,,,,,,,,,,,,,,,,,"Bt—24 to 50 centimeters (9.4 to 19.7 inches); very dark grayish brown (10YR 3/2), brown (10YR 4/3), dry; extremely cobbly sandy clay loam; 55 percent sand; 34 percent clay; strong medium prismatic parts to moderate medium subangular blocky structure; soft, friable, slightly sticky, slightly plastic; 1.0 medium roots throughout and 10.0 fine roots throughout; 10.0 medium dendritic tubular pores; 10 percent dark brown (10YR 3/3), moist, clay films on all faces of peds; 20 percent by volume nonflat subrounded indurated 2-40-75 millimeter mixed fragments observed by visual inspection method and 50 percent by volume nonflat subrounded indurated 76-150-250 millimeter mixed fragments observed by visual inspection method; noneffervescent; clear smooth boundary.; moist when described; observed in pit, small",0.9499483,,0.15504845,,0.0706787,,,636.2789299,,,well,,,"Fine-loamy, mixed, superactive, frigid Pachic Argiudolls",Aastad,no,NASIS
184920,17N03499,5097,31142,37480,30,horizon,50.0,74.0,Btk,B,Clay loam,CL,269156,bulk,normal,submitted,1,S2017ND093020,WGS84,47.169265,-99.05691833,standardized,17N0686,S2017ND093020,,not started,C2017USND099,Site_C NEON_10_DCFS,2017,NEON,characterization,completed,Aastad,mollisols,udolls,argiudolls,United States,Stutsman,North Dakota,4,4,0.0,4.0,2018-06-20 14:49:56,2018-06-20 14:52:35,24.0,62.0,False,60-100,0.0400721,0.03754762,1.55255379,1.44742219,15.82037,15.8609494,27.8458654,0.2516,0.745642,0.10185681,7.76,8.13,34.5,37.7,2.15276097,0.08162127,0.01326346,11.4185843,19.9285727,0,S2017ND093020,EXACT,Designation and top/bottom depths agree,2465.0,S2017ND093020,3.0,Btk,50.0,74.0,24.0,clay loam,"olive brown (2.5Y 4/3), olive brown (2.5Y 4/4), dry",olive brown,2.5Y 4/4,2.5Y,4.0,4.0,,,,,,,,,,,,,,,,,,"Btk—50 to 74 centimeters (19.7 to 29.1 inches); olive brown (2.5Y 4/3), olive brown (2.5Y 4/4), dry; clay loam; 30 percent sand; 30 percent clay; strong medium prismatic parts to moderate medium subangular blocky structure; soft, friable, moderately sticky, moderately plastic; 1.0 fine roots throughout; 2.5 fine dendritic tubular pores; 10 percent olive brown (2.5Y 4/3), moist, clay films on all faces of peds; carbonate, finely disseminated in matrix; 4 percent by volume nonflat subangular indurated 2-40-75 millimeter mixed fragments observed by visual inspection method; strong effervescence; gradual smooth boundary.; moist when described; observed in pit, small",0.745642,,0.10185681,,0.0523126,,,434.4940885,,,well,,,"Fine-loamy, mixed, superactive, frigid Pachic Argiudolls",Aastad,no,NASIS
184921,17N03500,5097,31142,37480,31,horizon,74.0,100.0,Bk2,B,Clay loam,CL,269157,bulk,normal,submitted,1,S2017ND093020,WGS84,47.169265,-99.05691833,standardized,17N0686,S2017ND093020,,not started,C2017USND099,Site_C NEON_10_DCFS,2017,NEON,characterization,completed,Aastad,mollisols,udolls,argiudolls,United States,Stutsman,North Dakota,4,4,0.0,4.0,2018-06-20 14:53:29,2018-06-20 14:56:12,26.0,87.0,False,60-100,0.0376735,0.02919933,1.59297922,1.48192989,16.554831,14.7957886,27.5733237,0.164,0.8200914,0.08719244,7.97,8.41,36.8,35.6,2.14925491,0.0713023,0.0,12.0838307,17.5702596,0,S2017ND093020,UNMATCHED,No unique designation/depth/sequence match,,,,,,,,,,,,,,,,,,,,,,,,,,,,,,,,,0.8200914,,0.08719244,,0.0558677,,,523.1546551,,,well,,,"Fine-loamy, mixed, superactive, frigid Pachic Argiudolls",Aastad,no,NASIS
184922,17N03501,5097,31143,37481,32,horizon,0.0,18.0,A,A,Clay loam,CL,269158,bulk,normal,submitted,1,S2017ND093022,WGS84,47.154924,-99.10682,standardized,17N0687,S2017ND093022,,not started,C2017USND099,Site_C NEON_10_DCFS,2017,NEON,characterization,completed,Badger,mollisols,aquolls,argiaquolls,United States,Stutsman,North Dakota,4,4,0.0,4.0,2018-06-20 14:57:07,2018-06-20 14:59:50,18.0,9.0,True,0-10,0.0658482,0.06998856,1.17377578,1.02133256,,28.9280497,27.0991042,4.12,0.3299215,0.22140905,6.36,6.81,39.4,33.5,4.11831801,0.42002746,0.02048914,17.387974,32.9804578,0,S2017ND093022,EXACT,Designation and top/bottom depths agree,2467.0,S2017ND093022,1.0,A,0.0,18.0,18.0,clay loam,"black (10YR 2/1), black (10YR 2/1), dry",black,10YR 2/1,10YR,2.0,1.0,,,,,,,,,,,,,,,,,,"A—0 to 18 centimeters (0.0 to 7.1 inches); black (10YR 2/1), black (10YR 2/1), dry; clay loam; 35 percent sand; 28 percent clay; moderate medium subangular blocky parts to weak fine granular structure; soft, friable, slightly sticky, slightly plastic; many (25.0) very fine roots throughout and many (22.0) fine roots throughout; common (20.0) fine tubular pores; fragments; noneffervescent, by hcl, 1n; gradual wavy boundary.; moist when described; observed in pit, small",0.3299215,,0.22140905,,0.0661203,,,838.8409506,,,somewhat poorly,,,"Fine, smectitic, frigid Vertic Argiaquolls",Badger,no,NASIS
184923,17N03502,5097,31143,37481,33,horizon,18.0,33.0,Bt,B,Clay,C,269159,bulk,normal,submitted,1,S2017ND093022,WGS84,47.154924,-99.10682,standardized,17N0687,S2017ND093022,,not started,C2017USND099,Site_C NEON_10_DCFS,2017,NEON,characterization,completed,Badger,mollisols,aquolls,argiaquolls,United States,Stutsman,North Dakota,4,4,0.0,4.0,2018-06-20 15:00:44,2018-06-20 15:16:43,15.0,25.5,False,10-30,0.0662719,0.04103141,1.67786139,1.50125204,1.979577,20.3998158,30.4887435,0.8424,0.4573239,0.08165556,7.62,7.98,41.9,27.6,1.08428224,0.12274893,0.01022908,13.993994,20.2204602,0,S2017ND093022,EXACT,Designation and top/bottom depths agree,2468.0,S2017ND093022,2.0,Bt,18.0,33.0,15.0,clay,"very dark brown (10YR 2/2), very dark grayish brown (10YR 3/2), dry",very dark grayish brown,10YR 3/2,10YR,3.0,2.0,,,,5 percent fine dark grayish brown (10YR 4/2) masses of oxidized iron on faces of peds,concentration,1.0,,5,5.0,,fine,,on faces of peds,,,5 percent fine dark grayish brown (10YR 4/2) masses of oxidized iron on faces of peds,,"Bt—18 to 33 centimeters (7.1 to 13.0 inches); very dark brown (10YR 2/2), very dark grayish brown (10YR 3/2), dry; clay; 22 percent sand; 42 percent clay; moderate medium prismatic parts to moderate medium subangular blocky structure; slightly hard, friable, moderately sticky, moderately plastic; 2.0 very fine roots throughout and 2.0 medium roots throughout and 3.0 fine roots throughout; common (5.0) fine tubular pores; 5 percent very dark gray (10YR 3/1) organic stains on all faces of peds and 10 percent very dark gray (10YR 3/1) clay films on all faces of peds; 5 percent fine dark grayish brown (10YR 4/2) masses of oxidized iron on faces of peds; fragments; noneffervescent, by hcl, 1n; clear wavy boundary.; moist when described; observed in pit, small",0.4573239,,0.08165556,,0.0358153,,,409.2959544,,,somewhat poorly,,,"Fine, smectitic, frigid Vertic Argiaquolls",Badger,no,NASIS
184924,17N03503,5097,31143,37481,34,horizon,33.0,66.0,Bk1,B,Loam,L,269160,bulk,normal,submitted,1,S2017ND093022,WGS84,47.154924,-99.10682,standardized,17N0687,S2017ND093022,,not started,C2017USND099,Site_C NEON_10_DCFS,2017,NEON,characterization,completed,Badger,mollisols,aquolls,argiaquolls,United States,Stutsman,North Dakota,4,4,0.0,4.0,2018-06-20 15:22:31,2018-06-20 15:24:56,33.0,49.5,False,30-60,0.0361181,0.02642781,1.58124147,1.45150541,27.209554,14.9946601,37.313703,0.1548,0.534046,0.09768125,8.16,8.61,30.4,32.3,3.42439959,0.08153332,0.05707333,12.8574805,21.2064059,0,S2017ND093022,EXACT,Designation and top/bottom depths agree,2469.0,S2017ND093022,3.0,Bk1,33.0,66.0,33.0,loam,"brown (10YR 4/3), brown (10YR 5/3), dry",brown,10YR 5/3,10YR,5.0,3.0,,,,7 percent fine light olive brown (2.5Y 5/6) masses of oxidized iron on faces of peds,concentration,1.0,,7,7.0,,fine,,on faces of peds,,,7 percent fine light olive brown (2.5Y 5/6) masses of oxidized iron on faces of peds,,"Bk1—33 to 66 centimeters (13.0 to 26.0 inches); brown (10YR 4/3), brown (10YR 5/3), dry; loam; 34 percent sand; 26 percent clay; weak medium prismatic parts to moderate medium subangular blocky structure; soft, friable, slightly sticky, moderately plastic; few (1.0) fine roots throughout; few (1.0) fine tubular pores; 7 percent fine light olive brown (2.5Y 5/6) masses of oxidized iron on faces of peds; 10 percent fine carbonate masses; 3 percent by volume nonflat subrounded indurated 2-45-75 millimeter mixed fragments; violent effervescence, by hcl, 1n; gradual wavy boundary.; moist when described; observed in pit, small",0.534046,,0.09768125,,0.044453,,,289.6894374,,,somewhat poorly,,,"Fine, smectitic, frigid Vertic Argiaquolls",Badger,no,NASIS
184925,17N03504,5097,31143,37481,35,horizon,66.0,100.0,Bk2,B,Loam,L,269161,bulk,normal,submitted,1,S2017ND093022,WGS84,47.154924,-99.10682,standardized,17N0687,S2017ND093022,,not started,C2017USND099,Site_C NEON_10_DCFS,2017,NEON,characterization,completed,Badger,mollisols,aquolls,argiaquolls,United States,Stutsman,North Dakota,4,4,0.0,4.0,2018-06-20 15:25:46,2018-06-20 15:28:18,34.0,83.0,False,60-100,0.0263363,0.02221072,1.59320693,1.48446746,27.476698,13.7435735,30.035341,0.0024,0.4754083,0.06713925,8.18,8.59,32.2,37.8,3.30490681,0.06101366,0.01627031,12.2116198,20.4710565,0,S2017ND093022,EXACT,Designation and top/bottom depths agree,2470.0,S2017ND093022,4.0,Bk2,66.0,100.0,34.0,loam,"light olive brown (2.5Y 5/3), light olive brown (2.5Y 5/3), dry",light olive brown,2.5Y 5/3,2.5Y,5.0,3.0,,,,10 percent fine light olive brown (2.5Y 5/6) masses of oxidized iron on faces of peds,concentration,1.0,,10,10.0,,fine,,on faces of peds,,,10 percent fine light olive brown (2.5Y 5/6) masses of oxidized iron on faces of peds,,"Bk2—66 to 100 centimeters (26.0 to 39.4 inches); light olive brown (2.5Y 5/3), light olive brown (2.5Y 5/3), dry; loam; 36 percent sand; 25 percent clay; weak medium prismatic parts to moderate medium subangular blocky structure; soft, friable, slightly sticky, moderately plastic; few (1.0) medium roots throughout and common (10.0) fine roots throughout; few (1.0) medium tubular and common (10.0) fine tubular pores; 10 percent fine light olive brown (2.5Y 5/6) masses of oxidized iron on faces of peds; 5 percent fine carbonate masses; 3 percent by volume nonflat subrounded indurated 2-45-75 millimeter mixed fragments; violent effervescence, by hcl, 1n.; moist when described; observed in pit, small",0.4754083,,0.06713925,,0.0465117,,,369.1644576,,,somewhat poorly,,,"Fine, smectitic, frigid Vertic Argiaquolls",Badger,no,NASIS
184926,17N03505,5097,31144,37482,36,horizon,0.0,18.0,A,A,Loam,L,269162,bulk,normal,submitted,1,S2017ND093023,WGS84,47.21084,-99.171025,standardized,17N0688,S2017ND093023,,not started,C2017USND099,Site_C NEON_10_DCFS,2017,NEON,characterization,completed,Williams,mollisols,ustolls,argiustolls,United States,Stutsman,North Dakota,4,4,0.0,4.0,2018-06-20 15:29:06,2018-06-20 15:31:31,18.0,9.0,True,0-10,0.0629393,0.06763156,1.32584625,1.18709025,0.405545,18.6881448,14.7975705,2.2608,0.6557194,0.11633034,7.01,7.45,70.2,15.0,2.31454252,0.24363605,0.01725755,8.6923658,19.2526161,0,S2017ND093023,EXACT,Designation and top/bottom depths agree,2471.0,S2017ND093023,1.0,A,0.0,18.0,18.0,loam,"very dark grayish brown (10YR 3/2), very dark brown (10YR 2/2), moist",very dark brown,10YR 2/2,10YR,2.0,2.0,moist,10YR 3/2,10YR 2/2,,,,,,,,,,,,,,,"A—0 to 18 centimeters (0.0 to 7.1 inches); very dark grayish brown (10YR 3/2), very dark brown (10YR 2/2), moist; loam; 40 percent sand; 23 percent clay; weak medium granular structure; soft, very friable, slightly sticky, slightly plastic; common (7.0) very fine roots throughout and few (1.0) medium roots throughout and common (2.0) fine roots throughout; common (3.0) fine tubular pores; 7 percent by volume nonflat subrounded indurated 2-4-5 millimeter granite fragments; noneffervescent, by hcl, 1n; clear wavy boundary.; moist when described; observed in pit, small",0.6557194,,0.11633034,,0.0680827,,,568.9960785,,,well,,,"Fine-loamy, mixed, superactive, frigid Typic Argiustolls",Williams,no,NASIS
184927,17N03506,5097,31144,37482,37,horizon,18.0,35.0,Bt,B,Clay loam,CL,269163,bulk,normal,submitted,1,S2017ND093023,WGS84,47.21084,-99.171025,standardized,17N0688,S2017ND093023,,not started,C2017USND099,Site_C NEON_10_DCFS,2017,NEON,characterization,completed,Williams,mollisols,ustolls,argiustolls,United States,Stutsman,North Dakota,4,4,0.0,4.0,2018-06-20 15:32:20,2018-06-20 15:34:52,17.0,26.5,False,10-30,0.0698573,0.07871164,1.38982342,1.26591956,2.746677,15.5795201,14.692472,1.26,0.7674143,0.14819292,7.33,7.71,70.8,14.5,1.59354666,0.17254964,0.02232995,8.2621083,21.4590475,0,S2017ND093023,EXACT,Designation and top/bottom depths agree,2472.0,S2017ND093023,2.0,Bt,18.0,35.0,17.0,44 percent sand,clay loam,,,,,,,,,,,,,,,,,,,,,,,"Bt—18 to 35 centimeters (7.1 to 13.8 inches); clay loam; 44 percent sand; 28 percent clay; weak medium prismatic parts to weak medium granular structure; soft, very friable, slightly sticky, slightly plastic; common (7.0) very fine roots throughout and few (1.0) medium roots throughout and few (1.0) fine roots throughout; common (2.0) fine tubular pores; 10 percent faint very dark grayish brown (10YR 3/2) clay bridges on all faces of peds; 12 percent by volume nonflat subrounded indurated 5-10-20 millimeter mixed fragments; noneffervescent, by hcl, 1n; clear wavy boundary.; moist when described; observed in pit, small. patchy - phpvsfiid 1461360; patchy - phpvsfiid 1461360",0.7674143,,0.14819292,,0.2443313,,,705.9703651,,,well,,,"Fine-loamy, mixed, superactive, frigid Typic Argiustolls",Williams,no,NASIS
184928,17N03507,5097,31144,37482,38,horizon,35.0,63.0,Btk,B,Gravelly Sandy clay loam,GR-SCL,269164,bulk,normal,submitted,1,S2017ND093023,WGS84,47.21084,-99.171025,standardized,17N0688,S2017ND093023,,not started,C2017USND099,Site_C NEON_10_DCFS,2017,NEON,characterization,completed,Williams,mollisols,ustolls,argiustolls,United States,Stutsman,North Dakota,4,4,0.0,4.0,2018-06-20 15:35:40,2018-06-20 15:38:06,28.0,49.0,False,30-60,0.0432324,0.04064575,1.42929402,1.35199828,11.075928,10.0661653,11.5366063,0.6504,0.4760298,0.12767194,7.59,8.12,76.3,12.2,1.97608519,0.0960246,0.00101079,5.2769412,18.3101281,0,S2017ND093023,EXACT,Designation and top/bottom depths agree,2473.0,S2017ND093023,3.0,Btk,35.0,63.0,28.0,gravelly sandy clay loam,"light brownish gray (10YR 6/2), brown (10YR 4/3), moist",brown,10YR 4/3,10YR,4.0,3.0,moist,10YR 6/2,10YR 4/3,5 percent fine yellowish brown (10YR 5/6) masses of oxidized iron,concentration,1.0,,5,5.0,,fine,,,,,5 percent fine yellowish brown (10YR 5/6) masses of oxidized iron,,"Btk—35 to 63 centimeters (13.8 to 24.8 inches); light brownish gray (10YR 6/2), brown (10YR 4/3), moist; gravelly sandy clay loam; 50 percent sand; 31 percent clay; weak medium prismatic parts to weak medium subangular blocky structure; soft, very friable, slightly sticky, slightly plastic; common (2.0) very fine roots throughout and few (1.0) fine roots throughout; common (2.0) fine tubular pores; 5 percent faint clay bridges on all faces of peds; 5 percent fine yellowish brown (10YR 5/6) masses of oxidized iron; carbonate, finely disseminated; 18 percent by volume nonflat subrounded indurated 10-15-20 millimeter mixed fragments; strong effervescence, by hcl, 1n; gradual wavy boundary.; moist when described; observed in pit, small. patchy - phpvsfiid 1461361; patchy - phpvsfiid 1461361",0.4760298,,0.12767194,,0.0402555,,,372.2507178,,,well,,,"Fine-loamy, mixed, superactive, frigid Typic Argiustolls",Williams,no,NASIS
184929,17N03508,5097,31144,37482,39,horizon,63.0,140.0,Bk,B,Gravelly Sandy clay loam,GR-SCL,269165,bulk,normal,submitted,1,S2017ND093023,WGS84,47.21084,-99.171025,standardized,17N0688,S2017ND093023,,not started,C2017USND099,Site_C NEON_10_DCFS,2017,NEON,characterization,completed,Williams,mollisols,ustolls,argiustolls,United States,Stutsman,North Dakota,4,4,0.0,4.0,2018-06-20 15:38:55,2018-06-20 15:41:27,77.0,101.5,False,>100,0.0266094,0.02064602,1.36927135,1.29335255,17.121451,9.8321659,14.8273329,0.1356,0.3674788,0.05408249,7.78,8.34,59.2,26.0,2.18555249,0.06070979,0.0,6.8849923,18.9116088,0,S2017ND093023,UNMATCHED,No unique designation/depth/sequence match,,,,,,,,,,,,,,,,,,,,,,,,,,,,,,,,,0.3674788,,0.05408249,,0.0203444,,,194.3746924,,,well,,,"Fine-loamy, mixed, superactive, frigid Typic Argiustolls",Williams,no,NASIS
184930,17N03509,5097,31145,37483,40,horizon,0.0,12.0,A,A,Silt loam,SIL,269166,bulk,normal,submitted,1,S2017ND093027,WGS84,47.205558,-99.17562,standardized,17N0689,S2017ND093027,,not started,C2017USND099,Site_C NEON_10_DCFS,2017,NEON,characterization,completed,Bowbells,mollisols,ustolls,argiustolls,United States,Stutsman,North Dakota,4,4,0.0,4.0,2018-06-20 15:42:16,2018-06-20 15:44:42,12.0,6.0,True,0-10,0.1342656,0.13217449,1.22957812,1.1253431,,26.8873901,24.724237,4.89,0.7850264,0.18488148,5.41,5.75,39.8,35.5,4.88642762,0.50090994,0.03782381,15.4275508,24.6360663,0,S2017ND093027,EXACT,Designation and top/bottom depths agree,2475.0,S2017ND093027,1.0,A,0.0,12.0,12.0,silt loam,"very dark brown (10YR 2/2), black (10YR 2/1), moist",black,10YR 2/1,10YR,2.0,1.0,moist,10YR 2/2,10YR 2/1,,,,,,,,,,,,,,,"A—0 to 12 centimeters (0.0 to 4.7 inches); very dark brown (10YR 2/2), black (10YR 2/1), moist; silt loam; 25 percent sand; 18 percent clay; moderate medium subangular blocky parts to moderate fine granular, and moderate fine subangular blocky structure; soft, friable, slightly sticky, slightly plastic; many (25.0) very fine roots throughout and many (25.0) fine roots throughout; common (6.0) very fine dendritic tubular pores; 5 percent by volume nonflat subrounded indurated 2-45-75 millimeter mixed fragments; noneffervescent, by hcl, 1n; clear wavy boundary.; moist when described; observed in pit, small",0.7850264,,0.18488148,,0.0761608,,,668.5037721,,,well,,,"Fine-loamy, superactive, frigid Pachic Argiustolls",Bowbells,no,NASIS
184931,17N03510,5097,31145,37483,41,horizon,12.0,38.0,AB,AB,Loam,L,269167,bulk,normal,submitted,1,S2017ND093027,WGS84,47.205558,-99.17562,standardized,17N0689,S2017ND093027,,not started,C2017USND099,Site_C NEON_10_DCFS,2017,NEON,characterization,completed,Bowbells,mollisols,ustolls,argiustolls,United States,Stutsman,North Dakota,4,4,0.0,4.0,2018-06-20 15:45:31,2018-06-20 15:48:05,26.0,25.0,False,10-30,0.1252418,0.13098413,1.46423041,1.3430571,,17.3080141,22.0832265,1.29,0.8446886,0.16637425,5.955,6.71,47.1,30.8,1.29239253,0.15264479,0.01933501,8.3385319,17.7448562,0,S2017ND093027,EXACT,Designation and top/bottom depths agree,2476.0,S2017ND093027,2.0,AB,12.0,38.0,26.0,loam,"dark brown (10YR 3/3), very dark grayish brown (10YR 3/2), moist",very dark grayish brown,10YR 3/2,10YR,3.0,2.0,moist,10YR 3/3,10YR 3/2,,,,,,,,,,,,,,,"AB—12 to 38 centimeters (4.7 to 15.0 inches); dark brown (10YR 3/3), very dark grayish brown (10YR 3/2), moist; loam; 35 percent sand; 20 percent clay; moderate coarse subangular blocky parts to moderate medium subangular blocky structure; soft, friable, slightly sticky, slightly plastic; many (25.0) very fine roots throughout and common (10.0) fine roots throughout; common (4.0) very fine dendritic tubular pores; 1 percent by volume nonflat subrounded indurated 75-160-250 millimeter mixed fragments and 3 percent by volume nonflat subrounded indurated 2-45-75 millimeter mixed fragments; noneffervescent, by hcl, 1n; clear wavy boundary.; moist when described; observed in pit, small",0.8446886,,0.16637425,,0.0559562,,,541.0214063,,,well,,,"Fine-loamy, superactive, frigid Pachic Argiustolls",Bowbells,no,NASIS
184932,17N03511,5097,31145,37483,42,horizon,38.0,59.0,Bt1,B,Silty clay loam,SICL,269168,bulk,normal,submitted,1,S2017ND093027,WGS84,47.205558,-99.17562,standardized,17N0689,S2017ND093027,,not started,C2017USND099,Site_C NEON_10_DCFS,2017,NEON,characterization,completed,Bowbells,mollisols,ustolls,argiustolls,United States,Stutsman,North Dakota,4,4,0.0,4.0,2018-06-20 15:48:55,2018-06-20 15:51:22,21.0,48.5,False,30-60,0.1106656,0.08796501,1.70135407,1.50746059,,19.7430499,28.5029991,0.63,1.0967498,0.26603803,6.57,7.26,41.3,30.2,0.63438331,0.0920879,0.00716239,11.2654321,17.8423118,0,S2017ND093027,EXACT,Designation and top/bottom depths agree,2477.0,S2017ND093027,3.0,Bt1,38.0,59.0,21.0,silty clay loam,"dark yellowish brown (10YR 3/4), dark brown (10YR 3/3), moist",dark brown,10YR 3/3,10YR,3.0,3.0,moist,10YR 3/4,10YR 3/3,,,,,,,,,,,,,,,"Bt1—38 to 59 centimeters (15.0 to 23.2 inches); dark yellowish brown (10YR 3/4), dark brown (10YR 3/3), moist; silty clay loam; 18 percent sand; 30 percent clay; weak medium prismatic parts to weak fine subangular blocky structure; soft, friable, slightly sticky, slightly plastic; few (1.0) fine roots throughout; common (14.0) very fine dendritic tubular pores; dark brown (10YR 3/3) clay films on all faces of peds; 1 percent by volume nonflat subrounded indurated 75-160-250 millimeter mixed fragments and 3 percent by volume nonflat subrounded indurated 2-45-75 millimeter mixed fragments; noneffervescent, by hcl, 1n; gradual wavy boundary.; moist when described; observed in pit, small",1.0967498,,0.26603803,,0.0353506,,,342.8798586,,,well,,,"Fine-loamy, superactive, frigid Pachic Argiustolls",Bowbells,no,NASIS
184933,17N03512,5097,31145,37483,43,horizon,59.0,87.0,Bt2,B,Silty clay loam,SICL,269169,bulk,normal,submitted,1,S2017ND093027,WGS84,47.205558,-99.17562,standardized,17N0689,S2017ND093027,,not started,C2017USND099,Site_C NEON_10_DCFS,2017,NEON,characterization,completed,Bowbells,mollisols,ustolls,argiustolls,United States,Stutsman,North Dakota,4,4,0.0,4.0,2018-06-20 15:52:12,2018-06-20 15:54:46,28.0,73.0,False,60-100,0.0606373,0.05104293,1.63564359,1.4317052,0.696703,17.4864964,27.0870789,0.376,1.2393778,0.27956913,7.32,7.93,35.5,37.4,0.4596965,0.05107739,0.0,11.6354321,21.0766476,0,S2017ND093027,EXACT,Designation and top/bottom depths agree,2478.0,S2017ND093027,4.0,Bt2,59.0,87.0,28.0,silty clay loam,"gray (10YR 5/1), gray (10YR 5/1), moist",gray,10YR 5/1,10YR,5.0,1.0,moist,10YR 5/1,10YR 5/1,,,,,,,,,,,,,,,"Bt2—59 to 87 centimeters (23.2 to 34.3 inches); gray (10YR 5/1), gray (10YR 5/1), moist; silty clay loam; 19 percent sand; 32 percent clay; 5 percent yellowish brown (10YR 5/8) fine distinct and 10 percent dark yellowish brown (10YR 3/4) fine faint mottles; weak fine prismatic parts to weak medium subangular blocky structure; slightly hard, friable, slightly sticky, slightly plastic; common (4.0) very fine roots throughout; common (10.0) very fine dendritic tubular pores; dark brown (10YR 3/3) clay films on all faces of peds; 1 percent by volume nonflat subrounded indurated 75-160-250 millimeter mixed fragments and 5 percent by volume nonflat subrounded indurated 2-45-75 millimeter mixed fragments; noneffervescent, by hcl, 1n; gradual wavy boundary.; moist when described; observed in pit, small",1.2393778,,0.27956913,,0.0546965,,,555.0791845,,,well,,,"Fine-loamy, superactive, frigid Pachic Argiustolls",Bowbells,no,NASIS
184934,17N03513,5097,31145,37483,44,horizon,87.0,100.0,Bk,B,Clay loam,CL,269170,bulk,normal,submitted,1,S2017ND093027,WGS84,47.205558,-99.17562,standardized,17N0689,S2017ND093027,,not started,C2017USND099,Site_C NEON_10_DCFS,2017,NEON,characterization,completed,Bowbells,mollisols,ustolls,argiustolls,United States,Stutsman,North Dakota,4,4,0.0,4.0,2018-06-20 15:55:37,2018-06-20 15:58:07,13.0,93.5,False,60-100,0.0355252,0.02448759,1.52929569,1.47705923,13.866129,12.8478489,20.3147561,0.1556,0.7134309,0.18462223,8.02,8.52,41.5,38.2,1.81999412,0.05083782,0.0,9.5875014,18.8723361,0,S2017ND093027,HIGH,Top/bottom depths agree; designation differs,2479.0,S2017ND093027,5.0,C,87.0,100.0,13.0,clay loam,"light olive brown (2.5Y 5/4), olive brown (2.5Y 4/4), moist",olive brown,2.5Y 4/4,2.5Y,4.0,4.0,moist,2.5Y 5/4,2.5Y 4/4,,,,,,,,,,,,,,,"C—87 to 100 centimeters (34.3 to 39.4 inches); light olive brown (2.5Y 5/4), olive brown (2.5Y 4/4), moist; clay loam; 30 percent sand; 30 percent clay; 5 percent yellowish brown (10YR 5/8) fine distinct and 10 percent dark yellowish brown (10YR 4/6) fine faint mottles; massive; slightly hard, friable, slightly sticky, slightly plastic; common (10.0) very fine dendritic tubular pores; carbonate, finely disseminated; 2 percent by volume nonflat subrounded indurated 75-160-250 millimeter mixed fragments and 6 percent by volume nonflat subrounded indurated 2-45-75 millimeter mixed fragments; strong effervescence, by hcl, 1n.; moist when described; observed in pit, small",0.7134309,,0.18462223,,0.0675796,,,782.3836726,,,well,,,"Fine-loamy, superactive, frigid Pachic Argiustolls",Bowbells,no,NASIS
184935,17N03514,5097,31146,37484,45,horizon,0.0,15.0,A1,A,Loam,L,269171,bulk,normal,submitted,1,S2017ND093029,WGS84,47.199308,-99.174098,standardized,17N0690,S2017ND093029,,not started,C2017USND099,Site_C NEON_10_DCFS,2017,NEON,characterization,completed,Grail,mollisols,ustolls,argiustolls,United States,Stutsman,North Dakota,4,4,0.0,4.0,2018-06-20 15:58:57,2018-06-20 16:01:31,15.0,7.5,True,0-10,0.1097724,0.10794091,1.12488973,0.96725788,,33.8436289,28.9974582,5.32,0.7089353,0.19500984,6.08,7.62,27.6,43.4,5.3246181,0.51395928,0.03289339,19.9130778,32.6933757,0,S2017ND093029,EXACT,Designation and top/bottom depths agree,2480.0,S2017ND093029,1.0,A1,0.0,15.0,15.0,loam,"very dark grayish brown (10YR 3/2), black (10YR 2/1), moist",black,10YR 2/1,10YR,2.0,1.0,moist,10YR 3/2,10YR 2/1,,,,,,,,,,,,,,,"A1—0 to 15 centimeters (0.0 to 5.9 inches); very dark grayish brown (10YR 3/2), black (10YR 2/1), moist; loam; 32 percent sand; 22 percent clay; moderate medium subangular blocky parts to moderate medium granular structure; slightly hard, friable, slightly sticky, slightly plastic; common (3.0) very fine roots throughout and common (6.0) fine roots throughout; common (3.0) very fine tubular and few (1.0) fine tubular pores; fragments; noneffervescent, by hcl, 1n; clear smooth boundary.; moist when described; observed in pit, small",0.7089353,,0.19500984,,0.1216804,,,1168.4220049,,,moderately well,,,"Fine, smectitic, nonacid, frigid Pachic Vertic Argiustolls",Grail,no,NASIS
184936,17N03515,5097,31146,37484,46,horizon,15.0,36.0,A2,A,Loam,L,269172,bulk,normal,submitted,1,S2017ND093029,WGS84,47.199308,-99.174098,standardized,17N0690,S2017ND093029,,not started,C2017USND099,Site_C NEON_10_DCFS,2017,NEON,characterization,completed,Grail,mollisols,ustolls,argiustolls,United States,Stutsman,North Dakota,4,4,0.0,4.0,2018-06-20 16:02:22,2018-06-20 16:04:54,21.0,25.5,False,10-30,0.1099531,0.10091169,1.14548821,1.02035196,,30.0031368,27.0206874,4.39,0.7218271,0.17789902,6.5,8.07,31.4,41.6,4.38758398,0.43055731,0.0338295,17.8691275,33.7405354,0,S2017ND093029,EXACT,Designation and top/bottom depths agree,2481.0,S2017ND093029,2.0,A2,15.0,36.0,21.0,loam,"very dark grayish brown (10YR 3/2), black (10YR 2/1), moist",black,10YR 2/1,10YR,2.0,1.0,moist,10YR 3/2,10YR 2/1,,,,,,,,,,,,,,,"A2—15 to 36 centimeters (5.9 to 14.2 inches); very dark grayish brown (10YR 3/2), black (10YR 2/1), moist; loam; 32 percent sand; 22 percent clay; moderate medium prismatic parts to moderate medium subangular blocky structure; slightly hard, friable, slightly sticky, slightly plastic; common (4.0) very fine roots throughout and common (2.0) fine roots throughout; common (4.0) very fine tubular and common (2.0) fine tubular pores; fragments; noneffervescent, by hcl, 1n; abrupt smooth boundary.; moist when described; observed in pit, small",0.7218271,,0.17789902,,0.1116593,,,1056.147647,,,moderately well,,,"Fine, smectitic, nonacid, frigid Pachic Vertic Argiustolls",Grail,no,NASIS
184937,17N03516,5097,31146,37484,47,horizon,36.0,52.0,Bt,B,Clay loam,CL,269173,bulk,normal,submitted,1,S2017ND093029,WGS84,47.199308,-99.174098,standardized,17N0690,S2017ND093029,,not started,C2017USND099,Site_C NEON_10_DCFS,2017,NEON,characterization,completed,Grail,mollisols,ustolls,argiustolls,United States,Stutsman,North Dakota,4,4,0.0,4.0,2018-06-20 16:05:46,2018-06-20 16:08:21,16.0,44.0,False,30-60,0.0961181,0.07923144,1.39663496,1.28529592,,19.0833341,26.2551467,1.27,0.7904858,0.17870301,6.13,7.02,39.0,34.7,1.27475723,0.14277281,0.00917825,10.7604017,19.5772539,0,S2017ND093029,EXACT,Designation and top/bottom depths agree,2482.0,S2017ND093029,3.0,Bt,36.0,52.0,16.0,clay loam,"dark brown (10YR 3/3), very dark grayish brown (10YR 3/2), moist",very dark grayish brown,10YR 3/2,10YR,3.0,2.0,moist,10YR 3/3,10YR 3/2,,,,,,,,,,,,,,,"Bt—36 to 52 centimeters (14.2 to 20.5 inches); dark brown (10YR 3/3), very dark grayish brown (10YR 3/2), moist; clay loam; 40 percent sand; 32 percent clay; moderate medium prismatic parts to moderate medium subangular blocky structure; moderately hard, firm, moderately sticky, moderately plastic; common (3.0) very fine roots throughout; common (3.0) very fine tubular and few (1.0) fine tubular pores; 30 percent black (10YR 2/1) organic stains on all faces of peds and 40 percent black (10YR 2/1) clay films on all faces of peds; fragments; noneffervescent, by hcl, 1n; clear smooth boundary.; moist when described; observed in pit, small",0.7904858,,0.17870301,,0.1122059,,,1005.9036914,,,moderately well,,,"Fine, smectitic, nonacid, frigid Pachic Vertic Argiustolls",Grail,no,NASIS
184938,17N03517,5097,31146,37484,48,horizon,52.0,76.0,Ab,A,Clay loam,CL,269174,bulk,normal,submitted,1,S2017ND093029,WGS84,47.199308,-99.174098,standardized,17N0690,S2017ND093029,,not started,C2017USND099,Site_C NEON_10_DCFS,2017,NEON,characterization,completed,Grail,mollisols,ustolls,argiustolls,United States,Stutsman,North Dakota,4,4,0.0,4.0,2018-06-20 16:09:12,2018-06-20 16:11:47,24.0,64.0,False,60-100,0.1166085,0.09191285,1.50348535,1.37750684,,24.1457639,31.3285759,1.64,1.0642991,0.27961932,6.12,6.79,31.2,37.5,1.63836657,0.18431624,0.00819183,12.908778,19.3903506,0,S2017ND093029,EXACT,Designation and top/bottom depths agree,2483.0,S2017ND093029,4.0,Ab,52.0,76.0,24.0,clay loam,"very dark grayish brown (10YR 3/2), very dark brown (10YR 2/2), moist",very dark brown,10YR 2/2,10YR,2.0,2.0,moist,10YR 3/2,10YR 2/2,,,,,,,,,,,,,,,"Ab—52 to 76 centimeters (20.5 to 29.9 inches); very dark grayish brown (10YR 3/2), very dark brown (10YR 2/2), moist; clay loam; 35 percent sand; 38 percent clay; weak medium prismatic parts to moderate medium subangular blocky structure; moderately hard, firm, moderately sticky, moderately plastic; common (2.0) very fine roots throughout; common (2.0) very fine tubular pores; 60 percent black (10YR 2/1) clay films on all faces of peds; fragments; noneffervescent, by hcl, 1n; clear smooth boundary.; moist when described; observed in pit, small",1.0642991,,0.27961932,,0.1672635,,,1658.516365,,,moderately well,,,"Fine, smectitic, nonacid, frigid Pachic Vertic Argiustolls",Grail,no,NASIS
184939,17N03518,5097,31146,37484,49,horizon,76.0,100.0,BC,BC,Clay,C,269175,bulk,normal,submitted,1,S2017ND093029,WGS84,47.199308,-99.174098,standardized,17N0690,S2017ND093029,,not started,C2017USND099,Site_C NEON_10_DCFS,2017,NEON,characterization,completed,Grail,mollisols,ustolls,argiustolls,United States,Stutsman,North Dakota,4,4,0.0,4.0,2018-06-20 16:12:38,2018-06-20 16:15:16,24.0,88.0,False,60-100,0.064917,0.05396892,1.62702013,1.42819008,1.143268,18.247288,27.6327588,0.5232,0.9340576,0.2983565,7.0,7.54,37.2,35.2,0.66364925,0.0918899,0.0,10.9603498,23.5171035,0,S2017ND093029,EXACT,Designation and top/bottom depths agree,2484.0,S2017ND093029,5.0,BC,76.0,100.0,24.0,clay,"light brownish gray (10YR 6/2), dark grayish brown (10YR 4/2), moist",dark grayish brown,10YR 4/2,10YR,4.0,2.0,moist,10YR 6/2,10YR 4/2,,,,,,,,,,,,,,,"BC—76 to 100 centimeters (29.9 to 39.4 inches); light brownish gray (10YR 6/2), dark grayish brown (10YR 4/2), moist; clay; 25 percent sand; 48 percent clay; 25 percent yellowish red (5YR 4/6) medium prominent mottles; strong medium prismatic parts to moderate medium subangular blocky structure; hard, very firm, very sticky, very plastic; few (1.0) very fine roots throughout; common (2.0) very fine tubular pores; 80 percent very dark grayish brown (10YR 3/2) clay films on all faces of peds; 3 percent by volume nonflat subrounded indurated 2-45-75 millimeter mixed fragments observed by visual inspection method; noneffervescent, by hcl, 1n.; moist when described; observed in pit, small. Lag line at the top of the horizon.",0.9340576,,0.2983565,,0.121677,,,1333.9488736,,,moderately well,,,"Fine, smectitic, nonacid, frigid Pachic Vertic Argiustolls",Grail,no,NASIS
184940,17N03519,5097,31147,37485,50,horizon,0.0,15.0,A,A,Loam,L,269176,bulk,normal,submitted,1,S2017ND093030,WGS84,47.17089667,-99.05664167,standardized,17N0691,S2017ND093030,,not started,C2017USND099,Site_C NEON_10_DCFS,2017,NEON,characterization,completed,Renshaw,mollisols,udolls,hapludolls,United States,Stutsman,North Dakota,4,4,0.0,4.0,2018-06-20 16:16:08,2018-06-20 16:18:46,15.0,7.5,True,0-10,0.0805783,0.08833066,1.33493906,1.21749699,,21.6768975,17.7969082,3.5,1.1304724,0.1930151,6.31,6.79,58.1,24.1,3.50281484,0.36657365,0.0254565,12.6696833,22.3251326,0,S2017ND093030,EXACT,Designation and top/bottom depths agree,2485.0,S2017ND093030,1.0,A,0.0,15.0,15.0,loam,"black (10YR 2/1), very dark brown (10YR 2/2), dry",very dark brown,10YR 2/2,10YR,2.0,2.0,,,,,,,,,,,,,,,,,,"A—0 to 15 centimeters (0.0 to 5.9 inches); black (10YR 2/1), very dark brown (10YR 2/2), dry; loam; 50 percent sand; 20 percent clay; moderate medium subangular blocky parts to moderate medium granular, and moderate medium subangular blocky parts to moderate fine granular structure; soft, friable, slightly sticky, nonplastic; many (25.0) fine roots throughout; interstitial pores; 10 percent by volume nonflat subrounded indurated 2-46-75 millimeter mixed fragments; noneffervescent, by hcl, 1n; clear smooth boundary.; moist when described; observed in pit, small",1.1304724,,0.1930151,,0.1657727,,,940.8476637,,,somewhat excessively,,,"Fine-loamy over sandy or sandy-skeletal, mixed, superactive, frigid Calcic Hapludolls",Renshaw,no,NASIS
184941,17N03520,5097,31147,37485,51,horizon,15.0,26.0,Bw,B,Very gravelly Sandy clay loam,GRV-SCL,269177,bulk,normal,submitted,1,S2017ND093030,WGS84,47.17089667,-99.05664167,standardized,17N0691,S2017ND093030,,not started,C2017USND099,Site_C NEON_10_DCFS,2017,NEON,characterization,completed,Renshaw,mollisols,udolls,hapludolls,United States,Stutsman,North Dakota,4,4,0.0,4.0,2018-06-20 16:19:38,2018-06-20 16:22:18,11.0,20.5,False,10-30,0.0627715,0.09479251,,,8.723632,16.5189033,13.253974,1.9936,0.852595,0.15859128,7.26,7.68,71.9,14.8,3.03903308,0.25325276,0.02633829,6.3857629,,0,S2017ND093030,EXACT,Designation and top/bottom depths agree,2486.0,S2017ND093030,2.0,Bw,15.0,26.0,11.0,very gravelly sandy clay loam,"very dark grayish brown (10YR 3/2), dark brown (10YR 3/3), dry",dark brown,10YR 3/3,10YR,3.0,3.0,,,,,,,,,,,,,,,,,,"Bw—15 to 26 centimeters (5.9 to 10.2 inches); very dark grayish brown (10YR 3/2), dark brown (10YR 3/3), dry; very gravelly sandy clay loam; 70 percent sand; 22 percent clay; weak medium subangular blocky parts to structureless single grain; soft, friable, slightly sticky, nonplastic; many (25.0) very fine roots throughout; interstitial pores; 20 percent by volume nonflat subrounded indurated 2-45-75 millimeter mixed fragments and 20 percent by volume nonflat subrounded indurated 75-160-250 millimeter mixed fragments; noneffervescent, by hcl, 1n; clear smooth boundary.; moist when described; observed in pit, small",0.852595,,0.15859128,,0.0869456,,,620.8808498,,,somewhat excessively,,,"Fine-loamy over sandy or sandy-skeletal, mixed, superactive, frigid Calcic Hapludolls",Renshaw,no,NASIS
184942,17N03521,5097,31147,37485,52,horizon,26.0,40.0,Bk1,B,Very gravelly Loamy coarse sand,GRV-LCOS,269178,bulk,normal,submitted,1,S2017ND093030,WGS84,47.17089667,-99.05664167,standardized,17N0691,S2017ND093030,,not started,C2017USND099,Site_C NEON_10_DCFS,2017,NEON,characterization,completed,Renshaw,mollisols,udolls,hapludolls,United States,Stutsman,North Dakota,4,4,0.0,4.0,2018-06-20 16:23:11,2018-06-20 16:25:50,14.0,33.0,False,30-60,0.0328359,0.0325058,,,21.43319,6.8871831,5.2114008,0.5184,1.1850529,0.36027258,7.61,8.0,87.4,7.4,3.09442002,0.10079544,0.01915113,3.7463977,,0,S2017ND093030,HIGH,Top/bottom depths agree; designation differs,2487.0,S2017ND093030,3.0,Bk,26.0,40.0,14.0,very gravelly loamy coarse sand,"dark yellowish brown (10YR 3/4), dark yellowish brown (10YR 4/4), dry",dark yellowish brown,10YR 4/4,10YR,4.0,4.0,,,,,,,,,,,,,,,,,,"Bk—26 to 40 centimeters (10.2 to 15.7 inches); dark yellowish brown (10YR 3/4), dark yellowish brown (10YR 4/4), dry; very gravelly loamy coarse sand; 85 percent sand; 10 percent clay; structureless single grain; loose, loose, slightly sticky, nonplastic; many (25.0) fine roots throughout; interstitial pores; carbonate, finely disseminated; 22 percent by volume nonflat subrounded indurated 75-160-250 millimeter mixed fragments and 33 percent by volume nonflat subrounded indurated 2-45-75 millimeter mixed fragments; violent effervescence, by hcl, 1n; gradual wavy boundary.; moist when described; observed in pit, small",1.1850529,,0.36027258,,0.1164059,,,918.9910444,,,somewhat excessively,,,"Fine-loamy over sandy or sandy-skeletal, mixed, superactive, frigid Calcic Hapludolls",Renshaw,no,NASIS
184943,17N03522,5097,31147,37485,53,horizon,40.0,100.0,Bk2,B,Very gravelly Loamy coarse sand,GRV-LCOS,269179,bulk,normal,submitted,1,S2017ND093030,WGS84,47.17089667,-99.05664167,standardized,17N0691,S2017ND093030,,not started,C2017USND099,Site_C NEON_10_DCFS,2017,NEON,characterization,completed,Renshaw,mollisols,udolls,hapludolls,United States,Stutsman,North Dakota,4,4,0.0,4.0,2018-06-20 16:26:43,2018-06-20 16:29:24,60.0,70.0,False,60-100,0.0249699,0.02298138,,,21.566129,6.276268,7.4552116,0.1816,1.1107555,0.16267602,7.73,8.23,80.7,11.8,2.77267078,0.07057707,0.00201649,3.5820626,,0,S2017ND093030,HIGH,Top/bottom depths agree; designation differs,2488.0,S2017ND093030,4.0,C,40.0,100.0,60.0,extremely gravelly loamy coarse sand,"olive brown (2.5Y 4/3), dark yellowish brown (10YR 4/4), dry",dark yellowish brown,10YR 4/4,10YR,4.0,4.0,,,,,,,,,,,,,,,,,,"C—40 to 100 centimeters (15.7 to 39.4 inches); olive brown (2.5Y 4/3), dark yellowish brown (10YR 4/4), dry; extremely gravelly loamy coarse sand; 85 percent sand; 10 percent clay; structureless single grain; loose, loose, slightly sticky, nonplastic; common (10.0) fine roots throughout; interstitial pores; carbonate, finely disseminated; 30 percent by volume nonflat subrounded indurated 2-45-75 millimeter mixed fragments and 40 percent by volume nonflat subrounded indurated 75-160-250 millimeter mixed fragments; strong effervescence, by hcl, 1n.; moist when described; observed in pit, small",1.1107555,,0.16267602,,0.1036588,,,1036.6707691,,,somewhat excessively,,,"Fine-loamy over sandy or sandy-skeletal, mixed, superactive, frigid Calcic Hapludolls",Renshaw,no,NASIS
184944,17N03523,5097,31148,37486,54,horizon,0.0,27.0,A1,A,Silty clay loam,SICL,269180,bulk,normal,submitted,1,S2017ND093063,WGS84,47.164857,-99.110863,standardized,17N0692,S2017ND093063,,not started,C2017USND099,Site_C NEON_10_DCFS,2017,NEON,characterization,completed,Parnell,mollisols,aquolls,argiaquolls,United States,Stutsman,North Dakota,4,4,0.0,4.0,2018-06-20 16:30:19,2018-06-20 16:33:00,27.0,13.5,True,10-30,0.0556361,0.08098214,,,,29.6625268,25.7993463,5.2,0.3051432,0.24122556,6.36,6.56,34.5,39.7,5.197398,0.51256391,0.04818101,17.2063799,,0,S2017ND093063,EXACT,Designation and top/bottom depths agree,2489.0,S2017ND093063,1.0,A1,0.0,27.0,27.0,silty clay loam,"black (10YR 2/1), black (10YR 2/1), dry",black,10YR 2/1,10YR,2.0,1.0,,,,,,,,,,,,,,,,,,"A1—0 to 27 centimeters (0.0 to 10.6 inches); black (10YR 2/1), black (10YR 2/1), dry; silty clay loam; 15 percent sand; 32 percent clay; slightly hard, friable, moderately sticky, moderately plastic; common (5.0) very fine roots throughout and common (3.0) fine roots throughout; fragments; noneffervescent, by hcl, 1n; gradual wavy boundary.; moist when described; observed in auger, bucket",0.3051432,,0.24122556,,0.0131392,,,124.5100461,,,very poorly,,,"Fine, smectitic, frigid Vertic Argiaquolls",Parnell,no,NASIS
184945,17N03524,5097,31148,37486,55,horizon,27.0,40.0,A2,A,Clay loam,CL,269181,bulk,normal,submitted,1,S2017ND093063,WGS84,47.164857,-99.110863,standardized,17N0692,S2017ND093063,,not started,C2017USND099,Site_C NEON_10_DCFS,2017,NEON,characterization,completed,Parnell,mollisols,aquolls,argiaquolls,United States,Stutsman,North Dakota,4,4,0.0,4.0,2018-06-20 16:33:54,2018-06-20 16:52:49,13.0,33.5,False,30-60,0.0477163,0.06565297,,,,20.1552684,27.7108483,1.42,0.3280918,0.22003446,5.9,6.43,33.8,38.5,1.41734291,0.1733441,0.01223605,12.4041259,,0,S2017ND093063,EXACT,Designation and top/bottom depths agree,2490.0,S2017ND093063,2.0,A2,27.0,40.0,13.0,clay loam,"very dark grayish brown (2.5Y 3/2), dark grayish brown (2.5Y 4/2), dry",dark grayish brown,2.5Y 4/2,2.5Y,4.0,2.0,,,,30 percent fine distinct brown (7.5YR 4/4) masses of oxidized iron,concentration,1.0,,30,30.0,,fine,distinct,,,,30 percent fine distinct brown (7.5YR 4/4) masses of oxidized iron,,"A2—27 to 40 centimeters (10.6 to 15.7 inches); very dark grayish brown (2.5Y 3/2), dark grayish brown (2.5Y 4/2), dry; clay loam; 25 percent sand; 38 percent clay; moderately hard, firm, moderately sticky, moderately plastic; common (3.0) very fine roots throughout; 30 percent fine distinct brown (7.5YR 4/4) masses of oxidized iron; fragments; noneffervescent, by hcl, 1n; gradual wavy boundary.; moist when described; observed in auger, bucket",0.3280918,,0.22003446,,0.0021101,,,15.315624,,,very poorly,,,"Fine, smectitic, frigid Vertic Argiaquolls",Parnell,no,NASIS
184946,17N03525,5097,31148,37486,56,horizon,40.0,57.0,Btg1,B,Silty clay,SIC,269182,bulk,normal,submitted,1,S2017ND093063,WGS84,47.164857,-99.110863,standardized,17N0692,S2017ND093063,,not started,C2017USND099,Site_C NEON_10_DCFS,2017,NEON,characterization,completed,Parnell,mollisols,aquolls,argiaquolls,United States,Stutsman,North Dakota,4,4,0.0,4.0,2018-06-20 16:58:22,2018-06-20 17:00:47,17.0,48.5,False,30-60,0.0951461,0.06467024,,,,24.8664187,34.8866255,0.74,1.057898,0.28844979,6.17,6.84,30.8,34.3,0.73957854,0.09244732,0.0,16.0442769,,0,S2017ND093063,EXACT,Designation and top/bottom depths agree,2491.0,S2017ND093063,3.0,Btg1,40.0,57.0,17.0,silty clay,"dark grayish brown (2.5Y 4/2), grayish brown (2.5Y 5/2), dry",grayish brown,2.5Y 5/2,2.5Y,5.0,2.0,,,,and 10 percent fine distinct black (10YR 2/1) masses of reduced iron and 85 percent medium prominent strong brown (7.5YR 5/6) masses of oxidized iron,concentration | reduced matrix,1.0,,10 | 85,85.0,,fine | medium,distinct | prominent,,1.0,,and 10 percent fine distinct black (10YR 2/1) masses of reduced iron and 85 percent medium prominent strong brown (7.5YR 5/6) masses of oxidized iron,,"Btg1—40 to 57 centimeters (15.7 to 22.4 inches); dark grayish brown (2.5Y 4/2), grayish brown (2.5Y 5/2), dry; silty clay; 15 percent sand; 45 percent clay; hard, very firm, very sticky, very plastic; common (2.0) fine roots throughout; and 10 percent fine distinct black (10YR 2/1) masses of reduced iron and 85 percent medium prominent strong brown (7.5YR 5/6) masses of oxidized iron; fragments; noneffervescent, by hcl, 1n; gradual wavy boundary.; moist when described; observed in auger, bucket",1.057898,,0.28844979,,0.0695351,,,469.1158446,,,very poorly,,,"Fine, smectitic, frigid Vertic Argiaquolls",Parnell,no,NASIS
184947,17N03526,5097,31148,37486,57,horizon,57.0,80.0,Btg2,B,Clay,C,269183,bulk,normal,submitted,1,S2017ND093063,WGS84,47.164857,-99.110863,standardized,17N0692,S2017ND093063,,not started,C2017USND099,Site_C NEON_10_DCFS,2017,NEON,characterization,completed,Parnell,mollisols,aquolls,argiaquolls,United States,Stutsman,North Dakota,4,4,0.0,4.0,2018-06-20 17:01:36,2018-06-20 17:04:07,23.0,68.5,False,60-100,0.0849053,0.06087415,,,,22.2813121,30.7914816,0.5,0.5975577,0.16209155,6.39,6.88,35.4,33.8,0.5023322,0.07176174,0.0,13.8110073,,0,S2017ND093063,EXACT,Designation and top/bottom depths agree,2492.0,S2017ND093063,4.0,Btg2,57.0,80.0,23.0,clay,"50 percent 3/2 3/2) and 50 percent olive (5Y 5/3), 50 percent pale olive (5Y 6/3) and 50 percent olive (5Y 4/3), dry",percent olive,5Y 4/3,5Y,4.0,3.0,,,,10 percent coarse distinct light yellowish brown (2.5Y 6/3) masses of reduced iron and 20 percent fine prominent strong brown (7.5YR 5/6) masses of oxidized iron,concentration | reduced matrix,1.0,,10 | 20,20.0,,coarse | fine,distinct | prominent,,1.0,,10 percent coarse distinct light yellowish brown (2.5Y 6/3) masses of reduced iron and 20 percent fine prominent strong brown (7.5YR 5/6) masses of oxidized iron,,"Btg2—57 to 80 centimeters (22.4 to 31.5 inches); 50 percent 3/2 3/2) and 50 percent olive (5Y 5/3), 50 percent pale olive (5Y 6/3) and 50 percent olive (5Y 4/3), dry; clay; 43 percent sand; 55 percent clay; hard, very firm, very sticky, very plastic; few (1.0) very fine roots throughout; 10 percent coarse distinct light yellowish brown (2.5Y 6/3) masses of reduced iron and 20 percent fine prominent strong brown (7.5YR 5/6) masses of oxidized iron; 10 percent by volume nonflat subrounded indurated 2-45-75 millimeter mixed fragments; noneffervescent, by hcl, 1n; clear wavy boundary.; moist when described; observed in auger, bucket",0.5975577,,0.16209155,,0.0492711,,,842.7939181,,,very poorly,,,"Fine, smectitic, frigid Vertic Argiaquolls",Parnell,no,NASIS
184948,17N03527,5097,31148,37486,58,horizon,80.0,100.0,Cg,C,Clay,C,269184,bulk,normal,submitted,1,S2017ND093063,WGS84,47.164857,-99.110863,standardized,17N0692,S2017ND093063,,not started,C2017USND099,Site_C NEON_10_DCFS,2017,NEON,characterization,completed,Parnell,mollisols,aquolls,argiaquolls,United States,Stutsman,North Dakota,4,4,0.0,4.0,2018-06-20 17:04:55,2018-06-20 17:07:20,20.0,90.0,False,60-100,0.0734212,0.04570477,,,,20.8080399,30.2770623,0.28,0.7538822,0.1800768,6.63,7.09,34.5,35.2,0.27661017,0.06146893,0.0,14.1795008,,0,S2017ND093063,EXACT,Designation and top/bottom depths agree,2493.0,S2017ND093063,5.0,Cg,80.0,100.0,20.0,clay,"olive gray (5Y 5/2), light olive gray (5Y 6/2), dry",light olive gray,5Y 6/2,5Y,6.0,2.0,,,,2 percent fine faint black (10YR 2/1) masses of reduced iron and 10 percent coarse prominent strong brown (7.5YR 5/6) masses of oxidized iron and 25 percent medium prominent strong brown (7.5YR 5/6) masses of oxidized iron,concentration | reduced matrix,1.0,,2 | 10 | 25,25.0,,fine | coarse | medium,faint | prominent,,1.0,,2 percent fine faint black (10YR 2/1) masses of reduced iron and 10 percent coarse prominent strong brown (7.5YR 5/6) masses of oxidized iron and 25 percent medium prominent strong brown (7.5YR 5/6) masses of oxidized iron,,"Cg—80 to 100 centimeters (31.5 to 39.4 inches); olive gray (5Y 5/2), light olive gray (5Y 6/2), dry; clay; 12 percent sand; 50 percent clay; hard, very firm, very sticky, very plastic; 2 percent fine faint black (10YR 2/1) masses of reduced iron and 10 percent coarse prominent strong brown (7.5YR 5/6) masses of oxidized iron and 25 percent medium prominent strong brown (7.5YR 5/6) masses of oxidized iron; 3 percent by volume nonflat subrounded indurated 2-45-75 millimeter mixed fragments; noneffervescent, by hcl, 1n.; moist when described; observed in auger, bucket",0.7538822,,0.1800768,,0.0465115,,,692.68122,,,very poorly,,,"Fine, smectitic, frigid Vertic Argiaquolls",Parnell,no,NASIS
