wavenumber_cm1,hydric_mean_snv,nonhydric_mean_snv,snv_standardized_difference
4000.0,-1.644323820666477,-1.6055880073713613,-0.6705801319482237
3998.0,-1.643476334390704,-1.604864605420985,-0.6685792948666586
3996.0,-1.6427269569000242,-1.6042228342863358,-0.6666484608301211
3994.0,-1.641933289254224,-1.6035563261351324,-0.6645762322014672
3992.0,-1.6411096424922562,-1.6028482648730613,-0.6629701347215421
3990.0,-1.6402828597604517,-1.602135330149962,-0.6616216591595879
3988.0,-1.639538569888206,-1.6015079824572505,-0.660428006676886
3986.0,-1.6390645344039072,-1.6011594670355975,-0.6587759938833784
3984.0,-1.6386232269101975,-1.6008269275761746,-0.6570330817879214
3982.0,-1.6377441176869176,-1.6000574243093957,-0.6554100583698954
3980.0,-1.6367049380657739,-1.5991418111223714,-0.6536822781310025
3978.0,-1.6360534465543612,-1.5985992888319638,-0.6517645696136121
3976.0,-1.6356355252441355,-1.5982716046599938,-0.6496927552949892
3974.0,-1.635057629210035,-1.5978050854189954,-0.6474841223002119
3972.0,-1.63429892185207,-1.5971930359702071,-0.6451819018895102
3970.0,-1.633542294316404,-1.5965828017125627,-0.6431254942986935
3968.0,-1.6328231392584016,-1.5959941801180493,-0.6414852972295045
3966.0,-1.6322262670999657,-1.595495926189562,-0.6401003558861543
3964.0,-1.6319359883051603,-1.5952592883847745,-0.6385630085129353
3962.0,-1.6317721163542607,-1.595158105373613,-0.636605547296205
3960.0,-1.6313571587820597,-1.5948551213796693,-0.6346557489546997
3958.0,-1.6307561803369715,-1.5943747845143248,-0.633048412767233
3956.0,-1.630242468999883,-1.593963073800597,-0.6314618390014153
3954.0,-1.6299861923804777,-1.5937735229684624,-0.6295585662579641
3952.0,-1.6302594363486285,-1.5940117513557204,-0.6277188821941533
3950.0,-1.63089036842969,-1.5945535697834747,-0.6260600655498679
3948.0,-1.6309457245609333,-1.594635508835513,-0.6246333135323819
3946.0,-1.6304056920817984,-1.5941878033724852,-0.6234772034803271
3944.0,-1.6303373822196083,-1.5941124980470351,-0.6222848375070541
3942.0,-1.6300864850913406,-1.5939522748032684,-0.6207561819260724
3940.0,-1.6286713869318183,-1.5928237162187389,-0.6195154734916379
3938.0,-1.6275015620662536,-1.591842054544054,-0.6188409321631272
3936.0,-1.6278967360730483,-1.5921562474297999,-0.6184550545185906
3934.0,-1.629526728303783,-1.5934923598119246,-0.6176771990104742
3932.0,-1.6306774928784797,-1.5944613522621485,-0.6158952178093389
3930.0,-1.6298291185902278,-1.5937820234669873,-0.6143895854500808
3928.0,-1.6284433025601217,-1.5925703506984203,-0.6140567066059324
3926.0,-1.6283790554459805,-1.5924453414266067,-0.6137357115176588
3924.0,-1.6288132267477404,-1.5928317940160663,-0.6125220350735929
3922.0,-1.6287770378311273,-1.592812069385276,-0.6116493430943523
3920.0,-1.6292028941332546,-1.5930928011954586,-0.6114463971703354
3918.0,-1.6298555091134763,-1.593612073785164,-0.6107832780889608
3916.0,-1.6288433863227005,-1.5928645696184445,-0.6092513252240674
3914.0,-1.6263355424709753,-1.5908784906763331,-0.6072177535986037
3912.0,-1.6244084423636846,-1.5893054543960494,-0.6053957459531021
3910.0,-1.6239917582699772,-1.5889274173833199,-0.6042332576286823
3908.0,-1.6256222705113212,-1.5901571407891166,-0.6039317694837043
3906.0,-1.630129300980304,-1.5937437350896135,-0.6025812379110164
3904.0,-1.6356242907964256,-1.5983081884415298,-0.5976597732482842
3902.0,-1.6379057869095424,-1.6003339221495971,-0.5932995848320816
3900.0,-1.6354685586155846,-1.5984554342530595,-0.5925978881624226
3898.0,-1.6299649907063667,-1.5940124186864142,-0.5928471325821445
3896.0,-1.6252401313373621,-1.5900999248935952,-0.5918962249588533
3894.0,-1.6248036447137604,-1.5896229056784816,-0.5910816561462416
3892.0,-1.6270237287786746,-1.591460842105695,-0.5891139389710522
3890.0,-1.626837918719628,-1.5913916545553075,-0.587080646455461
3888.0,-1.626472865291209,-1.5910282708775527,-0.586638919853276
3886.0,-1.6290647202323831,-1.5931810145259095,-0.5852839471923467
3884.0,-1.6294457535000206,-1.5936398380396033,-0.5821430129280432
3882.0,-1.627367770997711,-1.59184028504102,-0.5799618831899876
3880.0,-1.625381972770834,-1.5901403287829734,-0.5780506023790573
3878.0,-1.621943420553728,-1.5873126962459376,-0.5764121386466916
3876.0,-1.6204070850219623,-1.5859289829453633,-0.5752955677523669
3874.0,-1.6224283625476683,-1.587501139302932,-0.5734474098530674
3872.0,-1.6257126409709577,-1.5901843752973999,-0.5700733884861175
3870.0,-1.6275887604151589,-1.591736945901188,-0.5669721454646334
3868.0,-1.6257955771590786,-1.5902956905607473,-0.5657377765643191
3866.0,-1.6232299101444734,-1.5881241668930348,-0.5650082730481474
3864.0,-1.621833304838475,-1.5869424933173264,-0.5634016921069149
3862.0,-1.618832547609213,-1.584509220884351,-0.561770307121159
3860.0,-1.6151311022907673,-1.5813929016561306,-0.560298172718343
3858.0,-1.615578939679575,-1.5814969647421293,-0.559392263865119
3856.0,-1.6242602460227502,-1.588223539241621,-0.5554022237963052
3854.0,-1.6357622244583578,-1.5976228953070104,-0.5426891548838524
3852.0,-1.632513927692505,-1.5953247741830354,-0.5420328921712899
3850.0,-1.6181968376952605,-1.5837877331823542,-0.5482367283651006
3848.0,-1.608728576137669,-1.5759577922445418,-0.5478512045363869
3846.0,-1.606607216695054,-1.5740160743649254,-0.5474480568226474
3844.0,-1.6081185890818652,-1.5750093911263512,-0.5469289453147579
3842.0,-1.6108751297796666,-1.5770577304977058,-0.5443795667629887
3840.0,-1.6150367050175578,-1.5803898579322342,-0.539761309905486
3838.0,-1.6181221388629154,-1.583060445149087,-0.5353418268572535
3836.0,-1.6148807388761157,-1.580456595491742,-0.5354385949680874
3834.0,-1.6078985501859269,-1.5744739397799645,-0.5360212458403774
3832.0,-1.6020168565201296,-1.5693230761858716,-0.5348074608304213
3830.0,-1.597687408841742,-1.5655634025388783,-0.5327584472419258
3828.0,-1.5950640196067714,-1.563248757444179,-0.530734376532522
3826.0,-1.5940805374703366,-1.5622849675188157,-0.5286399305883109
3824.0,-1.595691583753148,-1.5633919566635548,-0.5270718768887697
3822.0,-1.6005323941317005,-1.5672453715215553,-0.5236489156857291
3820.0,-1.602149282894721,-1.5687106949206873,-0.5185092207526115
3818.0,-1.5983257002224553,-1.565463057847892,-0.5172048652893362
3816.0,-1.5936929140560268,-1.5613568777439113,-0.5168233890984248
3814.0,-1.5867882960686865,-1.5554859583921523,-0.5149618793479952
3812.0,-1.5798849649215927,-1.5495661064977642,-0.5118179932919643
3810.0,-1.577760082725303,-1.5474362109625481,-0.5109709078816171
3808.0,-1.5794175681163365,-1.5484704508109048,-0.510179132714043
3806.0,-1.5802868391346352,-1.54903775003976,-0.5065917148536063
3804.0,-1.5801270376862981,-1.5487083263785093,-0.5031469677073374
3802.0,-1.5804804389490261,-1.548755971632736,-0.4996300828867939
3800.0,-1.5772157958218878,-1.5459333071760462,-0.4961509436797709
3798.0,-1.570616543834447,-1.540301692409718,-0.49350182605318504
3796.0,-1.564423617553423,-1.5349064673403428,-0.49059072230465167
3794.0,-1.5587066487184824,-1.5299302581953216,-0.48643084581572354
3792.0,-1.553967861290611,-1.5257724042429939,-0.481872954519719
3790.0,-1.5505124057496622,-1.5226075837378938,-0.4779727035262315
3788.0,-1.547724040325399,-1.5199192005703197,-0.4746020906448567
3786.0,-1.5452653208570788,-1.5174992745474691,-0.47118479352567727
3784.0,-1.5426795371927056,-1.5150349285668292,-0.4672825102285389
3782.0,-1.5407923898100606,-1.5131295535605507,-0.46493023088246416
3780.0,-1.5396529967743506,-1.5118523229471028,-0.4628570366597526
3778.0,-1.535511179511069,-1.5080845754789296,-0.4577823175322842
3776.0,-1.5283144981007484,-1.501665386936388,-0.45043071366248694
3774.0,-1.5230862300071397,-1.4968138088621432,-0.44480162037848825
3772.0,-1.521230420615728,-1.494736794997025,-0.44181004182648914
3770.0,-1.520036958280166,-1.4933017826862858,-0.437325200781102
3768.0,-1.5160701488110262,-1.4896057091116142,-0.4306890034013313
3766.0,-1.5099112148376348,-1.4840197321502608,-0.423344875697515
3764.0,-1.5034502660785531,-1.4781514588806062,-0.415464454992761
3762.0,-1.4983295691069332,-1.4733367841916478,-0.4087004016924717
3760.0,-1.4948273446296396,-1.4698100479801772,-0.4029566500078183
3758.0,-1.4901555622837026,-1.4653326079193143,-0.39533970158901677
3756.0,-1.484722703569208,-1.4601748789034017,-0.38758316652822067
3754.0,-1.4830320483397763,-1.4579535880460415,-0.38254767393525574
3752.0,-1.4846076883166144,-1.4584733104625527,-0.3744531847614923
3750.0,-1.480676615308134,-1.4546693599851228,-0.36008408290351096
3748.0,-1.4704742555814982,-1.445704006811425,-0.3451586819749048
3746.0,-1.46208242238423,-1.4380503656294785,-0.3315094146458778
3744.0,-1.4507966092507851,-1.4281063040763329,-0.31225700208480606
3742.0,-1.4335692437105672,-1.4135232736425154,-0.2863766576419055
3740.0,-1.4203342825154792,-1.402024703996886,-0.2667361730983185
3738.0,-1.4150009210322032,-1.3965491823560479,-0.25980756460632887
3736.0,-1.4099240030035343,-1.3907928676864263,-0.25367735735367236
3734.0,-1.3948929726238084,-1.3762432056934244,-0.24134404545466742
3732.0,-1.370367696817079,-1.3534893963432193,-0.22211410641093937
3730.0,-1.3455179731252092,-1.3305671048222525,-0.1992562765730944
3728.0,-1.3241832352640999,-1.3104031157105873,-0.18086416469244063
3726.0,-1.3024293158102263,-1.2892742326761117,-0.16584801561020648
3724.0,-1.2757645510324243,-1.2634645353627376,-0.14795428812145142
3722.0,-1.2425377390953636,-1.2315461969035622,-0.1259776068100194
3720.0,-1.202532751867791,-1.1933262929544015,-0.09996905597213064
3718.0,-1.1574610918211576,-1.150352949275577,-0.07262996870219282
3716.0,-1.1110658586183961,-1.1059314187808647,-0.04897243692112058
3714.0,-1.0639195555990932,-1.0602994309579885,-0.03184395577824228
3712.0,-1.0061363321390282,-1.0041656851531995,-0.015726750673757048
3710.0,-0.9307108618774821,-0.9320250432864421,0.009574774072282738
3708.0,-0.8496184230881421,-0.8563698942349703,0.04608749126665133
3706.0,-0.7727767596115194,-0.7857031307887583,0.08375594309874593
3704.0,-0.6980750208511045,-0.7169836228950194,0.11643930499509081
3702.0,-0.621932265263758,-0.646567000782089,0.14460784718558972
3700.0,-0.5535209667514392,-0.5825841683642214,0.16533224044077255
3698.0,-0.5097642141828708,-0.5398438783121724,0.16986794066393338
3696.0,-0.4945812352449545,-0.5215268125521431,0.15376835067135555
3694.0,-0.5008530762776001,-0.5219346818880661,0.1223795775595827
3692.0,-0.5200185315623618,-0.534373509432869,0.08462109188386098
3690.0,-0.539255573056314,-0.5477964400327128,0.0509093299241682
3688.0,-0.5409163146372424,-0.5466665121407939,0.034598359699854336
3686.0,-0.5225168298303615,-0.5286000896236911,0.036754239276246284
3684.0,-0.49583057069228237,-0.5033408125778687,0.04513482443264995
3682.0,-0.46551861867085914,-0.47450202271136216,0.05321114248144384
3680.0,-0.43220019831326245,-0.4426066955610267,0.06037332872558488
3678.0,-0.3980836382610888,-0.40959475691270997,0.06515112117887291
3676.0,-0.35339712203748924,-0.3662873528750901,0.07059164446565153
3674.0,-0.2946480676658809,-0.31043890927040296,0.083860757936646
3672.0,-0.2428409085666608,-0.2616602088168354,0.09815376990231799
3670.0,-0.19265146645209472,-0.21329101893404515,0.10552017610603887
3668.0,-0.13578255492377048,-0.15854209697691926,0.11389296714261594
3666.0,-0.0868206403864811,-0.11210096125664717,0.12511013950831296
3664.0,-0.04404546671573008,-0.07108408634733647,0.1325800632453545
3662.0,-0.0021593195657062304,-0.030513935709152586,0.13740657405813417
3660.0,0.03813896139491767,0.008621502785925432,0.14137216029908595
3658.0,0.07768240278367708,0.04717767423133938,0.14436169746498975
3656.0,0.11906667281870134,0.08745551418039413,0.1477337613277007
3654.0,0.15647575468241928,0.12370703768312948,0.15164529247709937
3652.0,0.1817783919541484,0.148753832079881,0.15202133055425215
3650.0,0.20418407742225098,0.17162848184430846,0.1489846968118792
3648.0,0.23749841071917666,0.2043839875440789,0.15056111920885043
3646.0,0.2768499576084885,0.24153552207774395,0.16003593666847177
3644.0,0.3103122960254837,0.27265220529725415,0.17055129233244157
3642.0,0.3374721149685914,0.2982360739620117,0.1777409662424914
3640.0,0.3617914972200594,0.3214600813476336,0.18276892940598946
3638.0,0.38411049054228225,0.3428232671126896,0.18734810588909445
3636.0,0.40449451536669184,0.3623351476413963,0.19185231493321142
3634.0,0.42244742573429095,0.37949167063514305,0.1964709860837724
3632.0,0.4358611566883536,0.39236521652911666,0.20030480185993713
3630.0,0.44569769283264593,0.4013724748373017,0.206082853391988
3628.0,0.46277388179183765,0.4152230169620122,0.2236205217838223
3626.0,0.4861989745967975,0.4336631038519634,0.24972805122285083
3624.0,0.5044464896691112,0.4477607610581251,0.27248049332525015
3622.0,0.5117725812370744,0.45296737920615415,0.28694910429100434
3620.0,0.5036300270620572,0.4452837707108161,0.2915376330664362
3618.0,0.4841981977558481,0.4281497000654084,0.28811756621443874
3616.0,0.4652502822723011,0.4115625724272334,0.28227253474418196
3614.0,0.45042349206997956,0.3982725698877721,0.2791768523558626
3612.0,0.4386255187626327,0.38719869820311575,0.28026048394376946
3610.0,0.4293881230088017,0.3782688300792581,0.2834414815902661
3608.0,0.4223734533985626,0.3708493864159668,0.2907108474040926
3606.0,0.4185635642079559,0.36571879456926787,0.30296135095779125
3604.0,0.41605053778169854,0.3619530993333411,0.31441856032059995
3602.0,0.4110342005307522,0.3561711369893909,0.32408179692203193
3600.0,0.4045736639646343,0.3489566653246644,0.33466114735631064
3598.0,0.39878940307055566,0.34230297150832206,0.34611389158777817
3596.0,0.39341284145086963,0.336024221633563,0.3578492551144231
3594.0,0.3880679258253922,0.3295535241323726,0.3711432299842589
3592.0,0.38308624404809394,0.3235781444708998,0.38340851987081664
3590.0,0.37668476027311176,0.3168042737067367,0.3921845370997279
3588.0,0.3685018233325212,0.3080333880557411,0.4037858434252838
3586.0,0.3639343658321023,0.30180926083826165,0.4217313391140571
3584.0,0.36464363735470623,0.3006132994026867,0.4391047875353838
3582.0,0.36611631307689285,0.3007324870636003,0.452570927188295
3580.0,0.36600652366653497,0.29964262382302936,0.46472515745986426
3578.0,0.3649865431810849,0.2977775900011509,0.47655393124056444
3576.0,0.36358644140027574,0.2956472719300086,0.4874911681371765
3574.0,0.36220775683127293,0.2935594604850134,0.497704296640185
3572.0,0.3601953390144212,0.2909384858886367,0.5071158385300895
3570.0,0.3559639022407411,0.28663107929253845,0.5144379958620238
3568.0,0.35044619835946655,0.2813591328998744,0.5213269450978102
3566.0,0.34870427228831535,0.2791389034432242,0.5304802078641739
3564.0,0.35154520335813677,0.2810100626372012,0.537485860064655
3562.0,0.3538656306587574,0.2827878376287618,0.541153965573475
3560.0,0.3549337425933511,0.2837147026013043,0.5439082507370353
3558.0,0.3559076752983146,0.28469283302494675,0.545973212855464
3556.0,0.35606365124968226,0.28515825568319836,0.5458862221491867
3554.0,0.3545863139422841,0.28435671035101323,0.543882951052658
3552.0,0.3525505099552174,0.2830424234960872,0.5416359027640123
3550.0,0.3513376957820597,0.2825007672812196,0.5390221204687343
3548.0,0.34928573033863486,0.2813652146666951,0.5348642241161854
3546.0,0.3463275922970595,0.27950039182033964,0.5291163172977373
3544.0,0.3458634549597249,0.2799304232934918,0.5230236252900157
3542.0,0.34861367078911465,0.2833516786082848,0.5174146345103787
3540.0,0.35132365385953457,0.28679530518955054,0.5117550224271938
3538.0,0.3520628016561297,0.2883604054228347,0.505988805131339
3536.0,0.3523933123354874,0.28934012299686784,0.5014273953379597
3534.0,0.35409666076807955,0.29137390312474665,0.49905402160851736
3532.0,0.3561659289041523,0.2936096954711995,0.49825016136355166
3530.0,0.35719206091919753,0.29488466401282565,0.4971374272642502
3528.0,0.35750911203182795,0.29555291130009187,0.49478324004555807
3526.0,0.3577180545261907,0.29603273411893605,0.49226874385770397
3524.0,0.35887809356279404,0.2973003966098583,0.4903085994730756
3522.0,0.3622711520591232,0.30066924124372263,0.48866649464572315
3520.0,0.36687399590057534,0.30516776540563006,0.487388847026412
3518.0,0.3705949682968354,0.30872975466841085,0.4867061087538547
3516.0,0.37311712823648724,0.31103004803927753,0.4864735532294017
3514.0,0.3754928794324893,0.31317439247047163,0.48630243192775735
3512.0,0.37870561123051993,0.31618983673686746,0.4864009825403859
3510.0,0.38269401248883395,0.31991953891166675,0.4868988190100501
3508.0,0.38671736805931173,0.3234703604485146,0.48804072753682803
3506.0,0.38964164335250984,0.3258152823657049,0.4898380606983039
3504.0,0.3912368863881128,0.3267896210543698,0.4923416301177304
3502.0,0.39418027982449333,0.3289039342877189,0.49580188648962625
3500.0,0.3992577381284047,0.3330426694288194,0.4994017350801909
3498.0,0.40408772125961356,0.33703824442651287,0.5023144084332787
3496.0,0.4084980324129542,0.340652450360453,0.505003126006983
3494.0,0.4135513650615036,0.34483330124153133,0.5080915796456831
3492.0,0.41866484915639646,0.34912345072653816,0.5108138564534325
3490.0,0.4228325001953456,0.35259308979677195,0.5126578999521408
3488.0,0.42625522307558195,0.35534656088433436,0.5139980557290095
3486.0,0.4301807110274806,0.3585494303374643,0.5154951493476045
3484.0,0.4344616487144073,0.36208253267119134,0.5174780992031617
3482.0,0.4378248395385362,0.364647728123092,0.5196506453693895
3480.0,0.44104997706446325,0.36698560557863,0.5216075869561829
3478.0,0.44568225771171577,0.3707328393577414,0.5235532238172492
3476.0,0.45088637408704424,0.375119865500903,0.5256177576422282
3474.0,0.4550873858561145,0.37847719888457926,0.5275911584712972
3472.0,0.45761920568463027,0.3800771547179953,0.5291865936977173
3470.0,0.4588424820521123,0.38043490456254875,0.529860817546692
3468.0,0.46096482825150176,0.3818292728357292,0.5303387623298942
3466.0,0.4655958396634179,0.3857009396688302,0.5322124612727335
3464.0,0.471138558836351,0.39037999826207537,0.5351127969706815
3462.0,0.475257848226771,0.39365867598206894,0.5372130577719274
3460.0,0.4786778392967648,0.39633726271916264,0.5380414247073971
3458.0,0.48307254994180965,0.39996183724797135,0.5392141429585959
3456.0,0.48772981531516735,0.403776991827534,0.5410760063802237
3454.0,0.49158244180036215,0.4068357884768584,0.5424766769390398
3452.0,0.4946904260442784,0.4092570856341412,0.5432068929631204
3450.0,0.49700131003194004,0.41103499779849506,0.5434157248347972
3448.0,0.49858514869895404,0.41219221961531527,0.5432832882971415
3446.0,0.5009745837638138,0.41397504019426196,0.5437893591313824
3444.0,0.5045042730888935,0.4166443884175354,0.5453469106550731
3442.0,0.5076025996008786,0.41885184179196194,0.5469101675510287
3440.0,0.5090714657550429,0.4195349198474912,0.5473133858525889
3438.0,0.509076379901288,0.4188530842129848,0.5465773028243799
3436.0,0.5096725303908188,0.41875337854114075,0.5461542748360592
3434.0,0.5122774338357623,0.4205928206515951,0.5471727849926418
3432.0,0.5155338833568458,0.42313545607172953,0.5485734303919043
3430.0,0.5181415940434289,0.42518508877670413,0.5490192457514129
3428.0,0.5210542951164484,0.42760968231784036,0.5490850121124684
3426.0,0.5244932834725657,0.4305446541702284,0.5494468051824232
3424.0,0.5270599387458276,0.43263399049960394,0.5494755251239111
3422.0,0.5283182778549176,0.43340921744863087,0.5490979271175391
3420.0,0.5295231953211724,0.434005180389749,0.5490966945495714
3418.0,0.5312381592525244,0.4349917903827092,0.549744065349238
3416.0,0.5320994956780132,0.43513112297939743,0.5505254250923424
3414.0,0.531720581557066,0.4341022155039126,0.5510574625489929
3412.0,0.5315246973351864,0.4332728422994234,0.5517581705673179
3410.0,0.5323267734456695,0.4334230444720307,0.5527381719721487
3408.0,0.5337175196446452,0.43425067255619965,0.5533564757015573
3406.0,0.5346812573190382,0.43477192157555644,0.5534980764017898
3404.0,0.5334029501931093,0.43299765107545696,0.5534433711965454
3402.0,0.5303219217099995,0.42935332935296455,0.5529145670809039
3400.0,0.5291185591820026,0.4277673837918489,0.5520723712155872
3398.0,0.5309556369116495,0.42943093552829315,0.5517635434138372
3396.0,0.5323817183067595,0.4306934259653519,0.5513085102810014
3394.0,0.530940012797215,0.429034891256921,0.5498872496030315
3392.0,0.5290949877294417,0.42695294087975616,0.5483533057209293
3390.0,0.5299396458000298,0.42759739278830877,0.5478218745914357
3388.0,0.5323330983179628,0.4298839053122308,0.5477435221031457
3386.0,0.5333680660964105,0.43090149623920665,0.5469277038242053
3384.0,0.5325063933505938,0.43006771934237226,0.5452085739586621
3382.0,0.5306847138077055,0.428201023577537,0.5434671868189375
3380.0,0.5286017984593824,0.4258976235684323,0.5426784767480627
3378.0,0.526802408816103,0.42378687619773325,0.5427130498461689
3376.0,0.5252671682103959,0.42202055637908725,0.5426297671817365
3374.0,0.5231320172282957,0.4197787362365631,0.5418141959218403
3372.0,0.5191227505711633,0.41566468053128114,0.5404909455581823
3370.0,0.5140561592385595,0.4104246540751803,0.539320966570721
3368.0,0.5107588501911655,0.40703989635966165,0.5385141207683829
3366.0,0.510392572305929,0.4067381394640876,0.5380210649830545
3364.0,0.5108463462232364,0.407214781698286,0.5379690627919662
3362.0,0.5098046134032753,0.40605666794571066,0.5381637590684187
3360.0,0.5079539600336431,0.404129444507365,0.5380354180696231
3358.0,0.5065804273622931,0.4028841765814392,0.5372494472120226
3356.0,0.5049290976904979,0.4014408549510799,0.536080543474959
3354.0,0.5015117391320836,0.39806847651650895,0.5350545963434036
3352.0,0.4967496235215244,0.3931914723033328,0.5343362660953064
3350.0,0.49341233947316676,0.3898371366957652,0.5338131487805339
3348.0,0.49260916444480857,0.3892153212419342,0.5333735059561289
3346.0,0.49130937409244185,0.38809053469095006,0.5329113910980523
3344.0,0.48785762436393376,0.38470986442407057,0.5322651356958961
3342.0,0.4839588273722463,0.38096837654152155,0.5310617970014673
3340.0,0.48011192659910584,0.37739596217475646,0.5295750361415937
3338.0,0.47717790468069465,0.3747430361199545,0.5285042829567105
3336.0,0.4763177317738311,0.37413407450721387,0.5281388709168713
3334.0,0.47620977807744547,0.3742127537981255,0.5282186777658738
3332.0,0.4749205079187601,0.3730768429997704,0.5282944307753054
3330.0,0.4720664948472673,0.3704744080270671,0.5277718209398902
3328.0,0.46786677061445686,0.3666357117634885,0.5263799713687354
3326.0,0.46359089651343866,0.36278192288805866,0.5244944484716444
3324.0,0.46111525458899905,0.3608308350595495,0.5226142017188059
3322.0,0.46003637810815967,0.3603496030248686,0.5210308212820539
3320.0,0.45861262800388714,0.3595005369542964,0.519639344511075
3318.0,0.4562981428106704,0.3577448810280417,0.5181152949755867
3316.0,0.4534788595236859,0.3554431855267933,0.5167623669856605
3314.0,0.45023544869179444,0.352614750745391,0.5160172127780761
3312.0,0.4459706259377648,0.3487645682007172,0.5151501810104723
3310.0,0.4403462960521029,0.3436599380459041,0.5134365848896049
3308.0,0.43473275334039946,0.3386009331745884,0.5114859466507041
3306.0,0.4314457777144896,0.33581630538045876,0.5104343271256305
3304.0,0.4312690293757603,0.33618673390248216,0.5102747769345278
3302.0,0.43228961457298637,0.3379363711323196,0.5097832865043185
3300.0,0.43149463855380465,0.33795601481417414,0.5084475767432189
3298.0,0.4280317583516558,0.33519251695869984,0.5070342421209161
3296.0,0.4236820054059507,0.3313862860289208,0.506301104837456
3294.0,0.4202435826610122,0.32849933020543753,0.5058879672113883
3292.0,0.41846391630308155,0.3274013391422631,0.5052399109439273
3290.0,0.41858119094810703,0.3282341276355065,0.5047746674813014
3288.0,0.41892100612724603,0.32927121985927627,0.5044494241126369
3286.0,0.4177080421660766,0.3287492566877561,0.5038597695333017
3284.0,0.41546354244431616,0.3271547641042194,0.503297540437562
3282.0,0.4129676655018283,0.32524595771494663,0.503091047535074
3280.0,0.41027062770276557,0.3231248735354572,0.5029381389624913
3278.0,0.4069129670656683,0.3203944853400615,0.5023395796997208
3276.0,0.40268407484087554,0.3167537170757212,0.5017012592548665
3274.0,0.3980926546863,0.3126259609698619,0.5015072909329656
3272.0,0.393954360749716,0.3089099798615181,0.5014933941391304
3270.0,0.3916779812773745,0.3071342969580466,0.5013770786254815
3268.0,0.3914452751900725,0.3075284664644549,0.5010068603767422
3266.0,0.3911432633181261,0.30784293568971344,0.5007920404627244
3264.0,0.3894820520865626,0.30657940341068574,0.5016446759160145
3262.0,0.3869325520100614,0.30427564539967944,0.5030448267728158
3260.0,0.383687257812508,0.3013467943636339,0.5036387645945545
3258.0,0.3795281842616115,0.2976326803886786,0.5032863684474987
3256.0,0.37537005851589006,0.293898743318316,0.5032231616238116
3254.0,0.3725751978858121,0.2913762148009421,0.5042394680222847
3252.0,0.3703590618742968,0.28931969751463626,0.5056684517100676
3250.0,0.36669312394404796,0.2858262108088737,0.506536075503142
3248.0,0.36177488036755684,0.2811394284055007,0.5069740038286352
3246.0,0.3579994676943047,0.2776063250052201,0.5077208534462616
3244.0,0.3560883020329945,0.27595240152141065,0.5083989902523597
3242.0,0.3541444986486006,0.274336415540034,0.5082854791389882
3240.0,0.3509978955727086,0.2715567548614432,0.5078949967424082
3238.0,0.34653707749827173,0.2674968605143502,0.5073659476992256
3236.0,0.3404024744045142,0.2617902589316893,0.5061888064096414
3234.0,0.33413272115132153,0.25589049620491705,0.5050572847139458
3232.0,0.33050166792238006,0.25256739898526,0.5049174576616483
3230.0,0.3287765201844532,0.2512012324424585,0.50500271762227
3228.0,0.3262062292804422,0.2490430199985845,0.5045815167634411
3226.0,0.32231835229981143,0.24550184815323117,0.5042099299167505
3224.0,0.3178119448469416,0.24128105272056613,0.5039880139046836
3222.0,0.31271310634831745,0.23650191946363305,0.5034667427379049
3220.0,0.30711142666863606,0.23128851579407345,0.5025616994282099
3218.0,0.3015997477440119,0.2262747520599891,0.5009556670012306
3216.0,0.2963481384471573,0.2215734514003065,0.49888861993731753
3214.0,0.291166721609517,0.2168441289417215,0.49728890616286686
3212.0,0.28605246631384623,0.21210093748375958,0.4961995909419353
3210.0,0.28069402784303377,0.20711119272829348,0.49515031013088007
3208.0,0.2748725417852393,0.20164682848674634,0.4939967206933227
3206.0,0.2688990768579052,0.19607752308469995,0.49238593816938747
3204.0,0.2629558764693591,0.19061241390155426,0.4903567757133401
3202.0,0.2569766303930127,0.18509584756711403,0.4884927711952677
3200.0,0.25085815698333325,0.1794258577204383,0.48662222018150153
3198.0,0.2445216481654428,0.17355915861214308,0.4843767467019437
3196.0,0.23806258574266534,0.16748780715011652,0.48247238378058277
3194.0,0.23150351506733574,0.16122948025256262,0.48117881629529236
3192.0,0.2246987109911113,0.154731038083822,0.4800486825241659
3190.0,0.21774609515321033,0.1481242232282151,0.4787080521288734
3188.0,0.21094677189444933,0.14174231959837189,0.4766882921959894
3186.0,0.20418456055192036,0.13548393267909964,0.4739200885710282
3184.0,0.1972510071886356,0.12902014672181833,0.4712122279551732
3182.0,0.19023934219076422,0.12242389245115014,0.4688242063465385
3180.0,0.18317530304673324,0.1158141412681537,0.4663462343214399
3178.0,0.17606239314282288,0.109148606086726,0.4639006628797881
3176.0,0.16910077743708682,0.10245569939729433,0.46235624475678627
3174.0,0.1622130342323163,0.09575202028987032,0.46105302099789003
3172.0,0.15509519889244433,0.08897067591054272,0.4586008999099866
3170.0,0.147751329890003,0.08208549306920189,0.455405589607824
3168.0,0.14037090889304338,0.07511327638040907,0.4526418778823853
3166.0,0.13305501930612862,0.06812600058310439,0.4504012103867807
3164.0,0.12574683295240402,0.06115812699483003,0.44801222247055705
3162.0,0.11838029763978708,0.054170721495949314,0.445219290456973
3160.0,0.11089303530166424,0.047024355338525,0.4425724425773364
3158.0,0.10298765390257958,0.03937767476272017,0.44036174813765466
3156.0,0.09408853057953179,0.030707352457988252,0.43804316111810965
3154.0,0.08453482700128964,0.021382633155208344,0.435440465459941
3152.0,0.0764068221150881,0.013482503821665166,0.4331239840205607
3150.0,0.07072188086279263,0.008057180889164614,0.43125145012024924
3148.0,0.06562839856209171,0.0032672900402507133,0.4292879621899796
3146.0,0.059440341952971765,-0.002638363621846643,0.427187295805232
3144.0,0.052023012454179084,-0.0098283051719044,0.4250564753493568
3142.0,0.04328892803270806,-0.01837236514613909,0.4226657265079654
3140.0,0.034229631960253575,-0.02723424783832565,0.42004002945667285
3138.0,0.02709523248577078,-0.03407342178579607,0.41737180190521794
3136.0,0.021878899279855216,-0.03889885395872517,0.4147419699654276
3134.0,0.01609398014721958,-0.0443103360884773,0.41207316916631226
3132.0,0.008694161024585794,-0.05150615539811029,0.4099454401911653
3130.0,0.0010918963659777721,-0.05895079030837043,0.4079605780635627
3128.0,-0.005412557906176226,-0.0651364628077577,0.40533498957829434
3126.0,-0.011674372087188684,-0.07103928245991124,0.40261344764546797
3124.0,-0.019469172981569593,-0.07855561946944473,0.40000309734240075
3122.0,-0.029098741137225437,-0.08789995798284803,0.39680026231272875
3120.0,-0.03879637573110778,-0.09722595086880718,0.39299299654378256
3118.0,-0.046781083711873325,-0.10477079861597412,0.3893168189332113
3116.0,-0.05261914561160765,-0.11017117123631215,0.38637088130850505
3114.0,-0.056794684248076086,-0.11395603677721233,0.3842036040410037
3112.0,-0.06127055435457376,-0.11804455094723429,0.38196752135378426
3110.0,-0.06750153728727128,-0.12385108294085058,0.3791304896662681
3108.0,-0.07379609042925461,-0.12970277483658377,0.3763484141295516
3106.0,-0.0787908871195505,-0.13426929553830544,0.37415288279476416
3104.0,-0.08411018851676673,-0.13913882266243083,0.37180574775652203
3102.0,-0.09101366543498329,-0.14553198352469449,0.3687436826399407
3100.0,-0.09803186542678763,-0.15200098846310622,0.3655089174992579
3098.0,-0.10362827313869163,-0.15702246178695453,0.362627024821794
3096.0,-0.1087628005042243,-0.16153593379211525,0.3597123572827138
3094.0,-0.11511834519453076,-0.16727823129532385,0.3565627517711094
3092.0,-0.12276565759629518,-0.17434120934249261,0.35330714742709435
3090.0,-0.13027722086880086,-0.18126295960549718,0.35021141289260804
3088.0,-0.13706577881183363,-0.18741879241242984,0.34724105495943847
3086.0,-0.1440619788548044,-0.19368629472985824,0.3438101637646853
3084.0,-0.15133979412393198,-0.2001517273052683,0.3399300914010274
3082.0,-0.1584631094186566,-0.2064632940520926,0.33621887711549914
3080.0,-0.16547980856568928,-0.21266888080000548,0.33260268193517767
3078.0,-0.17128715767850525,-0.2176775456961516,0.32939472392307834
3076.0,-0.17508855161543918,-0.22074859704295952,0.32723615132186684
3074.0,-0.17875765351782402,-0.22370053903977638,0.3253556169051469
3072.0,-0.1843636167519279,-0.22856562553625612,0.3229129291423889
3070.0,-0.19202726440218965,-0.23545300303271577,0.3197979681606211
3068.0,-0.2003124316394122,-0.24289447760400987,0.31621632380504316
3066.0,-0.20715748842771306,-0.2488673781378314,0.31287889253231416
3064.0,-0.21236329995159403,-0.25320721580289224,0.3099632811300067
3062.0,-0.21749418813183546,-0.2574782981753664,0.3070583556021955
3060.0,-0.22374234230462037,-0.26286531574598754,0.30384690395978387
3058.0,-0.23124982590396184,-0.2695307586381927,0.3004578281090193
3056.0,-0.2390296801083159,-0.2765011933333717,0.29723349642943897
3054.0,-0.24632183720236528,-0.28300158027852507,0.2942061635180886
3052.0,-0.25338236796956104,-0.28925478742533645,0.2910292425145353
3050.0,-0.26015020239229786,-0.29517248360337806,0.28751114278925427
3048.0,-0.26682495671999557,-0.3010026246021302,0.283981131329071
3046.0,-0.2742722785396555,-0.30766374741867725,0.28064709921751985
3044.0,-0.28204962187907195,-0.31472561289024686,0.2776920507518685
3042.0,-0.28859284798141555,-0.32062636358493224,0.27549765366460727
3040.0,-0.2933872687621233,-0.32487999347197277,0.2745011747404982
3038.0,-0.2980241800838774,-0.3291122107706895,0.2746743483597763
3036.0,-0.30397983975004456,-0.33486364889257086,0.27617130811281915
3034.0,-0.30986993208529323,-0.3407795673953661,0.27957229353842433
3032.0,-0.314077027131119,-0.3451472285708978,0.28451324116747784
3030.0,-0.3174047189084553,-0.3485922947395037,0.28926913351838157
3028.0,-0.3214109183378234,-0.3525574819231725,0.2924558849255243
3026.0,-0.32679305622362376,-0.35771373878061596,0.29364269808400856
3024.0,-0.33271246895233714,-0.36318702772885986,0.292646701983302
3022.0,-0.33863478431316557,-0.36837383301291204,0.2888978411626024
3020.0,-0.34539893767280316,-0.37414184260453487,0.2824299033941997
3018.0,-0.35300426768063725,-0.38055963486770716,0.2737526388066426
3016.0,-0.36067832280839396,-0.3869530845174459,0.26389767240903433
3014.0,-0.36764703360181034,-0.3926419199936983,0.2538175298880062
3012.0,-0.3728326006590327,-0.39660903893669475,0.24420019530552603
3010.0,-0.3759252450051883,-0.3985464054061356,0.2351862781538908
3008.0,-0.3783463635826971,-0.39982884293816573,0.22614924741545323
3006.0,-0.381766515968648,-0.40210785334940957,0.21654951608864548
3004.0,-0.38606181682026125,-0.40534304130012594,0.20719956028408149
3002.0,-0.39034759558481674,-0.4087155584491615,0.19903611170987054
3000.0,-0.394678878478241,-0.4122497204851955,0.19186411785961227
2998.0,-0.398838286633465,-0.41569591851871635,0.185408869760297
2996.0,-0.40217348979582807,-0.41839046710472766,0.17964240220957933
2994.0,-0.40492329710498415,-0.4205576030284518,0.17432879033302257
2992.0,-0.40680897419794537,-0.42191705411508396,0.16946256959162856
2990.0,-0.4073845774519171,-0.42193882723321785,0.16421347311653867
2988.0,-0.4079481651888276,-0.42174065589412363,0.1563798919723928
2986.0,-0.40981573233817753,-0.42254597223255996,0.1446913067414637
2984.0,-0.41315301636574303,-0.4245748197525694,0.12979050534325798
2982.0,-0.4172775419253991,-0.4272401047917745,0.11296974379836415
2980.0,-0.42065584093562725,-0.42907579761572096,0.09522452373153457
2978.0,-0.4226939046719888,-0.42956073628786534,0.07745065515069285
2976.0,-0.4244256234139482,-0.42980291608642235,0.06042654493535607
2974.0,-0.42608546333385755,-0.43006718623499274,0.0445171734419752
2972.0,-0.42711982874870247,-0.42975015947790524,0.029232871404246578
2970.0,-0.428066899597132,-0.4293525232188376,0.014189195657985881
2968.0,-0.4295366887632378,-0.4295167991481931,-0.00021776086486111957
2966.0,-0.4314225195661276,-0.4301662579474123,-0.013632487320899951
2964.0,-0.43355931201701303,-0.431072541165468,-0.026744812338235023
2962.0,-0.4353606572253465,-0.43160733678578594,-0.040056983711262185
2960.0,-0.4365459916216762,-0.43151375128482156,-0.05341351708805405
2958.0,-0.43782056064271446,-0.43149351583752976,-0.06689646941410542
2956.0,-0.4399888433739642,-0.43230871953486294,-0.08093601888489856
2954.0,-0.44297447396030243,-0.4338199359007958,-0.09616854894505034
2952.0,-0.4455302564267005,-0.43478751950838623,-0.11246895760393616
2950.0,-0.4472006682390883,-0.43486217362167534,-0.1285705519510752
2948.0,-0.44888068562769645,-0.4350589555391721,-0.14297038752300822
2946.0,-0.45017516375081623,-0.43507925686636556,-0.1545425017495389
2944.0,-0.44961166908791295,-0.4335453466696766,-0.1624441872277726
2942.0,-0.44715752991014784,-0.4304646722313137,-0.16648853247617612
2940.0,-0.44434692368249457,-0.4273650169902683,-0.16689123079444307
2938.0,-0.4424187838945284,-0.4254527361415172,-0.16412943155520168
2936.0,-0.4414260956282929,-0.4246583867642693,-0.15960807045049308
2934.0,-0.44133909124287285,-0.4248153643195023,-0.15478873287822884
2932.0,-0.4423078871746465,-0.4259888851943282,-0.15054119338818928
2930.0,-0.4433903229497879,-0.42714025104031417,-0.14783078678927042
2928.0,-0.4433760967816428,-0.4268848342723789,-0.1482757020432371
2926.0,-0.44300104595885736,-0.42571046048273375,-0.15402260964922385
2924.0,-0.44370832799186966,-0.4248899931798707,-0.16653261672843145
2922.0,-0.4461586222828727,-0.42511674183887327,-0.18566821580753748
2920.0,-0.4513188340035084,-0.4276877423255784,-0.2091131110751809
2918.0,-0.46037789686280384,-0.4345182545626047,-0.23175778677147632
2916.0,-0.4737362998394767,-0.4468204598500874,-0.2476785552197871
2914.0,-0.48964477711916093,-0.46303215581565216,-0.2543311463590751
2912.0,-0.5043197073219134,-0.47878999260052413,-0.2539778165441067
2910.0,-0.5156415182821675,-0.49113656058740074,-0.25240673745755543
2908.0,-0.5245707511983426,-0.5006390636402729,-0.25347628796750465
2906.0,-0.5325109422024604,-0.5087835045792334,-0.2568344396651724
2904.0,-0.5397601709073414,-0.5160120276798741,-0.2615242954472865
2902.0,-0.546258434530704,-0.5222852178489517,-0.2678846847152903
2900.0,-0.5526815958280457,-0.5282934131654069,-0.2760170962308063
2898.0,-0.5596707761376999,-0.5347419975166664,-0.2853584268944822
2896.0,-0.5665755997369594,-0.5410271554148339,-0.29562775124814816
2894.0,-0.5724523769053111,-0.5462839150913367,-0.3061309663650033
2892.0,-0.5776609377519961,-0.550987509320151,-0.3155274416292073
2890.0,-0.5829001932752444,-0.5559475945435886,-0.3223489959321084
2888.0,-0.5880481304176627,-0.5611210781985374,-0.32545156682737286
2886.0,-0.5928005131539764,-0.566213194826651,-0.32446794381727384
2884.0,-0.5971517796740938,-0.5711442354071276,-0.3200375061612988
2882.0,-0.6012598562354604,-0.5759690844735206,-0.31328225100902546
2880.0,-0.6053987333402651,-0.5808550368837437,-0.3054934043938803
2878.0,-0.6101740786607425,-0.5862623776577732,-0.2985119561015704
2876.0,-0.6162590760991886,-0.5927448600226819,-0.29402924034248074
2874.0,-0.6229053550569656,-0.5995599213264585,-0.2922735886066658
2872.0,-0.6284584244754574,-0.6051132815736512,-0.2926809346730435
2870.0,-0.6331721951965832,-0.609700378039272,-0.2947124154334719
2868.0,-0.6384687929126175,-0.6147659054002216,-0.29774198426005133
2866.0,-0.6441067037974907,-0.6201216147189654,-0.30054272455063374
2864.0,-0.6491459476529522,-0.6248319021371951,-0.3024341635684976
2862.0,-0.6533521689981778,-0.6286606032602243,-0.3028520016339684
2860.0,-0.6560712329537932,-0.6309181349536722,-0.3021659404016617
2858.0,-0.6563493191237194,-0.6304141328563205,-0.30350062423416674
2856.0,-0.6548095126067588,-0.6273421217174964,-0.3119566268607668
2854.0,-0.6531110904747394,-0.6230283777068161,-0.33142924812809066
2852.0,-0.6540291711457401,-0.6205222975849475,-0.36096091509534506
2850.0,-0.6618412656806004,-0.6252396040237562,-0.3938921088438123
2848.0,-0.6780052248014468,-0.6396628716984805,-0.4243097564728602
2846.0,-0.6984403860822465,-0.6594258265312614,-0.45277416617601235
2844.0,-0.7183699287273095,-0.6786809282492839,-0.48328519923107094
2842.0,-0.7363099717969476,-0.695442843479656,-0.5161785758184242
2840.0,-0.7521280396583301,-0.7097839699932715,-0.5480577045775017
2838.0,-0.7650008926479949,-0.7212116863437327,-0.5758399028882129
2836.0,-0.7748913494293103,-0.7298460793105077,-0.5987338636503198
2834.0,-0.7831348972182537,-0.737027777281561,-0.6175824322717297
2832.0,-0.7906600962233581,-0.7436674407197527,-0.6332426469502112
2830.0,-0.797700955647148,-0.7499985039462898,-0.646107676282427
2828.0,-0.8044600876227704,-0.756217142803413,-0.6563668901131632
2826.0,-0.8110471952922884,-0.7623985859170359,-0.664453773420582
2824.0,-0.8173589387901863,-0.7684118504798609,-0.6709479948185595
2822.0,-0.8232555028034806,-0.7740966414866125,-0.676440806770583
2820.0,-0.8288058947894076,-0.7794735188526477,-0.6813311115920152
2818.0,-0.8342141435134943,-0.7846796663039741,-0.6860632276041756
2816.0,-0.8396316791456722,-0.7898343563432344,-0.6906866535837646
2814.0,-0.8452620420218535,-0.7951331757144696,-0.6951983378914579
2812.0,-0.8512296064718626,-0.800726164362437,-0.6997035014953764
2810.0,-0.8569223093221143,-0.8060662650910232,-0.7042277713472375
2808.0,-0.8616397241094933,-0.8105049418658431,-0.7085967754050291
2806.0,-0.8659031191632633,-0.8145307112282618,-0.7126990803059143
2804.0,-0.8704738711748519,-0.8188682397342925,-0.7165133083025379
2802.0,-0.875511290138351,-0.8236889994033371,-0.7196743711148309
2800.0,-0.8809603309629498,-0.8289401754208192,-0.7220408354321524
2798.0,-0.886121760332206,-0.8338811670120553,-0.7245612289740222
2796.0,-0.8904446282216746,-0.8379441203152067,-0.727824310786595
2794.0,-0.8945968163363359,-0.8418251707133387,-0.731174405740098
2792.0,-0.8992805278296764,-0.8462317451198191,-0.7342695060081572
2790.0,-0.903990081323425,-0.8506628261525959,-0.7374348049799376
2788.0,-0.9078412708003174,-0.8542644539338599,-0.740729682482865
2786.0,-0.9110162267203238,-0.8572221964181357,-0.7438997739362518
2784.0,-0.914383400298164,-0.8603866262231988,-0.7467685447112776
2782.0,-0.9181491040808843,-0.8639474570825056,-0.7494668953359873
2780.0,-0.9220847609785233,-0.8676760242233539,-0.7521032049844494
2778.0,-0.9263119380275768,-0.8716979112985901,-0.7544800461522438
2776.0,-0.9307392600254731,-0.8759250795390262,-0.7565396771646319
2774.0,-0.9346241933641037,-0.87962720137382,-0.7586115147346171
2772.0,-0.9377212502742301,-0.8825627545668583,-0.7609994443036656
2770.0,-0.9406903174256515,-0.8853750832523885,-0.7635886287720671
2768.0,-0.9439136269714922,-0.8884447620722925,-0.7659380527649504
2766.0,-0.9472248259914139,-0.8916210529970974,-0.7677650644565296
2764.0,-0.9504930055119729,-0.8947700984354185,-0.7693031098712699
2762.0,-0.9537785460947719,-0.8979337342423148,-0.7708993815215046
2760.0,-0.9571182868575704,-0.9011514493763179,-0.7724734920287794
2758.0,-0.9604480087655949,-0.9043653354711745,-0.773947919928734
2756.0,-0.9636564976567856,-0.9074417633310753,-0.7757078421646884
2754.0,-0.9668160763923709,-0.9104609942020139,-0.7776055499924164
2752.0,-0.970275944316635,-0.9137819622415688,-0.7792001275983271
2750.0,-0.9739823116038402,-0.9173623493648655,-0.7803993869049932
2748.0,-0.9772312054214918,-0.9204903475902686,-0.7820463245344554
2746.0,-0.979731558973304,-0.9228795204686155,-0.7841796661320308
2744.0,-0.9820290498488433,-0.9250752535265987,-0.7862679299856067
2742.0,-0.9846764979642941,-0.9276302665719232,-0.7879214545935433
2740.0,-0.9877084363170361,-0.9305576035465927,-0.7895320063016257
2738.0,-0.9908267845574423,-0.9335719316161062,-0.7911374001476005
2736.0,-0.9936892098000504,-0.9363475248907454,-0.7928075065306631
2734.0,-0.996336894898118,-0.9389316126107234,-0.7944928766990651
2732.0,-0.9991000982907051,-0.9416458774705649,-0.7959953867859216
2730.0,-1.0022183115747951,-0.9447197378618705,-0.7971781522108646
2728.0,-1.0056995242772067,-0.9481603094692099,-0.798027447791864
2726.0,-1.0090409592145304,-0.9514710559848123,-0.7989030441815799
2724.0,-1.0117959740545437,-0.9541910290035889,-0.8004086343800703
2722.0,-1.0141682220371706,-0.9565198637656558,-0.8024608615976513
2720.0,-1.016489158331805,-0.9588074693225067,-0.804488027423478
2718.0,-1.0189427893413725,-0.9612473277171244,-0.8061443869670072
2716.0,-1.0215640614699482,-0.9638644117871445,-0.8075867806510658
2714.0,-1.0242431349632515,-0.9665450764223679,-0.8089676474903809
2712.0,-1.0269604228562872,-0.9692782903862425,-0.8101386070632637
2710.0,-1.0296492078906287,-0.9720042014025373,-0.8110640358512143
2708.0,-1.03215922209245,-0.9745734803229559,-0.8118144203493245
2706.0,-1.0345434645166667,-0.9770488922089255,-0.8121641724822668
2704.0,-1.0369574429094464,-0.9795615747028493,-0.8123630151173222
2702.0,-1.0394333731174499,-0.9821348256191252,-0.8124622595059988
2700.0,-1.0419567741727493,-0.9847332767757313,-0.8127843427165715
2698.0,-1.044427082091537,-0.987267795578892,-0.8133228305706737
2696.0,-1.0467708137882437,-0.9897033161514888,-0.8135671137663311
2694.0,-1.0490719368836783,-0.9921421837819824,-0.8130662744910604
2692.0,-1.0513830853259352,-0.9946012801219773,-0.8122966201109484
2690.0,-1.0537046548723024,-0.9970685773550512,-0.8115592932841947
2688.0,-1.0560323859508443,-0.9995581020638815,-0.8108743582118442
2686.0,-1.0583882372058901,-1.0020948203670694,-0.8101717500419591
2684.0,-1.060894483517231,-1.0048116627621018,-0.8090973731055344
2682.0,-1.0636178118522315,-1.007775387403817,-0.8076355374527668
2680.0,-1.0662505828135793,-1.0106779728836845,-0.8061511818254055
2678.0,-1.0684216142764513,-1.0131749443162166,-0.8047939722581742
2676.0,-1.0702182840511576,-1.015372779445789,-0.8033529229217559
2674.0,-1.0719063120777845,-1.0175480492711608,-0.8015611298738414
2672.0,-1.0735245871638464,-1.0197542379560094,-0.7992004426320589
2670.0,-1.0750631462008475,-1.0219871962065659,-0.7961535219552593
2668.0,-1.076590283475908,-1.0243082208038254,-0.7924261086885923
2666.0,-1.0780794074299354,-1.0266839095529485,-0.7881216014653216
2664.0,-1.0794545996401217,-1.0290417015199635,-0.7829690975686991
2662.0,-1.0807242421545389,-1.0313610442610828,-0.7771200404171446
2660.0,-1.081909364894143,-1.0336344991479465,-0.7708298614325797
2658.0,-1.083015983566844,-1.0358637175964704,-0.7640247879265691
2656.0,-1.0840529351513593,-1.0380663920940085,-0.7565060450221789
2654.0,-1.0850295947536188,-1.0402433857197635,-0.7482809812142212
2652.0,-1.085914178830724,-1.0423771377865965,-0.7389546993312874
2650.0,-1.0866859885623286,-1.0444664013203189,-0.7282415731708735
2648.0,-1.0873481266404306,-1.0465044395424155,-0.716478516619052
2646.0,-1.0878475244137855,-1.0484767766242908,-0.703095143533945
2644.0,-1.0881523314055541,-1.0503898591168555,-0.6871756730865924
2642.0,-1.088272019365108,-1.052278957651796,-0.6678171418897831
2640.0,-1.0882377875519929,-1.0541623232043758,-0.6447152165133413
2638.0,-1.0879873261164255,-1.0558999093739172,-0.6189514052024716
2636.0,-1.0874843716392302,-1.057425285095113,-0.5906135659194015
2634.0,-1.086859941908937,-1.0588478842633058,-0.559484590194066
2632.0,-1.0863021749899195,-1.060262342911468,-0.527103050738817
2630.0,-1.0860954383297334,-1.0617889879140603,-0.4968464861661992
2628.0,-1.086604329218229,-1.0635470154745057,-0.4744417431341171
2626.0,-1.0879800906020893,-1.0655065419678895,-0.4646243057157161
2624.0,-1.0900535864946377,-1.0675501284854296,-0.4669855038020671
2622.0,-1.0925433067606367,-1.0696366538090525,-0.4765688561200946
2620.0,-1.0951918776820935,-1.071767755232366,-0.4879627782156222
2618.0,-1.0977850606467063,-1.073886688285453,-0.4982116566118804
2616.0,-1.100147519792723,-1.075910183735963,-0.505779549469428
2614.0,-1.1021949158002653,-1.0777968771095547,-0.5100028268745216
2612.0,-1.1039284749345313,-1.0795557227707397,-0.5108025608549827
2610.0,-1.105376996311058,-1.0812112756057521,-0.5081984031294638
2608.0,-1.106586177501755,-1.0827787707303915,-0.5026457557691026
2606.0,-1.1075739627344645,-1.084264707623674,-0.49414648106981385
2604.0,-1.1082809798074877,-1.0856667149379362,-0.481374746364713
2602.0,-1.108582522018448,-1.0869484719763047,-0.46251014453656814
2600.0,-1.1083442795288665,-1.0880573852620083,-0.43554924518008314
2598.0,-1.1075104806481488,-1.088984781072679,-0.3987006900237003
2596.0,-1.1061916242798475,-1.0897765746201045,-0.35262874000294286
2594.0,-1.1046660142142963,-1.0904957111563545,-0.3022119637103782
2592.0,-1.1032428713839213,-1.0912158547678088,-0.2536118468961649
2590.0,-1.1021756927041289,-1.0919993200429858,-0.211842637324461
2588.0,-1.1015904122110562,-1.0929043094132775,-0.17866104077937564
2586.0,-1.1014060636250427,-1.0939162629857444,-0.1524563742905796
2584.0,-1.101485145086445,-1.0949872394097258,-0.1310372058540971
2582.0,-1.1016728944483993,-1.096077619208172,-0.11182870699999586
2580.0,-1.101904162053183,-1.0971769587874887,-0.09364817763053006
2578.0,-1.1022014081261484,-1.098293590889613,-0.07676153690459891
2576.0,-1.1026216183588609,-1.099415118161529,-0.06251872238313756
2574.0,-1.1031405984570055,-1.1005074241756534,-0.05104655484884887
2572.0,-1.1036914944965897,-1.1015726098133667,-0.040889093258389964
2570.0,-1.1041198315561636,-1.1025977668615363,-0.02919975944941426
2568.0,-1.1041647231400458,-1.1034925665447661,-0.012761454790408442
2566.0,-1.1035953735764996,-1.1041605373079488,0.010544716431304653
2564.0,-1.102370524746804,-1.1045826296836454,0.04024049040042707
2562.0,-1.1006126347878442,-1.1048086551174108,0.07389343410733568
2560.0,-1.0984818212893492,-1.1048990807863714,0.10885858150408519
2558.0,-1.0961605741368068,-1.1049035434750292,0.14253281210599594
2556.0,-1.093897356254788,-1.1048924923027472,0.1724097347225439
2554.0,-1.0919455049964342,-1.1049519070690583,0.19701592707825405
2552.0,-1.0904239542878502,-1.1051255145720762,0.21645631781381064
2550.0,-1.0892454936801037,-1.105383835372015,0.23211770169257653
2548.0,-1.0882151326944602,-1.1056687496363085,0.24580630615813212
2546.0,-1.0871914107467682,-1.1059503619577422,0.2587452420765868
2544.0,-1.0860243300164847,-1.1061851920842256,0.2720165845135534
2542.0,-1.084422942774658,-1.1062538151146648,0.2870557351465786
2540.0,-1.082101973738453,-1.1060607608268325,0.30479695477885305
2538.0,-1.0789849106317566,-1.1055795399389665,0.3244949577917005
2536.0,-1.0752864471668435,-1.104877622127677,0.3442709096004355
2534.0,-1.0713292417424576,-1.1040662695278116,0.36261808112964605
2532.0,-1.0673097540977499,-1.1032062467110835,0.3789349839526906
2530.0,-1.063351558873171,-1.1023252955588392,0.39296398734345445
2528.0,-1.0596483532043,-1.1014837736360135,0.40452976522396034
2526.0,-1.056439047236869,-1.1007760180610813,0.4136908018548454
2524.0,-1.0540048830026016,-1.1003274228353417,0.42068797326314844
2522.0,-1.0526797293242012,-1.1002773611920535,0.4256780539532537
2520.0,-1.0528014328964819,-1.1007324510321415,0.4283472737656736
2518.0,-1.0545219740151643,-1.1017241939931073,0.428356643412368
2516.0,-1.0577209516988169,-1.103209281308219,0.4254237113342932
2514.0,-1.0620089954528475,-1.1050320830286973,0.4194397589154519
2512.0,-1.0669906688840816,-1.1070349139330098,0.41044822089559274
2510.0,-1.07250598665621,-1.1091590704210106,0.39812702119368315
2508.0,-1.0785605325855403,-1.1114133429634931,0.38152761221586207
2506.0,-1.0851089551793627,-1.113791940663615,0.3595007960585406
2504.0,-1.0919813867355173,-1.11625858989021,0.33108936921451304
2502.0,-1.0989460531976298,-1.1187423140113708,0.2953005378011108
2500.0,-1.1058010614266096,-1.121173065144447,0.25117570206227385
2498.0,-1.112414288637898,-1.1235093308301505,0.19808042538006373
2496.0,-1.1186857271931414,-1.1257188113483785,0.13623459298567264
2494.0,-1.1245036336264307,-1.1277704007484055,0.06785952203028835
2492.0,-1.1297875165548175,-1.1296338025269752,-0.0033727721820493634
2490.0,-1.134523574767727,-1.131310267040648,-0.07331186794359658
2488.0,-1.1387907436083315,-1.1328209511802625,-0.13966167910659893
2486.0,-1.1426937179776615,-1.1342004633954677,-0.20134247750446366
2484.0,-1.1463053122468316,-1.1354883974936878,-0.25721646867048414
2482.0,-1.149634173740135,-1.1366976946739742,-0.3060398807023219
2480.0,-1.1526735708105371,-1.1378380198811382,-0.3471945476451388
2478.0,-1.1554488620055265,-1.1389092511553318,-0.3814852418726839
2476.0,-1.157963306886034,-1.1398999406251893,-0.4097614272397866
2474.0,-1.1601845644283633,-1.1407864837650545,-0.4324450650283272
2472.0,-1.1620747515930117,-1.141573740133792,-0.4495452940908726
2470.0,-1.1636179374151978,-1.14226491746764,-0.46151157551896443
2468.0,-1.1648326969754037,-1.1428601912144387,-0.4691930641689611
2466.0,-1.1657620527746544,-1.1433564847763198,-0.4737517667145114
2464.0,-1.1664743139635525,-1.143763354817457,-0.4765249031551207
2462.0,-1.1670316012111637,-1.1440981368559775,-0.4783496378869808
2460.0,-1.167453202827965,-1.1443706012697272,-0.4791618077242279
2458.0,-1.1677536993219273,-1.1445776181526106,-0.4792203609031395
2456.0,-1.1679465245456355,-1.1447237436676785,-0.47872919192643354
2454.0,-1.1680380806098953,-1.144821079303424,-0.4775602185970554
2452.0,-1.168023072017237,-1.1448686362581535,-0.4755533928539462
2450.0,-1.1678915104071013,-1.1448515915939892,-0.47273490467930795
2448.0,-1.1676476825684172,-1.1447636422397767,-0.46934227242986737
2446.0,-1.1673133916616136,-1.1446215836493883,-0.4655846791406231
2444.0,-1.1669086616635773,-1.1444343836707833,-0.4616676516225002
2442.0,-1.166438801110986,-1.144199543471542,-0.45760820475155334
2440.0,-1.1658988581050638,-1.1439215044602202,-0.45318189930886904
2438.0,-1.1652904420122854,-1.1435944479591784,-0.44852776319453824
2436.0,-1.1646291007159022,-1.143216861621731,-0.4439802826089147
2434.0,-1.1639374766803012,-1.1428048202240517,-0.43959940850736434
2432.0,-1.1632150567416637,-1.142371933391269,-0.43508572571526305
2430.0,-1.162452455148632,-1.1419217378112687,-0.4301490010165823
2428.0,-1.1616544843816183,-1.1414493111013804,-0.4249887443481014
2426.0,-1.160813122582312,-1.1409476110141126,-0.4195161141336249
2424.0,-1.1599172296790126,-1.1404092767534149,-0.41359093164950783
2422.0,-1.1589883571602089,-1.1398320340643873,-0.40778222836524225
2420.0,-1.1580223751775458,-1.1392119803294558,-0.40221552888508455
2418.0,-1.1570278608231994,-1.138566217568071,-0.39664332653547846
2416.0,-1.1560169212072662,-1.1379154632177966,-0.39079947369768914
2414.0,-1.1550100073035394,-1.1372640977851802,-0.3849949023697302
2412.0,-1.1539934149938138,-1.1366004557890699,-0.37924534878873906
2410.0,-1.1529706517152856,-1.1359172672233853,-0.37374164533235776
2408.0,-1.151955590205084,-1.1352138960476963,-0.36866815995176755
2406.0,-1.1509425595536453,-1.1344915863662566,-0.36383520859761065
2404.0,-1.1499134460665705,-1.1337413245610781,-0.3592113981815017
2402.0,-1.1488486902769612,-1.1329568350142076,-0.3546481747057775
2400.0,-1.147740818165099,-1.1321346182515297,-0.35002777238357047
2398.0,-1.1465811325889135,-1.1312666817284918,-0.345250024017694
2396.0,-1.145351562669212,-1.1303421903467177,-0.34011839342239514
2394.0,-1.1440540610564747,-1.129356276198338,-0.33480428124511813
2392.0,-1.1427230288751338,-1.1283348900315315,-0.3295199115991366
2390.0,-1.1414400485158163,-1.1273397730928225,-0.324608059505859
2388.0,-1.1403692417684963,-1.126496666601507,-0.3205676063621451
2386.0,-1.1397935695535186,-1.1260424475845219,-0.3179216391116083
2384.0,-1.140130447220304,-1.1263291683604875,-0.31737894117022647
2382.0,-1.1418432253041941,-1.1277404227426793,-0.3194347156757282
2380.0,-1.1453739303685342,-1.1306243289133249,-0.32406497840441334
2378.0,-1.15108276555647,-1.1352728990406036,-0.32961753615418443
2376.0,-1.1593521469803019,-1.1419762658666446,-0.3339353602694862
2374.0,-1.1706602796952732,-1.1511154664799963,-0.33445750964726
2372.0,-1.185727734674525,-1.1632212255920333,-0.3306409195569489
2370.0,-1.2048710034310126,-1.1784562186760674,-0.3238659588514386
2368.0,-1.2276099427133242,-1.1964026569680264,-0.31567875805399354
2366.0,-1.2520105383078846,-1.2155864162226557,-0.30724618823005256
2364.0,-1.2740962181118962,-1.2329614046257362,-0.29964857923691673
2362.0,-1.2886448946220062,-1.244443245034507,-0.2940314051806931
2360.0,-1.2907284516231106,-1.246219327107407,-0.2904290490816035
2358.0,-1.2771105096863569,-1.2357976953220238,-0.28833040506311897
2356.0,-1.2491321395259478,-1.2141125345064938,-0.2868373929775978
2354.0,-1.2136893056735745,-1.1864241534561535,-0.2828408047410354
2352.0,-1.1800913178113155,-1.1599839326631853,-0.2705679526223004
2350.0,-1.1577615609199459,-1.1422205152451679,-0.25049528374230956
2348.0,-1.1514673728303026,-1.1370744719500787,-0.2371531960064742
2346.0,-1.1592854786148625,-1.143418602170049,-0.23083136854366218
2344.0,-1.1712066832038275,-1.153724160279542,-0.21561962972965304
2342.0,-1.1751718744997188,-1.1583310598278334,-0.18873650792033178
2340.0,-1.1714114116625773,-1.1565650602940063,-0.16322311487327998
2338.0,-1.1678358101592305,-1.1535602187489082,-0.16079013701979575
2336.0,-1.1677024456286427,-1.1518221581523589,-0.18702883728381198
2334.0,-1.16863450651972,-1.1507707580593056,-0.21957747005408176
2332.0,-1.1676994976199715,-1.1490547348616431,-0.23717537408688402
2330.0,-1.1631104858081565,-1.145117800541277,-0.23982972437489045
2328.0,-1.1554512634333527,-1.1389551177707997,-0.23542904913839316
2326.0,-1.1476316712380135,-1.1326179415477577,-0.23001029509595755
2324.0,-1.141001292710585,-1.1271230085623334,-0.22652114828203154
2322.0,-1.1341599419144903,-1.1214647470130492,-0.22202061369934087
2320.0,-1.1259645385676078,-1.1147733912078885,-0.21281539644337039
2318.0,-1.117576936786732,-1.1079173004093583,-0.19982063382817256
2316.0,-1.1106592150176264,-1.1022012603455797,-0.18683702207496478
2314.0,-1.1054167037126998,-1.0978085713831485,-0.17588095924379757
2312.0,-1.1008387676843019,-1.0939656774812878,-0.16489868479112238
2310.0,-1.0961090143743946,-1.0899977584737108,-0.1521705672403571
2308.0,-1.091288798229534,-1.0858956711956211,-0.13920635600597067
2306.0,-1.0867187196738208,-1.08190684128532,-0.12810012020170244
2304.0,-1.0826306585293834,-1.0782353015995316,-0.11983602963918799
2302.0,-1.0790260468460449,-1.0749040352886192,-0.11435836890838137
2300.0,-1.075671726996562,-1.0717441732795334,-0.11045477248992207
2298.0,-1.0723329469622338,-1.0685930037000895,-0.10644014238543575
2296.0,-1.0689577219290651,-1.065409542766397,-0.10209657687852881
2294.0,-1.0655595754532103,-1.06218316324572,-0.09816828303002705
2292.0,-1.062119436784378,-1.0588838659060753,-0.09501900975434907
2290.0,-1.058623357011874,-1.0555094106689562,-0.09232965792042766
2288.0,-1.0550582812782487,-1.0520611170742606,-0.08968407474897973
2286.0,-1.0514523458696285,-1.0485695270452944,-0.08697285499157759
2284.0,-1.047903894145892,-1.0451190671959738,-0.08454527892510735
2282.0,-1.0445382478839669,-1.041808084310284,-0.08319861686425604
2280.0,-1.041339738103498,-1.0386062518607926,-0.08345379904782181
2278.0,-1.0381712877970273,-1.0354047794685353,-0.08454050778998558
2276.0,-1.0349400207334463,-1.032154187438738,-0.08521099365446799
2274.0,-1.0316624901206468,-1.028889406384569,-0.08492020697279211
2272.0,-1.0284290938069838,-1.0256564220539521,-0.0850244875129877
2270.0,-1.0252344911075333,-1.022456010309616,-0.08532585856151267
2268.0,-1.0220423649289416,-1.0192806934624654,-0.0849395249376308
2266.0,-1.018826881350836,-1.0161082585027503,-0.08372681718090494
2264.0,-1.0155867460899917,-1.0129380776736445,-0.081649700104333
2262.0,-1.0123287232262372,-1.0097571150810225,-0.07932968686820575
2260.0,-1.0090916404689547,-1.0065788658762893,-0.07755796178326466
2258.0,-1.0059273532545514,-1.0034495624259123,-0.07651719711909458
2256.0,-1.00286173321298,-1.0004142638965174,-0.07557911452864442
2254.0,-0.9998943458965467,-0.9974801591936707,-0.07453438996691224
2252.0,-0.9969532899957398,-0.994568409236329,-0.07360287685568215
2250.0,-0.9939477711414562,-0.9915448974662647,-0.07405474990726069
2248.0,-0.9907771445109775,-0.9882760110302441,-0.07685100767058334
2246.0,-0.9873873854819604,-0.9847226298862155,-0.08151680797974045
2244.0,-0.9838786072631297,-0.9810258970428856,-0.08681503589186025
2242.0,-0.9805260329569501,-0.9774833000978275,-0.09213441498106172
2240.0,-0.9776292004406301,-0.9744200147746719,-0.09683127549828573
2238.0,-0.9753653006880887,-0.972048800159473,-0.09998425942328384
2236.0,-0.9737394464192161,-0.9703913658744352,-0.101156023985066
2234.0,-0.9725994481718759,-0.969265053177815,-0.10118537122115881
2232.0,-0.9717221621138664,-0.9684157601993102,-0.10088454886617038
2230.0,-0.970935885323227,-0.9676573931164106,-0.10061540928999552
2228.0,-0.9702293286943767,-0.9669846359787949,-0.10021146892542053
2226.0,-0.9697219337190901,-0.9665373427755486,-0.09910512926169547
2224.0,-0.9695855600642032,-0.9665063568782395,-0.09674424148319848
2222.0,-0.969936298239408,-0.9670079787400805,-0.09309350106811923
2220.0,-0.9707551628804169,-0.9680245700003152,-0.08797365472267273
2218.0,-0.9719089416283013,-0.9694091186665567,-0.0816767125992348
2216.0,-0.9731794755908805,-0.9709147315056417,-0.07503169807479453
2214.0,-0.9743717873357914,-0.9723055427116535,-0.06934237295629757
2212.0,-0.9753349689836321,-0.973417308507032,-0.06508269913991639
2210.0,-0.9760075653303278,-0.9741982655928747,-0.06199463438163457
2208.0,-0.9764187460628607,-0.9746755192556509,-0.06021875565757983
2206.0,-0.9765946264549725,-0.9748772581338573,-0.05974180907663062
2204.0,-0.9765519757304068,-0.9748374325935698,-0.06001013100682078
2202.0,-0.9763116336510178,-0.9745698227277368,-0.061302257713846446
2200.0,-0.9758808400260508,-0.974091367543723,-0.06328956239002137
2198.0,-0.9752405554562784,-0.9733729883981884,-0.06632548142724337
2196.0,-0.9743696550778769,-0.972397559415653,-0.07028080115823036
2194.0,-0.9732860364765956,-0.9711616819988219,-0.07593519696408531
2192.0,-0.9720088834449149,-0.9696931518677727,-0.08297419162639517
2190.0,-0.9705490506799954,-0.9680424891017213,-0.08996481980148896
2188.0,-0.9689266577981192,-0.9662395865538996,-0.09657450781410934
2186.0,-0.9671725557541857,-0.9643085502074237,-0.10304864131352144
2184.0,-0.9653032052219841,-0.9622756238876854,-0.1089781031446868
2182.0,-0.9633378126868349,-0.9601693352003713,-0.11400698816371341
2180.0,-0.9612569901172637,-0.9579921537097271,-0.11736522616179342
2178.0,-0.9590621088560096,-0.9557313205045456,-0.11953814991832692
2176.0,-0.9567615982119847,-0.9533746709962079,-0.12125300219196009
2174.0,-0.9543664801265093,-0.950930950494996,-0.12259394424498439
2172.0,-0.9518972122382717,-0.9484136689466718,-0.12384293433447063
2170.0,-0.949380764436925,-0.945831843275929,-0.12566823546159972
2168.0,-0.9468148153782584,-0.9431779402186321,-0.1282157735782592
2166.0,-0.9441778671345371,-0.9404344896046081,-0.13133398731872042
2164.0,-0.941440725120524,-0.9375876163459845,-0.1344293024808222
2162.0,-0.9385688558679346,-0.934610802659064,-0.1372088107462324
2160.0,-0.9355305204747164,-0.9314678847662217,-0.1398289986388032
2158.0,-0.932312815401702,-0.9281437900570049,-0.14236717180175365
2156.0,-0.9289358221250008,-0.9246794248735972,-0.14406315340064682
2154.0,-0.9254689775370191,-0.9211329490397855,-0.14533796705966132
2152.0,-0.9219874605711478,-0.9175710625386613,-0.14651513809619907
2150.0,-0.9185746565839107,-0.9140449916710364,-0.14874154654269023
2148.0,-0.91522484254749,-0.9105330827095661,-0.152580092048313
2146.0,-0.9118963267518791,-0.9069640515921272,-0.15895859969731863
2144.0,-0.9085399439661493,-0.9032836411166726,-0.16785723587257928
2142.0,-0.9051863327207158,-0.8995579894860298,-0.17803733212990502
2140.0,-0.9020009409701564,-0.8960029667564069,-0.18802983466552334
2138.0,-0.8992875509826102,-0.8929565532805637,-0.19713972329278878
2136.0,-0.8973705260054526,-0.8907814206481488,-0.20462820387642838
2134.0,-0.8964628311940206,-0.88971649350332,-0.21005705337953462
2132.0,-0.896566992309744,-0.8897482031694065,-0.21388282121597813
2130.0,-0.8973757557042032,-0.8905409551019168,-0.21654923098520207
2128.0,-0.8984091646521162,-0.8915862551005665,-0.21843887063010448
2126.0,-0.8992655857772736,-0.8924496281442231,-0.22019186701550236
2124.0,-0.8997327563039825,-0.8929015524584911,-0.22213114304440496
2122.0,-0.8997370622809422,-0.8928891411727986,-0.22354743261072157
2120.0,-0.8993055328570282,-0.8924602458969567,-0.2238662830433178
2118.0,-0.8985250314014461,-0.8916860470764625,-0.22370818939805218
2116.0,-0.8974641820211209,-0.8906236939690706,-0.2235320497783516
2114.0,-0.8961775671982917,-0.8893127617275357,-0.22391669784347493
2112.0,-0.8947358443065175,-0.8877905818475696,-0.22595926829960328
2110.0,-0.893183900526604,-0.8860948889823986,-0.22978349031902867
2108.0,-0.8915210222391501,-0.8842310362188032,-0.23510202826873253
2106.0,-0.8897377807387572,-0.8822157399511746,-0.24119779463081414
2104.0,-0.8878495915997963,-0.8800749612239939,-0.2477508253895638
2102.0,-0.8858707273087585,-0.8778247227695525,-0.2546891493909115
2100.0,-0.8837980949685242,-0.875502892680456,-0.2606651698720638
2098.0,-0.8816508370691917,-0.8731382739342346,-0.2653893065783791
2096.0,-0.8794549542240432,-0.8707721309143676,-0.2685593086039875
2094.0,-0.8772314604859288,-0.8684256856985922,-0.2703097713492966
2092.0,-0.8750113833841606,-0.8661277149831608,-0.27064913185991857
2090.0,-0.8727783554437647,-0.8638579115730333,-0.26972999529980607
2088.0,-0.8704718821547879,-0.8615593402554933,-0.2675640103452379
2086.0,-0.8680605655599922,-0.8592051145471175,-0.26395633622584386
2084.0,-0.8655540970189431,-0.856796813533538,-0.25909795740525293
2082.0,-0.8629745189686708,-0.8543152052473266,-0.2542082818476682
2080.0,-0.8602863071998481,-0.8517294837215253,-0.24905072867872027
2078.0,-0.8574395808526323,-0.8490093122048609,-0.2430906346857911
2076.0,-0.8543983650770139,-0.846105044529071,-0.2367904214300211
2074.0,-0.8511336393063551,-0.8429759264721022,-0.23046112854143108
2072.0,-0.8475999090349211,-0.8395887619606064,-0.22368535728874445
2070.0,-0.8437887220269993,-0.8359230120606888,-0.2167262804292233
2068.0,-0.8397217724827751,-0.8319828495301061,-0.2100008550172714
2066.0,-0.8353339781976281,-0.8277197134558605,-0.20313839526165023
2064.0,-0.8304568940074846,-0.8229912890567481,-0.19565088151024132
2062.0,-0.8250385294766349,-0.817729956433368,-0.187944779995665
2060.0,-0.8191325844335383,-0.8119588849036509,-0.18061185355103013
2058.0,-0.8126663146863444,-0.8055984525524401,-0.17373876506417368
2056.0,-0.8055056585406257,-0.7985269246409834,-0.16700309289101448
2054.0,-0.7975007599898181,-0.7905965669322079,-0.16026823815356642
2052.0,-0.7884806310636641,-0.7816157038490135,-0.15397836783573113
2050.0,-0.7782291775474256,-0.7713289942680429,-0.14892061051351235
2048.0,-0.7663977196343279,-0.7593693767160751,-0.14516282349666695
2046.0,-0.7527712402589178,-0.7455114717597409,-0.14266732416872266
2044.0,-0.7371459293109532,-0.7295830473921591,-0.14065705486904886
2042.0,-0.7194999862550461,-0.7115773362958026,-0.1388572221483162
2040.0,-0.7002086337169456,-0.6918853443425691,-0.13725998764281333
2038.0,-0.6802291620534584,-0.6715497943703994,-0.13499899947346872
2036.0,-0.6606943282422637,-0.6517684519921739,-0.13165997225982404
2034.0,-0.6426009538417535,-0.6335780713835942,-0.12716670600925437
2032.0,-0.6267537045450245,-0.6177732627896275,-0.12197456353872123
2030.0,-0.6135219475001648,-0.6046910680456146,-0.1165344293391499
2028.0,-0.6027446324976471,-0.5941401643386506,-0.1110662796225284
2026.0,-0.5937423804075397,-0.5854213842817514,-0.10555852157858084
2024.0,-0.5855060834292669,-0.5774881677509157,-0.10018409587956043
2022.0,-0.5769286247170701,-0.5691743864201028,-0.09539072481655302
2020.0,-0.5669779691288196,-0.5594038734529524,-0.09145855912727388
2018.0,-0.5546334132722732,-0.5471346378017954,-0.08846640067649017
2016.0,-0.5392593247994327,-0.5317370743791975,-0.08632069705735845
2014.0,-0.5212506522050692,-0.5136591346330914,-0.0844882914964067
2012.0,-0.5018054654318587,-0.4941404724063653,-0.08263199672954394
2010.0,-0.48242020590791623,-0.47467562942143593,-0.08097915769424137
2008.0,-0.4645573460772793,-0.4567440553481217,-0.07955846448940315
2006.0,-0.4492244216387684,-0.4413753529882525,-0.07824343135146763
2004.0,-0.4366725769858619,-0.4288569796317654,-0.07666538023485112
2002.0,-0.42657981387226007,-0.41887011843041433,-0.07472693542366653
2000.0,-0.41842271615122684,-0.4108269673905955,-0.07296855680992545
1998.0,-0.4118263622601869,-0.40433742768169534,-0.07146758449946099
1996.0,-0.4068839824290086,-0.39946573680658043,-0.07046315804459172
1994.0,-0.40391730267653836,-0.39650852440810036,-0.07017369572965437
1992.0,-0.4024153491417999,-0.39506602998035784,-0.06957667336119804
1990.0,-0.40142443584895193,-0.39421567136422564,-0.06838745572437009
1988.0,-0.4004439786856101,-0.3934013380366414,-0.06700774187535953
1986.0,-0.39926737844255944,-0.39237744451484213,-0.0657021982016264
1984.0,-0.3977370467786882,-0.3909787230563494,-0.0645253580149351
1982.0,-0.39594080369162715,-0.38928833220341036,-0.06354257210682747
1980.0,-0.3940647018546832,-0.38753492980215853,-0.06237527832876466
1978.0,-0.3923760455652978,-0.38596999456765146,-0.06120812418181065
1976.0,-0.3912531950251074,-0.3849077704779511,-0.06070450174339772
1974.0,-0.3911696870957897,-0.3847900143696732,-0.06122714559004679
1972.0,-0.39255193729115295,-0.38607911049868354,-0.062467334058322936
1970.0,-0.3956906477192943,-0.38911463633028853,-0.0639449873349898
1968.0,-0.4004100931832973,-0.39381173583504525,-0.06478147061901363
1966.0,-0.40579330640576555,-0.39930372788602647,-0.06445698537844997
1964.0,-0.4108225039091945,-0.4044982628387102,-0.06355962959903011
1962.0,-0.41502837030476913,-0.4088318031363988,-0.06291637285157337
1960.0,-0.4179908484943315,-0.41182889182037097,-0.06307648399779846
1958.0,-0.41923309125316505,-0.41299153005015,-0.06423968732578174
1956.0,-0.41861398375063363,-0.4122374879887743,-0.06577743887858346
1954.0,-0.4164004847806684,-0.4099029003843466,-0.0670074842492161
1952.0,-0.41329809335086837,-0.406705289587855,-0.06787266054928519
1950.0,-0.41020097749533946,-0.40353264791232013,-0.06850259997818037
1948.0,-0.40780859056213464,-0.40108956558574366,-0.06890134850194098
1946.0,-0.4064226018434039,-0.39968508682002707,-0.06901324403046213
1944.0,-0.40588676738512897,-0.3991926353843813,-0.0685484759297046
1942.0,-0.4052323192509755,-0.39869421341829325,-0.06706802102648196
1940.0,-0.4036577035069911,-0.3973454094257695,-0.06496399487305839
1938.0,-0.4018014975766662,-0.39570299924976965,-0.06291439308647179
1936.0,-0.40009357013278,-0.39421228015690823,-0.060740291012647
1934.0,-0.39837450180368483,-0.39274417966914693,-0.05818276430243636
1932.0,-0.3964739727174983,-0.39113129765106913,-0.05524436190954638
1930.0,-0.39427382650186926,-0.3892843536237884,-0.05162189819628868
1928.0,-0.3915166582692354,-0.38694298047981696,-0.04730482812516316
1926.0,-0.38783579804431556,-0.3836674344712988,-0.04300540084942306
1924.0,-0.3824768291526214,-0.37866977081524117,-0.03905124039439942
1922.0,-0.3743789757038717,-0.3709193797333662,-0.03514855357794314
1920.0,-0.36295270849075395,-0.359798286550393,-0.03159336194717334
1918.0,-0.34722917584391033,-0.34433067994334476,-0.02845449282220861
1916.0,-0.32683717295061243,-0.3242187916434944,-0.025098918269071815
1914.0,-0.3031270525608733,-0.30080519815293505,-0.021681098875165457
1912.0,-0.2767852018850533,-0.27473437293527037,-0.018585620044720558
1910.0,-0.24770879476621593,-0.2459367026226017,-0.015539050827885998
1908.0,-0.21679257836664187,-0.21537879948213828,-0.012001346076230018
1906.0,-0.18573276045557566,-0.1848153657740222,-0.007561756356902345
1904.0,-0.15551990666627763,-0.15522706145258788,-0.002350472533847577
1902.0,-0.1264235917828184,-0.1268536288734114,0.0033689980908713376
1900.0,-0.09865674103038222,-0.09985260551934959,0.009166914906827223
1898.0,-0.07237823878772154,-0.07430542653100204,0.014485979757990819
1896.0,-0.04709263162704262,-0.04972301355377416,0.019415802673564905
1894.0,-0.022920575514690948,-0.02627965464052371,0.024393989833040107
1892.0,-0.0011752904702223399,-0.005296639184863181,0.02951851961388982
1890.0,0.018535970466806512,0.013668165709927762,0.03444408050016482
1888.0,0.03687502354754736,0.03126909437277971,0.03929935981162958
1886.0,0.05296202977875834,0.04666931644677347,0.04383295864222014
1884.0,0.06691692206588798,0.060053380529753626,0.04755215288248221
1882.0,0.07944166199482944,0.072122126919645,0.050472973404042554
1880.0,0.09081135672853995,0.08314063455669395,0.05268047697970521
1878.0,0.10118801327201284,0.09328809379385221,0.05406269301953834
1876.0,0.11064052419755199,0.10263654988236341,0.054599335702573866
1874.0,0.11873448291393911,0.11072014565234006,0.05450454401659646
1872.0,0.1243810927734095,0.11645600686461428,0.05372518941467337
1870.0,0.1264806367273228,0.11873705043089475,0.05238406204714198
1868.0,0.12521805417205703,0.11764526613961662,0.051360434029800776
1866.0,0.12071928073528844,0.11332965891304209,0.05052986536325747
1864.0,0.11161191973684366,0.10452924755541526,0.048970828490697706
1862.0,0.09651463184768208,0.08984243530605572,0.0467735238689223
1860.0,0.07549926251685954,0.06922468251282439,0.04478919965384134
1858.0,0.049683493979642876,0.04370651058535032,0.04364808001900461
1856.0,0.020549392534149308,0.014743213299658293,0.043551920926673676
1854.0,-0.01014569386318529,-0.015914539739633644,0.04456667976968013
1852.0,-0.040395085693304425,-0.04627345015747213,0.04680553899898168
1850.0,-0.06844382609358275,-0.07459717042807194,0.05042318472424344
1848.0,-0.09329001894338647,-0.09983544247149861,0.05498937550616668
1846.0,-0.11520983106836251,-0.12225369967553401,0.06041833496370917
1844.0,-0.13351442735704613,-0.14144948752685704,0.06948983592646481
1842.0,-0.14473512996979532,-0.15386947161446812,0.08145152130087344
1840.0,-0.14998814833684793,-0.16031633641661186,0.09291625755586569
1838.0,-0.1522632136139521,-0.16387924236327878,0.10446645563889062
1836.0,-0.15117518162767127,-0.16435686815154874,0.11754968971225202
1834.0,-0.1464053263187502,-0.16139468756792938,0.1314316623760639
1832.0,-0.13892543254333659,-0.15597521205999684,0.14557612472642814
1830.0,-0.12783968778321092,-0.1474151623624877,0.16116431287113148
1828.0,-0.1132102613020404,-0.13541797958736793,0.17601379517031704
1826.0,-0.09763865857322984,-0.12194867228462647,0.18640671306418474
1824.0,-0.08140001465908109,-0.10720382650604166,0.19228227019465238
1822.0,-0.06521938252836397,-0.09185876593417154,0.1942004369728686
1820.0,-0.0498849058072973,-0.07676570966532541,0.19272885552603403
1818.0,-0.03457338642248324,-0.061353664146916495,0.18922034263874088
1816.0,-0.0188364238891517,-0.045353306908021467,0.18487890575484578
1814.0,-0.0030102460656558526,-0.029166603100719758,0.1801673087736428
1812.0,0.013175648340014851,-0.012582476091503543,0.17533626616736808
1810.0,0.03069738547683596,0.005089823305587596,0.1721033027429902
1808.0,0.04954618772316231,0.02336705655687299,0.17317576476385033
1806.0,0.06906845181034113,0.04126180720111933,0.1797944047141661
1804.0,0.08900889688518068,0.05844692478749525,0.19131657314108394
1802.0,0.10941834471424275,0.0753208562993529,0.20530686900467862
1800.0,0.12914152279435615,0.09187535618084637,0.2170410768047881
1798.0,0.14537848005746992,0.10658933690298791,0.22247606844715143
1796.0,0.1562261928501489,0.11781333100266439,0.22094033791935724
1794.0,0.16157646148906432,0.12548966419396437,0.21177250583692883
1792.0,0.16284109955031603,0.13139647542518887,0.1930340872389931
1790.0,0.16281471809451653,0.13695241289990354,0.16877018616851822
1788.0,0.16233623075639586,0.14126793821940817,0.14544903403455425
1786.0,0.1611331041522094,0.143902048089848,0.124732160003209
1784.0,0.1601941156763342,0.14578063638978067,0.10869947667972756
1782.0,0.15995562600617413,0.1472846138003133,0.09900894401869018
1780.0,0.15994417782233789,0.14818933106864413,0.09496863376774475
1778.0,0.15958532231795747,0.14809721087383282,0.09587134275524051
1776.0,0.15733239135661406,0.1457303430109119,0.09964187617887961
1774.0,0.15184986750688598,0.13976329698642237,0.10678727406113121
1772.0,0.1451834295564319,0.13176970967227605,0.1231658296407704
1770.0,0.14179613306116562,0.1263747539507646,0.14861330024898708
1768.0,0.14150130609418124,0.12397989035373029,0.1770717565444895
1766.0,0.14253894640998743,0.12291871805563866,0.20683087721883478
1764.0,0.1447669732237548,0.12307356964070507,0.23648693119496955
1762.0,0.1493535860548279,0.1254115553449885,0.2686109267241044
1760.0,0.1577774404119496,0.13149435038404134,0.3028797750002128
1758.0,0.16971247702865988,0.14127030784448727,0.33469910478688764
1756.0,0.18450357861011982,0.15402786897407142,0.3637627005255039
1754.0,0.20062849596435992,0.1683771063755494,0.3866858967064943
1752.0,0.21809309354823042,0.18430294290266,0.40212822524480285
1750.0,0.23979457351417932,0.20435454175219125,0.41753349057163774
1748.0,0.26536994019461735,0.2281834450249452,0.43612231866257956
1746.0,0.29162725441673665,0.25286100467794415,0.4523594698571948
1744.0,0.31717473471370644,0.27714827921732604,0.4614725965937177
1742.0,0.3424680691269105,0.3015590172558752,0.46306314420996697
1740.0,0.3690934504162967,0.3276182280648632,0.4602431188087819
1738.0,0.3943077637228935,0.3525952304506829,0.4532306835084172
1736.0,0.4158411389002426,0.3743777892502321,0.4372286419685445
1734.0,0.44210355169383275,0.40119023860164993,0.4189751034389755
1732.0,0.4745346599167288,0.43385892286172373,0.41334270324071626
1730.0,0.5046419813113707,0.4641590226274383,0.41094541149183306
1728.0,0.5331961055214621,0.49326212874232456,0.40298983426393886
1726.0,0.5607620936327586,0.5215805211540514,0.39126112875614966
1724.0,0.5882718009850887,0.5500511858401159,0.37744579462730216
1722.0,0.6146098471844601,0.5773399320675601,0.3634445643411284
1720.0,0.63791466906138,0.6015622691143194,0.3475683750180991
1718.0,0.6645041226009901,0.6292369938967105,0.3308289528714988
1716.0,0.7002444745129404,0.6659623127265091,0.3229456402768265
1714.0,0.737566002995798,0.7036430913816805,0.3253965984723951
1712.0,0.7712859688426292,0.7374433058382329,0.32822133934580766
1710.0,0.802704306948754,0.7691332422181256,0.32669401499870304
1708.0,0.8336664269802927,0.8007299579691609,0.32026497932935416
1706.0,0.8668606740911032,0.8350296574349542,0.3096944344397794
1704.0,0.8999298115642705,0.8695292448351696,0.295571135741507
1702.0,0.9312890666959062,0.9026971622328808,0.27530283422726987
1700.0,0.9694119402438368,0.9431404290433023,0.25138283595246774
1698.0,1.0137735806287984,0.9898175231938204,0.23078558530816864
1696.0,1.0600346287890001,1.038270157335529,0.21247406130433497
1694.0,1.1063491860032924,1.0864262282733574,0.19615141466285863
1692.0,1.1460681975005358,1.127536524503993,0.1817497782526478
1690.0,1.1812414139035068,1.1643792937597708,0.1642610424625512
1688.0,1.2120065203742072,1.1971047220807098,0.1440754746377319
1686.0,1.2379411684946018,1.2250477906517225,0.12322635682572489
1684.0,1.2697165174750833,1.2590243210192342,0.10282895344132609
1682.0,1.304657650994845,1.2954068904503193,0.09102094739356914
1680.0,1.3316317316969277,1.3231047329849341,0.08503295178695498
1678.0,1.3515038992876445,1.3436574291289376,0.07879267203143507
1676.0,1.3694779825185877,1.362252651449116,0.07325656501932795
1674.0,1.3884035500339735,1.3814002345370453,0.07202508899459137
1672.0,1.4053422171608996,1.3981484061871088,0.07474826955431106
1670.0,1.4219792202452712,1.4143359404520084,0.08037726828173125
1668.0,1.4428069388738696,1.4342014180881153,0.0922356431555301
1666.0,1.461687243270061,1.4517078934081977,0.10818787033708396
1664.0,1.4773786891325333,1.4659048340774397,0.12539991593701888
1662.0,1.494228973068348,1.4809399110326498,0.14698271523763531
1660.0,1.5111850363815518,1.4959699025393165,0.17017140455775118
1658.0,1.5241417871447436,1.507398700478871,0.18859955307516338
1656.0,1.530276994271047,1.5126417100079494,0.1994174797715989
1654.0,1.53398841344282,1.5154233161695623,0.2104011807841918
1652.0,1.5464304838167096,1.5255925822752423,0.23910676371268413
1650.0,1.5630744800563499,1.5393083829597278,0.276505514832328
1648.0,1.574327446010228,1.5480983166096167,0.3073302330278542
1646.0,1.5863368027321496,1.557790252710735,0.3383835662849031
1644.0,1.6006523145377354,1.5701110538095386,0.3658234072556031
1642.0,1.6123393384149725,1.580363662160742,0.3848807196610392
1640.0,1.6195108068488717,1.5866411385416876,0.3973624701908293
1638.0,1.6220264928115342,1.5889080954492327,0.4017670200318474
1636.0,1.6238210389920689,1.5909868111545826,0.3990606626964219
1634.0,1.6299230580436999,1.5973056463760358,0.39669423356956185
1632.0,1.6362373329308824,1.603897888658836,0.39153094931826804
1630.0,1.6375203348841907,1.6063248877549934,0.3742121865274097
1628.0,1.6346163200489852,1.6054502528071477,0.3445323688645616
1626.0,1.6298481697187583,1.603055174217047,0.3098164134891173
1624.0,1.623511774456685,1.5996020093408638,0.2682572878291454
1622.0,1.6170394304736309,1.5967588377177424,0.21902986185871962
1620.0,1.6103687951568895,1.5939374887190683,0.17163578521605777
1618.0,1.5992244915740241,1.5872696393472205,0.12060262745311344
1616.0,1.584612629631087,1.5778859602083697,0.06473700488077554
1614.0,1.5741219005439568,1.5718484989893555,0.021080490092317748
1612.0,1.563618921367612,1.5652207702770091,-0.014452592538717631
1610.0,1.5492209368119925,1.5547488155624551,-0.048494941295200135
1608.0,1.5328061233654886,1.542201709215758,-0.0801037590655614
1606.0,1.516244657685715,1.5293878818226567,-0.10922505705641265
1604.0,1.4993450832793564,1.5162562475645287,-0.13730366497821994
1602.0,1.4815900461457117,1.5022822673835854,-0.16427988948056682
1600.0,1.463610467067554,1.4878919030442386,-0.18881326768383722
1598.0,1.4453971442419031,1.4730295676858185,-0.2107685314077229
1596.0,1.4263601827972534,1.4572655222794317,-0.23135178539632398
1594.0,1.4065593074837248,1.4408030598218664,-0.25166454322470033
1592.0,1.3867113447539214,1.4243285926072566,-0.27153988122185935
1590.0,1.3669041979947056,1.4079760283270362,-0.2909357635773072
1588.0,1.3468953886660202,1.3916269591159673,-0.31021727408677435
1586.0,1.3264585456575912,1.3751686882881182,-0.329828606843394
1584.0,1.305348807062041,1.3584647120705784,-0.3502776767679321
1582.0,1.2839551601491446,1.3418468888554151,-0.3711228546672944
1580.0,1.2627806266616688,1.325561895449695,-0.39112261962572487
1578.0,1.2395245447810899,1.3076889235981046,-0.41091969559468444
1576.0,1.214045231598623,1.2883232064347785,-0.42931992919056483
1574.0,1.195314284231708,1.2746574135208146,-0.44285973345939567
1572.0,1.1814623221031118,1.2644242344268082,-0.4526352763277986
1570.0,1.1649304602001074,1.2510571139796036,-0.45995472000283705
1568.0,1.1495029174123297,1.238134344899309,-0.46439311337056394
1566.0,1.1384187296008714,1.2288452661028588,-0.46795634270515585
1564.0,1.1277589286461043,1.219852880105409,-0.4719724610687396
1562.0,1.1146428950378215,1.2088076428436751,-0.47877053485601334
1560.0,1.094396736581699,1.1916169680977284,-0.4887004942335458
1558.0,1.076844427606077,1.1767319983154392,-0.4952921784937544
1556.0,1.0771693444972616,1.177908434981142,-0.49992419674739624
1554.0,1.0791007930323857,1.1799989095022592,-0.503328589429556
1552.0,1.0781787437132344,1.1789129007713621,-0.5068037467454222
1550.0,1.0767207275050468,1.1767432352682925,-0.5100514639009408
1548.0,1.075262013691655,1.1742644839290957,-0.5136976834006353
1546.0,1.0726906635489348,1.1706924333161532,-0.518251613055394
1544.0,1.0677916837175512,1.1648107033907587,-0.5231612546306125
1542.0,1.0620713520052398,1.1580967420487922,-0.5289012787861622
1540.0,1.0628132588854033,1.1576623156290888,-0.5382126754731429
1538.0,1.0731223388158715,1.1663836936512761,-0.5477357508948885
1536.0,1.0837762768625228,1.1754889361920928,-0.5533221297817392
1534.0,1.0914717278708401,1.1817883117364745,-0.5593696277201131
1532.0,1.0992987799114196,1.1878558460159012,-0.5649902150953362
1530.0,1.1058780837913458,1.1922645944096402,-0.5669622991282146
1528.0,1.108715581267635,1.1924323398388947,-0.5650712347540872
1526.0,1.1085772275752956,1.1888739002158877,-0.5584281063360752
1524.0,1.10650534803857,1.182917725606477,-0.5472824771684532
1522.0,1.103879769220461,1.175527469914334,-0.5298387192134856
1520.0,1.1043330461447103,1.1704402392400017,-0.506100419989056
1518.0,1.1070986454237701,1.167746546300201,-0.47891402472140826
1516.0,1.1098766930636788,1.164919316336578,-0.44673860272178745
1514.0,1.1120370014885501,1.1619061713478058,-0.41353535178966294
1512.0,1.1120394848177546,1.1574640483209409,-0.38214842261442256
1510.0,1.1080149923834512,1.1494586267862674,-0.3513708149976321
1508.0,1.1000344345470239,1.1368434146820618,-0.3118690693739093
1506.0,1.09886601981129,1.129031711915492,-0.25453842559693163
1504.0,1.10814216972493,1.1330685376807925,-0.20981327237722702
1502.0,1.1153405902773907,1.1370882518857734,-0.1820775486948393
1500.0,1.1187788498400546,1.13819550938435,-0.16116726776965976
1498.0,1.1219040894630976,1.1394809914503239,-0.1441386733159303
1496.0,1.1278766802340718,1.1440532055757109,-0.13100722700099213
1494.0,1.1351338559840525,1.1502866005325159,-0.12156992421428436
1492.0,1.140008537343601,1.1543379628220356,-0.1141047392138839
1490.0,1.1438118727898552,1.1569755212607324,-0.10406281685816877
1488.0,1.150475852297711,1.1619356830303,-0.0901891286134225
1486.0,1.1600306642053835,1.1698931937089407,-0.07759123959227054
1484.0,1.169774949827446,1.178653361291281,-0.0699756499705794
1482.0,1.179182764538479,1.1877623991035242,-0.06788249192389267
1480.0,1.1888271467629026,1.1976024211281138,-0.06988246465132197
1478.0,1.1987812668659223,1.2080677631589758,-0.0746154284607736
1476.0,1.2094454586403554,1.219668394897321,-0.08305306059111033
1474.0,1.2231610505762045,1.2349653607364477,-0.09728528660204647
1472.0,1.2428758442734151,1.2564733663726244,-0.11411023463335454
1470.0,1.2638391933713815,1.2786244317072266,-0.12590357238745295
1468.0,1.2800424086065685,1.2960524513097573,-0.13755429199373942
1466.0,1.292588269528875,1.3108865966693586,-0.15833954663461391
1464.0,1.3049753846272398,1.3263230115316116,-0.18592576313980178
1462.0,1.3161580146816612,1.340187181183827,-0.21006668045506743
1460.0,1.3233074144680965,1.3498821390909388,-0.23234948347793669
1458.0,1.3292652733541812,1.3594566228568639,-0.26313873986097686
1456.0,1.3424982178710507,1.3769716088474588,-0.3004930207537506
1454.0,1.3580005419396501,1.395222170209552,-0.32510893039944383
1452.0,1.3691354357956769,1.4084953599892174,-0.3433907074127898
1450.0,1.3776796803062847,1.4193989476845532,-0.3619621149721473
1448.0,1.386052369578359,1.4304848393901257,-0.3816516225771171
1446.0,1.3953574872233698,1.4428068655097828,-0.40224891301610033
1444.0,1.404631823410194,1.4553429698943954,-0.42349072254922043
1442.0,1.412835902560055,1.467258689394692,-0.4465164146047472
1440.0,1.419243544520635,1.4778970795545856,-0.4709833898930943
1438.0,1.424208934181193,1.4878983600497886,-0.4973144484547084
1436.0,1.4306789282727643,1.5002353730274285,-0.5249333812813644
1434.0,1.4390484256590992,1.5138633769193424,-0.5467289606663153
1432.0,1.4463631789040678,1.525571593202336,-0.5615639255917465
1430.0,1.4524782440956674,1.5361332921216504,-0.5736088728382407
1428.0,1.4585077804901816,1.5463729426793662,-0.582746015775948
1426.0,1.464263307181668,1.5557518130961507,-0.5891668783634968
1424.0,1.4696586037216668,1.5644552300170262,-0.5954299249239556
1422.0,1.4746685763848681,1.572364870522951,-0.6023018113319225
1420.0,1.4798435268480727,1.5798067878593745,-0.6082303587129474
1418.0,1.4871774815956287,1.5886643850739202,-0.6114971091372731
1416.0,1.4952851120023876,1.5976407608325296,-0.6118618591812593
1414.0,1.5011909485404658,1.604197555117256,-0.6099268574588349
1412.0,1.5045477664034046,1.6081578934539023,-0.6056486482826874
1410.0,1.5067785372786653,1.6108239788173448,-0.5995629560375373
1408.0,1.5092253911983193,1.613203516741175,-0.5926885193559026
1406.0,1.5129807781281226,1.6161587432829123,-0.5855457225740586
1404.0,1.5186549091062957,1.6205822584452758,-0.5786959563432896
1402.0,1.5240795589862308,1.6251213326782707,-0.5729056095737025
1400.0,1.526813813011622,1.627978919189513,-0.5671936410601909
1398.0,1.5272230728153078,1.6295003630557634,-0.5605717227181947
1396.0,1.526588879077241,1.6308604588886695,-0.554740845423819
1394.0,1.5256265465107515,1.6329277853646205,-0.5523480698869423
1392.0,1.5247771882831263,1.635791879366268,-0.5537111770940003
1390.0,1.5229329515164158,1.6381350530049348,-0.5577858967097423
1388.0,1.5196525384947275,1.6399373795282837,-0.5644870386454236
1386.0,1.5167016131246438,1.6427170987866035,-0.5729409825571616
1384.0,1.5148770811596797,1.6465142833199073,-0.5813553056863875
1382.0,1.512852351854655,1.6500366216527704,-0.5896363734721829
1380.0,1.5097508681377898,1.6524513839348591,-0.597991210481461
1378.0,1.505616389652681,1.653330749854434,-0.6051686395762118
1376.0,1.5003567491485588,1.652386762507836,-0.6102211111810809
1374.0,1.4943785205788385,1.650298767646567,-0.6137163920732184
1372.0,1.4886004544520062,1.6480400179492598,-0.616367468961957
1370.0,1.4826915039071262,1.6453499603438382,-0.6185593319750705
1368.0,1.4759816577596838,1.6417776023202515,-0.6206817916816547
1366.0,1.468730726129739,1.6376135031539556,-0.6229559242018147
1364.0,1.4608669115312836,1.6330336549693263,-0.6258088492655488
1362.0,1.4531316898928046,1.6289262411282897,-0.6296387635330374
1360.0,1.4468915490453973,1.626272406565642,-0.634404156772998
1358.0,1.4415425006986315,1.624185928462281,-0.6397292294462582
1356.0,1.4363413305485246,1.6220056227537312,-0.645302904573626
1354.0,1.4317911446285962,1.6201883110389854,-0.6508910991510989
1352.0,1.4283515457383502,1.6191864704074348,-0.656797826643082
1350.0,1.4258890121374534,1.6190219369090002,-0.6636491250038663
1348.0,1.4244386147950798,1.6197290301325138,-0.6711985148737577
1346.0,1.423812861005022,1.6210360432239572,-0.6783944410198207
1344.0,1.4232757552669426,1.6221391083148133,-0.684542250985123
1342.0,1.4219879432746452,1.6223433130047302,-0.6900712992953276
1340.0,1.4198452282655265,1.6216789336360902,-0.6958832959821943
1338.0,1.4177302656384925,1.6209438879932265,-0.7019178702720205
1336.0,1.415565135274925,1.620014683224313,-0.7076626612999238
1334.0,1.4124281527798819,1.6180976515898238,-0.7129923578337257
1332.0,1.4083858804378546,1.615260944912506,-0.717777226860799
1330.0,1.404324555466139,1.612274990235931,-0.7220612099710705
1328.0,1.4008798613648967,1.6098435915612452,-0.7266167296544822
1326.0,1.3982521891509747,1.608220775544675,-0.7319389782515378
1324.0,1.3963471052806817,1.6072784540734473,-0.7379215437562534
1322.0,1.394717296325312,1.6066265592578814,-0.7447530037711074
1320.0,1.3928884223279865,1.6058384906580936,-0.752561956974354
1318.0,1.3906327509140812,1.604449197797689,-0.7603839728471474
1316.0,1.3875784163417058,1.6017701267195261,-0.7669649473610209
1314.0,1.3829776314059112,1.597156089178841,-0.7728201233421035
1312.0,1.3766106560156335,1.590562609145529,-0.7788828743398531
1310.0,1.368944732656566,1.5823027414050144,-0.7848775502123255
1308.0,1.3605060794770405,1.5729357089975162,-0.791185958009085
1306.0,1.3520299162873908,1.5635010074321511,-0.7985024766140091
1304.0,1.3442830159451806,1.5549439094986386,-0.8065612810192682
1302.0,1.3374103886144124,1.5475103875706755,-0.8151505112211558
1300.0,1.3310308152168655,1.5406744703080713,-0.8237535286020514
1298.0,1.3245224259140866,1.5336884265600301,-0.8322932456660576
1296.0,1.3174256118178491,1.526098603509628,-0.8414711889620493
1294.0,1.3099342433352141,1.5180641869708493,-0.8516944109894639
1292.0,1.3025547181356076,1.5102200398816608,-0.8633096121833036
1290.0,1.2957580659408874,1.503213370258158,-0.8765484726771865
1288.0,1.290048809546155,1.497526647270017,-0.8909616327278488
1286.0,1.2853119064256988,1.4930591888944114,-0.9065487209351117
1284.0,1.2805032339721258,1.488726805826664,-0.9230818807754323
1282.0,1.2741100826543301,1.482750134642993,-0.939541821639887
1280.0,1.264825666844233,1.4735838321453567,-0.9554714026388397
1278.0,1.2521334745533674,1.4605089747481426,-0.9708260292039737
1276.0,1.2362691625169804,1.4436160250955081,-0.9857382688328019
1274.0,1.2175759563434336,1.4231980560220743,-1.0004898024876827
1272.0,1.1963735613785473,1.3993685360215014,-1.01413190857823
1270.0,1.1730261010422223,1.3723128880937756,-1.02489764232027
1268.0,1.147692391297103,1.3423280919814033,-1.0315838381990443
1266.0,1.1203390406178815,1.309481792372191,-1.0324610745386573
1264.0,1.0910231390747676,1.2737658093935373,-1.0252065484580886
1262.0,1.0600220385491324,1.235293645944189,-1.0076218855193577
1260.0,1.0280412322271155,1.1945807554209893,-0.9782162667671174
1258.0,0.9961576963454384,1.1528819534861792,-0.9379876090814415
1256.0,0.9650849263218058,1.1112977811298712,-0.8895068646201745
1254.0,0.9349862742089281,1.070240270075964,-0.8346083554867962
1252.0,0.9056852280606845,1.0297386840005593,-0.7747007825946601
1250.0,0.8765717101060755,0.9893469931301988,-0.7111169766716284
1248.0,0.8466026131772659,0.9480413436836685,-0.6443748332956699
1246.0,0.8146339951474607,0.9046584120930496,-0.5746130912542338
1244.0,0.7796376675761596,0.8583022631945091,-0.5030383281643568
1242.0,0.7410702620095033,0.8085652563052314,-0.43121774372569915
1240.0,0.6989662664048608,0.7555101105037764,-0.3600639990740337
1238.0,0.6538896257725242,0.699620235381985,-0.28974483951564317
1236.0,0.6067423340857943,0.6418519676912704,-0.2210818429295896
1234.0,0.5580997386566142,0.5829943587827868,-0.15564236691838984
1232.0,0.5084546562955052,0.5237181637762977,-0.09467157753591841
1230.0,0.4590208408403405,0.46545847790580314,-0.039607080154528115
1228.0,0.4121908469589509,0.4108735599962236,0.00804725112266184
1226.0,0.3707309433908555,0.36298347477992327,0.04710878716204381
1224.0,0.33670973994961506,0.323917147262475,0.07770910488509851
1222.0,0.31092751660065693,0.2943016725566894,0.10130381295965878
1220.0,0.2928540560455563,0.2733002247194819,0.11994635041814232
1218.0,0.28136074773906444,0.25947546550733896,0.13554991319909565
1216.0,0.2753519103968309,0.2515177597340501,0.14932545995466454
1214.0,0.2738801956400979,0.2483556541509225,0.16187215349173412
1212.0,0.27600855029304233,0.2489573212948134,0.17363823815134583
1210.0,0.2807120684281175,0.2522418560883351,0.18483911946285386
1208.0,0.2869650480186519,0.25719886282408533,0.19523609577544226
1206.0,0.29401740458603887,0.26301435491500896,0.2051788632204026
1204.0,0.30139834801216625,0.26908677095806505,0.2155461603111465
1202.0,0.3087202991088137,0.2749836488780386,0.2266598993235027
1200.0,0.31568940120366307,0.28046434602531317,0.23815305645062743
1198.0,0.32212066653150623,0.28544246433282766,0.24927350942903634
1196.0,0.32790649382335413,0.2899190502752653,0.2592151629226517
1194.0,0.3330094129934139,0.29394427122676037,0.26737304263592476
1192.0,0.33752553915632355,0.29769941684044815,0.2731621071828954
1190.0,0.34163752984681056,0.3013483599078182,0.27673187476960975
1188.0,0.34542903124982016,0.30485456685957757,0.27893142490325373
1186.0,0.3488028319402185,0.3080600579810191,0.2803042411290516
1184.0,0.3515973806132392,0.3107697584323363,0.281205649214179
1182.0,0.35380629083960446,0.31292192210477077,0.282053816034252
1180.0,0.35555031041300383,0.31466950909422065,0.282639270511954
1178.0,0.3571754261649369,0.31640704025164784,0.2827134188788217
1176.0,0.3592271968895669,0.3186837333029835,0.28238645487644254
1174.0,0.36244894854912674,0.32225697990320984,0.28167511433315984
1172.0,0.3679174395840198,0.3282971975520259,0.2800248554876508
1170.0,0.3773544289867316,0.3386696885428463,0.2765570048111737
1168.0,0.39363459067456236,0.3565251061855133,0.2695612603372251
1166.0,0.4209492892871506,0.3865308332816255,0.2559296484403853
1164.0,0.4625418750461875,0.4323634141214297,0.232062100347852
1162.0,0.5131211374905081,0.48832963397563284,0.19843919962185583
1160.0,0.5523212942133057,0.5318248355138478,0.1692168749913904
1158.0,0.5566720728249785,0.5364655869998507,0.16743820178892982
1156.0,0.5247918805480472,0.5007418080649998,0.19464593842913508
1154.0,0.47824814400170956,0.4490252045091369,0.22892507554913327
1152.0,0.43706701519073093,0.40371258607483856,0.2545790607729945
1150.0,0.4073282993400837,0.3713118196554869,0.27053596895562354
1148.0,0.38681718226820533,0.34908749564315034,0.28090056107178474
1146.0,0.3720243950244493,0.33315758547995866,0.28781312451707236
1144.0,0.36059716929864105,0.3210097049384531,0.29185623441402125
1142.0,0.3512108681965526,0.3111660240730644,0.29392222645769667
1140.0,0.34290646758609405,0.3025722061668338,0.29471167592038505
1138.0,0.3350577191803255,0.29446984119047914,0.29525704713545814
1136.0,0.3275298357882256,0.2866529594459299,0.29600845654280566
1134.0,0.3205295749714691,0.2793534730548347,0.296642886832858
1132.0,0.314434631816011,0.2729331481631186,0.29720587999452686
1130.0,0.30940108451776177,0.26756049480468896,0.29771486721994345
1128.0,0.3053071899553727,0.2631704094985944,0.29795158912883984
1126.0,0.3020432442291218,0.2596130523165594,0.29817270081212394
1124.0,0.2996703445177665,0.25676216312057415,0.2995801225503718
1122.0,0.29824086212771206,0.2544718042652836,0.30360963327767854
1120.0,0.2975119319721553,0.2524723427667617,0.3105960761114232
1118.0,0.2969432585968329,0.2504269110689806,0.31927555269728036
1116.0,0.2959439062677098,0.24792306380838325,0.32864597340457236
1114.0,0.2940386622949723,0.24455343512682082,0.338454947635498
1112.0,0.29097084491706826,0.24004407120251933,0.34886288825238054
1110.0,0.2867888765540264,0.23434174216131345,0.360530463879224
1108.0,0.28179045882527715,0.227677243113418,0.3738375798243614
1106.0,0.2763325485457603,0.2204191929121635,0.38852814289490445
1104.0,0.27064484009123496,0.21276353999070605,0.4046920074827742
1102.0,0.26471103789089423,0.20469355709896533,0.4223009599252786
1100.0,0.25842870469368834,0.19620861749441346,0.44046515924333485
1098.0,0.25186077213858504,0.18741175544732147,0.45858683673436207
1096.0,0.2452885596548474,0.1785986046202512,0.4765440054558599
1094.0,0.23897014519174403,0.1701499889940561,0.49353796321938453
1092.0,0.23307154716242753,0.16230500843198128,0.5089104403923432
1090.0,0.22769148515640944,0.15505067648522167,0.52351960646349
1088.0,0.22282650969077444,0.1482682672991379,0.538400245352101
1086.0,0.2184625096755708,0.14198469615308135,0.5530348089460275
1084.0,0.2146954992749305,0.1363991631931779,0.5663647129808913
1082.0,0.21174842929261203,0.13173829208365023,0.5784314149606691
1080.0,0.21004286758910093,0.12826026469438995,0.5904451649772307
1078.0,0.21047695490508173,0.1267995899064305,0.6028420994232611
1076.0,0.214419597293713,0.12900504018965903,0.6135831249797513
1074.0,0.22364337630013917,0.13698884303786613,0.6200404920500436
1072.0,0.23978159199499366,0.15251528072775816,0.6208821411903538
1070.0,0.26324897400841335,0.1760969508738394,0.6145818101977336
1068.0,0.29338346906523183,0.20716810574943154,0.5993527661318245
1066.0,0.32881869691693194,0.2443737419670637,0.574794300067619
1064.0,0.3669849219467999,0.2849521600713931,0.5433399553640051
1062.0,0.40404873202508096,0.324696182415931,0.5097193328995457
1060.0,0.4367943414934814,0.36005417113049,0.4782698232311771
1058.0,0.46421735361756333,0.3898787408552483,0.4508620810417321
1056.0,0.4869947275677508,0.41476565977365454,0.4278496513457932
1054.0,0.5062178168796374,0.43562356661948315,0.4097562861952722
1052.0,0.5227682861082161,0.4532880431974035,0.39640341565945664
1050.0,0.5373384558873503,0.46869205048931684,0.3861795219037745
1048.0,0.5506546091222149,0.48280153245381674,0.37745594065233423
1046.0,0.5634219254484969,0.4962820260462881,0.3701293015952362
1044.0,0.5757081245047339,0.509058860777867,0.36481798013372396
1042.0,0.5870241075389412,0.5206018830955412,0.361844736157802
1040.0,0.5974514134735953,0.5309896251665833,0.36140354135546787
1038.0,0.6079639389188464,0.5412644106950193,0.36307876776892456
1036.0,0.619366627265195,0.5524729949752188,0.36527042527361026
1034.0,0.6319380816775437,0.5649875771779274,0.36723865112040754
1032.0,0.6457795314830169,0.578687478597279,0.37023316203558876
1030.0,0.6606665860460103,0.5932207264255476,0.37522435175341906
1028.0,0.675895318650262,0.6080347132214877,0.38160139191559833
1026.0,0.6904157938162936,0.6222749187855294,0.38792445240669826
1024.0,0.7032837005276337,0.6350568822230104,0.3931498823844989
1022.0,0.7139284966322975,0.6457366659310395,0.3974185208125572
1020.0,0.7221337474363246,0.6540455598287237,0.40117948829071687
1018.0,0.7281446890194339,0.6602061104495042,0.4045402793467478
1016.0,0.7328004821960576,0.6650367199551537,0.40736601270243394
1014.0,0.7371167845448806,0.6695806475612824,0.40935640885528946
1012.0,0.7417271404851584,0.6745923609527962,0.4099724006806386
1010.0,0.7469533379677393,0.6804921792994738,0.4090806029616973
1008.0,0.7531651692791357,0.6875268022872192,0.4080046715096768
1006.0,0.7606094843627474,0.6957926805873005,0.40814505288795466
1004.0,0.7690901565553053,0.7051256214628944,0.40943648796973353
1002.0,0.7781253943946067,0.7150786499769736,0.4114637729805655
1000.0,0.787121983287165,0.7251416168614351,0.41346628946837144
998.0,0.795583414969552,0.734947144522991,0.41439689034710875
996.0,0.8033043434872267,0.7442589519210644,0.41407894243480114
994.0,0.810339870568489,0.7529875847538797,0.41304724971302464
992.0,0.816788278172049,0.7611766021227498,0.4117232832148849
990.0,0.8226941451102701,0.7688386805347642,0.4107411209943759
988.0,0.8282023407941483,0.7760298351236017,0.4106449579580752
986.0,0.8334870732795843,0.7828904834134528,0.4113031773923872
984.0,0.8385315955366762,0.7895581562825226,0.41152091400706203
982.0,0.8432735395341642,0.7961407749384232,0.41002429667521795
980.0,0.8477692825698988,0.8026625696737113,0.4070349976983297
978.0,0.8520816750826095,0.8090345412829697,0.4036429628036865
976.0,0.8561794882010171,0.8151557491756644,0.4000806574197531
974.0,0.8599923442093083,0.8209137820236178,0.39635686092851596
972.0,0.8634329248739112,0.8262680003990133,0.3915791591392153
970.0,0.8664617510467257,0.8312735907842165,0.38427614484460826
968.0,0.8691812404697238,0.8359028246195064,0.3757881744488291
966.0,0.8716857574313497,0.8401969169434971,0.3668638376366047
964.0,0.8740705289488281,0.8443514041813497,0.3559677539570868
962.0,0.8766143721155035,0.8486466876481873,0.3426149352705326
960.0,0.8796584882884572,0.8533667302642469,0.3277192648121891
958.0,0.883371184190918,0.8585926740259815,0.3128408857139511
956.0,0.887608639590683,0.8640599123778117,0.29970338478525865
954.0,0.8921462799562274,0.8696142008654993,0.28754232274792285
952.0,0.8972509653591187,0.8756715252236381,0.27492047238391193
950.0,0.9033706652439347,0.8826169353702159,0.2631123491588703
948.0,0.9103355209482278,0.8901859140513443,0.2534585460305538
946.0,0.917561078497769,0.8978102477529721,0.24574276999082276
944.0,0.9246986760469259,0.9051687243533003,0.23979068755521088
942.0,0.9315657837378406,0.9121124989583012,0.23541344793280186
940.0,0.9379053121768042,0.9184366756048387,0.23220122916337907
938.0,0.9435663281695721,0.9240975257372924,0.22905803617841483
936.0,0.9487593920617474,0.9293530429778059,0.2254506078666706
934.0,0.9539389579896994,0.9345566248493306,0.22250426630951065
932.0,0.9594078373608234,0.9399581873703835,0.22063159833035242
930.0,0.965262119489336,0.9456609477591075,0.21942286328350624
928.0,0.9714266354963124,0.9516634449088628,0.21806020289847644
926.0,0.977724716010212,0.9578428978650855,0.2164388789030436
924.0,0.9840063635671404,0.9638878600842031,0.21660884889356818
922.0,0.9899989068379581,0.9694627818381351,0.2191365161456747
920.0,0.9951688393948919,0.9743003064392257,0.2213060266474076
918.0,0.9989008676687972,0.9779874356908105,0.22150603760457158
916.0,1.000394681881017,0.9796638075449279,0.22061096797297108
914.0,0.9984873939079517,0.9782768951810917,0.21708555596734536
912.0,0.9922738938286706,0.9733475273044584,0.20592828851323683
910.0,0.9820040469060736,0.9652658152842981,0.18502401567265417
908.0,0.9689705615588078,0.9551119087099748,0.15584484705262983
906.0,0.9546323210120182,0.9441849836516594,0.11948538820481255
904.0,0.9403270693508563,0.9336422130332059,0.077750090014721
902.0,0.9269891004313402,0.9243576897011171,0.031203996473499536
900.0,0.9153248472688753,0.9169874457477811,-0.020168023552449968
898.0,0.9062178447580296,0.9119879853330671,-0.07156630547285951
896.0,0.9003014530658691,0.9095675593497804,-0.11694885228082888
894.0,0.8976325920266337,0.9096982920579983,-0.15403953941773593
892.0,0.8980819354217363,0.9122344965167176,-0.1817961313337046
890.0,0.9015693979036639,0.9169243965285075,-0.19757879987566912
888.0,0.9080919377709444,0.9234627391364095,-0.19693709208412755
886.0,0.9174875279000269,0.9315618966112427,-0.17759097725773362
884.0,0.9288099213319333,0.9406603351127975,-0.14528264180810155
882.0,0.9407255077707697,0.9501438242256077,-0.11087407243084658
880.0,0.9526573961091522,0.9597506070684885,-0.07922036119209643
878.0,0.9642359448567548,0.9689379767520951,-0.0494273977604883
876.0,0.973764128437546,0.9760170683955374,-0.02266721391812159
874.0,0.9789882762695836,0.9790842525414298,-0.000971987788795102
872.0,0.9797266642156071,0.9785303033067383,0.01290853771560711
870.0,0.9783485994025842,0.9771632442351499,0.013959845177189255
868.0,0.9775617953656874,0.9771853100733702,0.004759840082084932
866.0,0.9785029677835517,0.9787153241380229,-0.0027969031465756777
864.0,0.981037559787889,0.9812334523771554,-0.002631692906030042
862.0,0.9851723066681967,0.9849552518008772,0.0029393191655394343
860.0,0.9915404771318899,0.9906423100333147,0.012169906880791314
858.0,1.0010655456362367,0.9992051695298465,0.025096316446287334
856.0,1.01487114608175,1.011563652411289,0.04412217274849644
854.0,1.0326107400794522,1.0275718589741012,0.06621565091391371
852.0,1.052536551988115,1.0462746406740047,0.08169804892676842
850.0,1.0744417876279755,1.067687166394456,0.08822448889012313
848.0,1.0987234062870566,1.0921721776037612,0.08614326593822434
846.0,1.12531783861163,1.1194250054656025,0.07861429045957953
844.0,1.1550929307599458,1.1491905536944662,0.07988588850788685
842.0,1.1882324258374153,1.181212582663282,0.09580114177527778
840.0,1.2234077442304194,1.2149218753514979,0.11656444474653792
838.0,1.2597306668216302,1.2498228112188028,0.1373313060256013
836.0,1.2970918599676053,1.285628421861399,0.16067435311180026
834.0,1.3353400496389614,1.3221330135313032,0.1871899712222534
832.0,1.374324008678125,1.3593482733297026,0.21436982734494053
830.0,1.4143789441373467,1.397878772913034,0.23796434051770765
828.0,1.4561014935128136,1.438622159581937,0.2520858924351041
826.0,1.4998157781745864,1.4822136564250281,0.25015684568154356
824.0,1.5457148436563428,1.5291098383241368,0.22866538122862853
822.0,1.594082428520982,1.579642451125995,0.18990680282750227
820.0,1.6449390688844645,1.6338141884369666,0.1383998968142069
818.0,1.6973663558635237,1.690626591471415,0.07910267955342917
816.0,1.7478603323945365,1.7462895907322995,0.017512582045000682
814.0,1.7878181178776333,1.7911882014359348,-0.0368221631372458
812.0,1.8013136900125466,1.8069491520286203,-0.06505155555805452
810.0,1.7698087515546301,1.7724566675203877,-0.03533853994335331
808.0,1.6908469041279184,1.6857747425831888,0.07415786391509585
806.0,1.5914990785457332,1.5781949180322477,0.17910621551511668
804.0,1.502361914013592,1.483615588177762,0.22997159807618986
802.0,1.4369895136984532,1.41617239264656,0.24954585893392514
800.0,1.396374139404109,1.3762652020122013,0.24953845781216416
798.0,1.3801537125536596,1.362785178501239,0.23119617090201877
796.0,1.38755544918473,1.373963320998426,0.1964533881159722
794.0,1.4099634514489776,1.3999707635857783,0.15388340350944182
792.0,1.4289309030439532,1.421131745689152,0.12263697425334012
790.0,1.4260320986264157,1.4179833128183175,0.12320522951279886
788.0,1.395585668233084,1.384999711749655,0.151075117462136
786.0,1.3469147417762133,1.3332543028499069,0.17923750084829573
784.0,1.295643136374485,1.2801460268574647,0.1917173288503408
782.0,1.2545762440685146,1.2390707625437551,0.1887757194972832
780.0,1.2310272000279041,1.2172476858154844,0.17197880784181224
778.0,1.2273253653243403,1.2168907211008753,0.1371690940345822
776.0,1.2400143054794457,1.234074037875492,0.08257461432638373
774.0,1.2600323855188573,1.25875532301976,0.01839830893947553
772.0,1.277666665498402,1.280389491902687,-0.03949869155373101
770.0,1.2883036620057662,1.2939870845540788,-0.08133204685948577
768.0,1.2925943806249376,1.3001228299661016,-0.10535069130521053
766.0,1.2929739111836307,1.3013744226469945,-0.11478278261962721
764.0,1.2916667559529418,1.3001998432281003,-0.11393079836522053
762.0,1.2905350521591656,1.298696924753368,-0.10646641358009891
760.0,1.2907817075645138,1.2981267624854074,-0.09338371076822198
758.0,1.2927333120246183,1.2989754478937474,-0.0771933794348342
756.0,1.296009808086343,1.3013475489460353,-0.06437481257994998
754.0,1.300136833468858,1.3048361577923175,-0.055585671575116034
752.0,1.304804575849723,1.3087907124839373,-0.04644861839077872
750.0,1.3098274732077426,1.3129556667007694,-0.03604860631490088
748.0,1.3153549477929867,1.3175338379047847,-0.0249456183820297
746.0,1.3215403058625086,1.3227995311263712,-0.014373112046586417
744.0,1.3286246261949213,1.329103589554276,-0.005445528794170879
742.0,1.3371519565916627,1.3367444629553906,0.004584872656474821
740.0,1.347594081293797,1.345818663920439,0.01957666971624897
738.0,1.359677960312384,1.3560363633226922,0.03901120670907896
736.0,1.3724843215418026,1.367066018795264,0.056208813295272025
734.0,1.3852177981787155,1.3789652813118352,0.06317936040510339
732.0,1.3972134604587807,1.3915761873365233,0.056384714927635325
730.0,1.4078255850139902,1.4040883112504823,0.03778141937269005
728.0,1.4170750758818023,1.4155652194817265,0.015657522470474455
726.0,1.4258958485572317,1.4259147135826347,-0.00020105999297467047
724.0,1.4354229110789007,1.436033480666169,-0.0066310504356956014
722.0,1.4471696526887503,1.4476289564591704,-0.005017012439935619
720.0,1.4630051508763324,1.4626591934647735,0.0037458546162961034
718.0,1.4833319326846688,1.4818392914165073,0.01582619974949936
716.0,1.5065651469717116,1.5046783688154308,0.019581785406391015
714.0,1.5309577415761335,1.5307921098611534,0.0017204040550513311
712.0,1.5565838198468982,1.560175108229703,-0.038739534499344516
710.0,1.58606866809802,1.5937938039766042,-0.08840214454767477
708.0,1.622426922999581,1.6336862161901737,-0.13623791052287637
706.0,1.6674198507183493,1.6818875715123318,-0.18363790627321666
704.0,1.7215777221559474,1.7391904279984272,-0.23327598112511616
702.0,1.780591554328144,1.8013722776113745,-0.2841736229933228
700.0,1.8270234518535358,1.8502425196639283,-0.32227401084363894
698.0,1.8335597600566746,1.856167437939352,-0.31614703144341183
696.0,1.7931564899920793,1.812310951664847,-0.26822487723466903
694.0,1.7318514089466508,1.7481373205175652,-0.22492813475127768
692.0,1.6780349804061825,1.6933884356480993,-0.20618720169867516
690.0,1.6391713780281787,1.6541193016742484,-0.19279418150665698
688.0,1.6115405427912872,1.6254590647614757,-0.1714040305119202
686.0,1.5919279464131315,1.6044581342111908,-0.1480009340777112
684.0,1.5785731110380397,1.5899588122105381,-0.12999006721732428
682.0,1.5703578515056043,1.5808480518783719,-0.1163187101865286
680.0,1.5665687787489966,1.5763049482174158,-0.10521368176731027
678.0,1.5667664161888797,1.575831128169957,-0.09580123949629578
676.0,1.570599913059466,1.5790486047738939,-0.08773786276506344
674.0,1.5763915874718395,1.5845322483180588,-0.08363825475643193
672.0,1.5798977985079223,1.5882325220134215,-0.08493487830726018
670.0,1.579004319306219,1.588224150499489,-0.09250659476642277
668.0,1.5843904095202408,1.5948349429751119,-0.1031485566838256
666.0,1.599789745429262,1.6100555037037694,-0.10139675724613968
664.0,1.612392141300925,1.6213820822827878,-0.08935018219949858
662.0,1.6179569455638223,1.6260993760675133,-0.08115213605661538
660.0,1.6204432641738067,1.6281537337930665,-0.07676115544896793
658.0,1.6229214435176114,1.6297727101824577,-0.06808166369336682
656.0,1.6263993517628819,1.632024463720154,-0.056001476496574304
654.0,1.630882252792644,1.6358327395855607,-0.04960305309229938
652.0,1.6366656539468198,1.6415459228095697,-0.0492715817281609
650.0,1.645506716740612,1.6496444244315032,-0.04204128563236981
648.0,1.6584036673915274,1.6610046950029398,-0.026666170533516723
646.0,1.6731156269122471,1.6748968131046396,-0.018547312111174268
644.0,1.6876487643964786,1.6892099291600464,-0.016525535399346793
642.0,1.7023542110174852,1.703065128447649,-0.007618299578661361
640.0,1.7166708588033313,1.7162161626999997,0.004928514262170754
638.0,1.729775450945974,1.728706874097623,0.011695305304730575
636.0,1.742151083220262,1.7407728168696908,0.015176878324384512
634.0,1.7533633226478134,1.7516671673424977,0.018842531472771668
632.0,1.7622605279801948,1.76007510639072,0.024585683398162157
630.0,1.7683097466667532,1.7647887166320215,0.0400445810934245
628.0,1.7710115005563971,1.7653772502266902,0.06471872184323448
626.0,1.7700681536103247,1.7625571636054538,0.08729816478126434
624.0,1.7664555744400008,1.7575248444905673,0.10484377164711624
622.0,1.761592895060503,1.7509660643080092,0.12536513175456462
620.0,1.755431065034993,1.7429018495562947,0.14853143954381076
618.0,1.7477417423254518,1.733954387789047,0.1651021016076875
616.0,1.7398122070123851,1.7254131091659135,0.17509348704913033
614.0,1.7318827989386505,1.7167062846703744,0.18817084995048675
612.0,1.7215778831890023,1.7050759918315135,0.20801207423379262
610.0,1.7067038814668334,1.6889288842811996,0.2258722734295025
608.0,1.6880199023686167,1.6694195111005887,0.23765962758023665
606.0,1.669180264233495,1.649438171617223,0.2537052886700105
604.0,1.6529305810350823,1.6314124813793296,0.2774959821838627
602.0,1.6395336277375727,1.6162318901833161,0.3009659017053032
600.0,1.6290083282203223,1.6039572353949163,0.323445414783483
