wavenumber_cm1,hydric_mean_absorbance,nonhydric_mean_absorbance,hydric_median_absorbance,nonhydric_median_absorbance,mean_difference_hydric_minus_nonhydric,median_difference_hydric_minus_nonhydric,hydric_sd,nonhydric_sd,standardized_mean_difference
4000.0,0.21550403307233607,0.24280517026024118,0.22845270583354943,0.23617115348716622,-0.02730113718790511,-0.007718447653616789,0.05883595518563469,0.026160469860965062,-0.7663706036983612
3998.0,0.21585266964392197,0.24310263034755458,0.22877572228041337,0.23641715623719867,-0.027249960703632614,-0.007641433956785293,0.0588778817155296,0.02618729854579926,-0.7642875593061762
3996.0,0.21616033408175223,0.2433665633199335,0.2290617100248378,0.236619663457799,-0.02720622923818128,-0.007557953432961201,0.058914185700964385,0.02621247005314719,-0.7624789484731246
3994.0,0.2164865044827354,0.24364062604193137,0.22936128575947234,0.2368386145651306,-0.02715412155919597,-0.007477328805658268,0.05895131161411681,0.02623760746174319,-0.7604328386206723
3992.0,0.2168253098972782,0.2439318359486404,0.22966198342243493,0.2370930666745311,-0.027106526051362212,-0.0074310832520961545,0.05898597872260219,0.026266251266910793,-0.7584910730149237
3990.0,0.2171653816288223,0.24422496096970592,0.22995286139299254,0.23736085741712515,-0.027059579340883627,-0.007407996024132613,0.05903575696687599,0.02630459678758577,-0.756340419032992
3988.0,0.21747100177079712,0.2444829843886925,0.23018663062416062,0.23760680094347447,-0.02701198261789539,-0.007420170319313857,0.05908516855524622,0.026349844751752893,-0.754094586308202
3986.0,0.21766370263571355,0.2446264952468162,0.23030004964972958,0.2377352651269633,-0.026962792611102654,-0.00743521547723372,0.05912319249122478,0.026383244138690875,-0.7520368714051342
3984.0,0.21784278376976926,0.2447633827699637,0.23042236712470832,0.23784093725693545,-0.026920599000194445,-0.007418570132227131,0.05915733882123728,0.02640452932485297,-0.7503531234478269
3982.0,0.2182051846710673,0.24507967264316108,0.23076224095285996,0.23811853412738332,-0.02687448797209377,-0.007356293174523354,0.05920422340361397,0.026427128571796306,-0.7484544244182995
3980.0,0.21863468673742936,0.24545617318470608,0.23116600887472713,0.23845386016276815,-0.02682148644727672,-0.0072878512880410196,0.05924499060548074,0.02645491081483467,-0.7463486325948617
3978.0,0.21890224401221667,0.2456796176006671,0.23139914603761452,0.23863273931040024,-0.02677737358845042,-0.007233593272785721,0.05926508825674955,0.02647922696106962,-0.7446837143370474
3976.0,0.21907219940783293,0.24581486570428723,0.2315652711419697,0.23871953298790258,-0.026742666296454304,-0.007154261845932874,0.05928229811522337,0.026498778241149788,-0.7433600534154265
3974.0,0.21930900473422485,0.24600712335397532,0.23181293882323656,0.23886858463917737,-0.026698118619750466,-0.007055645815940814,0.059320002704787385,0.026521091399911788,-0.7415846635175173
3972.0,0.21962159532229544,0.24625925124351183,0.23209976466287446,0.23908873854037574,-0.02663765592121639,-0.0069889738775012755,0.059369078989579216,0.02654639112479769,-0.7392535079524877
3970.0,0.21993375411327917,0.2465107087790574,0.23235540329062335,0.23931585735230826,-0.026576954665778224,-0.006960454061684912,0.05941334449905007,0.02657231715360895,-0.7369464890106814
3968.0,0.22023033022385158,0.24675319451205208,0.23258941073678643,0.23953533656812775,-0.0265228642882005,-0.006945925831341321,0.05945249565507388,0.0265990093395573,-0.7348535425041854
3966.0,0.22047547548107088,0.2469585666289973,0.23278211821561726,0.2397191176737481,-0.026483091147926408,-0.006936999458130838,0.05948335164520322,0.02662050218413833,-0.7332801153093356
3964.0,0.22059267044334976,0.24705664282635467,0.2329008958128079,0.23978940751231528,-0.026463972383004908,-0.0068885116995073825,0.05949889505109396,0.026629412509277972,-0.7325362608499033
3962.0,0.22065792042561355,0.24709909016303389,0.23300475447366104,0.23979703852974577,-0.026441169737420334,-0.00679228405608473,0.0595131094707863,0.026641588132172822,-0.7316617520381621
3960.0,0.22082853468221578,0.24722440155952652,0.23317353010873682,0.23989102248627178,-0.026395866877310742,-0.006717492377534967,0.05954287897919314,0.0266678243317558,-0.7298912872804194
3958.0,0.2210765753509186,0.24742270179601092,0.23337516533489586,0.2400623104689631,-0.02634612644509232,-0.006687145134067235,0.0595809020526572,0.026696336920355827,-0.7279164700842147
3956.0,0.2212880469585327,0.24759297241782516,0.23354277242534394,0.24020800797636516,-0.026304925459292444,-0.00666523555102122,0.05961301169804083,0.02671754427413535,-0.7263070042529067
3954.0,0.22139217152879684,0.24767218852086584,0.23365935785917627,0.24025194601661387,-0.026280016992069,-0.006592588157437601,0.05962725794961616,0.026728515245629008,-0.7253924040552728
3952.0,0.2212750336762578,0.2475759711561646,0.2336669180999839,0.24001146841343834,-0.026300937479906777,-0.006344550313454433,0.05961689563200425,0.026728562406304585,-0.726041262711558
3950.0,0.22100877371390348,0.24735499379702466,0.23358537723423786,0.2395600093206673,-0.02634622008312118,-0.005974632086429427,0.05960391453516606,0.02673479499824938,-0.7273086850172963
3948.0,0.22098428191972044,0.2473224242274476,0.23362258010069953,0.2393931659545452,-0.026338142307727158,-0.005770585853845683,0.05962324513059433,0.026762997445325856,-0.7266217077957179
3946.0,0.22120905984153572,0.24750744661276713,0.23380263037267113,0.2395410076043163,-0.02629838677123142,-0.005738377231645164,0.059642742250036476,0.026782948122763293,-0.7251571821061925
3944.0,0.22123642954109415,0.24753997360480945,0.23389949561835627,0.23946325657246564,-0.026303544063715295,-0.005563760954109376,0.05963126508458358,0.02678734151885096,-0.7253276241432965
3942.0,0.22134101807353862,0.24760699081804088,0.23404056482725005,0.23944307935271275,-0.026265972744502264,-0.005402514525462698,0.059656324346302116,0.026824343965772216,-0.723687770821182
3940.0,0.22193295671528798,0.24807120779448907,0.23441892616579638,0.2400201607069707,-0.02613825107920109,-0.00560123454117431,0.059717620964985986,0.026876267464927554,-0.7191481040299502
3938.0,0.2224219177733069,0.24847542618961663,0.23469166751792836,0.24054476342487208,-0.02605350841630974,-0.005853095906943717,0.059732147269516596,0.026897081137321564,-0.7164779645058287
3936.0,0.22225655351800092,0.24834838909556473,0.23457287549714545,0.24032055754831447,-0.02609183557756381,-0.005747682051169017,0.05967460047036392,0.026885760294501664,-0.7180554646115433
3934.0,0.22157504161762193,0.24780226129482738,0.23425018971900585,0.2394414727691327,-0.026227219677205454,-0.005191283050126838,0.059597059710753256,0.026861331163492153,-0.722598162683638
3932.0,0.22109525235026006,0.24740610612840364,0.23414943296897608,0.23869153048208205,-0.026310853778143573,-0.004542097513105969,0.05957651076586411,0.026873418577917255,-0.7249031694938016
3930.0,0.22145222256301494,0.24768581172446605,0.23449123181886533,0.23892290081461853,-0.026233589161451104,-0.004431668995753202,0.05962056677905597,0.026917299932612118,-0.721961314492651
3928.0,0.22203269773399015,0.2481846536686544,0.234888109567021,0.23952989517759915,-0.02615195593466424,-0.004641785610578153,0.059642178447876865,0.026941244135733625,-0.7192897309470291
3926.0,0.2220596418530368,0.2482379476448139,0.23498175464477758,0.23951237399598657,-0.0261783057917771,-0.004530619351208992,0.05961331943603559,0.026938304428440595,-0.7202459526388312
3924.0,0.22187869696294032,0.24808078278616005,0.23495621968514552,0.2391958731157733,-0.02620208582321973,-0.004239653430627793,0.0595981580196646,0.0269569753988262,-0.7207873029216137
3922.0,0.22189414551648684,0.24809058339323495,0.23501891853036802,0.23912368120336425,-0.026196437876748108,-0.004104762672996226,0.05959398463609679,0.026987490507794025,-0.7203063653318162
3920.0,0.22171545660639555,0.24797795575421566,0.23499034972595423,0.2388560388460521,-0.026262499147820112,-0.0038656891200978816,0.059567714188747053,0.027002034531413806,-0.722133489248877
3918.0,0.2214426017599079,0.2477669372250144,0.23490582488553338,0.23842848376466808,-0.026324335465106485,-0.0035226588791346936,0.05956631589336034,0.027033240966643696,-0.7234793679587423
3916.0,0.22186718241284717,0.24807443812272814,0.23516136256747439,0.23877767028690539,-0.026207255709880972,-0.003616307719431,0.05962964240173765,0.0270855891496672,-0.7192232201166455
3914.0,0.2229167242404758,0.24888995031219052,0.23573284529247965,0.2398969162332578,-0.025973226071714733,-0.004164070940778142,0.05970501361354432,0.027132052315987424,-0.7117607528827828
3912.0,0.22372176753296585,0.2495365715735529,0.23618833029126113,0.24076887535584468,-0.025814804040587058,-0.004580545064583552,0.05974325983496849,0.02715552738721656,-0.7068972792010619
3910.0,0.22389363567987722,0.24969340147072738,0.23634817286402454,0.24090309794219372,-0.025799765790850165,-0.004554925078169181,0.05973739438710528,0.027141654091122316,-0.7066821652629068
3908.0,0.2232076278325123,0.2491913853059373,0.23611184547575836,0.24004166181617842,-0.02598375747342499,-0.003929816340420056,0.05965117749048541,0.02707707243614862,-0.71304218801734
3906.0,0.22131742145749814,0.24772295357636842,0.2352948977189643,0.23771618825544055,-0.026405532118870284,-0.002421290536476245,0.059506830380612406,0.027036519194499092,-0.7260815477190603
3904.0,0.21901539218101013,0.24585219713745962,0.2342769671922883,0.23477539080041052,-0.026836804956449495,-0.0004984236081222171,0.05944794685655288,0.02715380196546159,-0.7369539703363671
3902.0,0.2180597343933918,0.24502191749313587,0.23392487199962664,0.23338566998615512,-0.026962183099744075,0.0005392020134715181,0.059516286593501624,0.027293655650391435,-0.7382502965787237
3900.0,0.21907929932175624,0.24579330022676188,0.23452008755464065,0.23437134227979114,-0.02671400090500564,0.00014874527484950995,0.05964129581546238,0.027300610783740697,-0.7305145982749032
3898.0,0.2213817409165625,0.24761647428260677,0.2357066686068519,0.23692753900679794,-0.02623473336604426,-0.0012208703999460335,0.05978632299800522,0.027255823755614708,-0.7169484522592509
3896.0,0.22335630521749966,0.24922215609784248,0.23671650703133512,0.2392086336083299,-0.025865850880342822,-0.0024921265769947687,0.059854983595352296,0.027217886064035288,-0.7068417210217784
3894.0,0.22353418779005554,0.2494198683552976,0.23686176728406905,0.23941332226693146,-0.02588568056524207,-0.002551554982862414,0.05979150176808204,0.02715887941027691,-0.7084775568737423
3892.0,0.22260110926310994,0.24866778017582233,0.23649322021923663,0.23815485103784798,-0.026066670912712392,-0.0016616308186113427,0.05976914884471199,0.027182703092133022,-0.7133084354484553
3890.0,0.22267641814882028,0.24869735888319938,0.23664594189784804,0.23802831594503499,-0.026020940734379105,-0.0013823740471869406,0.05985404824249656,0.02725434800925902,-0.7106701838245391
3888.0,0.2228258145277961,0.24884858125654646,0.23676580630901575,0.23816827576730223,-0.02602276672875037,-0.0014024694582864816,0.05983474094294172,0.02726210456007638,-0.7107605237768218
3886.0,0.22173834821442467,0.2479672846888596,0.23618701112516924,0.23683038970500547,-0.026228936474434916,-0.0006433785798362346,0.05976450165143602,0.027302960944117095,-0.7163939260741953
3884.0,0.221577417685156,0.24777851340704743,0.23620890598182023,0.236403329714391,-0.026201095721891443,-0.00019442373257075318,0.0598175259949242,0.02734863137206574,-0.7147528167978665
3882.0,0.22244351627681475,0.24851707441237023,0.23695756836884435,0.2372283717222104,-0.02607355813555548,-0.0002708033533660448,0.059869892933309035,0.027317258496681877,-0.7112827752251577
3880.0,0.2232712300454754,0.24921580596224532,0.23765427421947505,0.23799850904325087,-0.025944575916769935,-0.00034423482377582415,0.05996256627052014,0.027343772572185166,-0.7068489005871634
3878.0,0.22470741909297853,0.2503770652448328,0.23851202474967723,0.23953459443430425,-0.025669646151854242,-0.0010225696846270227,0.060074720085185926,0.02737776579793279,-0.6982444129049685
3876.0,0.2253453828577503,0.2509463194877457,0.23895789747006757,0.2402409545776273,-0.025600936629995408,-0.001283057107559743,0.06004221794864611,0.02733613130619102,-0.6970514766133712
3874.0,0.22449386783319758,0.2503030336422289,0.23871637783833113,0.2391048820138344,-0.02580916580903131,-0.00038850417550326255,0.05996407941301434,0.02731548071571632,-0.7034685442938694
3872.0,0.22311453488721805,0.2492039958565595,0.23822788773658282,0.2372476516982111,-0.02608946096934145,0.000980236038371718,0.059952476039487786,0.027403343261561595,-0.7101850052640021
3870.0,0.22232567664933028,0.2485690761804126,0.23803263680250555,0.23605031613784733,-0.026243399531082318,0.001982320664658227,0.060025517231145145,0.027545168666029896,-0.7122680680818166
3868.0,0.2230733368014684,0.24916148060549329,0.23854842272013105,0.23671182207377708,-0.026088143804024883,0.0018366006463539641,0.060132140941897144,0.027586641585891088,-0.7068830734190009
3866.0,0.22414287921504167,0.2500529067826327,0.23921513922665683,0.23798293077946187,-0.025910027567591032,0.0012322084471949601,0.06016861543386433,0.027546835261005397,-0.7022653974622244
3864.0,0.22472316635381717,0.2505379447782874,0.23967754336249228,0.23859782077225422,-0.02581477842447022,0.001079722590238058,0.060204641025568516,0.027544702207207016,-0.6994730715778404
3862.0,0.2259758165137853,0.25153639036581354,0.2404468194357302,0.24003404511125176,-0.025560573852028257,0.00041277432447844875,0.060310375961427555,0.02756825468808732,-0.6916445169331499
3860.0,0.2275204954057796,0.2528160070395992,0.24133125900306457,0.2419222745409669,-0.02529551163381963,-0.0005910155379023341,0.06037933627904462,0.027568244523531803,-0.6840336586598026
3858.0,0.22732556571394485,0.2527771085700553,0.24142858211780077,0.2416603364644206,-0.025451542856110454,-0.00023175434661981686,0.06028780994668559,0.027539540351677803,-0.6891541262942795
3856.0,0.22368091463357742,0.25002469943278766,0.24001052849090754,0.2369648306788663,-0.026343784799210235,0.003045697812041226,0.0601411137791665,0.027787649871397656,-0.7114594219146678
3854.0,0.2188583780638939,0.2461719674661397,0.23812418851859724,0.2335403886096002,-0.02731358940224579,0.004583799908997044,0.06036866899363959,0.02866273226543991,-0.7258937802779425
3852.0,0.22021917512315303,0.2471124283737363,0.2390105457998446,0.233723546720249,-0.026893253250583254,0.0052869990795955946,0.06060880375384314,0.02859834069706142,-0.7139152006367357
3850.0,0.22621391418245174,0.25184178497259546,0.24185215897247098,0.23923755983246137,-0.025627870790143725,0.0026145991400096102,0.06068600179575735,0.027985451949670538,-0.6864975294768169
3848.0,0.23017359617528577,0.25505212436998004,0.2436744262669108,0.2443757542934703,-0.02487852819469427,-0.0007013280265595057,0.060708277338253624,0.02781441494251634,-0.6680964359429411
3846.0,0.23105520924962794,0.2558497842813234,0.2441708913487615,0.2456675095734531,-0.024794575031695437,-0.0014966182246916038,0.06063747812178864,0.027765058145559338,-0.6667981840233731
3844.0,0.23041553235917892,0.2554441483920877,0.24419874380998802,0.24460624030987663,-0.025028616032908763,-0.0004074964998886099,0.06056879764014267,0.027753602006711193,-0.6736416814239811
3842.0,0.22925476172537343,0.25460510298348854,0.24411573652716342,0.24286014160543629,-0.02535034125811511,0.0012555949217271378,0.06052804760666081,0.02780633174209311,-0.6819862399742578
3840.0,0.22750670941555923,0.25323913010805627,0.24360448929484424,0.24036375641687113,-0.025732420692497038,0.003240732877973107,0.06050943841081895,0.027989158362835612,-0.6903742302118872
3838.0,0.22621117611523914,0.25214452606627,0.24305634922816058,0.2385063433038977,-0.025933349951030887,0.004550005924262884,0.06061237022107222,0.028263268740651833,-0.6920888536158922
3836.0,0.22756442536465973,0.2532140567677572,0.24382736988659637,0.2400736862785259,-0.025649631403097478,0.0037536836080704628,0.06077409956511175,0.02828452576556611,-0.6832817703042761
3834.0,0.23048099421830437,0.25566972025456963,0.24566038220119263,0.24357892788436608,-0.025188726036265263,0.0020814543168265476,0.060887544435007906,0.02816442337109287,-0.6715869719832622
3832.0,0.23293584222793742,0.25778429615917836,0.24736302563896465,0.24645556863848228,-0.024848453931240938,0.0009074570004823646,0.060982323785070444,0.02812687739514768,-0.6623349267990051
3830.0,0.23474203247844194,0.2593274247030415,0.24860531897682672,0.24884528804621192,-0.024585392224599545,-0.00023996906938519857,0.061059238135814764,0.02814208415994431,-0.6547065834045449
3828.0,0.23583431501781166,0.26027733856464963,0.24942504513847477,0.250161969836817,-0.024443023546837972,-0.0007369246983422173,0.06107390278725974,0.02814655577483305,-0.6507824725444993
3826.0,0.23623932644632378,0.26067372635804326,0.24993961358769207,0.25043273890853557,-0.024434399911719473,-0.0004931253208435016,0.061070752552512916,0.02816073691233037,-0.650426233903379
3824.0,0.23555689291992268,0.2602219900353771,0.2498953539001613,0.24919381996333964,-0.02466509711545442,0.0007015339368216522,0.06100837852649042,0.028188148697463413,-0.656656484798056
3822.0,0.23352319267984104,0.25864265044807916,0.24915495716900615,0.24623633242762563,-0.025119457768238124,0.002918624741380521,0.06095085981076977,0.028356017421305026,-0.6673314411741524
3820.0,0.23284167664933028,0.25804020117376886,0.24908033603662932,0.24494812381061026,-0.025198524524438576,0.004132212226019061,0.06105000167563835,0.02857209954347592,-0.6665549130669708
3818.0,0.23443606950702872,0.25937393084638527,0.25022408911543104,0.24672120019470983,-0.02493786133935655,0.0035028889207212033,0.06116045151429315,0.028605288097925112,-0.6586605090074243
3816.0,0.2363673765620951,0.26106154182979013,0.25167279608504034,0.24897688804770568,-0.024694165267695023,0.00269590803733466,0.061289219047104326,0.028644140472051476,-0.651072400766791
3814.0,0.23925115318562015,0.26347105197957243,0.25354363144344605,0.25266444931579324,-0.024219898793952283,0.0008791821276528111,0.061484904433704024,0.028682796509306607,-0.6370626222420406
3812.0,0.2421334339386366,0.2658996308411352,0.25528872612794334,0.25661965888172744,-0.02376619690249862,-0.0013309327537840976,0.061584990765506956,0.028692569560548137,-0.624473299287061
3810.0,0.2430130574562745,0.2667757164347411,0.2560900297250209,0.2577277922657906,-0.023762658978466578,-0.0016377625407697494,0.0615277305314835,0.02866753448186265,-0.6249453426722981
3808.0,0.24230920424576485,0.26635463282534183,0.2562469709127772,0.2563762499157381,-0.024045428579576977,-0.00012927900296089145,0.061483572839205365,0.028711615006454846,-0.6321955099575782
3806.0,0.24193674103841828,0.26612308119675293,0.2565852535765954,0.2551005549750844,-0.02418634015833465,0.0014846986015110142,0.06153989455948476,0.02882975145695704,-0.6344054998442923
3804.0,0.24199442668692406,0.266258957418065,0.2570858099257976,0.2545220269858596,-0.024264530731140932,0.0025637829399380307,0.06157138688361592,0.028917553772433973,-0.6354039305736069
3802.0,0.2418362878336125,0.2662408709452181,0.2575610884828184,0.2538914833407656,-0.024404583111605593,0.0036696051420527787,0.061633075424091556,0.029069609137381932,-0.6372037655800418
3800.0,0.2431938470762403,0.2673996215520662,0.25877271416793285,0.25517974788826625,-0.024205774475825892,0.0035929662796665984,0.061794562519816895,0.02918213523826199,-0.6300036646486246
3798.0,0.24594702201192636,0.26971049041029305,0.2605595487684729,0.25849306930256677,-0.023763468398366683,0.002066479465906157,0.061931852828895094,0.0291951582389794,-0.6176187488295992
3796.0,0.24852851304893403,0.2719253276298799,0.26229261075908333,0.26194218158708005,-0.02339681458094589,0.00035042917200328594,0.062065535160830944,0.029264378576960647,-0.6067211053789321
3794.0,0.25091007217489153,0.2739685524640785,0.2639412984635807,0.2643162730748091,-0.023058480289186944,-0.0003749746112283736,0.06222613759365578,0.029390124390247244,-0.5959420828769892
3792.0,0.252882082483368,0.2756759478755619,0.2653336801468491,0.2661434303101876,-0.022793865392193857,-0.0008097501633385074,0.06232931794157754,0.02949786151833827,-0.5875912220721345
3790.0,0.254316197261098,0.276976533530906,0.2665438167419407,0.2674278373718571,-0.022660336269808012,-0.0008840206299163822,0.06239122459032105,0.029582948527302023,-0.5830662764098478
3788.0,0.25547021852621976,0.278082011497056,0.26776745843941696,0.26841091731440336,-0.022611792970836264,-0.0006434588749864023,0.06245688900558923,0.029654695075453635,-0.5808410291703953
3786.0,0.2564858948359095,0.2790772110131331,0.2689938483077608,0.2692171265251411,-0.022591316177223597,-0.00022327821738032938,0.0625319112706841,0.02973133939194123,-0.579252011644995
3784.0,0.2575550340470104,0.280090566527883,0.2702003436850211,0.2700643411104947,-0.02253553248087259,0.00013600257452639486,0.06261789636980467,0.029845754043542293,-0.5763746910476595
3782.0,0.2583317527443466,0.2808750925447301,0.271149254489217,0.2707420213662361,-0.022543339800383477,0.0004072331229809101,0.06266417346440778,0.02996149478375439,-0.575317747402356
3780.0,0.2587953640090018,0.28140186136171846,0.27197968051760174,0.27111521740877675,-0.022606497352716637,0.0008644631088249866,0.06272222655342985,0.03010620657203336,-0.5753587898705796
3778.0,0.26051505649468515,0.2829500727370691,0.2736510115374645,0.27256497938812563,-0.022435016242383976,0.0010860321493388891,0.06290787848329756,0.030298480215125066,-0.5684083693165487
3776.0,0.2635114789059948,0.2855864939164497,0.2760752363482689,0.27525982509165103,-0.02207501501045489,0.0008154112566178817,0.06311237551831808,0.030455846736083727,-0.5569731438388986
3774.0,0.2656826018376881,0.2875804667309541,0.27801321935069034,0.27724905536528194,-0.021897864893266006,0.0007641639854084059,0.06319919289076785,0.030551039319790984,-0.5512951658880565
3772.0,0.2664414473298039,0.28843718220040987,0.27926848191090536,0.2778885009476228,-0.021995734870605965,0.0013799809632825677,0.06321039927094649,0.030638366787953404,-0.5529681552807659
3770.0,0.2669230657657984,0.28903017647853774,0.2804840542569133,0.2781279493365344,-0.022107110712739353,0.0023561049203789097,0.06328639632199885,0.030812932058402655,-0.5539344418178862
3768.0,0.26856561299137693,0.29054994023883735,0.28232214817397905,0.2796401211103392,-0.02198432724746041,0.002682027063639847,0.06345791663292964,0.031021170873157866,-0.54832612457299
3766.0,0.27112471482647227,0.2928452287768471,0.2846296724673453,0.2818389174025543,-0.02172051395037483,0.002790755064790984,0.06363700699674041,0.031197622361534175,-0.5394923530100273
3764.0,0.2738089470575732,0.2952566873121932,0.28700377221274476,0.2841358036774506,-0.021447740254619985,0.002867968535294141,0.06379196877195839,0.03136656420728694,-0.5306747198563373
3762.0,0.2759309792273788,0.2972365127082253,0.28911639883329016,0.28604699108115117,-0.021305533480846517,0.003069407752138986,0.06388282175981419,0.03151371553070456,-0.52559035051021
3760.0,0.27737414941846295,0.29868860302772604,0.2910297782614557,0.28749350508942134,-0.021314453609263095,0.0035362731720343654,0.06396385990457511,0.03169257833715612,-0.5240423887281593
3758.0,0.27930573273407966,0.30053075475042906,0.2933383806021228,0.28930183569180346,-0.021225022016349404,0.004036544910319351,0.0641332043077411,0.03193301186490308,-0.5192381058297653
3756.0,0.2815554078329902,0.3026527486894027,0.2957578403145434,0.2912857636659909,-0.02109734085641246,0.004472076648552481,0.06427257124262335,0.03215031205865746,-0.5138498966091968
3754.0,0.28223624719083645,0.3035720140386879,0.29749392099340943,0.29206932086818316,-0.021335766847851434,0.0054246001252262754,0.06431564387819205,0.03242872621228534,-0.5173054817029846
3752.0,0.2815465893798839,0.3033669569252946,0.2989716742459205,0.2925050854092019,-0.021820367545410668,0.006466588836718634,0.06447936970252939,0.03305239292753641,-0.5234416829114905
3750.0,0.28316214530648,0.30493514647318387,0.30188425878009434,0.2940727969585326,-0.021773001166703887,0.007811461821561727,0.06475684041148842,0.033681209200115615,-0.5162975069949846
3748.0,0.2874060475211432,0.30862171904086566,0.3058836382621816,0.29810892272402006,-0.02121567151972248,0.0077747155381615585,0.06481907935628975,0.03389480550589195,-0.5012399734543457
3746.0,0.2908901718191764,0.31177242257947846,0.30965364256602246,0.30141026644274593,-0.020882250760302035,0.008243376123276525,0.06478970327319492,0.03424955895953741,-0.49086417777776764
3744.0,0.2955813692462058,0.31586404424675674,0.3145158207631801,0.3058709390215764,-0.02028267500055092,0.00864488174160366,0.06489231281022355,0.03464553336936821,-0.47359648297116874
3742.0,0.3027613677625105,0.32185408814655236,0.3201413666580249,0.3106897749935187,-0.01909272038404186,0.00945159166450621,0.06498873844804551,0.03466026926579407,-0.445393447256475
3740.0,0.3082693789765157,0.3265768422496514,0.3243342605949672,0.3144742346487704,-0.018307463273135705,0.009860025946196838,0.06500490066460679,0.03473844946730618,-0.42652693930140373
3738.0,0.31046128331198686,0.3288319143211597,0.3272135683377321,0.31817863494355725,-0.018370631009172855,0.009034933394174827,0.06505173197262876,0.035183483011311904,-0.4250273083647662
3736.0,0.31253386353194956,0.33120548645392045,0.3311156044174,0.32242617820882447,-0.018671622921970887,0.008689426208575546,0.06542934210935725,0.036062413470041035,-0.4252376927418399
3734.0,0.3187647368616183,0.33719484241234143,0.3379927438281365,0.3292479974176953,-0.018430105550723108,0.008744746410441206,0.0660692315030694,0.03680132859115974,-0.41333169244477797
3732.0,0.32896708597570207,0.34655573667300205,0.3469569064199828,0.3370414561371219,-0.01758865069729998,0.009915450282860894,0.06672008670305934,0.037199716492542986,-0.39040983120540007
3730.0,0.339305573735682,0.3559820726615043,0.35571685234974154,0.3448101114785508,-0.016676498925822292,0.010906740871190757,0.06729383522982078,0.037663177484882876,-0.36625204812032336
3728.0,0.3481664100912095,0.3642763616721904,0.36399046545000985,0.35296471373625155,-0.016109951580980886,0.011025751713758303,0.06781528412095614,0.0383405536622829,-0.34916867668485657
3726.0,0.3571848948747999,0.37297327759756904,0.37336435791102995,0.36263222118371197,-0.015788382722769168,0.010732136727317987,0.06853398069159437,0.039373685752814705,-0.33563953300875576
3724.0,0.3682398362544133,0.3835973615001017,0.3846689928364378,0.37424883770371875,-0.015357525245688397,0.010420155132719044,0.06954208962278986,0.04071448502185545,-0.31837612374909524
3722.0,0.38202030341558935,0.39673393016175607,0.3981311461439133,0.38939987563585254,-0.01471362674616672,0.008731270508060773,0.07082691842816136,0.04229640039153665,-0.2961470247623187
3720.0,0.39861299491835794,0.41246149730880444,0.4140292170380254,0.4076493492774228,-0.013848502390446493,0.00637986776060262,0.07242701794080202,0.04418885362198888,-0.2692243339350147
3718.0,0.41730333145796444,0.43014173583815946,0.43189256913368307,0.4267090471529829,-0.012838404380195012,0.0051835219807001565,0.07427503995659628,0.046366166402436064,-0.2401210147775702
3716.0,0.43652944103478675,0.4484165046395905,0.45063656060896573,0.4468563826347783,-0.011887063604803738,0.0037801779741874486,0.076222136261475,0.04878905009808227,-0.21341676716870928
3714.0,0.4560456923116812,0.4671914888931417,0.4706748599307239,0.468021485000078,-0.011145796581460532,0.00265337493064588,0.07835110586532462,0.0516377428333127,-0.19121925151959998
3712.0,0.4799579998548088,0.4902922075697352,0.4961897429751452,0.49392820819570404,-0.01033420771492638,0.0022615347794411322,0.0813063399909445,0.05549484204404015,-0.16713673354700806
3710.0,0.5112099074337195,0.5199782579588659,0.5285357936437989,0.5262476180704285,-0.008768350525146351,0.0022881755733703546,0.08505281152154175,0.0600174203027261,-0.13269093871496943
3708.0,0.5448554658803948,0.5510959178361794,0.561662588941722,0.5552218405530696,-0.006240451955784598,0.006440748388652495,0.08841301535701698,0.06404649445753445,-0.08929486160526588
3706.0,0.5767569098496272,0.5801489213580856,0.5930997992481235,0.5844946849624091,-0.003392011508458359,0.008605114285714421,0.09101122409285373,0.06757047286441062,-0.04638176725886607
3704.0,0.6077793267652254,0.6083990053882293,0.625224417049953,0.6126302192949498,-0.0006196786230039386,0.012594197755003256,0.09313000726691154,0.07111632534649515,-0.008123676304868668
3702.0,0.639422063593136,0.6373490651169809,0.6594871675671885,0.6404760267188134,0.0020729984761551634,0.019011140848375074,0.09486728961092271,0.07481826616546926,0.02608837613236296
3700.0,0.6678871704839482,0.6636530535572146,0.6905146504814592,0.6665161849303343,0.004234116926733589,0.023998465551124948,0.09572144458128067,0.07792123535658008,0.05164160287195932
3698.0,0.6861254749884628,0.6812232713208645,0.7099780721385942,0.6832081615081074,0.004902203667598304,0.026769910630486837,0.09525530271584419,0.0796530833924875,0.05893395159745644
3696.0,0.6924777038801977,0.6887603976523652,0.7164642961664704,0.690655389406848,0.0037173062278325064,0.02580890675962244,0.09385889819536793,0.08020599932239549,0.04464345922125352
3694.0,0.6898854940809223,0.6886091836160104,0.7134861399214935,0.6943398414449495,0.001276310464911834,0.01914629847654392,0.09217970801272839,0.08022460084363908,0.01539859042900304
3692.0,0.6819064843272791,0.6835172953026241,0.705073197416659,0.6880422871154419,-0.0016108109753449895,0.01703091030121706,0.09053229628610054,0.08023612529144457,-0.0195224776616715
3690.0,0.6738874772596462,0.6780221220730318,0.696298816236369,0.6807791376373471,-0.004134644813385657,0.015519678599021924,0.08916966636896344,0.08073033771825454,-0.0500691174594722
3688.0,0.6731931591591436,0.6785034982601529,0.6935794983043904,0.6772348458719426,-0.005310339101009309,0.01634465243244776,0.08840153993848061,0.08185666488575292,-0.06376695393756182
3686.0,0.6808543479284414,0.6859357949329137,0.6985740590355195,0.6807529452164891,-0.005081447004472328,0.0178211138190304,0.08824861803952909,0.08337470277141824,-0.06018947663450472
3684.0,0.6919518514137863,0.6963205765015809,0.7078507619353807,0.6916181095055256,-0.004368725087794512,0.016232652429855055,0.08846256993791995,0.08509073230431058,-0.05091065646358164
3682.0,0.70453677114197,0.7081798211467341,0.7198714704875787,0.7039238368416552,-0.003643050004764059,0.015947633645923553,0.08895358986738959,0.08705418729201223,-0.04165509459106356
3680.0,0.7183540578555453,0.7212980754920562,0.7341867709008497,0.7174290929720344,-0.002944017636510865,0.01675767792881533,0.08968549624189268,0.08917299874657152,-0.03297468783603544
3678.0,0.732487194619162,0.7348756566662864,0.7499431725010501,0.7312517144842393,-0.0023884620471243956,0.018691458016810825,0.09055920455715938,0.09126483474634883,-0.026213209279018528
3676.0,0.7510009152221135,0.7526885217311541,0.7708701259003055,0.7489756432556731,-0.00168760650904054,0.02189448264463234,0.09209359658633223,0.09398812802648551,-0.01803143538614957
3674.0,0.775383600805805,0.7756535462724475,0.7960842452852217,0.7724079871895935,-0.0002699454666424961,0.023676258095628233,0.09402299530499951,0.09715618952919002,-0.0027972167308631655
3672.0,0.7969088808925022,0.7956991905360222,0.8170737082903378,0.7925508325987418,0.0012096903564799977,0.024522875691595947,0.09519550224252883,0.09941168012358591,0.012276252703619026
3670.0,0.8177650178453855,0.8155804018808585,0.8382636169503941,0.8123963785772457,0.0021846159645270147,0.025867238373148416,0.09621100351776025,0.10179106243145872,0.021706796137298773
3668.0,0.8414159445608247,0.8380867440285809,0.8616132136468031,0.8349530266630695,0.0033292005322438367,0.026660186983733625,0.09733717623172768,0.1047225175017675,0.032256058602960457
3666.0,0.8617903986601059,0.8571641561620116,0.8804944822038779,0.8521141764043227,0.004626242498094291,0.028380305799555194,0.09793062352888579,0.10673656673563682,0.04408291812035227
3664.0,0.8795764796189796,0.8740092853809407,0.8973036998900696,0.8674291597982371,0.005567194238038864,0.029874540091832547,0.09842132214236989,0.1082834079786136,0.05238072797116054
3662.0,0.8969753305220103,0.8906735538932916,0.9142694575216108,0.8835678493629806,0.006301776628718669,0.03070160815863021,0.09912422098941957,0.10985777209355188,0.05851936992578728
3660.0,0.9137039578042115,0.9067483781747305,0.9308249200289341,0.8997348967207843,0.006955579629481012,0.031090023308149806,0.09992098647409807,0.11127429992571217,0.0638229264753658
3658.0,0.930110288751421,0.9225857561358912,0.9475116087290203,0.9163822534236292,0.0075245326155297665,0.03112935530539107,0.10085742913962657,0.11255698493652447,0.06828243432013652
3656.0,0.947281631394185,0.9391302616155087,0.9650665952211809,0.9337995362611549,0.008151369778676254,0.03126705896002602,0.10199944392843237,0.11389118269443979,0.07311097155595911
3654.0,0.962808345606193,0.9540180480048388,0.9805921829287891,0.9491452074982754,0.008790297601354191,0.03144697543051378,0.10292065872509354,0.11503119637443765,0.07807357883291624
3652.0,0.9732989319137575,0.9642993654370798,0.9916846289622561,0.9593311987168852,0.008999566476677656,0.03235343024537085,0.10338679366184961,0.11551169726802808,0.07959485399054553
3650.0,0.982578336206896,0.9736871219373862,1.00252610753176,0.9683561061705985,0.008891214269509895,0.03417000136116144,0.10403131201801576,0.11587455889167679,0.07834773267172168
3648.0,0.9964213155674593,0.9871331021723055,1.0166209376669038,0.9810458956396391,0.009288213395153733,0.03557504202726469,0.10492643089066434,0.11684834658125375,0.08116107390315769
3646.0,1.012813947039425,1.0023809870387317,1.0309536407900406,0.9947607586686102,0.010432960000693381,0.03619288212143035,0.10549055200710447,0.1180958048418459,0.09028457758106864
3644.0,1.0267621894856647,1.015145881959226,1.0427673530990242,1.0061389794258258,0.011616307526438607,0.03662837367319849,0.10571013180389506,0.11892255796952889,0.09991161532331415
3642.0,1.0380805413998369,1.0256385553152105,1.0530617662729256,1.0157618086826097,0.012441986084626322,0.0372999575903159,0.10580205864455697,0.11934270252054534,0.10668574186298364
3640.0,1.0482106496077281,1.0351629387770547,1.0630297351063773,1.0248193841748292,0.013047710830673465,0.03821035093154812,0.10590147239341331,0.11958063803189706,0.11167735823725156
3638.0,1.0575052495838757,1.0439215567321083,1.0725605293464904,1.033316005141275,0.013583692851767415,0.03924452420521529,0.10598073747098974,0.1196330777782907,0.11620771901421678
3636.0,1.0659951758663428,1.0519178614642914,1.0814389825175916,1.0411902890573552,0.0140773144020514,0.04024869346023641,0.10597173947767291,0.11947394600650613,0.12056499900432269
3634.0,1.0734759599742802,1.0589444603962381,1.0894490986175849,1.0482765893746981,0.014531499578042117,0.041172509242886735,0.10580625687939188,0.11902317365614472,0.12487809105666312
3632.0,1.0790617147020236,1.0642113080159683,1.0961532941364058,1.0538695600165413,0.014850406686055306,0.042283734119864524,0.10552963932749557,0.11821651629045542,0.12839564044462443
3630.0,1.083153438693285,1.0678851478448277,1.1021869653357532,1.0582363608892922,0.015268290848457378,0.04395060444646104,0.10531541960998254,0.11694402365053043,0.13323813276908136
3628.0,1.0902797369108792,1.0735406585249103,1.1101262227704287,1.064509021044744,0.016739078385968886,0.04561720172568462,0.10529571006090677,0.11582629786110914,0.14723385274833128
3626.0,1.1000700324628863,1.0810793822959506,1.1187049067025845,1.0720712166646793,0.018990650166935685,0.046633690037905184,0.1052083679399303,0.11521758459718193,0.16778569753624226
3624.0,1.107699917586634,1.0868358544071912,1.125567418538146,1.0777423169441693,0.020864063179442782,0.04782510159397657,0.1048485994150177,0.11442273069437196,0.1854997745724735
3622.0,1.11078218489663,1.0889405846328575,1.12960657575019,1.0798140293737133,0.021841600263772465,0.04979254637647679,0.10406428672981902,0.11304732796843776,0.1963881738065285
3620.0,1.1074553752715828,1.0857416220448364,1.128004059040399,1.075382447569626,0.021713753226746402,0.05262161147077293,0.1026288855678683,0.11112071300127425,0.19850259168787984
3618.0,1.0994636479561948,1.078654309621645,1.120653609872389,1.0646084470977604,0.020809338334549787,0.056045162774628565,0.1008677880639853,0.10945744851568535,0.19320493026107768
3616.0,1.091664411239765,1.0717996107219754,1.1125456477669284,1.053313087727053,0.019864800517789716,0.05923256003987554,0.09942712063393305,0.10850286864720486,0.18625046106637225
3614.0,1.0855567430852997,1.0663064791709878,1.1065244833030854,1.0457520404200158,0.01925026391431195,0.0607724428830696,0.0982878311416435,0.10769335688851382,0.18197920753779756
3612.0,1.0806998725026058,1.0617242895535286,1.102070615177002,1.0410167876365692,0.018975582949077197,0.06105382754043287,0.09726864158478364,0.10676732457985394,0.18099711728905574
3610.0,1.0769022177173047,1.0580237759089266,1.0985818681909865,1.0373817774343923,0.018878441808378055,0.06120009075659416,0.09637642906166026,0.1058304526316052,0.18167784173912213
3608.0,1.0740286112128015,1.0549420859092644,1.0956643679446827,1.034804704810968,0.01908652530353705,0.0608596631337146,0.09560951847752876,0.10493411785541706,0.1852319930863729
3606.0,1.072487248774961,1.052799888958153,1.0934711572535274,1.033721715547236,0.019687359816808137,0.05974944170629137,0.09500501986031615,0.10423799912936187,0.19232803115033992
3604.0,1.0714761890034274,1.0512219184977973,1.0918549256031858,1.0331066346298436,0.020254270505630112,0.05874829097334211,0.09448519751633058,0.10362847637914022,0.19901640845495291
3602.0,1.0694200706426205,1.0488152429660722,1.0897660062690886,1.031380246129136,0.020604827676548254,0.05838576013995267,0.09385578353444306,0.10273215608981494,0.20415304011921986
3600.0,1.0667655406272196,1.0458181612472193,1.0872908172371414,1.0290668835590688,0.020947379380000353,0.05822393367807255,0.09315521196430203,0.10168914942865541,0.2095720836895212
3598.0,1.0643928090261394,1.0430515491234167,1.084917268642631,1.0270399192316866,0.02134125990272273,0.057877349410944356,0.0924695212078477,0.10071402865902988,0.21549123646658525
3596.0,1.062188215013145,1.040440106157085,1.082616481506448,1.0251610282744192,0.021748108856060044,0.05745545323202883,0.09179574933014324,0.09982012014135346,0.2215006764327713
3594.0,1.059998182328234,1.037750083336304,1.0801885813326417,1.023389258238268,0.022248098991930032,0.056799323094373744,0.09112899997367305,0.09903390173014495,0.2283659139672107
3592.0,1.0579571537637866,1.035265262936963,1.077848481418297,1.022215622008701,0.022691890826823657,0.055632859409595836,0.09048673783717294,0.09834149503829556,0.23456362848288917
3590.0,1.0553168138122175,1.0324547096860075,1.0753091836184412,1.0214123340817522,0.022862104126210037,0.05389684953668894,0.08980165319075371,0.09748306591541767,0.23835284205446888
3588.0,1.0519366832010204,1.0288207012408543,1.0721241899445684,1.0202129242199938,0.023115981960166065,0.05191126572457461,0.08906500556772774,0.0964589978881342,0.24345367169348597
3586.0,1.05007443106336,1.02623003379228,1.0696089090282137,1.0202064875668262,0.02384439727108001,0.04940242146138751,0.08848608350735922,0.09585002851328289,0.2527295059037823
3584.0,1.0504118743615538,1.025707102009777,1.0687386141503026,1.0217579045286258,0.024704772351776816,0.046980709621676775,0.08810519457133008,0.09568685556800034,0.2624217784152868
3582.0,1.051058821735433,1.025727139995709,1.068503907667059,1.0235232102050285,0.025331681739724,0.044980697462030594,0.08774754619959287,0.09543650892254733,0.2698588027398894
3580.0,1.0510419194663236,1.0252515297212939,1.0679795263571359,1.0239703844872468,0.025790389745029785,0.044009141869889135,0.0873480338697849,0.09495396959210782,0.27611594166203607
3578.0,1.0506457960809121,1.0244586991908586,1.0672013916313632,1.0241589222962286,0.026187096890053496,0.04304246933513456,0.08689289975666346,0.09440954719581232,0.28195258391609257
3576.0,1.0500916737386572,1.0235583232475045,1.066231581034483,1.024304331306715,0.026533350491152685,0.041927249727767846,0.08635945576648571,0.09391729701966277,0.287227188745737
3574.0,1.049544182368772,1.0226770661231015,1.0651310585114935,1.0244290176548216,0.026867116245670397,0.04070204085667184,0.08582160695703753,0.09352363907563983,0.2921742929579868
3572.0,1.0487257310773603,1.0215795924500974,1.0638613239755044,1.0244577601814355,0.027146138627262895,0.03940356379406884,0.08528191968384966,0.09311111655512756,0.29661900552419357
3570.0,1.0469739306614954,1.019792163756767,1.0622422077536546,1.024235762583549,0.02718176690472829,0.03800644517010565,0.08464325027739,0.0923982210879765,0.2992906301163763
3568.0,1.0446850573655309,1.0176060407913685,1.0604340188409704,1.0238739118283027,0.02707901657416234,0.036560107012667764,0.08402746738804019,0.09141883279950407,0.30116820763924373
3566.0,1.0439786845155068,1.016668971257279,1.0592470240237282,1.0240101283374212,0.02730971325822784,0.035236895686306946,0.08370348743321336,0.09096197974830388,0.30519504960693405
3564.0,1.045185409655641,1.0174161173943874,1.058813602366594,1.025010090873265,0.027769292261253575,0.03380351149332905,0.08354617165329338,0.09128307543827888,0.3095460752887623
3562.0,1.0461733122332784,1.0181285019514743,1.0581451015550867,1.0261217740833597,0.028044810281804056,0.03202332747172698,0.08323323000831265,0.0915694539415034,0.3120294254332832
3560.0,1.0466369956131936,1.0184916567583262,1.0573452928167342,1.0271604351351562,0.028145338854867363,0.03018485768157797,0.08282245868406245,0.09155648668741473,0.31346306180630146
3558.0,1.04705785463832,1.0188759109411458,1.0566313562354162,1.0282800987036558,0.028181943697174194,0.028351257531760377,0.08241614752113686,0.09145642118051045,0.31442880706729326
3556.0,1.047136973930651,1.0190514159247295,1.0557116005880185,1.0293428628060006,0.028085558005921607,0.02636873778201787,0.08192071548562332,0.09133735202902613,0.3140249960890787
3554.0,1.0465380113585099,1.018707656583807,1.0543454796578706,1.0301044610152397,0.02783035477470297,0.02424101864263095,0.08128973284583191,0.09114346859152582,0.3121410630563338
3552.0,1.0457091678471981,1.018152870400108,1.052775395110733,1.030650245714308,0.027556297447090206,0.02212514939642496,0.08060990244778744,0.09096281410393091,0.31002706539657376
3550.0,1.0452232381320292,1.0179164332389383,1.0514959882629595,1.0307927726133128,0.027306804893090897,0.020703215649646722,0.07992665875339174,0.0908656757748531,0.30794275640460905
3548.0,1.0443856785653174,1.0174377733408824,1.0499723827851555,1.03058693567184,0.02694790522443502,0.019385447113315468,0.07912769579626855,0.09071903713845154,0.3048228148417836
3546.0,1.0431696324908866,1.0166600854245957,1.048059790304432,1.0300822766410338,0.02650954706629083,0.01797751366339817,0.078269458353865,0.09060572419721348,0.3007247416579238
3544.0,1.0429955699866738,1.016823868414767,1.0469486808468715,1.0305924479520459,0.026171701571906736,0.016356232894825684,0.07754102457881741,0.09071062803449483,0.29706195576177374
3542.0,1.0441624035135935,1.01821549217401,1.0470881950962143,1.03245115749335,0.02594691133958338,0.014637037602864389,0.07695745999405193,0.09092565246206001,0.29428586497000736
3540.0,1.0453098253772362,1.0196170876425978,1.0473539777806584,1.0343142161394867,0.025692737734638316,0.01303976164117171,0.07637938781225467,0.09105252868722226,0.29141118455198967
3538.0,1.0456316670797663,1.0202488202266582,1.0469602259386783,1.0353311567285104,0.0253828468531081,0.01162906921016793,0.07571332841566444,0.09109302450368321,0.28818388111496424
3536.0,1.0457799714183487,1.020640920841252,1.0464739137857724,1.036074629001146,0.025139050577096755,0.010399284784626373,0.07502617327743967,0.09114260251427121,0.2856862555059617
3534.0,1.0464991889386106,1.0214658058723118,1.0465957884454837,1.0372547322155445,0.025033383066298764,0.009341056229939193,0.07442522629590476,0.09121236622592478,0.2846484034891948
3532.0,1.0473703541646142,1.022374347785823,1.0469238206568803,1.0385097636128409,0.02499600637879129,0.008414057044039414,0.0738468873115563,0.09124075309707488,0.28448032864202805
3530.0,1.0478062080103292,1.0228889663093206,1.0468456765196965,1.0393425536943028,0.02491724170100862,0.007503122825393671,0.07318704762809995,0.09123282572354667,0.2839808372765059
3528.0,1.0479464517943906,1.0231544095814256,1.046474000264453,1.0399168329954214,0.02479204221296505,0.006557167269031661,0.07250184470044695,0.09128266492256833,0.2828081609766219
3526.0,1.048040936344639,1.023342279491356,1.0460604316544897,1.0404438496040984,0.024698656853282985,0.005616582050391283,0.07189006792841453,0.09142255143644276,0.281713928628715
3524.0,1.0485302956453426,1.0238537253347466,1.04600348949448,1.0413483474418075,0.024676570310596002,0.0046551420526725895,0.07137504104442516,0.09163324416090163,0.28118932839818206
3522.0,1.049950417189955,1.025228007552625,1.0467862685570726,1.0431741388429412,0.024722409637329967,0.0036121297141313846,0.07092913773694394,0.09191851177656771,0.281201330285557
3520.0,1.0518754380088153,1.0270665916515427,1.0480296705989112,1.04547639152839,0.02480884635727265,0.002553279070521164,0.0705180789901882,0.09222903259011879,0.2815857981380944
3518.0,1.0534318770968258,1.0285214575703847,1.049027203190546,1.0473712773138328,0.02491041952644113,0.00165592587671326,0.07011105863794238,0.09251192659794795,0.2822082059698957
3516.0,1.0544860844278745,1.0294589528792633,1.0497489656133492,1.0487626896088174,0.025027131548611248,0.0009862760045318275,0.06968437505722327,0.0927896595500914,0.28302103598817707
3514.0,1.055476226330172,1.0303327000281306,1.0504733334672882,1.0501335647403955,0.02514352630204142,0.00033976872689267523,0.06925278760500189,0.09304978204162785,0.28387408317099366
3512.0,1.0568148711596,1.031563867227808,1.051482772153113,1.051793764894919,0.025251003931791915,-0.0003109927418059044,0.06886368918173012,0.09323939910696918,0.28478686808381576
3510.0,1.0584778699047452,1.0330887796974737,1.0528315866134996,1.0535910166721978,0.025389090207271536,-0.0007594300586981628,0.06856658130982567,0.09345144490411837,0.2859325184579239
3508.0,1.0601551190763854,1.0345405779769743,1.0542035539613483,1.055305190568107,0.02561454109941108,-0.0011016366067586603,0.06833692965158357,0.09379099381359518,0.2876777001752164
3506.0,1.0613712918159617,1.0354973455186907,1.0550665993305715,1.0566668994456863,0.025873946297271022,-0.0016003001151148055,0.06810906595558062,0.09412603287013299,0.2898033201305049
3504.0,1.0620313996738413,1.0358916383454715,1.0553710364219009,1.0574958361571887,0.026139761328369815,-0.0021247997352877857,0.06787750540701687,0.0943928123290264,0.29217504910294356
3502.0,1.0632554341353382,1.0367531613251877,1.0562151503759398,1.0587054304511276,0.026502272810150496,-0.002490280075187812,0.06774314210587505,0.09473742218515965,0.2953497458640516
3500.0,1.0653710210343736,1.038445183686985,1.0578985009411408,1.0607329402167995,0.026925837347388626,-0.00283443927565874,0.06766072939389758,0.09516318142507499,0.29893097889292514
3498.0,1.067383174847421,1.0400791287404203,1.0595444808686498,1.0627708294097515,0.027304046107000657,-0.003226348541101709,0.06750056956317826,0.09556855556373575,0.302080171924309
3496.0,1.0692198745948942,1.0415572758429759,1.061128462102867,1.0647058459899092,0.027662598751918344,-0.003577383887042318,0.06733078189037771,0.0959608712604904,0.3050312836269967
3494.0,1.0713242441729627,1.0432677651472184,1.063013113932518,1.066844013843589,0.028056479025744263,-0.003830899911070995,0.06724788485394563,0.09636522087607703,0.3082699053222621
3492.0,1.0734523052045362,1.0450231783775104,1.0649124253179916,1.0689997054396918,0.028429126827025808,-0.004087280121700232,0.06719466783767525,0.09675773505585594,0.3112701636262141
3490.0,1.075183866417597,1.0464422841257628,1.0664228932310438,1.070820005878891,0.02874158229183421,-0.004397112647847257,0.06708473175626693,0.09713601754879839,0.3136626756029493
3488.0,1.0766038687510047,1.0475678387719016,1.0676461392862884,1.0723577907490758,0.02903602997910304,-0.004711651462787403,0.06693852659350955,0.0975482523197267,0.31576418856322486
3486.0,1.0782351325608892,1.0488778979675373,1.0691239047632628,1.0741371506499835,0.029357234593351933,-0.005013245886720696,0.06680634333037208,0.09798492839503857,0.3180617072951111
3484.0,1.0800158959657766,1.050322867413145,1.070792137645839,1.0760668733212344,0.029693028552631562,-0.005274735675395492,0.0666755167342974,0.09836940163035438,0.32064907167410445
3482.0,1.081413256692991,1.0513703840408204,1.0720446300122892,1.0775620141261908,0.03004287265217065,-0.005517384113901569,0.06652150924746411,0.09876949906420016,0.3233362710205589
3480.0,1.0827523523964095,1.0523253962069488,1.0731339378976514,1.0789772594710423,0.030426956189460785,-0.005843321573390847,0.06639674302624057,0.0992847020375623,0.32601809257916886
3478.0,1.0846775614749211,1.0538589871657718,1.0747807850490791,1.0809779707455496,0.03081857430914936,-0.006197185696470431,0.06633298949082914,0.09979119061753329,0.3287488819498897
3476.0,1.0868404144157924,1.0556542009253582,1.0767043113076935,1.0832119377719067,0.031186213490434156,-0.006507626464213212,0.06629059722479279,0.10020115733025244,0.3314743156777599
3474.0,1.0885852514194898,1.057026755379639,1.0781943315305598,1.085027627177199,0.031558496039850725,-0.006833295646639259,0.06624178297461335,0.10064363964283839,0.3341352571691526
3472.0,1.0896338112739887,1.057679449392763,1.0789495363778254,1.0861420343296122,0.03195436188122569,-0.00719249795178678,0.06618720314424976,0.10121591192529666,0.3366387306246181
3470.0,1.0901344704253542,1.057823375775696,1.0791663024822271,1.0867414289918123,0.03231109464965809,-0.0075751265095851394,0.06614334752137728,0.10183796384653815,0.33855145580190593
3468.0,1.091009354436845,1.0583917797005524,1.0797645218977345,1.0877203494926135,0.032617574736292676,-0.007955827594879006,0.06612641765086438,0.1023543353538509,0.34022042506660966
3466.0,1.092933421514537,1.0599753363955526,1.081476099618358,1.0896896472276523,0.03295808511898435,-0.008213547609294158,0.06614156953481308,0.10271537405797672,0.34267644091935257
3464.0,1.0952406671350787,1.0618901348935375,1.083709007726212,1.0920124411589316,0.033350532241541275,-0.008303433432719665,0.06618034115460325,0.10303771347187853,0.3457595430358103
3462.0,1.096954763389871,1.0632306584001379,1.0853051903671749,1.093731090239356,0.03372410498973322,-0.00842589987218112,0.0662077657507345,0.10345376599057729,0.34835083510670767
3460.0,1.098377138171438,1.0643252997570016,1.0864573784553877,1.0950690522670352,0.034051838414436375,-0.008611673811647513,0.06621748927831794,0.10395913860495135,0.3501884893076842
3458.0,1.1002055009981802,1.065808635425633,1.0880724542911369,1.0964281946100876,0.034396865572547064,-0.0083557403189507,0.06624800150299319,0.10443190449676801,0.3522750275845001
3456.0,1.1021409174803345,1.0673704402386752,1.0899347843801692,1.0978243501913394,0.03477047724165927,-0.007889565811170174,0.06630377908475432,0.10484742288314942,0.35479738970209296
3454.0,1.1037390790402952,1.0686217788611738,1.0914399987036623,1.0990283730833648,0.0351173001791214,-0.0075883743797025005,0.06636498907421386,0.10527349769650923,0.356993518687585
3452.0,1.1050281408237448,1.0696116431030303,1.0925633950433236,1.100135222283006,0.035416497720714535,-0.007571827239682527,0.06644062572601746,0.10571430218545755,0.358637969564225
3450.0,1.105986321408756,1.0703371539669875,1.0934153264307678,1.1011842307662394,0.03564916744176849,-0.007768904335471616,0.06648867432019803,0.10611071189298349,0.3597486787475607
3448.0,1.1066425309437384,1.0708070592899275,1.0940785007518796,1.1019959625810216,0.03583547165381096,-0.007917461829141992,0.066445613491339,0.10646978255192599,0.3605461944302846
3446.0,1.107636228653209,1.0715339043111651,1.0950214935883142,1.1028172155705702,0.03610232434204397,-0.0077957219822559765,0.06639759662031586,0.1068908801558634,0.3619584307297166
3444.0,1.1091050576973935,1.0726250821343288,1.0962202662158869,1.103891909245998,0.036479975563064704,-0.007671643030111142,0.06642835546600145,0.10736582576855173,0.36426122560597646
3442.0,1.1103913936536496,1.073525831355068,1.0971115493567571,1.104926470409798,0.03686556229858162,-0.007814921053040935,0.06649053456203713,0.10784838150991762,0.3665844206398674
3440.0,1.1109963348051086,1.0738000803753611,1.0973380786721354,1.105503643966067,0.0371962544297475,-0.008165565293931643,0.06651986435564002,0.1083973692872422,0.36815590764616507
3438.0,1.1109904568397364,1.07351487589026,1.0970063794328264,1.1057100971345752,0.03747558094947645,-0.008703717701748825,0.06652653583269838,0.10902851864995751,0.3689644490300142
3436.0,1.111231881566598,1.0734692916762811,1.0969722833690259,1.1061845912777222,0.03776258989031689,-0.009212307908696316,0.0665681201866276,0.10963657106473593,0.3698923547148953
3434.0,1.1123122829775318,1.0742186047996571,1.0978443978511907,1.1072488308979471,0.03809367817787468,-0.009404433046756422,0.06667518273199116,0.11009933533383767,0.37165353067950874
3432.0,1.113666815238189,1.0752552491342082,1.0990813008747686,1.108519025141171,0.03841156610398078,-0.009437724266402325,0.06675648075596738,0.11046040506706281,0.3735982330379955
3430.0,1.1147544649055487,1.0760896735813854,1.1001307694411748,1.1095896841279018,0.03866479132416334,-0.009458914686726994,0.06673624448643997,0.11083448024081077,0.3749140650678608
3428.0,1.1159714194607209,1.0770789148253175,1.1013493374384236,1.110669395760954,0.03889250463540339,-0.009320058322530356,0.06669897695780089,0.1112078896953014,0.37598531975178934
3426.0,1.117407066408782,1.0782783143811479,1.1027698949577653,1.1118621254167724,0.03912875202763422,-0.009092230459007089,0.06671397730159041,0.11154676480847497,0.37721280772076443
3424.0,1.118477784893519,1.0791309026098839,1.1037431980777908,1.1128660914125414,0.03934688228363514,-0.009122893334750692,0.06674092348648966,0.11191394439605533,0.37816580904866587
3422.0,1.1190023024225955,1.079443984535827,1.1040933100813581,1.1135339365364971,0.039558317886768446,-0.00944062645513899,0.06679061737869428,0.11235224338512441,0.3788182623700551
3420.0,1.119503619143795,1.0796833596030746,1.1044363341647179,1.1140218651510752,0.03982025954072044,-0.009585530986357282,0.06689594961295657,0.11284049371881702,0.3797667513589259
3418.0,1.120217694730647,1.0800826693357177,1.1050223165811948,1.1144208363646027,0.0401350253949293,-0.009398519783407888,0.06699520763351978,0.11332640820318585,0.38121915380533977
3416.0,1.1205771956899369,1.0801331755158454,1.105230541169089,1.1145838975037723,0.04044402017409143,-0.00935335633468326,0.06701550065796315,0.11378593365250964,0.3827244195776485
3414.0,1.1204213597336803,1.0797036516347138,1.1049242197084796,1.1145628762490212,0.040717708098966465,-0.009638656540541524,0.06695537224970778,0.11423174407695162,0.3839661739489314
3412.0,1.1203438787509528,1.079356510828794,1.1047279622999102,1.1145702250571685,0.040987367922158846,-0.009842262757258302,0.06685714177215538,0.11464205292927646,0.3852883459352876
3410.0,1.1206820903754713,1.0794117820906748,1.1049289530129478,1.114704631516041,0.0412703082847965,-0.009775678503093133,0.06680716708986281,0.11500964218736572,0.3868346360315756
3408.0,1.1212651612289344,1.0797446215282278,1.1053451079336272,1.114973479653876,0.04152053970070657,-0.009628371720248774,0.06684992298598957,0.11535156777835084,0.38810094019623764
3406.0,1.1216708541309093,1.0799516986089652,1.1056173049789733,1.1152568895675936,0.04171915552194405,-0.009639584588620354,0.06689108036417707,0.11568351181157971,0.3889105234736426
3404.0,1.1211386547645592,1.0792177006050008,1.1049953330939428,1.11498340006015,0.04192095415955843,-0.009988066966207132,0.06686231686954976,0.11608945726359991,0.3895501265468794
3402.0,1.1198513710429296,1.0777169683030876,1.10365464245713,1.1141568926075052,0.042134402739842036,-0.010502250150375092,0.06682210339213353,0.11660252114260725,0.3899688712634732
3400.0,1.1193512214974253,1.0770599734761226,1.103114484252091,1.1138147717473594,0.042291248021302685,-0.010700287495268412,0.06677865306823495,0.11702516542931213,0.39014044231878325
3398.0,1.120125929442938,1.0777347302208051,1.1038096036318195,1.114277475363104,0.04239119922213286,-0.010467871731284495,0.06666124363060615,0.11722703518077787,0.39049738685398866
3396.0,1.1207283168612039,1.0782451265241688,1.1043310725508295,1.1146175625547703,0.04248319033703507,-0.010286490003940774,0.06647780453326296,0.11744588846306056,0.39075824316795826
3394.0,1.1201291177904185,1.0775582601674998,1.1036429446178655,1.114220219165314,0.04257085762291868,-0.010577274547448612,0.06629393749382222,0.1178284051862787,0.39047743312867716
3392.0,1.1193592314622762,1.0766980893100206,1.1027134618874772,1.1137410578169562,0.04266114215225558,-0.011027595929478995,0.06618122305963593,0.11822368204958297,0.39014989452179527
3390.0,1.1197156215342416,1.0769555530889132,1.1030054056888479,1.113860730201036,0.042760068445328425,-0.01085532451218807,0.0660911129150968,0.11844260516314531,0.3904282352481825
3388.0,1.1207223518700968,1.0778859883342582,1.1042016413319091,1.1143837236000849,0.04283636353583864,-0.01018208226817574,0.06593592030373842,0.11853314586128977,0.39091918169651896
3386.0,1.1211615874768603,1.0782964245567175,1.104901163450021,1.114705070909666,0.04286516292014286,-0.00980390745964499,0.06573210911700648,0.1186719992058853,0.3908508876789117
3384.0,1.1208089407547797,1.077947757860991,1.1046066738959093,1.1145558429694429,0.042861182893788596,-0.009949169073533604,0.06551613427029018,0.1189200386477759,0.3901573458664477
3382.0,1.1200566491073418,1.077175159172431,1.103732029779467,1.1140121263630989,0.04288148993491081,-0.010280096583631826,0.06531527506954958,0.11924244455465233,0.38945435614545026
3380.0,1.1191949084889372,1.0762231536409583,1.1027164426163205,1.1132641025001166,0.04297175484797888,-0.010547659883796134,0.06516790627225992,0.11955690287536629,0.38938812131587225
3378.0,1.118451399261606,1.075349849948114,1.1019055931133361,1.1125293462763999,0.04310154931349208,-0.010623753163063743,0.06504271704226587,0.11980849580109589,0.38985883763698415
3376.0,1.1178196225894603,1.0746180634620446,1.1012821932865269,1.111849328477685,0.043201559127415745,-0.010567135191158039,0.06488691934652162,0.12001768503895587,0.3901996626731013
3374.0,1.1169391449720252,1.0736922472044483,1.100381932372661,1.1111004148539547,0.04324689776757684,-0.010718482481293812,0.06469897254465466,0.12025560809848683,0.3899733504974308
3372.0,1.1152767509359607,1.071998780049261,1.0986361044334974,1.1099246896551724,0.04327797088669971,-0.011288585221675085,0.06446684695281851,0.12058517373650243,0.3893625308889698
3370.0,1.113171525996754,1.0698426701208124,1.096454082594853,1.1083959266415522,0.04332885587594171,-0.01194184404669918,0.06420473744088694,0.12094357862890653,0.3888577499709249
3368.0,1.1118033005143868,1.068446670877873,1.0950361589776563,1.1072388701575309,0.043356629636513766,-0.012202711179874592,0.06397259531054363,0.12115004110160571,0.3885878676687487
3366.0,1.1116587248160499,1.0683152381655718,1.0948954945268627,1.1068375250776503,0.04334348665047805,-0.011942030550787575,0.06380750364653633,0.12116260017621604,0.3885018836275623
3364.0,1.1118576346946607,1.0685037444208871,1.0951594398266018,1.106630110227585,0.043353890273773565,-0.011470670400983263,0.06368739380886188,0.12114795340858767,0.3886892317509796
3362.0,1.1114321177307869,1.0680218802615102,1.0947304834820664,1.1059687012252983,0.043410237469276636,-0.01123821774323197,0.06356297988769521,0.12122366908111218,0.3890200474900816
3360.0,1.1106681428226974,1.0672246351806254,1.0939157151894467,1.1051300802562602,0.043443507642072055,-0.011214365066813503,0.06342526666873147,0.12131548112550726,0.3891011105445894
3358.0,1.1101049772700167,1.0667076430468017,1.0934529970806477,1.1045681118194877,0.04339733422321501,-0.01111511473883997,0.06327470727527701,0.1213457395980469,0.38865979960691543
3356.0,1.1094274141383764,1.0661097286214485,1.0929718055001012,1.1040493337537787,0.04331768551692794,-0.011077528253677471,0.0631108989995929,0.12138593941522806,0.3878944473602925
3354.0,1.1080123554576096,1.0647202166013092,1.0916124251490797,1.102977987593985,0.043292138856300344,-0.011365562444905164,0.0629470400106375,0.1215427536483291,0.3872664517937075
3352.0,1.1060364474594375,1.062713201996781,1.0896011839710449,1.1013782190201242,0.04332324546265642,-0.011777035049079343,0.06276662531754619,0.12178423705974646,0.3869010607137516
3350.0,1.1046569185251827,1.0613312527701113,1.0882766670771735,1.1001100671826953,0.04332566575507135,-0.011833400105521807,0.06256398516780004,0.12191817681881911,0.38660794566401674
3348.0,1.1043352873747092,1.0610706949738724,1.0880518888027546,1.0996709322935843,0.0432645924008368,-0.01161904349082965,0.06238941264930897,0.12186554375409657,0.38628945042396334
3346.0,1.1038041383140351,1.0606027246358587,1.0874957324307366,1.0992294909736013,0.043201413678176426,-0.011733758542864736,0.062270644022487893,0.1218012480938546,0.38596366288190204
3344.0,1.102372586082001,1.0592081876592876,1.0859698815147445,1.0981712154137133,0.04316439842271347,-0.012201333898968825,0.062188352486195,0.1218475252621162,0.38552919600682406
3342.0,1.1007556838932646,1.0576667320617665,1.0843769353801638,1.0969355808953543,0.04308895183149808,-0.01255864551519048,0.062048867939023006,0.12193168913501483,0.38466283034464704
3340.0,1.0991630043608798,1.056195713239269,1.0829296082986348,1.0956671025882676,0.042967291121610796,-0.012737494289632778,0.061796689591167527,0.1219797595764493,0.38353576386395116
3338.0,1.0979511918735188,1.0551017531515587,1.0818448096717155,1.0946454803254846,0.04284943872196001,-0.012800670653769108,0.06155209929104578,0.12194215043594142,0.3826910953597998
3336.0,1.097602810749287,1.0548465348595084,1.081559942338605,1.094133274559243,0.042756275889778594,-0.012573332220637834,0.061429194164616605,0.12178574665618515,0.3823668454122826
3334.0,1.0975674033787743,1.0548742630110162,1.0816173152848572,1.0937594159415818,0.042693140367758176,-0.012142100656724608,0.06134440582936198,0.12160357801833124,0.38237137667216486
3332.0,1.0970404373168923,1.05440373049174,1.0812547313729253,1.0931042652553007,0.042636706825152304,-0.011849533882375418,0.06119856003995165,0.12146577358131656,0.3823294224505729
3330.0,1.0958622326174092,1.0533310851123405,1.080215850954882,1.0921244009429558,0.0425311475050687,-0.01190854998807378,0.060998201729786025,0.1213601043133201,0.38177310264695247
3328.0,1.0941211878522799,1.051750690348378,1.078512143792358,1.0908332393207711,0.04237049750390187,-0.012321095528413206,0.06079837591983309,0.12130835734985085,0.38056167830557525
3326.0,1.092347239220953,1.0501639156452067,1.0767565893746989,1.0895229899896812,0.04218332357574628,-0.012766400614982354,0.060618274677767967,0.12128206089661199,0.379027934938924
3324.0,1.0913272909292666,1.0493588546914132,1.0758223153496742,1.0887485716045031,0.0419684362378534,-0.012926256254828905,0.060445943863052354,0.12116339306922254,0.37751041145594166
3322.0,1.090892454073352,1.0491579489249476,1.0754834104956679,1.088396974698083,0.04173450514840438,-0.012913564202415184,0.060285494821672884,0.12092364600424907,0.37616631533302325
3320.0,1.0903114718124354,1.0488063557017464,1.074956593600759,1.0879300159190255,0.04150511611068897,-0.012973422318266481,0.060142045529794456,0.12066707156024602,0.3749002231561135
3318.0,1.0893559383795697,1.0480826478189007,1.0740426807103967,1.0871639025019446,0.041273290560668974,-0.013121221791547955,0.05997886789633601,0.1204524766741436,0.3734921316745509
3316.0,1.088189572983806,1.0471346061151159,1.072924649353646,1.0862339497461773,0.041054966868690146,-0.01330930039253131,0.05977919492723892,0.12024931197446635,0.3721820997868109
3314.0,1.0868475476118868,1.045970103937917,1.0716262104033683,1.0852367732342585,0.04087744367396984,-0.013610562830890238,0.05956995685689813,0.12003578678782038,0.3712715866381378
3312.0,1.0850806712928633,1.0443863618099272,1.0698997237893506,1.0840397474410297,0.040694309482936175,-0.014140023651679101,0.05935565372920834,0.1198498393769743,0.3702284734830827
3310.0,1.0827459351183037,1.0422881469640097,1.0676557914270601,1.0824849754927377,0.04045778815429402,-0.01482918406567757,0.05913685004319397,0.11971341027638394,0.36855376921159666
3308.0,1.0804134257561537,1.0402094838704818,1.0655006184956262,1.0808904062203464,0.04020394188567189,-0.015389787724720216,0.058942056426593226,0.11957642906550098,0.36670905366670237
3306.0,1.0790510045034767,1.0390648860381526,1.0643403981182362,1.0797056032377328,0.03998611846532407,-0.015365205119496572,0.05880915466973591,0.11932531126628776,0.3654932370412306
3304.0,1.0789878392878438,1.039214564250704,1.0644546079226969,1.0794861024832643,0.03977327503713979,-0.015031494560567404,0.058737627291827986,0.11887398841939988,0.36487076330861967
3302.0,1.0794258018185023,1.0399300828764821,1.0650671875826416,1.0794838464410348,0.0394957189420202,-0.014416658858393161,0.058652740739854235,0.11830985258329094,0.36397829989352215
3300.0,1.0791064384550766,1.0399363583300707,1.0648995391519878,1.0791101516390893,0.03917008012500589,-0.014210612487101537,0.05848171945837873,0.11781655454634522,0.36246065808602285
3298.0,1.0776728703759397,1.0388006198907829,1.0636038452683432,1.0780707245268342,0.038872250485156856,-0.014466879258490994,0.05827133055228006,0.11745607780158702,0.36082063428050465
3296.0,1.0758678130370078,1.0372372517942934,1.0619224563004601,1.0764985308800576,0.03863056124271447,-0.014576074579597531,0.058083786833164,0.11713222927567365,0.3595788625661118
3294.0,1.0744410007829877,1.0360524568959648,1.060579712887151,1.0750050279231114,0.03838854388702284,-0.01442531503596034,0.05791569820874513,0.1167376703922315,0.3585233395075075
3292.0,1.0737053056349202,1.035602851023102,1.05993077199496,1.0742451890449103,0.03810245461181827,-0.01431441704995029,0.057788027719210676,0.11624369837656912,0.3573187862882291
3290.0,1.0737628862411914,1.0359460189723866,1.0601859185718507,1.074276050850138,0.037816867268804844,-0.01409013227828737,0.057741090682234264,0.11568543922848223,0.3562634855192496
3288.0,1.0739148837496306,1.0363729144942209,1.0606131249643507,1.0744391764043224,0.03754196925540976,-0.013826051439971732,0.057712118251362465,0.11513327247556024,0.35527474585697494
3286.0,1.0734168299101379,1.0361591712999934,1.0603492922385676,1.07398665934452,0.03725765861014452,-0.013637367105952425,0.05765607604996485,0.11462623917315319,0.35406702012660396
3284.0,1.0724860825326288,1.0355053003022734,1.0596327076084646,1.0730846906614433,0.03698078223035539,-0.013451983052978678,0.057586173157159505,0.11414215408808791,0.352858747795171
3282.0,1.0714504754784782,1.0347233048498257,1.0588225534479987,1.0720797838681158,0.036727170628652495,-0.013257230420117061,0.057501637930908595,0.11366138212465894,0.35185946624962494
3280.0,1.0703318764402385,1.0338545646300559,1.0578766907441017,1.0709937743583098,0.036477311810182655,-0.013117083614208047,0.05739070937947658,0.1131889434685341,0.3508741688958272
3278.0,1.068937266495896,1.0327356517377733,1.0565612664958959,1.0695755473331743,0.03620161475812278,-0.013014280837278402,0.05727268280748715,0.11274424395515946,0.3495535563458893
3276.0,1.067177243203302,1.031243158362058,1.0548050003629745,1.0677166801248115,0.03593408484124394,-0.012911679761836936,0.05717410203824682,0.11234599864213259,0.34815952589937693
3274.0,1.0652632849220385,1.0295517473698932,1.0529313766068105,1.0657474539151988,0.03571153755214529,-0.012816077308388296,0.05709018030151454,0.11199032020471272,0.34706397451026066
3272.0,1.063536325637409,1.0280305575572268,1.051309418722226,1.0640698802313704,0.03550576808018224,-0.012760461509144339,0.05702401808453635,0.11163104975096802,0.3461285827573586
3270.0,1.0625874837309632,1.027305530719798,1.050461281883423,1.0631458551939061,0.03528195301116521,-0.012684573310483227,0.05699804021509131,0.11120133601203303,0.34519919108840386
3268.0,1.0624950160227327,1.0274699164275465,1.050439618267471,1.062995394423674,0.03502509959518618,-0.01255577615620318,0.0570086029394805,0.11069202954962122,0.3441547586741702
3266.0,1.0623750178324198,1.027601300661683,1.0503935152656714,1.0628183305181202,0.03477371717073674,-0.012424815252448873,0.057018676589457536,0.1101753116784996,0.3431765787751305
3264.0,1.0616855801058849,1.0270857451777862,1.049835701772353,1.0620586364408273,0.034599834928098705,-0.01222293466847435,0.05700223346973587,0.1097048998288172,0.3428331876827433
3262.0,1.0606222801270417,1.0261439109006354,1.0489544666839512,1.0608768869911849,0.03447836922640635,-0.011922420307233672,0.05698197892241484,0.10929461216732478,0.3428337612260792
3260.0,1.0592677082721893,1.0249450279684837,1.0477079906637767,1.0593843563294978,0.034322680303705555,-0.011676365665721056,0.05697538400417824,0.10893839954592434,0.3423285573933601
3258.0,1.0575332023168142,1.0234224848425728,1.0459310377830553,1.0575327728531352,0.034110717474241437,-0.011601735070079888,0.05696126443286595,0.10860202332236832,0.3412020648919502
3256.0,1.0558008558991134,1.0218914983499243,1.0441400874509335,1.055683737457934,0.03390935754918911,-0.011543650007000528,0.05694286871484681,0.10824338459885649,0.34024211578568353
3254.0,1.0546387864672728,1.0208588021362672,1.04301069584809,1.0543808334024714,0.0337799843310056,-0.011370137554381321,0.056944541974842715,0.10786930204156009,0.3400375679685356
3252.0,1.05371833911932,1.020017472651328,1.0421052770403056,1.053353328651394,0.033700866467991863,-0.011248051611088439,0.05694806437276331,0.1075323211594678,0.3402289240616947
3250.0,1.052191522198485,1.0185850820849063,1.0405062014586393,1.0518075235998259,0.03360644011357872,-0.01130132214118662,0.05690747909742803,0.10725592896069332,0.3401058150533913
3248.0,1.0501418845974353,1.0166621109828637,1.0383837564103893,1.04977552980669,0.03347977361457155,-0.011391773396300708,0.056828395020021516,0.10699333982849003,0.33963030015144
3246.0,1.048571242827364,1.0152125476703842,1.0368115067461408,1.0481430780434118,0.033358695156979756,-0.011331571297271026,0.05679742099341359,0.10668568187008924,0.3393223688815998
3244.0,1.0477791176452285,1.0145343964090154,1.0361253183416212,1.0472160846845493,0.033244721236213026,-0.011090766342928049,0.05683452221103514,0.10637182126983298,0.339074760067097
3242.0,1.0469710096551725,1.0138720843806717,1.0355101232045634,1.0463268682654914,0.03309892527450087,-0.010816745060928001,0.05681456916922395,0.10610098830523242,0.3383967259657352
3240.0,1.0456597633198688,1.012732314381472,1.0343604914415792,1.045002880656569,0.03292744893839683,-0.010642389214989834,0.056675445047408034,0.10583352863378073,0.3374926112896735
3238.0,1.0438015513064491,1.011066748117718,1.0325238170789885,1.0431649369526217,0.03273480318873112,-0.010641119873633142,0.05650070418197197,0.1055568152403522,0.33640884658131126
3236.0,1.0412467410098984,1.0087245943816403,1.0298572493012736,1.0406588586849432,0.03252214662825814,-0.010801609383669586,0.056330912095903435,0.1053554165476157,0.33488844055078465
3234.0,1.0386363842059414,1.00630273827252,1.0271482533406622,1.038089660754935,0.03233364593342136,-0.010941407414272852,0.05616104770383934,0.10520203664179015,0.3334696928865537
3232.0,1.037128490982676,1.004937897970778,1.0256582234860074,1.0365421861307436,0.03219059301189797,-0.010883962644736123,0.05603565248863423,0.1049520310321355,0.3327817884923366
3230.0,1.036417538615304,1.0043761385846457,1.0250820111510959,1.0357618071075596,0.03204140003065836,-0.010679795956463733,0.055956541686527375,0.10461691737015882,0.33225851406868095
3228.0,1.0353549077500248,1.0034892960263038,1.024180639768526,1.03467738975297,0.03186561172372104,-0.010496749984443943,0.05585368960807596,0.10430880321393503,0.3313856157904658
3226.0,1.0337415998703654,1.002034415389227,1.0226718914700543,1.0330896161135597,0.031707184481138295,-0.010417724643505322,0.055704993734995004,0.10405116624623466,0.3305590327313315
3224.0,1.031869231238106,1.000299870519371,1.0208527377483132,1.031272238703714,0.03156936071873484,-0.010419500955400895,0.05554142263287514,0.10382235704604557,0.3298648087625073
3222.0,1.0297510343996144,0.9983353009966244,1.0187640375341587,1.0291903689117505,0.031415733402989976,-0.010426331377591858,0.055375631679073625,0.10360897287659813,0.3289573497954934
3220.0,1.027425617761899,0.9961917278073488,1.016470090186206,1.0268418919787816,0.03123388995455023,-0.010371801792575575,0.055205064234822285,0.10339302816748894,0.32775946928941574
3218.0,1.0251389795412003,0.9941300833780029,1.01424518793006,1.0245609962354356,0.031008896163197353,-0.010315808305375596,0.05502687683145605,0.1031700891675607,0.32612632867480723
3216.0,1.0229618766327373,0.9921972326020153,1.0121418878175379,1.0224798253314735,0.030764644030721988,-0.010337937513935636,0.054822448826848724,0.10295870571684967,0.3242599197517596
3214.0,1.0208155572618238,0.9902533199448665,1.01006533319765,1.0204519080728125,0.030562237316957286,-0.01038657487516259,0.05459011074297771,0.10277762066134641,0.32275038668355616
3212.0,1.0186977146786897,0.9883036707143729,1.0080641160922164,1.0184469606263384,0.030394043964316886,-0.010382844534122082,0.054366520347409075,0.10260309096244746,0.32157415392420413
3210.0,1.0164770665954546,0.9862519757764736,1.005978982647225,1.0163026181287624,0.03022509081898095,-0.010323635481537474,0.05416860425262415,0.1024190785050586,0.3204024079302422
3208.0,1.01406264419163,0.9840045963391101,1.0035863234180793,1.0138777669483177,0.030058047852519976,-0.010291443530238364,0.05400236370142,0.10225318548104602,0.31918074075211955
3206.0,1.011585933624579,0.9817140297114015,1.0010443411978223,1.0113920704887218,0.0298719039131774,-0.010347729290899554,0.053847365908804526,0.10210425420122086,0.3176979110513851
3204.0,1.0091231229705835,0.9794663164624179,0.9985663314035188,1.0090051577059493,0.0296568065081656,-0.010438826302430537,0.05366284081368554,0.10194288670941219,0.31594985434296124
3202.0,1.0066451885393388,0.9771976186189403,0.9961561814691134,1.0066485539159766,0.029447569920398542,-0.010492372446863185,0.053446402841773696,0.10177097393509546,0.3143014718733966
3200.0,1.0041095049494166,0.9748662711384046,0.993709025244878,1.0042574296931308,0.029243233811012015,-0.01054840444825278,0.05321781271199717,0.1016151744919205,0.3126579274909909
3198.0,1.0014841264136563,0.9724539402456428,0.9911342445074176,1.0017799260504223,0.02903018616801345,-0.010645681543004715,0.05298818742216512,0.10149205653223618,0.31082234085634836
3196.0,0.9988078107217492,0.9699568329297945,0.9884680718534,0.9991858855087609,0.02885097779195467,-0.010717813655360842,0.05278132423415051,0.10139271793420027,0.3092675043535822
3194.0,0.9960890321725063,0.967382586357959,0.9857607069965932,0.9964939525008945,0.028706445814547288,-0.010733245504301214,0.05260709483657045,0.10128306368892596,0.3080974347088705
3192.0,0.9932681023873353,0.964709863114853,0.9829563843718727,0.9936995311795118,0.028558239272482355,-0.010743146807639103,0.05241876435320975,0.10114392637850393,0.30697388974804835
3190.0,0.9903865917495889,0.9619929716351612,0.9800605810833232,0.9908720971501312,0.028393620114427698,-0.01081151606680808,0.0521776835080229,0.10099983835371844,0.30570466027858406
3188.0,0.9875692219070681,0.9593686663133068,0.9772198054326916,0.988147911334398,0.028200555593761334,-0.010928105901706453,0.051926209642250344,0.1008810145901759,0.30405718677429117
3186.0,0.9847675388644024,0.9567948163566244,0.9744690421311901,0.9854704968887738,0.027972722507777936,-0.011001454757583629,0.05169922102029226,0.10078047748313443,0.3019687818316457
3184.0,0.9818951039559041,0.9541361358461327,0.9716940254522926,0.9827506622081299,0.02775896810977141,-0.011056636755837346,0.051469721301718785,0.10070304421286772,0.29996383088814255
3182.0,0.9789908515745316,0.9514231471349641,0.9688682748598659,0.9800448353327178,0.027567704439567464,-0.01117656047285187,0.051191257309792196,0.1006356392876082,0.298188483791852
3180.0,0.9760658509159923,0.9487049234642291,0.9660140242726252,0.9773311643250491,0.027360927451763217,-0.011317140052423902,0.0508836507653592,0.10054162205261215,0.296325533709102
3178.0,0.9731209304644516,0.9459641654599922,0.963121546452961,0.974563707065299,0.027156765004459404,-0.011442160612338048,0.05060146333458323,0.10044418490799002,0.29448578091593164
3176.0,0.9702375288357332,0.9432123648470838,0.9602401396285214,0.9717715386619723,0.027025163988649403,-0.011531399033450906,0.050370185232931686,0.1003881014330643,0.29329692648857125
3174.0,0.9673836738388701,0.9404558928833009,0.9573540019885816,0.968967015649387,0.026927780955569247,-0.011613013660805471,0.050147931391421464,0.10038029280945758,0.2923423534117263
3172.0,0.9644348093320751,0.9376672682464378,0.9543761199190047,0.966133266569787,0.026767541085637392,-0.011757146650782313,0.049910130660836,0.10039007844694468,0.29066194637489856
3170.0,0.9613932901996373,0.9348358362409256,0.9513717722323051,0.9632607823049004,0.026557453958711674,-0.011889010072595352,0.04965930309241983,0.10038778563372955,0.2884762829672431
3168.0,0.9583368601122111,0.9319684775884298,0.9484269583771928,0.9603350493062002,0.026368382523781264,-0.011908090929007353,0.049403919960132124,0.10037122668482526,0.2865569641615653
3166.0,0.9553068337913725,0.9290948781677628,0.9455441173107735,0.9573856366054622,0.026211955623609673,-0.011841519294688685,0.04913514604463652,0.100358809154815,0.2849839782779487
3164.0,0.9522801547490032,0.9262290239590734,0.9426310787473229,0.9544763480873835,0.02605113078992982,-0.011845269340060582,0.04886780190082216,0.10035637389756331,0.2833342926672748
3162.0,0.949229740711741,0.9233547565024292,0.9396555687032992,0.9516026370228827,0.02587498420931189,-0.011947068319583476,0.04862473713110924,0.10036835836581232,0.28146994789717233
3160.0,0.9461298670683587,0.9204151083122464,0.9366172872321119,0.9486442458426454,0.025714758756112288,-0.01202695861053349,0.04838049349255081,0.10039552299119309,0.2797382993016962
3158.0,0.9428557832290215,0.917270062104293,0.9333682921789361,0.9454331611127245,0.025585721124728567,-0.01206486893378833,0.048101154081653795,0.10044714606313061,0.278293209525735
3156.0,0.9391660303420777,0.9137045027702735,0.9296589514962328,0.9417872895071843,0.0254615275718042,-0.012128338010951478,0.04778825363748791,0.10054996541078993,0.2767787103340876
3154.0,0.9352017878439831,0.909870344586786,0.9256717332552074,0.9379105339744154,0.02533144325719716,-0.01223880071920802,0.047474404180230544,0.10069579291492911,0.2750905034226245
3152.0,0.9318328412271649,0.906621417724208,0.9223364207341418,0.9346519420951925,0.02521142350295691,-0.01231552136105074,0.04722422424289239,0.10079683219598636,0.27360835057142
3150.0,0.9294858620689654,0.9043886554106171,0.9201324070780399,0.9323959454174229,0.02509720665834836,-0.012263538339382984,0.047079880171764614,0.10079146729590431,0.2724284854443503
3148.0,0.9273872118423032,0.902417110721976,0.9182285439147322,0.9304111806459392,0.02497010112032727,-0.012182636731207008,0.04697784922563492,0.10074839566499308,0.2711905739535853
3146.0,0.9248310359396632,0.8999879546328837,0.9158238354092019,0.927991104524996,0.02484308130677948,-0.012167269115794133,0.046818271463336045,0.1007492350594969,0.26985909116047385
3144.0,0.921760445859757,0.8970311316516704,0.9128619053699489,0.9250300929474051,0.02472931420808666,-0.012168187577456191,0.04657866161030732,0.1008166420920964,0.26852801200176357
3142.0,0.9181398689376771,0.8935173156745685,0.9093455969245686,0.9214892832030944,0.024622553263108582,-0.0121436862785258,0.0462777079448179,0.10096960282743163,0.26707783976381766
3140.0,0.914384222625239,0.8898725947744306,0.9057161090427325,0.9177904280830796,0.024511627850808404,-0.01207431904034717,0.045982770755735314,0.10115810349731998,0.26549459077617915
3138.0,0.911433681347258,0.8870591780693065,0.9029266423819428,0.9149059553554302,0.024374503277951542,-0.011979312973487422,0.04578417333483922,0.10124715572634636,0.2638485348912301
3136.0,0.9092851215057219,0.8850734263458252,0.9009456512670404,0.9128875700346382,0.02421169515989674,-0.011941918767597759,0.0456575154139659,0.10121466796436138,0.26220342771468774
3134.0,0.9068995252889538,0.8828468630048264,0.8986874878144269,0.9106546852946058,0.02405266228412739,-0.011967197480178937,0.045502805556486926,0.10120616925891962,0.26054728537706306
3132.0,0.9038387641042263,0.8798871612328237,0.8957140030464094,0.9076603181877109,0.023951602871402522,-0.011946315141301511,0.04529157216238159,0.10130974676942024,0.2592621646582942
3130.0,0.9006926496647669,0.8768251183078191,0.8926656738103508,0.9045454530246146,0.023867531356947858,-0.011879779214263864,0.045084928161697714,0.10144448827134875,0.25808562289217163
3128.0,0.8980055137230298,0.8742799792172782,0.8901671389959088,0.9019507509878093,0.023725534505751655,-0.011783611991900478,0.04494354411754421,0.10149552102906587,0.25646777355457345
3126.0,0.895419987829983,0.8718509486088032,0.8878231320423543,0.899484830873317,0.02356903922117981,-0.011661698830962686,0.0448121625881754,0.10151384115031467,0.25476934243110294
3124.0,0.892193969460879,0.8687598618168948,0.884740848880742,0.8963802427132863,0.023434107643984237,-0.01163939383254431,0.04457807825535465,0.1016170049169265,0.25313134896412853
3122.0,0.8882012413962077,0.8649191117041137,0.8808051264836586,0.8925632129856731,0.023282129692093978,-0.011758086502014486,0.04425065648017588,0.1018287968975092,0.25108144843844304
3120.0,0.8841804403606929,0.861085943448569,0.8768811673390335,0.888765695822163,0.02309449691212384,-0.011884528483129486,0.043947536133411964,0.10204844768697184,0.2486285603896066
3118.0,0.880876511493329,0.8579831408428658,0.8737347683574366,0.8856465794317894,0.022893370650463263,-0.011911811074352796,0.043748290926956264,0.10215467554525756,0.2462714632895245
3116.0,0.8784708860856307,0.8557603031963471,0.8714856496984719,0.8832956691111271,0.022710582889283626,-0.011810019412655248,0.04364535263620684,0.10212280497920913,0.2444046419630309
3114.0,0.8767601988955146,0.8542005624724525,0.86993272164895,0.8815080944386828,0.022559636423062135,-0.011575372789732863,0.04359241717512879,0.10200015459431054,0.24307226595746081
3112.0,0.8749229629247448,0.8525164549404398,0.8682875601759908,0.8796147330905726,0.02240650798430499,-0.01132717291458174,0.04352229189467454,0.10189703197272688,0.24167339939020568
3110.0,0.8723512809267259,0.850127800507257,0.8659314184525878,0.8770960523149998,0.022223480419468866,-0.011164633862411955,0.0433799552502322,0.10186785135145474,0.2398011125428306
3108.0,0.8697535101710647,0.8477211126854411,0.8635792578208046,0.8745665909691938,0.022032397485623578,-0.010987333148389178,0.04323407119701486,0.10180527734461628,0.23791551307171027
3106.0,0.8676998062338281,0.8458421117363598,0.8617981416741421,0.8725361739114652,0.021857694497468327,-0.010738032237323059,0.04316305225981275,0.10164311064887674,0.23640610685191077
3104.0,0.8655102097111241,0.8438387993053899,0.8588533074886828,0.8703756968462698,0.02167141040573428,-0.011522389357586982,0.04310772299224507,0.10148262820211656,0.23475877204473358
3102.0,0.8626580301191076,0.8412100294317247,0.8551256626488846,0.8675766044057331,0.02144800068738284,-0.012450941756848577,0.04299118998120378,0.10138579308692199,0.2325792408987491
3100.0,0.8597574965465566,0.838550341706486,0.8513790541272797,0.8647427181412075,0.02120715484007063,-0.013363664013927856,0.04286242382801019,0.10126825419460697,0.2302538034110006
3098.0,0.8574505295020508,0.8364856276177918,0.8486755295020507,0.8625178467249328,0.020964901884259035,-0.013842317222882095,0.042795539656517244,0.10104177065721023,0.22812673988747956
3096.0,0.8553367464246826,0.8346299482191469,0.8465887916515428,0.8604798349364793,0.02070679820553567,-0.01389104328493651,0.04276148843533176,0.10075849780126554,0.22593089221317053
3094.0,0.8527138471773543,0.8322697957093492,0.8441835819622401,0.8578965871125894,0.020444051468005098,-0.013713005150349344,0.042688764730026786,0.10053371387815441,0.22355737934318576
3092.0,0.8495513072631201,0.8293673671383606,0.8414713328424535,0.8547320695705493,0.020183940124759547,-0.013260736728095801,0.04255801329900102,0.10037090979045359,0.22108569659002034
3090.0,0.846444070137049,0.826523004296387,0.8388420851590089,0.8515831189687896,0.019921065840662,-0.012741033809780644,0.04242267746530986,0.10016866694940124,0.2186585264891662
3088.0,0.8436373062234575,0.8239936730461601,0.8363949640655222,0.8487720337916318,0.019643633177297337,-0.012377069726109635,0.04232833994766962,0.0998806147796439,0.21622872343390867
3086.0,0.8407426529004258,0.8214194582086689,0.8337729570238164,0.8459992053645042,0.019323194691756918,-0.012226248340687862,0.04224104118118934,0.09955011343488905,0.2133954264345196
3084.0,0.8377298698580768,0.8187644685267057,0.8309990514438608,0.8431592616774088,0.018965401331371146,-0.012160210233548074,0.04214242079402474,0.09918556840817556,0.21020109197521597
3082.0,0.8347814476824077,0.8161730920090186,0.8282915632794229,0.8403585070404095,0.018608355673389143,-0.012066943760986604,0.042033228948301804,0.09878030856841548,0.2070756705908577
3080.0,0.8318772542480986,0.8136259559055633,0.8256277032527705,0.837766932994903,0.01825129834253525,-0.012139229742132551,0.04193589091314485,0.09835192657578735,0.2039678452882963
3078.0,0.829478262695034,0.8115700670328064,0.8233398250462792,0.8356626307097188,0.017908195662227566,-0.012322805663439573,0.04193756043525691,0.09784169272170022,0.20112817360196505
3076.0,0.8279174299455535,0.8103094141957804,0.8216780024500907,0.834351687522686,0.01760801574977311,-0.012673685072595253,0.042081194944002094,0.09719517363433076,0.1989779565142311
3074.0,0.826410941358873,0.8090984932830269,0.8200039687504863,0.8330645949787662,0.0173124480758462,-0.013060626228279859,0.04224019000256531,0.09650690025926895,0.19693010755194276
3072.0,0.8240935588096509,0.807102886394483,0.8177260437073179,0.8309756571200044,0.01699067241516783,-0.01324961341268649,0.04225329765558932,0.09590447634320354,0.19442141212699823
3070.0,0.8209152136675464,0.8042772310780085,0.8148409067881421,0.8280589825759266,0.01663798258953786,-0.013218075787784445,0.04211280919468772,0.09539026066405491,0.1913926365232035
3068.0,0.8174761872948544,0.8012242490721463,0.8117241265406969,0.8249051648293239,0.016251938222708096,-0.013181038288626934,0.04193584390805319,0.09486475405471294,0.18797524514555317
3066.0,0.8146384584679364,0.7987744101582959,0.8089709352686788,0.8223077922204188,0.0158640483096405,-0.013336856951740028,0.04187166838268821,0.09422748799850787,0.1846818395422868
3064.0,0.8124855577829517,0.7969956305491351,0.8066707460293181,0.8203343013453392,0.015489927233816592,-0.013663555316021148,0.04193721659312633,0.09349352436392348,0.1816560792940628
3062.0,0.8103632663455205,0.7952456405033872,0.8043792175695225,0.8183885710665229,0.015117625842133275,-0.014009353497000387,0.042012642946474894,0.09275403404964362,0.1786140087234308
3060.0,0.8077731926979898,0.7930374978642839,0.8017854561293434,0.8159901641098568,0.014735694833705848,-0.014204707980513431,0.041994535814449806,0.0920653205317919,0.17533961170914777
3058.0,0.8046564189266265,0.7903041423710132,0.7988565444646094,0.8130696355327973,0.01435227655561333,-0.01421309106818791,0.04186890211862775,0.0914323032211874,0.17192426802774047
3056.0,0.8014253385100412,0.787445609072062,0.7958241168959453,0.8100411639167022,0.013979729437979205,-0.014217047020756879,0.04173215007016638,0.09080612570523941,0.16858408674382544
3054.0,0.7983971731621823,0.7847804069746527,0.7928895483430214,0.8072186062037532,0.013616766187529605,-0.014329057860731798,0.0416567588941366,0.09015402669145453,0.1653469350096798
3052.0,0.7954648776594366,0.7822167411912242,0.7900398354558702,0.8045012727701699,0.013248136468212435,-0.014461437314299719,0.04159918622757032,0.08949068995463595,0.1620104480786894
3050.0,0.7926542889406847,0.77979064293321,0.787306078604726,0.801912935822215,0.012863646007474694,-0.014606857217489,0.04153668011828428,0.0888090154726624,0.15846265199413365
3048.0,0.7898819754862562,0.7774004097010127,0.7845605365022738,0.7993507014417865,0.012481565785243509,-0.014790164939512795,0.04146652495016953,0.08812292724694379,0.15490093302124602
3046.0,0.786785719257354,0.7746690450318509,0.7815066828147118,0.7964523310029503,0.01211667422550311,-0.014945648188238514,0.04134419797844472,0.0874835303019921,0.1514348352515567
3044.0,0.7835495593204082,0.7717732150257842,0.778328327244868,0.7933910427026567,0.01177634429462393,-0.0150627154577887,0.04118427755206156,0.08687691120604399,0.14818331487517344
3042.0,0.7808260721100748,0.7693534571508575,0.7755570517912793,0.7908292163639287,0.011472614959217364,-0.01527216457264935,0.04106841394935717,0.08622231652676714,0.1454182304345778
3040.0,0.7788285351050038,0.7676082742659449,0.7733147161005963,0.7890135896681357,0.011220260839058915,-0.015698873567539406,0.04101034902440251,0.08547632228195258,0.14340086560678028
3038.0,0.7768893160548818,0.7658699224360711,0.7710646953347403,0.787286837240927,0.011019393618810658,-0.01622214190618665,0.04088575819746966,0.0847242365859505,0.14203596488789502
3036.0,0.7743888181419851,0.7635057495237579,0.7683627103826269,0.7850179797810226,0.010883068618227187,-0.016655269398395678,0.040580032356545566,0.08407229166364542,0.1413647771940245
3034.0,0.7719045949593208,0.7610716795600941,0.7656087026253429,0.7827770693112817,0.010832915399226706,-0.017168366685938796,0.04019432117861547,0.08345430584014452,0.14177328848873857
3032.0,0.7701162691404246,0.7592717361962734,0.763260004096427,0.7812377918315176,0.01084453294415122,-0.017977787735090622,0.03988582376209634,0.08277368522206255,0.14308829667933984
3030.0,0.7686959818305323,0.7578510771771342,0.7611183970526469,0.7799457089994347,0.010844904653398157,-0.018827311946787773,0.03966832179458555,0.08206642490257282,0.14430012580303592
3028.0,0.7670003914265419,0.7562185874028072,0.7588536081871499,0.7777125156403131,0.010781804023734631,-0.01885890745316321,0.03946583132546688,0.08139683919433406,0.1446144962529826
3026.0,0.7647417147020237,0.7540987590767936,0.7563655744720015,0.774981688395445,0.0106429556252301,-0.018616113923443534,0.039244633753146074,0.08079031622908157,0.14380804251852847
3024.0,0.7622702064780583,0.7518504330091625,0.753893393746986,0.7721121445507154,0.010419773468895777,-0.018218750803729367,0.03906852897194356,0.08020662623376015,0.14179381410512273
3022.0,0.7598080709018877,0.7497216819494064,0.751550916964392,0.7693970738743898,0.010086388952481373,-0.0178461569099978,0.038956469444078004,0.0796159147961025,0.1382381067165849
3020.0,0.7570042039139022,0.7473564190877929,0.7490415574588669,0.7664469790667403,0.009647784826109285,-0.017405421607873395,0.03884568006601258,0.0790521787426202,0.13313563030656797
3018.0,0.7538569677367501,0.7447261563331276,0.7463340493308304,0.7632626080238111,0.009130811403622596,-0.01692855869298071,0.03872271195858172,0.07853028595107443,0.12681239561671284
3016.0,0.7506853742319202,0.7421068425559112,0.7436313937832837,0.7601547409852686,0.008578531676008971,-0.016523347201984895,0.03862836336084174,0.0780201242467914,0.1198912754468489
3014.0,0.747809228269493,0.7397762367708749,0.7411607811082129,0.7573445455494137,0.008032991498618136,-0.016183764441200732,0.03858484903433843,0.07749481643551806,0.11298873066797198
3012.0,0.7456766087808724,0.7381509091239805,0.7392599590875858,0.7552069095311925,0.007525699656891871,-0.015946950443606722,0.03863486517411103,0.07692774510481452,0.10657609096076304
3010.0,0.7444158919165573,0.7373577087581538,0.7380122567681785,0.753926518140948,0.007058183158403564,-0.015914261372769523,0.03879422289858091,0.07630048224118699,0.10069801029895872
3008.0,0.7434326689983459,0.7368329313425586,0.7369651182389514,0.752979355765591,0.006599737655787363,-0.016014237526639663,0.03898432645219816,0.07565662896180256,0.09487591173706224
3006.0,0.7420281919150018,0.7358980201173769,0.7356133907135561,0.7515938049387869,0.006130171797624873,-0.015980414225230777,0.039088846900297444,0.07507325750350356,0.08874861036787311
3004.0,0.7402537516204303,0.734569129589869,0.7339865414830178,0.7497382637412495,0.005684622030561304,-0.015751722258231737,0.039092382595993375,0.07457383265308047,0.0828113693589568
3002.0,0.7384783741930299,0.7331828468780625,0.7323202534339983,0.7477994050458644,0.005295527314967408,-0.015479151611866082,0.03903078158860707,0.0741232679174479,0.07758825773939561
3000.0,0.7366791852129364,0.7317293971617012,0.7306495854830932,0.7457623719607365,0.004949788051235249,-0.015112786477643247,0.038884053080084566,0.0737064751899884,0.07292328438998642
2998.0,0.7349474073170478,0.7303109082003397,0.7290969473453598,0.7437155236231596,0.004636499116708048,-0.014618576277799833,0.03867618037464271,0.07330776245370506,0.06867893659493966
2996.0,0.7335554566504712,0.7291999299613109,0.7277990749983148,0.7419852351880467,0.004355526689160283,-0.014186160189731956,0.03847063051213613,0.07290525192148671,0.06487238966430825
2994.0,0.7324046972948028,0.7283047446069117,0.726627918211469,0.740503391212646,0.004099952687891095,-0.013875473001176974,0.0382765169632946,0.07252321583900789,0.06138665319694088
2992.0,0.7316148149504021,0.7277405140205392,0.7257139233397805,0.7394014060012652,0.0038743009298629616,-0.013687482661484784,0.038133672416834664,0.0721489493476001,0.058303194517690504
2990.0,0.7313772015856801,0.7277251348231601,0.7252804277395503,0.7389233247688629,0.0036520667625199454,-0.01364289702931265,0.0381018355239658,0.07173928606328764,0.05525399748480379
2988.0,0.7311556993274602,0.727800401745551,0.7250127631694936,0.7385737683237318,0.0033552975819091113,-0.013561005154238193,0.03815881830667329,0.0713424954455761,0.0510210586830128
2986.0,0.7304040919362617,0.7274645262015753,0.7245610222140411,0.7377903812982562,0.0029395657346863446,-0.013229359084215186,0.038273427688147316,0.07103141649021531,0.044871544680198695
2984.0,0.729052501674877,0.7266270051335235,0.7238931131449314,0.7364443125615765,0.002425496541353489,-0.012551199416645065,0.038448209783935004,0.07081669923205626,0.03711632388556119
2982.0,0.7273820300957735,0.7255282888214217,0.7231710737564233,0.734781692012227,0.0018537412743517834,-0.011610618255803673,0.03870209179759016,0.07065688019727269,0.028412701044997116
2980.0,0.726028758217484,0.7247699023882104,0.7227282168357955,0.733459127960187,0.001258855829273653,-0.010730911124391507,0.039106509784715505,0.07048171598538534,0.01932404802470555
2978.0,0.7252384269461916,0.7245658873082392,0.7226540091573288,0.7332479610813529,0.0006725396379523296,-0.010593951924024125,0.03970534350798556,0.07026373457061684,0.010341229434231006
2976.0,0.7245779586234968,0.7244613102902306,0.7226801670460614,0.7332028535501501,0.0001166483332661894,-0.010522686504088719,0.040415596370273484,0.07004929929070104,0.0017961315009015035
2974.0,0.7239477271079744,0.7243471775206313,0.7227528877993892,0.7333982857361383,-0.00039945041265687653,-0.010645397936749124,0.041194677748237964,0.06986145521609499,-0.006156046262287496
2972.0,0.7235767179765726,0.7244712497277691,0.7229588039600521,0.7340470640157427,-0.0008945317511964701,-0.011088260055690635,0.04204094592819486,0.06968949903976907,-0.01379263073445367
2970.0,0.7232387635713582,0.7246280794013253,0.7231128909235628,0.734760577103567,-0.0013893158299671526,-0.011647686180004224,0.0428865424143856,0.06955576452476087,-0.021420558497726207
2968.0,0.7226790564114264,0.7245537197588747,0.7231101281818606,0.7351886387483082,-0.0018746633474483465,-0.012078510566447598,0.043681581773810756,0.0694731480569447,-0.028885069548899904
2966.0,0.7219425648483278,0.7242795219827586,0.7230366047186932,0.7353282417293232,-0.002336957134430828,-0.012291637010629963,0.04441876548491369,0.06943024758970785,-0.035969882529782254
2964.0,0.7210968657409088,0.7238995156834162,0.722892334107679,0.7352573466821535,-0.0028026499425073403,-0.012365012574474532,0.04506431552983548,0.06941155994782822,-0.043086132438719484
2962.0,0.7203850164479313,0.7236723626740983,0.7227774599302053,0.7352792303125211,-0.0032873462261669983,-0.012501770382315813,0.04561493204320242,0.06937112873882807,-0.05050126002787527
2960.0,0.7199236136032481,0.7237040081988491,0.7228101600458385,0.7355268194486935,-0.0037803945956009777,-0.012716659402854935,0.04605782507964573,0.06926272435716845,-0.05809837068764893
2958.0,0.7194196128098895,0.7237060464466414,0.722856883578514,0.735644708946285,-0.004286433636751852,-0.01278782536777101,0.04634361106323263,0.06910905248387254,-0.06596286853595583
2956.0,0.718539857566204,0.7233656438341647,0.7226955893669207,0.7352661022888136,-0.004825786267960708,-0.012570512921892929,0.04647472288687972,0.06896042427854011,-0.074383053238106
2954.0,0.7173195077624694,0.7227404350103835,0.722352713934592,0.7344894509621418,-0.005420927247914098,-0.012136737027549804,0.04655438152465422,0.06883246543047691,-0.08367930691234647
2952.0,0.7162815034767773,0.7223388463810793,0.7222057715023515,0.7339468111910232,-0.006057342904301932,-0.011741039688671684,0.04673034641235239,0.06869677364729475,-0.09362911950356724
2950.0,0.715617103292179,0.7223032028985461,0.7224136514200081,0.7338656826254466,-0.006686099606367124,-0.011452031205438473,0.04704236401351743,0.0685677974685133,-0.10344453649254588
2948.0,0.7149532615348717,0.7222161736923126,0.7227611822011927,0.7338145663209749,-0.007262912157440904,-0.011053384119782184,0.04742954162173122,0.06851842807413386,-0.11233704737052937
2946.0,0.7144543145200182,0.7221999173114866,0.7233437436933177,0.7339679544376227,-0.007745602791468409,-0.010624210744305085,0.047930093829671096,0.06856673383898733,-0.11958460199567948
2944.0,0.7147330389445739,0.7228200173725442,0.724481447879451,0.7349939227499469,-0.008086978427970348,-0.010512474870495891,0.04864884814858182,0.06865986726595816,-0.12448912288936141
2942.0,0.715801877537581,0.7240740226684071,0.7261095117992648,0.7368787435636839,-0.008272145130826192,-0.01076923176441913,0.049593143113432894,0.06876936727164981,-0.12686824947327385
2940.0,0.7170205065102074,0.7253353379065963,0.72779697579997,0.7388644758647869,-0.008314831396388889,-0.011067500064816826,0.05064867328106229,0.06892413130889774,-0.1269405332461964
2938.0,0.7178715635049857,0.7261090189965308,0.7292231891719513,0.7403580945781976,-0.008237455491545087,-0.011134905406246287,0.05170521470022801,0.06915180687308868,-0.12506761695479607
2936.0,0.7183317183758445,0.7264237681924777,0.7303580593826322,0.7413654553385775,-0.00809204981663314,-0.011007395955945243,0.05273088495791252,0.06943651505648124,-0.12210649234195597
2934.0,0.7184119484887297,0.7263480018252433,0.7311846033984786,0.7419266710958201,-0.007936053336513593,-0.01074206769734154,0.05368873314831663,0.06975800326037304,-0.11898574665306236
2932.0,0.7180488465602978,0.7258549546767972,0.7316674225697559,0.7419708765186595,-0.0078061081164993995,-0.01030345394890353,0.054540899295850445,0.07009930886869589,-0.11629347972590426
2930.0,0.717635424389814,0.7253713995819636,0.7320571941680365,0.7419734998586992,-0.007735975192149636,-0.009916305690662708,0.05534441970333761,0.07039153321224204,-0.11460188476735782
2928.0,0.717676905263158,0.7254662576565334,0.7326656602281566,0.7425745741508945,-0.007789352393375415,-0.00990891392273785,0.05617073483091198,0.07055400860738407,-0.1149209796073312
2926.0,0.7178663748800888,0.7259396489768979,0.733322214676097,0.7434800590352137,-0.008073274096809135,-0.010157844359116708,0.05694972868642304,0.07059213505535224,-0.11881537909770883
2924.0,0.7176000510005134,0.7262690883983942,0.7336521299474723,0.7439912736646426,-0.00866903739788083,-0.010339143717170263,0.0575337139305971,0.07053379524347617,-0.1274787655765382
2922.0,0.7165986106087082,0.7261702216761581,0.7333531783216058,0.743717529037962,-0.009571611067449859,-0.010364350716356108,0.05781237522857432,0.07036144611530161,-0.14094031605081456
2920.0,0.7144512143546053,0.7251124627375861,0.7318209198033715,0.7421013662944449,-0.01066124838298077,-0.010280446491073403,0.057618562223554486,0.07004336639234739,-0.15766969237543763
2918.0,0.7106484843298714,0.7223130893871761,0.7276980826778188,0.7384221677421949,-0.011664605057304711,-0.010724085064376165,0.0566803850861806,0.06950537605900904,-0.174073457031256
2916.0,0.7050117150105516,0.717276972376828,0.7212672527236046,0.7323021656421274,-0.012265257366276372,-0.011034912918522766,0.05479475420097195,0.06865265046511905,-0.18590052152606507
2914.0,0.6982763963033637,0.7106424717471324,0.7128003778435164,0.7244708045784051,-0.012366075443768665,-0.011670426734888717,0.05218111147949715,0.06754930218601045,-0.19137095043177088
2912.0,0.6920444864091266,0.7041936535471225,0.7043151108115122,0.7168780688099565,-0.012149167137995853,-0.012562957998444313,0.049484916044185305,0.06642685807593877,-0.19211676322889557
2910.0,0.6872214852580492,0.6991401696841089,0.6973964332956536,0.7109054111723562,-0.0119186844260597,-0.013508977876702577,0.04719961831909576,0.06546356487830624,-0.19203004692848905
2908.0,0.6834133905009565,0.6952495336790124,0.6918821534371092,0.7063073221100744,-0.011836143178055925,-0.014425168672965172,0.04537144486518321,0.06468815576334544,-0.19361980526480754
2906.0,0.6800338983023163,0.6919128440196383,0.6872615473733609,0.7023374613108049,-0.011878945717321954,-0.015075913937444008,0.043895168342355066,0.06408078080909027,-0.1966893060257342
2904.0,0.6769562547018161,0.688950146454549,0.6832743188394146,0.6988050349622246,-0.01199389175273291,-0.015530716122809984,0.04270786057497481,0.06358342081433663,-0.2005758199239275
2902.0,0.6742037398068976,0.6863791302863028,0.6797917462315466,0.6957726627422207,-0.01217539047940519,-0.015980916510674126,0.04176796515379435,0.06312786730674028,-0.2054079548128418
2900.0,0.6714936384229278,0.6839172305043791,0.6765606540023129,0.6928986598073126,-0.012423592081451384,-0.016338005804999667,0.04101259947432889,0.06270173137833208,-0.21127049656073085
2898.0,0.6685563037137479,0.6812752621064968,0.6733290113351758,0.6898253511908157,-0.012718958392748947,-0.01649633985563992,0.04038341356577518,0.062313771164101195,-0.21784462974924
2896.0,0.6656602180180554,0.6787011492024608,0.6702000612000976,0.6868488071555243,-0.013040931184405413,-0.016648745955426758,0.03988267134986531,0.06193432944779574,-0.22487103682846266
2894.0,0.6631959422714945,0.6765496191027982,0.6673906453038874,0.6844061684733291,-0.013353676831303729,-0.01701552316944177,0.039505082272456464,0.061528244688375935,-0.23185114608265284
2892.0,0.6610095014959814,0.6746250203445034,0.6647625178376978,0.6822532614207935,-0.013615518848522079,-0.017490743583095658,0.03916039933416341,0.06111561053966286,-0.23804129042723823
2890.0,0.6588064615480347,0.6725942308845302,0.6621036842173493,0.6799718663696326,-0.013787769336495503,-0.017868182152283252,0.03876827407337043,0.060730021589442455,-0.24267237770477706
2888.0,0.6566361687053737,0.6704745066349799,0.6594552735790845,0.6779443436448347,-0.013838337929606204,-0.01848907006575018,0.038305038848689375,0.060379140347259296,-0.24512654487755528
2886.0,0.6546253938169884,0.6683868165619118,0.6569219512862262,0.6761938126584772,-0.013761422744923424,-0.01927186137225101,0.037781489300143585,0.06006846296379198,-0.24522768762963382
2884.0,0.6527797816085995,0.6663639393309148,0.6545404043925103,0.6746436664315975,-0.013584157722315249,-0.02010326203908719,0.03725964698151382,0.05980297803654554,-0.24336161652631405
2882.0,0.6510395670076898,0.6643836894059405,0.6523160608708276,0.6731997745409669,-0.013344122398250668,-0.020883713670139303,0.036843414613580254,0.05957610540513561,-0.2401379886360722
2880.0,0.6492960507593943,0.6623779912892593,0.6502068726633513,0.6716921537482304,-0.013081940529865,-0.021485281084879126,0.036606655062521753,0.059377341965015804,-0.23627557378494954
2878.0,0.6473005441247387,0.6601586821853397,0.6480777109789422,0.6697932402346889,-0.012858138060600988,-0.021715529255746713,0.036546330885931476,0.059203945106529245,-0.23288623395526498
2876.0,0.644773983909858,0.6574994481393668,0.6457622155964968,0.6671664832046504,-0.01272546422950882,-0.021404267608153615,0.03662060305950135,0.059050582155310595,-0.23098289252684598
2874.0,0.6420273410033707,0.6547055188537078,0.6434457656857662,0.6641877148042522,-0.012678177850337091,-0.020741949118486036,0.03686149834286467,0.058877320976130444,-0.2305962649935244
2872.0,0.6397477507168746,0.6524310368270061,0.6415602354278691,0.6616975342427573,-0.012683286110131475,-0.020137298814888238,0.03733761852907734,0.058635959326199916,-0.23126194284298515
2870.0,0.6378263384141125,0.6505547518842267,0.6400343586629056,0.659558398070272,-0.01272841347011422,-0.019524039407366356,0.037983144361926895,0.05834498651282351,-0.2327292758256842
2868.0,0.6356692429466271,0.6484833648337964,0.6385069343430938,0.6570491491293795,-0.01281412188716935,-0.018542214786285705,0.03869641666329633,0.058075757440171405,-0.2348162850629401
2866.0,0.6333792529128704,0.6462931100094763,0.6371113218495108,0.654321518601148,-0.012913857096605863,-0.017210196751637152,0.0395483564034019,0.05786971605596331,-0.23683591623979022
2864.0,0.6313514754292175,0.6443667098352487,0.6362043919139647,0.6518979042239865,-0.01301523440603114,-0.015693512310021807,0.04066215076593781,0.05774916467648591,-0.2383824795263121
2862.0,0.6296849078718803,0.6427997363362776,0.6359636532089541,0.6500371233815225,-0.013114828464397377,-0.014073470172568436,0.04208036545932033,0.05776062240101858,-0.2391758331293194
2860.0,0.6286506622107223,0.6418743461427151,0.6366003203379811,0.6495559951789205,-0.013223683931992802,-0.012955674840939402,0.043842565635363956,0.057901302775340745,-0.23938726044279737
2858.0,0.6286443201979768,0.6420789422719809,0.6383302320573917,0.6503482353280514,-0.013434622074004143,-0.012018003270659716,0.04597837088757635,0.058110102957501825,-0.24086840928458209
2856.0,0.6294026187347679,0.643334468818058,0.6409472830438163,0.6522465188877365,-0.01393185008329012,-0.01129923584392023,0.04837599270808864,0.05834614121697202,-0.2470456191884285
2854.0,0.6302268133610923,0.6450982490943461,0.6438096619670108,0.6545198276648811,-0.01487143573325378,-0.01071016569787031,0.05079793103426342,0.058561785477411865,-0.26083275750579255
2852.0,0.6299411183167317,0.6461239687359024,0.6453618729355824,0.6557081952388114,-0.01618285041917067,-0.01034632230322896,0.0527525741679445,0.058601871880246834,-0.2818330923269189
2850.0,0.6267319666089362,0.6441975892641858,0.6430048770164529,0.6533997710667819,-0.017465622655249646,-0.010394894050329007,0.0534935121705927,0.05820151998535902,-0.30511609256568745
2848.0,0.6199773347532553,0.6383054719689686,0.6355581768826712,0.646605305514361,-0.018328137215713247,-0.011047128631689773,0.05271523309758145,0.05721147669871079,-0.3255745364656857
2846.0,0.6114032438177656,0.63023375257485,0.6251454985455086,0.6374327440031418,-0.018830508757084474,-0.012287245457633156,0.051094802420451675,0.05585665393257989,-0.34306837680647734
2844.0,0.6030412064054635,0.6223704854095587,0.6148813500059634,0.6285545703159436,-0.0193292790040952,-0.013673220309980194,0.04956221597035092,0.054556302828203146,-0.36100046830182986
2842.0,0.5955298606514877,0.615523645216223,0.6061255813037013,0.6211217130453047,-0.01999378456473533,-0.014996131741603413,0.048492546722820135,0.053546699683291225,-0.38066650056820656
2840.0,0.5889230729812135,0.6096632630640039,0.5988914076411324,0.615416144030884,-0.020740190082790377,-0.016524736389751604,0.047848068530307326,0.05280904383697217,-0.40035789860057464
2838.0,0.5835573002966021,0.6049933193104716,0.5931242573541232,0.6108835821955811,-0.02143601901386949,-0.017759324841457924,0.04756883180816424,0.05222786172362807,-0.4180011525366343
2836.0,0.5794422164402382,0.601466082368907,0.5886054507518794,0.6075088648755508,-0.022023865928668784,-0.018903414123671358,0.04756371223757301,0.05172330457280648,-0.4328941317034129
2834.0,0.5760165586618684,0.5985323849378859,0.5848171059781904,0.6047326910801603,-0.022515826276017448,-0.01991558510196989,0.04767433318192208,0.05127887578223527,-0.44549279662645186
2832.0,0.5728903187305228,0.5958190928869634,0.5814200773395006,0.6021619788722902,-0.02292877415644068,-0.020741901532789542,0.04778972711922722,0.05088714705390772,-0.45628559333814706
2830.0,0.5699646803361145,0.5932308744566726,0.5782920676973415,0.5996975200737875,-0.02326619412055808,-0.021405452376445977,0.04788105518236266,0.05053261397121485,-0.4654534537658803
2828.0,0.5671543965004071,0.5906873401024303,0.5753179879155411,0.5972639764572132,-0.023532943602023182,-0.021945988541672068,0.04793773427001953,0.05021612272203539,-0.47307025546065623
2826.0,0.5644134390047238,0.5881575502784533,0.5724563767753342,0.5948358981091619,-0.02374411127372944,-0.0223795213338277,0.047941904728911966,0.04994129599314595,-0.47941674496700254
2824.0,0.5617850169794296,0.5856954796108784,0.5697408124536559,0.5924762089838788,-0.023910462631448803,-0.02273539653022283,0.04789087071968201,0.049690679976744034,-0.4848297826580516
2822.0,0.5593278483336875,0.5833673743249321,0.5672046546167765,0.5902545727660213,-0.024039525991244592,-0.02304991814924484,0.047808853669543745,0.049445135962286925,-0.48955166584042065
2820.0,0.5570150230436969,0.5811652860709173,0.5648217769028938,0.5881480310576559,-0.024150263027220453,-0.023326254154762083,0.047736425033646335,0.049206685210578006,-0.49386202256152484
2818.0,0.5547637028364013,0.5790331873185118,0.5625202010889292,0.5861070717137671,-0.024269484482110526,-0.023586870624837886,0.04770541933653718,0.04897552906716689,-0.4982352940070594
2816.0,0.5525123023707422,0.5769222408953352,0.5602616183089537,0.5841077567526226,-0.024409938524592945,-0.023846138443668896,0.04775047057328366,0.048753311653062695,-0.5028424591777472
2814.0,0.5501753306257162,0.5747520420241856,0.5579880316021176,0.5820766050863101,-0.024576711398469397,-0.024088573484192466,0.04785425631109918,0.04855186942308924,-0.5077220414100695
2812.0,0.5476982870143272,0.5724608722148188,0.5556629386936028,0.5799263329850507,-0.02476258520049157,-0.02426339429144786,0.04794193903974251,0.04837364784302939,-0.5128625574397044
2810.0,0.5453345418691111,0.5702732441593508,0.5534417121249045,0.5778695896573001,-0.024938702290239645,-0.024427877532395614,0.0480037931530832,0.04818543255785519,-0.5179673290237106
2808.0,0.5433760164142265,0.5684557672236273,0.5514664078096563,0.5761827886425273,-0.025079750809400836,-0.024716380832870977,0.048090225624133974,0.04795649163588034,-0.5226616559195879
2806.0,0.5416056629911176,0.5668075439579975,0.549588248297909,0.5746610026004533,-0.02520188096687992,-0.025072754302544298,0.04818061331425532,0.047716003093050914,-0.5270795231914599
2804.0,0.5397058088472446,0.5650306448023668,0.5476524677600841,0.5730102277276239,-0.025324835955122138,-0.02535775996753975,0.048216027306021474,0.047500037206559355,-0.5314575141184739
2802.0,0.537610550933104,0.5630548390256598,0.5456282907011113,0.5711815546847049,-0.025444288092555833,-0.025553263983593588,0.04818816946115639,0.04731590336322159,-0.5356594181870272
2800.0,0.5353438892921958,0.5609021892014517,0.5435438371791547,0.5691904375162041,-0.025558299909255955,-0.025646600337049463,0.0481253093237216,0.04715756465362011,-0.5396265086613337
2798.0,0.5331980463699952,0.5588768901841641,0.541563004858673,0.5673212520417317,-0.02567884381416885,-0.025758247183058636,0.048106245437868574,0.046991742705630446,-0.5437143019841185
2796.0,0.5314030432847121,0.5572122232983625,0.5397971360143323,0.5657953324198475,-0.0258091800136504,-0.02599819640551515,0.048175847861244264,0.04679518995212722,-0.5480910616484773
2794.0,0.5296796454905601,0.5556223560206456,0.538068268857823,0.5643288340869377,-0.025942710530085455,-0.026260565229114685,0.04826152153708522,0.04660065546388184,-0.5524992754994213
2792.0,0.527734308302783,0.5538167634679753,0.5362248453728526,0.5626466498488469,-0.026082455165192253,-0.026421804475994293,0.04829702835951718,0.046438963114261864,-0.556885940717841
2790.0,0.5257776709091475,0.5520010694947136,0.5343816085475316,0.5609614355772072,-0.026223398585566104,-0.02657982702967565,0.04831967883619777,0.046280294466036896,-0.5613240903209704
2788.0,0.524178457202711,0.5505257459977198,0.5327422644424971,0.5596242171417312,-0.026347288795008805,-0.026881952699234102,0.04838997287715802,0.046088218937483515,-0.5656078871353366
2786.0,0.5228607465141483,0.5493145233180344,0.5312778505685737,0.5585554163577062,-0.026453776803886164,-0.02727756578913254,0.04849297080396503,0.04587803008239348,-0.5696238511011147
2784.0,0.5214622288502524,0.5480182574727381,0.5297999276902895,0.5573901731064398,-0.02655602862248574,-0.027590245416150294,0.04856303497557481,0.045687131395873846,-0.5734723071421128
2782.0,0.5198970469017371,0.5465591062532409,0.5282556976406534,0.5560513989888514,-0.026662059351503786,-0.027795701348197976,0.04859079274102371,0.045518849623216326,-0.5773188011135764
2780.0,0.5182605688458966,0.5450310350291482,0.5266760297587257,0.5546434320407984,-0.02677046618325163,-0.027967402282072618,0.04859802554078754,0.045361596250734895,-0.581185199746143
2778.0,0.5165021126932191,0.5433824077023841,0.5250215947156094,0.55311228411442,-0.026880295009165,-0.028090689398810653,0.04857224335571917,0.045225268234615305,-0.5849880777614893
2776.0,0.5146600059112993,0.5416493770287684,0.5233321305697144,0.5514970507866177,-0.02698937111746902,-0.02816492021690331,0.048521802651756214,0.04510885954920326,-0.5886643195643441
2774.0,0.5130441653271177,0.540131951590055,0.5217939532722152,0.5501092043663242,-0.027087786262937286,-0.02831525109410893,0.048508916358126805,0.04497434167611977,-0.592197109427745
2772.0,0.5117568197390732,0.5389294285573771,0.5204470186957806,0.5490311998706254,-0.027172608818303967,-0.028584181174844847,0.0485532196480357,0.04480189696868463,-0.5956646553688896
2770.0,0.5105224170006897,0.53777748483204,0.5191256003469,0.5479754651777797,-0.027255067831350344,-0.0288498648308797,0.048596383765960566,0.044621706757970524,-0.5991790374767526
2768.0,0.5091816944324893,0.5365196708104637,0.5177574174492224,0.5467976289726265,-0.027337976377974416,-0.02904021152340408,0.04860782398506296,0.04445822045002589,-0.6026442135067006
2766.0,0.5078043125029168,0.5352179542366906,0.5163883196094394,0.5455876811372511,-0.027413641733773808,-0.029199361527811662,0.04860879823281564,0.044311173933788216,-0.6058280839474931
2764.0,0.5064447563274237,0.5339274415351748,0.5150341772923137,0.5444009609750531,-0.0274826852077511,-0.029366783682739372,0.04861349155390388,0.044173430693685324,-0.6087717077474429
2762.0,0.5050776816126522,0.5326309701840808,0.5136733198340677,0.5432011525149079,-0.02755328857142858,-0.029527832680840138,0.04861543501545715,0.044039099818233764,-0.6117352832996101
2760.0,0.5036877166931983,0.5313121702441262,0.5123032523813721,0.5418536258173408,-0.027624453550927908,-0.02955037343596867,0.04860580756546487,0.04390534005066676,-0.61475391386215
2758.0,0.5023017321973959,0.5299948434737181,0.51093392621765,0.5404368441568881,-0.027693111276322124,-0.029502917939238094,0.04858991494803098,0.04377370106319648,-0.6177270526495803
2756.0,0.5009662855753924,0.5287340046711904,0.5096016605825222,0.5390785354755744,-0.027767719095798005,-0.029476874893052174,0.04858248147972644,0.04364631557618272,-0.6207740482937277
2754.0,0.4996511095327481,0.5274965406121501,0.5082837483082795,0.5377527874239698,-0.027845431079402017,-0.02946903911569032,0.04857776357828791,0.04351674692050286,-0.6239181332777665
2752.0,0.49821031787493963,0.5261349283206335,0.5068997895395926,0.5363177604471845,-0.02792461044569383,-0.029417970907591906,0.04853641708985906,0.04340497833164572,-0.6270339978708565
2750.0,0.4966665847234394,0.5246667229493236,0.5054798691476841,0.5347751734694142,-0.028000138225884208,-0.02929530432173011,0.04847095068765465,0.04331350118227195,-0.6299379994094169
2748.0,0.4953136065019109,0.5233846046688896,0.5041843650279232,0.5334067685609618,-0.028070998166978667,-0.02922240353303862,0.048438063421287314,0.04319955951899718,-0.6328875470604034
2746.0,0.4942726702998687,0.5224060015107195,0.5030603771434942,0.5323486399733472,-0.028133331210850765,-0.029288262829853084,0.04845883249302636,0.04304573855916972,-0.6359192784358799
2744.0,0.49331610874773146,0.5215066445440111,0.5019596299455535,0.5313741925589837,-0.028190535796279614,-0.029414562613430117,0.04849377968411265,0.04287741219198511,-0.6389621101612899
2742.0,0.4922134829038999,0.5204595840182317,0.50076757614687,0.5302391240582107,-0.02824610111433179,-0.029471547911340767,0.048498171990461005,0.04272831831542911,-0.6418702242972213
2740.0,0.49095012261797966,0.5192595852821608,0.4994991521044744,0.5289481409676381,-0.028309462664181106,-0.029448988863163716,0.048459590938726656,0.04260693979512071,-0.6448042998895641
2738.0,0.48965038593007043,0.5180238330433857,0.4982296343939103,0.5276290040173502,-0.028373447113315298,-0.02939936962343992,0.04840382532232998,0.042495069338478415,-0.6477171915537054
2736.0,0.488457236371603,0.5168862358861246,0.4970120452058844,0.5264065573033068,-0.028428999514521602,-0.029394512097422387,0.04836892426467347,0.042365670688068256,-0.6505774093783877
2734.0,0.4873533679706094,0.5158275164197361,0.4958286410493075,0.5252533744704462,-0.028474148449126713,-0.02942473342113866,0.04834871797597112,0.042219628988066124,-0.6533517214326958
2732.0,0.48620082486738464,0.51471549401724,0.49460033354766114,0.5240430740636554,-0.0285146691498554,-0.029442740515994215,0.04830936436165875,0.04208175138055243,-0.6560067112197989
2730.0,0.48489983369803624,0.5134557800055158,0.4932878680172776,0.5226862610318328,-0.028555946307479596,-0.029398393014555213,0.04823223514771153,0.04196305496430911,-0.6586042661630165
2728.0,0.4834471926253947,0.5120451891348436,0.49190545141067454,0.5211699787659902,-0.028597996509448942,-0.029264527355315706,0.04811702037837713,0.04185933713985042,-0.6611940554718314
2726.0,0.48205243289603306,0.5106877494684987,0.49056354197562857,0.519698087218045,-0.028635316572465652,-0.029134545242416432,0.04799705671769772,0.04174852046049432,-0.6637875206133684
2724.0,0.48090180492711976,0.5095730769496268,0.48934529525384873,0.51847250103707,-0.028671272022507077,-0.029127205783221255,0.0479108097181581,0.041610202954956196,-0.6665658711412323
2722.0,0.47991059562563854,0.5086191497516217,0.4882041428226973,0.5174317793464904,-0.028708554125983166,-0.02922763652379312,0.047853172854653146,0.041451356564989036,-0.6695308919427502
2720.0,0.47894063368092465,0.5076821770612415,0.48708038165474904,0.5163961573118625,-0.02874154338031687,-0.029315775657113463,0.047801663442219214,0.04129041000633282,-0.6724157848871617
2718.0,0.4779150666239739,0.5066827055189305,0.48593446531259893,0.5153223311649926,-0.028767638894956538,-0.02938786585239367,0.047734436015233236,0.04113910883000252,-0.6750983831730204
2716.0,0.47681908632830516,0.5056104631660258,0.4847466235072672,0.5142027215181668,-0.028791376837720595,-0.0294560980108996,0.047637933653986296,0.040998270726849986,-0.6777245020240386
2714.0,0.4756986917568485,0.5045119561102224,0.4835523116421486,0.5130579988307035,-0.02881326435337389,-0.02950568718855484,0.0475224861771389,0.04086197559291579,-0.6803391211794989
2712.0,0.47456208989841897,0.5033915725871269,0.48236227373723756,0.511905401553531,-0.028829482688707886,-0.02954312781629348,0.0473962315162728,0.04073239803494752,-0.6827941652811716
2710.0,0.47343693242969953,0.5022741274700092,0.48118185199973035,0.5107689702023842,-0.028837195040309682,-0.02958711820265386,0.04726542477365564,0.04060451755941999,-0.6850585762368655
2708.0,0.47238607153709344,0.501221176736671,0.480033000191858,0.5096798899539022,-0.02883510519957755,-0.029646889762044215,0.04714547635059353,0.04046853893949346,-0.6871621562271641
2706.0,0.4713875950816697,0.5002069102014195,0.4789238472258232,0.5086163347420275,-0.028819315119749778,-0.02969248751620429,0.047033973625840116,0.04032869246724675,-0.6889669615228595
2704.0,0.47037642215233505,0.4991771867918755,0.47780875178246407,0.5075493259498265,-0.028800764639540455,-0.02974057416736242,0.04691263103998847,0.04019577286112271,-0.690668200339023
2702.0,0.4693391684072159,0.49812233793835664,0.4766798390467252,0.5064685270688252,-0.02878316953114074,-0.029788688022099996,0.04677123835739397,0.04007285432186464,-0.6923553497996331
2700.0,0.4682822807711654,0.4970570811508951,0.47555181929313317,0.5053789253166954,-0.02877480037972968,-0.0298271060235622,0.046620635021524096,0.039954968018316044,-0.694247834899891
2698.0,0.4672477520209902,0.4960181299301339,0.4744413606748214,0.5043122587321299,-0.028770377909143663,-0.029870898057308526,0.04647842338398892,0.03983322739466243,-0.6962632514452874
2696.0,0.4662662549584913,0.4950199242833523,0.4733632790988898,0.5032658870578841,-0.02875366932486101,-0.0299026079589943,0.04635778471559433,0.03970059957049537,-0.698046584132846
2694.0,0.46530255342725724,0.4940203784438828,0.4723106529782059,0.5022168206542874,-0.028717825016625564,-0.029906167676081508,0.04624133767781483,0.03956994467748266,-0.6993325863729383
2692.0,0.46433450387086406,0.4930123806891396,0.4712554536274119,0.5011637988265553,-0.02867787681827555,-0.02990834519914337,0.04611950762425958,0.03945066468426657,-0.7004000522812043
2690.0,0.46336183000000003,0.4920008875000001,0.4701755000000001,0.5001173750000001,-0.028639057500000065,-0.029941875000000007,0.04599085057350542,0.039335092080623975,-0.7014807747833299
2688.0,0.46238584164458574,0.49098038470519345,0.4690874571171527,0.4990597486077335,-0.028594543060607713,-0.029972291490580782,0.04584561634707632,0.039214674263096765,-0.7025593359858722
2686.0,0.46139731806420503,0.48994064976409896,0.46800104208689614,0.49798952440614774,-0.028543331699893926,-0.029988482319251608,0.045683651389368495,0.03909200064139873,-0.7035780858667341
2684.0,0.4603451687235223,0.48882690769120335,0.4668898956448243,0.49687111527811634,-0.028481738967681025,-0.029981219633292033,0.04549026166478166,0.038980250289282155,-0.7043316241215274
2682.0,0.45920133280874864,0.4876115934881398,0.4657249139750377,0.4956776843651316,-0.028410260679391175,-0.02995277039009392,0.04525369692753571,0.03889046116828701,-0.70473065423333
2680.0,0.45809392490057094,0.4864212504861265,0.4645569900337566,0.49448411325971864,-0.028327325585555563,-0.029927123225962027,0.04499621960845585,0.03880075119300131,-0.7049313351493818
2678.0,0.45717710073061585,0.4853975719791444,0.46346166906057,0.493390402402632,-0.028220471248528556,-0.029928733342061975,0.0447387633535345,0.038681644726526916,-0.7049291526283962
2676.0,0.4564138535371868,0.4844968355451554,0.4624270000025927,0.49236899432074505,-0.028082982007968604,-0.029941994318152365,0.04446147087503428,0.038539480638239004,-0.7045510530975857
2674.0,0.45569270670362094,0.4836051622066712,0.4613948435709434,0.4913430478646727,-0.02791245550305027,-0.029948204293729297,0.04412494092520764,0.03839607100304371,-0.7035992016736631
2672.0,0.45499687401154254,0.48270024841474113,0.46035636491384535,0.49029498425598006,-0.02770337440319859,-0.02993861934213471,0.043717443932253935,0.03825629760946191,-0.7019046366774915
2670.0,0.4543301898366606,0.4817837641787659,0.4593141851179674,0.48922889065335756,-0.02745357434210527,-0.029914705535390163,0.043238438388074854,0.03811913660482606,-0.6994112177621747
2668.0,0.4536640382938123,0.4808305700952419,0.4582489389217582,0.488139918039056,-0.027166531801429583,-0.029890979117297767,0.042684533225608765,0.037988930674095825,-0.6961411423744666
2666.0,0.4530095624030987,0.47985440342220165,0.4571634069955561,0.4870459069955561,-0.02684484101910295,-0.029882500000000034,0.042065502959309796,0.03786390962395976,-0.6921217695886036
2664.0,0.45239912720701475,0.4788851275887861,0.4560838122306859,0.4859670896313735,-0.026486000381771346,-0.02988327740068758,0.04140087200182378,0.03774003837676681,-0.6872403126095558
2662.0,0.4518301220372204,0.4779312884193951,0.45501044470860924,0.4849016083530809,-0.02610116638217469,-0.02989116364447164,0.040705826302474775,0.037616339344980064,-0.6817154355213125
2660.0,0.45129444526084905,0.47699601313562684,0.4539405574899793,0.4838425180968728,-0.025701567874777786,-0.029901960606893485,0.03999764843515092,0.03749567541363612,-0.6757153721688925
2658.0,0.4507900634972077,0.4760787094837789,0.45288153945273807,0.48278104097204577,-0.025288645986571212,-0.029899501519307703,0.03928751302870924,0.03738035835697897,-0.6691912412037992
2656.0,0.45031321392422125,0.4751721467147889,0.45183594816723793,0.48171323039548664,-0.024858932790567667,-0.029877282228248703,0.03857847792596121,0.03726711029335587,-0.6620751785866643
2654.0,0.4498598553365033,0.4742759521445638,0.4508037836334788,0.4806689791017418,-0.024416096808060506,-0.029865195468262995,0.03787396255689511,0.037154331951257905,-0.6544644571067911
2652.0,0.44944298358828105,0.4733971635062874,0.44978293069743336,0.4796614567409905,-0.023954179918006357,-0.02987852604355712,0.037174399293297036,0.037045088057587876,-0.646146807276907
2650.0,0.4490708007814323,0.472536271604276,0.44876621210157064,0.4786705992774214,-0.023465470822843726,-0.029904387175850755,0.03647991798505987,0.03693940561122124,-0.6369019032043515
2648.0,0.44874105454729296,0.47169601677833534,0.4477475872175929,0.477681493698503,-0.022954962231042375,-0.0299339064809101,0.03577742807507727,0.03683734657590557,-0.6268977650851341
2646.0,0.4484746997967342,0.4708821347852422,0.44673822143779385,0.4766971659013953,-0.022407434988508,-0.029958944463601478,0.03506726813814729,0.036737216696806456,-0.6157239046321227
2644.0,0.4482843309290592,0.4700917068787886,0.445759449588024,0.47572689428626247,-0.02180737594972937,-0.029967444698238477,0.03436090285007853,0.0366399666157393,-0.6028783698184323
2642.0,0.44816509942390753,0.4693100605810964,0.4447948822536571,0.4747715777011787,-0.02114496115718889,-0.02997669544752163,0.0336635845021826,0.03654706892181008,-0.588025813995659
2640.0,0.4481038679654241,0.4685298880256001,0.4438302401724647,0.4738249954174466,-0.020426020060175964,-0.029994755244981908,0.03299882684216913,0.03646503339701488,-0.5711457651246267
2638.0,0.4481278373770424,0.4678090220988289,0.44286421069893345,0.47291704640499665,-0.019681184721786482,-0.030052835706063208,0.03242427763132083,0.036387831686111205,-0.5529960454830612
2636.0,0.44825409504747193,0.46717513417499135,0.44190962716034654,0.47205443943121883,-0.018921039127519412,-0.03014481227087229,0.03199352426120742,0.03630698790308555,-0.5338510626670703
2634.0,0.4484304553098263,0.46658363094130806,0.4409715998444387,0.47121289311641174,-0.018153175631481777,-0.030241293271973058,0.03171160226039725,0.036228732279770234,-0.5138788172782238
2632.0,0.44858198374651936,0.46599597716063823,0.4441770908499306,0.4703686573313076,-0.017413993414118867,-0.026191566481376993,0.031574265975507027,0.03615817336531532,-0.4941160169724056
2630.0,0.4485975301579977,0.46536388405832096,0.44748078701951227,0.4695081749900183,-0.016766353900323272,-0.02202738797050602,0.03156646193582462,0.036091701750634454,-0.4764872218669751
2628.0,0.4483355971993923,0.4646403663936147,0.449560995937278,0.4686090649257717,-0.016304769194222413,-0.019048068988493705,0.03162387397905897,0.03600994201301693,-0.46409898647868053
2626.0,0.447741072514532,0.4638389769465806,0.44999287650828884,0.4676945205365801,-0.016097904432048615,-0.017701644028291275,0.03167121019682039,0.0358937123537477,-0.45932244471751166
2624.0,0.44688228763138377,0.4630074049914183,0.44893870174383327,0.46679298837574085,-0.016125117360034524,-0.01785428663190758,0.03168050310940003,0.035742567022281756,-0.4616848321591826
2622.0,0.44586618413697615,0.4621606665249338,0.44698412984635805,0.46589990193854325,-0.016294482387957665,-0.0189157720921852,0.031668676127751996,0.035576794200826684,-0.4683596455169017
2620.0,0.4447886850781172,0.46129620478455513,0.44475021526981956,0.464999555284909,-0.016507519706437934,-0.020249340015089434,0.031657091117951036,0.03541463819445224,-0.4763051207578843
2618.0,0.44373138925906536,0.4604361742687685,0.44267065540235734,0.46410420249959816,-0.016704785009703127,-0.021433547097240824,0.031658539029293505,0.035260167457849344,-0.48373172514904805
2616.0,0.44276355995042804,0.45961428501715706,0.44098496333957304,0.4632386462216945,-0.016850725066729022,-0.02225368288212143,0.03167159924177879,0.03510748720202532,-0.4896664126097152
2614.0,0.4419188220430386,0.45884733727313975,0.439795209333679,0.4624140828752916,-0.016928515230101138,-0.022618873541612627,0.03168382804708491,0.03495839099806955,-0.49361464174628306
2612.0,0.4411963431120399,0.458131535424369,0.43911640893746984,0.46162296716765794,-0.016935192312329095,-0.0225065582301881,0.031692972394796,0.03482298269576327,-0.4953569636875129
2610.0,0.44058463319350166,0.4574568123099245,0.43891442930034064,0.46105545313480356,-0.01687217911642286,-0.022141023834462925,0.03170586459286614,0.03470323330141934,-0.4948707327193787
2608.0,0.44006585806659027,0.4568169648807564,0.4391161673779239,0.4607468021425868,-0.01675110681416614,-0.02163063476466287,0.03172805956367839,0.034596063974345836,-0.49250033096193496
2606.0,0.4396333339469332,0.45620920071632376,0.43967628686135923,0.4605220836358121,-0.016575866769390546,-0.020845796774452863,0.031768637335947585,0.034498047888512275,-0.48836318292766556
2604.0,0.4393105703626115,0.4556342510466306,0.4406762718238433,0.4603802531552857,-0.01632368068401907,-0.01970398133144241,0.031834090379986905,0.03440992053326126,-0.48175306049311456
2602.0,0.43914512367060576,0.45510643578786214,0.4421936905823667,0.4603548194266558,-0.015961312117256377,-0.01816112884428911,0.03194276703769011,0.0343389223713351,-0.47155058992464266
2600.0,0.4391879074259403,0.454646558594783,0.44158269522844057,0.46052192655858665,-0.015458651168842652,-0.018939231330146078,0.03214474184038048,0.034292117373750534,-0.4566626269904508
2598.0,0.4394606102664751,0.45425784038341127,0.4409839821675801,0.4609173108902728,-0.014797230116936178,-0.01993332872269271,0.03250535717368999,0.034277147228623926,-0.43634416124139414
2596.0,0.4399213095099818,0.4539219947708711,0.4403986932849364,0.46149093865698726,-0.014000685260889267,-0.021092245372050844,0.03307401510163283,0.03429678525975927,-0.41126461069727294
2594.0,0.4404628592825549,0.45361475924742417,0.439813042543207,0.4621425650178116,-0.013151899964869262,-0.02232952247460457,0.033835411706629556,0.03434175862367671,-0.38415655614745253
2592.0,0.44096603731896644,0.45330789079716977,0.4392318802728531,0.462755672481605,-0.012341853478203324,-0.023523792208751892,0.03470957007472531,0.034396452096186324,-0.35812302556754494
2590.0,0.44133274978610426,0.452977069162203,0.4386511210338552,0.4632333079099926,-0.011644319376098722,-0.024582186876137446,0.035582746712204114,0.03444518168335886,-0.33568948299885387
2588.0,0.44151347932600815,0.4525989080057272,0.4380759738736122,0.46316782353993496,-0.011085428679719067,-0.025091849666322774,0.03636872910905045,0.034480752504464515,-0.31775503348853607
2586.0,0.4415398981674972,0.4521791332784118,0.43751578685098863,0.4625860217408777,-0.01063923511091458,-0.025070234889889076,0.03704894475924715,0.034496348748218435,-0.30355152791124596
2584.0,0.44146503052356484,0.45173644225658666,0.43695265261782407,0.4620078551770538,-0.010271411733021818,-0.025055202559229717,0.037647247379690864,0.0345020524940172,-0.29190455612540006
2582.0,0.4413494150458126,0.451286258578514,0.43638556582543,0.46143075221932994,-0.009936843532701412,-0.025045186393899965,0.03820324995267973,0.03450851844910849,-0.2813496026654751
2580.0,0.4412175984412837,0.45083269078362315,0.4358256385758954,0.4608623761284619,-0.009615092342339426,-0.025036737552566524,0.03874140889674789,0.03451682319386767,-0.271244420566891
2578.0,0.44106050836142074,0.4503725112198599,0.43527912341197816,0.4603058135792066,-0.009312002858439139,-0.025026690167228416,0.03925593843731344,0.034521034391796344,-0.26179171777659066
2576.0,0.4408565683532883,0.44991106164863026,0.4347409852295295,0.4597593583517845,-0.00905449329534197,-0.025018373122255022,0.03971914751094314,0.03451315380014193,-0.25382387870003414
2574.0,0.4406172805456025,0.44946260943033745,0.43423622992621247,0.4592227744476305,-0.008845328884734938,-0.02498654452141802,0.04010426997682058,0.03448798110630931,-0.24746492330812908
2572.0,0.44036791455838964,0.4490259548895585,0.4337710453407035,0.4586997330840908,-0.008658040331168848,-0.0249286877433873,0.040444263047218584,0.0344550508881459,-0.24184941151983513
2570.0,0.44016578459276856,0.4486050657089216,0.4333138239106875,0.458183335424758,-0.008439281116153052,-0.024869511514070464,0.04084725002823717,0.0344396959841762,-0.2351831811058292
2568.0,0.44011139430700386,0.4482353431373184,0.43285993677761586,0.4576716147375435,-0.008123948830314531,-0.024811677959927614,0.04145628372289113,0.03446250163510848,-0.2253659165998525
2566.0,0.44029521994441306,0.44795512332383564,0.4324172844968395,0.45717630740182835,-0.007659903379422572,-0.024759022904988826,0.042383177744426494,0.03453534965576694,-0.2108500169254643
2564.0,0.44073319387765686,0.44777197219291065,0.4319886313915925,0.4567009861434475,-0.007038778315253791,-0.024712354751855015,0.043663024960129596,0.03466877010698134,-0.19155375698262322
2562.0,0.4413775453199621,0.44766620754170316,0.43158017978905994,0.45624010053746156,-0.00628866222174107,-0.02465992074840162,0.04526007882617675,0.03486435592852238,-0.16862159842177235
2560.0,0.4421676434560539,0.447614262465971,0.43119602052113043,0.45578936202359344,-0.005446619009917109,-0.024593341502463006,0.047091320196898497,0.035111525923849835,-0.14352404061786417
2558.0,0.44303375221544095,0.44759698542446624,0.4308399337701127,0.45535645053694307,-0.004563233209025297,-0.024516516766830365,0.04905247272123654,0.035390151424101055,-0.11800548949415969
2556.0,0.44387887471934295,0.44758663709855667,0.43050134532618445,0.45494580252371,-0.0037077623792137193,-0.024444457197525526,0.05101187248204456,0.03567603584717301,-0.09409655622591852
2554.0,0.4446043715562792,0.44754955748139114,0.4301685422424566,0.45455467596097504,-0.0029451859251119483,-0.024386133718518443,0.05281405719206667,0.03593648433578414,-0.07347420898378056
2552.0,0.4451645632742377,0.44746885143274473,0.4298436585757917,0.4541757701087886,-0.0023042881585070285,-0.024332111532996914,0.05436554683286672,0.036146519901317474,-0.05666351202143961
2550.0,0.4455934841769034,0.44735600082609117,0.4295350284027565,0.4538016695726234,-0.0017625166491877509,-0.02426664116986693,0.0556989218257678,0.03631159157583214,-0.04282197664515953
2548.0,0.44596636351898616,0.447233394380571,0.42923940556439943,0.45343990458307193,-0.0012670308615848613,-0.024200499018672494,0.05692409121107834,0.03645789962458872,-0.030448933240521458
2546.0,0.446336961791746,0.44711219377913514,0.428952501413008,0.45309324033839593,-0.0007752319873891578,-0.024140738925387928,0.058147302359476745,0.036608703523632734,-0.018427307661765997
2544.0,0.4467634239205397,0.44700987961885086,0.42868634565026886,0.4527539416570306,-0.00024645569831116543,-0.024067596006761727,0.059467421121481547,0.0367779276865575,-0.005789183084431578
2542.0,0.4473606436108707,0.4469748879008277,0.4284664386884175,0.4524288459354632,0.000385755710043012,-0.02396240724704568,0.061022298007528224,0.03699338061118748,0.008934069677140357
2540.0,0.4482385639097745,0.44704538016917295,0.4282791466165413,0.4521210112781955,0.0011931837406015666,-0.023841864661654166,0.06300909881076723,0.03730355443222252,0.02712890915767356
2538.0,0.44942479485976217,0.4472316746242889,0.42810703374626,0.4518174689138246,0.002193120235473245,-0.023710435167564603,0.0655273638534435,0.037748708203836245,0.04868868964341394
2536.0,0.45083589014576003,0.4475069436005646,0.4279582921141193,0.4515277994863911,0.0033289465451954436,-0.023569507372271814,0.06845916676265766,0.03831329511761843,0.07186848998699319
2534.0,0.45234827863480104,0.44782671145405006,0.4278290337488527,0.4512586872702241,0.004521567180750974,-0.023429653521371385,0.07157382812650229,0.03895801746256482,0.09476256229686575
2532.0,0.45388684901296844,0.4481665730213999,0.4277146131339739,0.45101030481433857,0.005720275991568546,-0.02329569168036466,0.07471731867620142,0.0396584420226932,0.11635380521682173
2530.0,0.4554034084293056,0.4485153821206203,0.4275953500759654,0.45076905395875577,0.006888026308685291,-0.023173703882790386,0.07780813490825098,0.04039884652880566,0.13605628142676549
2528.0,0.4568224048254869,0.4488490238018924,0.427479298253574,0.4505257468200839,0.007973381023594517,-0.02304644856650989,0.08071961576302787,0.041130985948196884,0.15324033012346386
2526.0,0.45805084738217594,0.4491297364229703,0.4273865156260533,0.4502786479198967,0.008921110959205614,-0.022892132293843404,0.08329107288627881,0.04179638870876653,0.16741146384204525
2524.0,0.45897970134196875,0.44930786672337064,0.42731090398805294,0.45004554334693625,0.009671834618598107,-0.022734639358883313,0.0853213445630993,0.04231698428540998,0.17818447273153115
2522.0,0.45948041690951513,0.44932868217202493,0.42724539884625357,0.44983484821104486,0.010151734737490203,-0.022589449364791292,0.08655082834140035,0.04259430260774004,0.1850552590381748
2520.0,0.4594230176950081,0.4491509609272508,0.4271901322005071,0.4496303898670476,0.010272056767757276,-0.02244025766654051,0.08671797934929437,0.0425447989381184,0.18716248712367958
2518.0,0.4587489717216918,0.4487629857790146,0.4271501576865041,0.44942440428750696,0.009985985942677245,-0.022274246601002856,0.08571265466790111,0.042139559151794154,0.18390157496341378
2516.0,0.4575034223830833,0.44818082339960646,0.42712178418831115,0.4492176656006451,0.009322598983476815,-0.02209588141233393,0.08366259407087097,0.04143454046993431,0.17527679564333884
2514.0,0.45583684663289264,0.44746435472690055,0.42710046119802336,0.4490223425792451,0.008372491905992097,-0.021921881381221753,0.08085940544595474,0.04054232448240718,0.16190666957221625
2512.0,0.45390296824491455,0.44667449928798664,0.42708121425349105,0.448828486299008,0.007228468956927914,-0.021747272045516963,0.07758048183641197,0.039561011419896784,0.14449178656450384
2510.0,0.45176344806093827,0.4458336251124574,0.42704737302373336,0.44862597852098257,0.005929822948480878,-0.021578605497249215,0.07396206190745441,0.03853156939036716,0.12301114130433638
2508.0,0.4494152440459215,0.44493812558335183,0.42698399294014544,0.44841535558540013,0.004477118462569651,-0.021431362645254692,0.07004488412709435,0.037461464333389385,0.09676283873801322
2506.0,0.44687614521832913,0.4439910589425255,0.42691447014793804,0.4482007717616191,0.002885086275803639,-0.021286301613681058,0.06588371937870599,0.03637330821601743,0.06519554229121727
2504.0,0.44421246602540815,0.4430077056569224,0.4268625282473425,0.44798778247990667,0.0012047603684857688,-0.021125254232564172,0.06161423033078925,0.03532135793000515,0.028522170161573906
2502.0,0.44151411624518405,0.44201696132636076,0.4268184526784927,0.4477741366067586,-0.000502845081176706,-0.020955683928265856,0.057416792569324394,0.03436221074815425,-0.012469372275631547
2500.0,0.4388592343000557,0.4410471871483685,0.4267760314828547,0.44756059884963006,-0.002187952848312802,-0.020784567366775364,0.05345248188270878,0.03353192535647584,-0.05669745717520554
2498.0,0.4362987646162063,0.4401152498723107,0.4267432834675474,0.44735061992159747,-0.003816485256104396,-0.02060733645405005,0.04983749899572294,0.03284545458303341,-0.1029378020796734
2496.0,0.43387069831113145,0.43923411516533484,0.4267166036733022,0.44714558883542216,-0.005363416854203384,-0.02042898516211994,0.04666003014139235,0.03230075365467056,-0.14979288149103764
2494.0,0.4316181060248585,0.43841590678004,0.4266926092294051,0.4469237069097386,-0.006797800755181493,-0.020231097680333487,0.04398144703717447,0.031887709641832435,-0.1954236217499432
2492.0,0.42957211810672485,0.4376725578863345,0.4266571252547303,0.44668745156234607,-0.00810043977960967,-0.020030326307615753,0.0418112814087459,0.03159282738784168,-0.2382464165476626
2490.0,0.42773838640453016,0.43700347512376786,0.4266161174689268,0.44645845490819336,-0.009265088719237702,-0.019842337439266555,0.040104399363587395,0.031395590912486296,-0.27724710097402333
2488.0,0.42608629477938925,0.43640027611747534,0.42659673799980297,0.44478949046802974,-0.010313981338086087,-0.01819275246822677,0.03878391386547639,0.031268866268113454,-0.3126060998259129
2486.0,0.4245752034705551,0.4358492668903065,0.4266088180512416,0.44244170133937616,-0.011274063419751401,-0.015832883288134536,0.03778482209429993,0.0311951636516567,-0.34484613095341365
2484.0,0.42317692773139753,0.4353345127819549,0.42661958278454754,0.4396458799455537,-0.012157585050557362,-0.013026297161006173,0.0370577835228552,0.0311605030671337,-0.3741819006386763
2482.0,0.4218882605845963,0.43485091356231625,0.4266224883718519,0.4370105293140817,-0.01296265297771998,-0.010388040942229781,0.036560083852186,0.031150098107945765,-0.40052342333386953
2480.0,0.4207117195995872,0.43439465599737614,0.42664089151728535,0.43459005641661186,-0.013682936397788947,-0.00794916489932651,0.036268623366659855,0.03116440477751497,-0.4235408022400086
2478.0,0.41963755505286454,0.4339658053124562,0.4219333503715299,0.4332379063110898,-0.014328250259591668,-0.011304555939559924,0.03614851730131028,0.031204460312754277,-0.4434858159599548
2476.0,0.4186644576875412,0.43356927071450235,0.41751698164645246,0.4325966282000093,-0.014904813026961172,-0.015079646553556869,0.03617247388335944,0.03126136774904797,-0.46063232589417064
2474.0,0.4178050817029727,0.4332147386380871,0.4135977925833936,0.43201102430114446,-0.015409656935114424,-0.01841323171775089,0.03630060819143385,0.03132153723510862,-0.47511770176161183
2472.0,0.41707389984755067,0.43290006487440424,0.41025422226226455,0.4314780231759234,-0.015826165026853578,-0.02122380091365883,0.03648630610507961,0.03137872362146066,-0.4866484339557465
2470.0,0.4164771885730435,0.4326238569162527,0.4075061082390032,0.4310073479136743,-0.016146668343209214,-0.023501239674671104,0.03670287139692017,0.031433636960392065,-0.4950874023899207
2468.0,0.41600846383717915,0.4323861765458906,0.4052881015037592,0.43060426145968367,-0.016377712708711467,-0.025316159955924455,0.03693460103298623,0.03148598164043918,-0.500716205055131
2466.0,0.41565132607297867,0.43218830538699565,0.40351349421314886,0.43025977033435137,-0.016536979314016986,-0.026746276121202506,0.03716584376127155,0.031532013686452094,-0.5041976822357831
2464.0,0.4153786364447164,0.43202642585467543,0.40216282615853693,0.4299681650924807,-0.016647789409959035,-0.02780533893394377,0.0373893950327389,0.03156932106121181,-0.5063146460996084
2462.0,0.41516603860493345,0.4318934756787624,0.40209236699576356,0.4297275815072258,-0.016727437073828955,-0.027635214511462225,0.03761025564476243,0.03159832533343768,-0.5075801426560694
2460.0,0.4150068109758311,0.43178559621887497,0.4020433906357758,0.42953197270820476,-0.01677878524304388,-0.027488582072428935,0.037830623980908445,0.031621045261341844,-0.5080555395908444
2458.0,0.41489552364001225,0.43170428133393784,0.4020081936702428,0.42936852224644934,-0.01680875769392559,-0.027360328576206516,0.038041588003259186,0.03163964993200491,-0.5079630138544259
2456.0,0.41482702308258707,0.4316477134136264,0.4019840341896075,0.42922968847711446,-0.016820690331039334,-0.02724565428750697,0.038242613539863905,0.03165554503844719,-0.5073924525867245
2454.0,0.41479887098589063,0.43161094063470634,0.4019775,0.4291122806726436,-0.01681206964881571,-0.027134780672643632,0.03843697786919286,0.031670197626997444,-0.5062418220171033
2452.0,0.414813247769003,0.43159445237595995,0.40198163553728006,0.42901494132127915,-0.016781204606956923,-0.027033305783999095,0.03862469688284809,0.03168229797759456,-0.5044781649525409
2450.0,0.41487440105314466,0.43160431579383185,0.4019952983132056,0.42894241268518185,-0.01672991474068719,-0.026947114371976277,0.038805166065066295,0.03168897323393949,-0.5021934784302864
2448.0,0.4149806274799066,0.43164303403065857,0.4020306496759139,0.4288999835493907,-0.016662406550751963,-0.026869333873476786,0.03897723409707135,0.0316893797674704,-0.4995287457416714
2446.0,0.4151227365038294,0.43170369722042523,0.40209222687463375,0.42889123482636854,-0.016580960716595816,-0.026799007951734788,0.039136162739805545,0.0316879236723181,-0.49652047006059385
2444.0,0.4152924969095312,0.43178264657770127,0.40217097523476675,0.42891523993912395,-0.016490149668170084,-0.0267442647043572,0.03928648157633057,0.03168750798622325,-0.49325715554052596
2442.0,0.4154884050588278,0.43188086355042227,0.4022613084453801,0.42896091707458084,-0.016392458491594486,-0.026699608629200733,0.03943430845521116,0.031686433181075196,-0.4898102193901162
2440.0,0.4157125642179714,0.4319965407490757,0.40236431763382097,0.4290230816990837,-0.01628397653110425,-0.02665876406526274,0.03957866056048161,0.031682970205758366,-0.48608554045097435
2438.0,0.4159641033595885,0.4321321278368728,0.4024827808256115,0.42910845380630636,-0.016168024477284326,-0.026625672980694848,0.03971551055020916,0.03167583204974421,-0.48221039574847496
2436.0,0.4162365602096957,0.43228842923341726,0.402606756485577,0.42921509688827125,-0.016051869023721577,-0.026608340402694275,0.03984363731285688,0.031665252379343346,-0.4784021344155427
2434.0,0.416520828735656,0.4324588747425149,0.4027289922919767,0.4293396674958906,-0.015938046006858886,-0.026610675203913914,0.03997067643113936,0.031652653469144525,-0.4746926580466642
2432.0,0.41681760687007074,0.43263775327114595,0.4028577638565525,0.4294759296879457,-0.015820146401075208,-0.026618165831393203,0.040093122913811584,0.031642584215535924,-0.47085534983033295
2430.0,0.41713063332641953,0.4328236037156469,0.40299938806066893,0.4296169390782992,-0.015692970389227345,-0.026617551017630248,0.040211439654206156,0.0316337568735102,-0.46674795848020595
2428.0,0.41745781695194734,0.43301851385833495,0.40316440098832784,0.4297569945839016,-0.015560696906387617,-0.026592593595573755,0.04032412533643393,0.031626221864506705,-0.4625000640558374
2426.0,0.41780278082820416,0.4332253786990993,0.40334899861810414,0.4299196237509787,-0.015422597870895116,-0.02657062513287456,0.04043947645209464,0.03161813682454733,-0.45808038365592224
2424.0,0.41817026505177574,0.4334472651619644,0.40355087530010214,0.4301037272816838,-0.015277000110188677,-0.026552851981581638,0.040550369986209304,0.031608720981316674,-0.45347174715094934
2422.0,0.4185513909598601,0.43368502888969346,0.40374764994736867,0.4303082396059652,-0.015133637929833355,-0.026560589658596534,0.040659916907756125,0.03159837468637148,-0.4489480458385049
2420.0,0.41894765829059744,0.4339402509652853,0.4039442686322602,0.4305339513730808,-0.014992592674687888,-0.02658968274082063,0.04076901246096634,0.03159006264359898,-0.44447926723145914
2418.0,0.4193557334133605,0.4342059964363679,0.40415699941924077,0.4307674534355539,-0.014850263023007404,-0.026610454016313123,0.04088068650482468,0.03158917721598453,-0.4398972710281199
2416.0,0.41977031460816894,0.4344738092231827,0.4043820154679001,0.43099724892533614,-0.014703494615013746,-0.02661523345743605,0.0409916514750246,0.031589982948326885,-0.43517698239905134
2414.0,0.4201827986658094,0.43474181381610677,0.4046049855328725,0.4312366988828163,-0.014559015150297394,-0.026631713349943797,0.04109987284838965,0.031585836523392176,-0.43058723498641344
2412.0,0.4205990913922738,0.435014807646811,0.4049482600466684,0.4314846962665284,-0.014415716254537192,-0.026536436219860016,0.04120352815652448,0.03157726135453975,-0.42609419335509324
2410.0,0.42101844647162834,0.43529592164011977,0.40561953303327436,0.43172422569755925,-0.014277475168491427,-0.02610469266428489,0.041309852476539594,0.031569158027084473,-0.42174235637591206
2408.0,0.42143546830454603,0.4355854586328954,0.4062478379940991,0.431960318678669,-0.014149990328349349,-0.02571248068456994,0.04142372665121934,0.03156432126915818,-0.4176592220125623
2406.0,0.42185222897988606,0.435882866897566,0.40684731847384764,0.4322069929116261,-0.014030637917679945,-0.02535967443777848,0.041537005813066706,0.031561613361251024,-0.41380417105266076
2404.0,0.42227561631000105,0.4361917925926298,0.40745796958532754,0.4324733989712265,-0.013916176282628756,-0.025015429385898957,0.04164511083804664,0.031563440811990265,-0.4100746387887201
2402.0,0.42271333133351663,0.43651461173149864,0.40810950740468027,0.4327678539649781,-0.013801280397982008,-0.024658346560297806,0.041750080946898124,0.03156832531899075,-0.40632105032901367
2400.0,0.4231685557036261,0.43685258236685964,0.40879907668355364,0.4330873394421082,-0.01368402666323354,-0.024288262758554557,0.041853900748519475,0.03157159120977879,-0.40252198772845643
2398.0,0.4236451391436913,0.43720916776990393,0.4095168802469264,0.43341798997023606,-0.013564028626212643,-0.023901109723309666,0.04195408564625177,0.03157330643479456,-0.3986726877015564
2396.0,0.42415069123831345,0.43758894265683085,0.4102671695765124,0.43375869312967,-0.0134382514185174,-0.023491523553157645,0.04205086420587573,0.031573521888255004,-0.3946823480477127
2394.0,0.4246842611342435,0.4379938227520858,0.41105706685472204,0.4341225559823387,-0.013309561617842303,-0.023065489127616634,0.04214909211566951,0.0315713068882668,-0.39062806289114843
2392.0,0.4252313370469277,0.4384130971642468,0.41188495610578174,0.4345046634560539,-0.013181760117319086,-0.022619707350272134,0.04224386807060337,0.03156998541183156,-0.3866078414911563
2390.0,0.42575769714183487,0.4388214816749718,0.4127337417488113,0.43487871224416774,-0.013063784533136946,-0.022144970495356464,0.04231666192806813,0.03156784887537045,-0.38295188549835435
2388.0,0.42619455933077866,0.4391675601889542,0.41356460184287347,0.4351814040891673,-0.012973000858175543,-0.02161680224629381,0.042343450319872966,0.03156303141296376,-0.380251876284259
2386.0,0.42642328229565835,0.4393543277898157,0.414316753452147,0.4353655922512717,-0.012931045494157356,-0.02104883879912467,0.04229431875877833,0.03155877117466825,-0.3791993488751951
2384.0,0.4262684132931642,0.4392377035355339,0.4149194649236976,0.4351867389396477,-0.012969290242369702,-0.020267274015950132,0.042117528094795124,0.03156383003582791,-0.38079427910973307
2382.0,0.4255351353817195,0.43866070964598314,0.41529838539857195,0.43443736442901515,-0.01312557426426364,-0.019138979030443204,0.041767243464331714,0.031594880437049645,-0.3861556945796457
2380.0,0.42403750836397014,0.4374808523727516,0.41538293792876363,0.43293263564876516,-0.013443344008781444,-0.017549697720001534,0.041228752585729424,0.0316939895733438,-0.39626959733740225
2378.0,0.421623565177261,0.43557800865370144,0.4151382850620427,0.43057783061145644,-0.013954443476440426,-0.015439545549413736,0.040543090552937935,0.03195137451556635,-0.41113369300610697
2376.0,0.4181314157821324,0.43283239835254944,0.41456544919393734,0.42712458895727806,-0.01470098257041702,-0.012559139763340721,0.03979029849059104,0.03251781398296808,-0.430133696453474
2374.0,0.4133591835934666,0.42908659754666856,0.4136575173061966,0.420233606915997,-0.015727413953201985,-0.006576089609800384,0.03915101981341765,0.03363616267571441,-0.4510332583385449
2372.0,0.4070023799124705,0.4241214776628064,0.41240166298074665,0.4169027025203391,-0.017119097750335877,-0.004501039539592466,0.03905540508599849,0.035687986996982314,-0.4700104991017463
2370.0,0.3989260724108249,0.4178690039193146,0.41085180966134477,0.4125686795829423,-0.01894293150848969,-0.0017168699215975303,0.04028821157155446,0.03908745152359981,-0.48147809013953335
2368.0,0.38933040710444927,0.4104993031043077,0.4005892873384133,0.40648220155067943,-0.02116889599985844,-0.0058929142122661204,0.04367817588383865,0.04405620503576554,-0.48136409828254606
2366.0,0.37902913699695584,0.4026171452102268,0.395442521972922,0.3987515007959509,-0.02358800821327095,-0.0033089788230288852,0.04933710059915036,0.05026561016289376,-0.471085895812016
2364.0,0.3696995700618614,0.3954747067473724,0.3934372564311308,0.3912542806687547,-0.025775136685511013,0.002182975762376138,0.055947294436289985,0.05652828422199009,-0.4569535666741948
2362.0,0.3635463173019583,0.39075264936239623,0.3923077300739949,0.38905845733882627,-0.027206332060437932,0.003249272735168618,0.06109842975578079,0.061040919279297626,-0.44561803899697383
2360.0,0.36265016485265816,0.39002044914694495,0.39246612655625324,0.3889615329775318,-0.027370284294286784,0.00350459357872146,0.06241235028096101,0.06208920117834022,-0.44033850424289656
2358.0,0.3683773023966683,0.3943032355703038,0.3941486493977214,0.3914611247932339,-0.02592593317363545,0.0026875246044874568,0.05864381560548776,0.058690907746445545,-0.4418113973618194
2356.0,0.38015951190044134,0.4032150055888649,0.39735991392273806,0.39957007435831016,-0.02305549368842358,-0.002210160435572095,0.05121947369159376,0.051641894033254226,-0.4472170660004411
2354.0,0.3950829213693475,0.4145889543506063,0.4082798038122699,0.41152845051360903,-0.019506032981258803,-0.0032486467013391196,0.04416872209033419,0.043683113035692334,-0.4454877064186902
2352.0,0.4092199669485769,0.4254432057213212,0.421000764826213,0.41993657301491827,-0.01622323877274434,0.0010641918112947457,0.04072040603492267,0.037708683119388985,-0.42289443677247673
2350.0,0.4186037991143424,0.4327314987574606,0.4247990219521808,0.42524764101560286,-0.014127699643118163,-0.00044861906342208435,0.040139452760135676,0.034918572400695416,-0.39156008489815636
2348.0,0.42123421633540925,0.4348430908690519,0.42674206606395604,0.42716779026294915,-0.013608874533642623,-0.000425724198993116,0.039923867364707696,0.03459252928945391,-0.38033811151487484
2346.0,0.4179251284385357,0.43224106843657817,0.4268258737704238,0.4258094624606562,-0.014315939998042482,0.0010164113097675953,0.03966003391287525,0.03627307924447714,-0.3867930208384734
2344.0,0.41289367569522595,0.4280108924636119,0.4262190273838352,0.4232909627834443,-0.015117216768385955,0.0029280646003909117,0.040162911308321454,0.03933032797088798,-0.38264589055086284
2342.0,0.4112223246625633,0.42611833598704435,0.4261821742951812,0.4214213137409192,-0.01489601132448104,0.004760860554262003,0.04050143386774547,0.041590304225998215,-0.3601249691251331
2340.0,0.4128075505208685,0.4268429029762615,0.4268447771854955,0.4218929673815537,-0.014035352455393002,0.004951809803941831,0.040060399349196946,0.04210621985520218,-0.33670947252357053
2338.0,0.41430062807881773,0.42807589568965515,0.42785929950738916,0.42311388916256154,-0.013775267610837416,0.004745410344827616,0.03997569571878532,0.04152039149986301,-0.33435111077923785
2336.0,0.41432614368605825,0.4287880076944117,0.42900419347060675,0.42422486337249987,-0.014461864008353476,0.004779330098106882,0.040735035062483174,0.04049968945600174,-0.3566484843318286
2334.0,0.4139013084246387,0.429218699953267,0.43007488249996106,0.4248642666488636,-0.015317391528628321,0.005210615851097444,0.04167191224204649,0.03961548885524776,-0.3823880281418585
2332.0,0.41427285848141826,0.4299232175860508,0.43105441115161436,0.4253000182913233,-0.015650359104632527,0.005754392860291058,0.04216417905272894,0.03898949792527253,-0.3944245720688355
2330.0,0.4161907533380694,0.43153939590992535,0.43223775861934866,0.4264359738671306,-0.015348642571855975,0.005801784752218042,0.0421780832527553,0.03818511851933379,-0.39295362784164156
2328.0,0.4194035928618467,0.43406865657619087,0.4337520496263955,0.4282645979733058,-0.014665063714344173,0.0054874516530897255,0.04201585610586577,0.03708536507779904,-0.384140342972523
2326.0,0.4226841701857914,0.4366698746814252,0.4353014149265496,0.4301813901146483,-0.0139857044956338,0.005120024811901325,0.04196157483888397,0.03608364375077898,-0.3739697557067575
2324.0,0.4254634191396467,0.43892606819351476,0.4367219193574314,0.43185211245987837,-0.01346264905386807,0.0048698068975530084,0.042082904642964505,0.03532482825129286,-0.3653293349480312
2322.0,0.42833072432603386,0.44124888226532377,0.4381920165179334,0.4335821679560903,-0.01291815793928991,0.0046098485618430995,0.04236789150096102,0.03463490891155417,-0.35489750349761257
2320.0,0.4317680486904399,0.4439945366549177,0.4398543860415554,0.43566234546359633,-0.012226487964477839,0.0041920405779590775,0.04279485864787533,0.033935348957127964,-0.33979224111205564
2318.0,0.43528644134331695,0.4468070031940139,0.441571265912544,0.4406607000611873,-0.011520561850696942,0.0009105658513566817,0.043309351562928304,0.03337220223707695,-0.32275114680500866
2316.0,0.4381856096338623,0.4491515699515105,0.4431440824652192,0.4448088627748883,-0.010965960317648182,-0.0016647803096691005,0.043795864513748846,0.033038452676897964,-0.3082531018688133
2314.0,0.44037919503139744,0.45095318577959814,0.4445243336047001,0.4478604505291652,-0.010573990748200701,-0.00333611692446506,0.044207472093876696,0.03287626568635763,-0.2973304774105845
2312.0,0.4422922625913269,0.4525287844023689,0.44585464726654256,0.44991062766073286,-0.010236521811041954,-0.004055980394190306,0.04459120159076694,0.03278554591085331,-0.28756041409539623
2310.0,0.44426863909702297,0.45415504940990703,0.4472357846731414,0.4518027687372633,-0.009886410312884064,-0.004566984064121926,0.044993296864835934,0.032708338636284175,-0.2773324974579962
2308.0,0.44628334690771637,0.4558362165463882,0.4486188438224329,0.4537245321841733,-0.009552869638671801,-0.0051056883617404125,0.045413241829479145,0.032638867270293914,-0.26751241226862327
2306.0,0.4481928999823698,0.45747129032014994,0.4499658153444887,0.45554711677668247,-0.009278390337780162,-0.005581301432193764,0.04581526271987427,0.03259399566079709,-0.25927663299206577
2304.0,0.44989953230473273,0.4589764455144452,0.4512585579281415,0.45720613280460054,-0.00907691320971249,-0.0059475748764590275,0.046154156104625865,0.032577399391727546,-0.25308315420156113
2302.0,0.4514027898055484,0.4603418106332642,0.45248811742286754,0.4587127567993259,-0.008939020827715805,-0.006224639376458341,0.04642107085099797,0.03257483192213888,-0.24874869518151976
2300.0,0.45280039526110827,0.4616364523023927,0.4537034542600245,0.46012720732586293,-0.008836057041284429,-0.006423753065838422,0.04664864054170277,0.032574886087323514,-0.2454598318847058
2298.0,0.45418979929842207,0.46292711192756975,0.4550022765113999,0.4612041832036131,-0.008737312629147675,-0.0062019066922132104,0.0468662570861647,0.032570772461864204,-0.2423362581252961
2296.0,0.45559198825518143,0.46423066040541017,0.456431407874473,0.46231417231437744,-0.008638672150228732,-0.005882764439904431,0.04708082115334331,0.032556374204264334,-0.2392781658612055
2294.0,0.45700142244012215,0.4655514146891577,0.4579777800996624,0.4634635854364251,-0.008549992249035576,-0.0054858053367626836,0.04729180298188336,0.032532399475869,-0.2365534380962794
2292.0,0.45842659012138914,0.4669016703026236,0.45962401060922686,0.4646548716496155,-0.00847508018123444,-0.0050308610403886345,0.04749151467489841,0.032502066733821,-0.23426326661371322
2290.0,0.45987388001877105,0.4682824717763002,0.4613520163753365,0.4658741408263375,-0.008408591757529171,-0.004522124451000975,0.04767226617983807,0.032468971990286255,-0.23225480750102007
2288.0,0.4613490725974977,0.4696933572372584,0.46315050733467816,0.4671171097959047,-0.008344284639760724,-0.003966602461226543,0.047838832000115655,0.03243466972092203,-0.23033876740807385
2286.0,0.46284051921690833,0.4711216785384182,0.4650040226910931,0.4683918722679685,-0.008281159321509857,-0.0033878495768754346,0.04799977967405961,0.03239352942925933,-0.22849685160753655
2284.0,0.4643068071464498,0.4725328414415469,0.46689755763516916,0.4696895802199626,-0.008226034295097107,-0.002792022584793441,0.048153111133431514,0.032343376652655915,-0.2269291234741782
2282.0,0.46569550987814373,0.47388669063553285,0.4687979124967593,0.4709695757065077,-0.008191180757389116,-0.002171663209748431,0.04828166652177601,0.03228839950998748,-0.22598442173033179
2280.0,0.4670135509305111,0.475195686194426,0.4706939048410431,0.47223037291095193,-0.00818213526391487,-0.001536468069908814,0.04837854534222669,0.03223264816591584,-0.22580950776614997
2278.0,0.46831856835588104,0.47650440556034857,0.4726066228331719,0.47350043935473507,-0.008185837204467528,-0.0008938165215631733,0.04846480722046519,0.03218026870688588,-0.22598956424449257
2276.0,0.4696495736086409,0.47783317238681033,0.4745496111505775,0.474791011661853,-0.008183598778169432,-0.00024140051127552464,0.04856476572225616,0.03213506517856873,-0.22594958230646195
2274.0,0.4709997290472955,0.47916781392435087,0.4765120632768301,0.47608498954503725,-0.008168084877055393,0.0004270737317928486,0.04868745944092226,0.032090230234108036,-0.22550072441431984
2272.0,0.4723312806389389,0.4804895398212221,0.4784662140201503,0.47735765008348413,-0.00815825918228319,0.001108563936666196,0.04882624371849569,0.03204607360180423,-0.22517683809980912
2270.0,0.4736467636154337,0.48179806704884853,0.480400001763019,0.4786071118765264,-0.008151303433414858,0.0017928898864926213,0.048974517435256,0.03200588515471449,-0.2248974316849823
2268.0,0.47496169329689775,0.48309639391777853,0.48230749718694765,0.4798469743610353,-0.008134700620880786,0.002460522825912359,0.049123171012408554,0.031970605322720565,-0.22432939836858845
2266.0,0.4762866878782065,0.4843937156632582,0.4842081185734064,0.4810825269443768,-0.00810702778505168,0.0031255916290295893,0.04926507014481856,0.031935945477610334,-0.2234651320638889
2264.0,0.47762219442831205,0.48569037401882925,0.4861086399274045,0.4822998962341196,-0.0080681795905172,0.0038087436932848773,0.049410865524685994,0.0319065323870161,-0.2222637822160256
2262.0,0.4789653230265851,0.4869914627994863,0.48800947911859394,0.4835209439606224,-0.008026139772901175,0.0044885351579715405,0.049565220296994686,0.03188106785114285,-0.2209435839466479
2260.0,0.4803002785103526,0.48829137442977355,0.48987450380086184,0.4847566858675869,-0.007991095919420932,0.005117817933274926,0.04972081338151904,0.03186125674859358,-0.21979115990769968
2258.0,0.48160583376285315,0.4895713760704507,0.49166834510839963,0.48597769091811804,-0.00796554230759755,0.0056906541902815855,0.04986659132936507,0.0318470401486422,-0.21889455368536256
2256.0,0.48287161399733486,0.49081325836559064,0.493363670515061,0.48715082048446734,-0.007941644368255785,0.006212850030593686,0.050004060269251326,0.03183561566262016,-0.21804724314613227
2254.0,0.48409781531856205,0.4920140074040321,0.4944819153517482,0.4882846643133818,-0.007916192085470064,0.00619725103836638,0.050134042615740636,0.031826325945985924,-0.21716241926332722
2252.0,0.48531389803008534,0.4932058058131665,0.4955747079740317,0.489413108215669,-0.007891907783081131,0.006161599758362668,0.05025064485528312,0.031823675278975165,-0.21630659373660424
2250.0,0.4865572295658307,0.49444339772350154,0.4967098698995598,0.49057643356140235,-0.007886168157670848,0.006133436338157439,0.05035272298384801,0.031821976341822385,-0.21598087629082613
2248.0,0.4878700396834862,0.4957811955440989,0.4979432450959549,0.4918165847662185,-0.007911155860612695,0.006126660329736411,0.05044704783664237,0.03181561475740256,-0.21652867301703005
2246.0,0.48927477162561583,0.49723510466764986,0.49929896310604105,0.49315444847031387,-0.007960333042034029,0.006144514635727183,0.05053300257615132,0.031801596945413506,-0.21778304514136992
2244.0,0.4907292359489969,0.49874761423326824,0.5007126353765343,0.49453899184474026,-0.008018378284271321,0.00617364353179406,0.05060806166246496,0.031786159365953456,-0.21930352216892962
2242.0,0.49211899417685145,0.5001973757395605,0.5020586850210784,0.49586078462776956,-0.008078381562709014,0.006197900393308864,0.050674391037735786,0.031775740398702804,-0.22087098584835246
2240.0,0.4933202067814011,0.501451691981439,0.5032196923402004,0.4970029845126548,-0.008131485200037925,0.006216707827545576,0.05072555066841743,0.03178079589776914,-0.2222111460659781
2238.0,0.4942596815831911,0.5024236232100818,0.5041194989266324,0.49789695401501666,-0.008163941626890714,0.006222544911615779,0.05075373696225255,0.03180959202436877,-0.2229276976860161
2236.0,0.49493460633338693,0.5031042686598073,0.5047525173579603,0.4985273797711705,-0.008169662326420357,0.006225137586789831,0.05076728554951655,0.03186312018186889,-0.22283644839787312
2234.0,0.4954075129711539,0.5035681597693946,0.5051792761510181,0.4989559866749459,-0.008160646798240745,0.006223289476072202,0.05077975877637601,0.03193792986580564,-0.22225720365153875
2232.0,0.4957705380656569,0.503918897732252,0.5054757207766617,0.4992882889251288,-0.00814835966659505,0.006187431851532921,0.05080129678877941,0.032024235987084045,-0.2215270061151668
2230.0,0.496094704069463,0.5042322705628309,0.5056990833726556,0.49959987347745155,-0.008137566493367943,0.006099209895204016,0.050831343813719086,0.03210901025477977,-0.2208311847218365
2228.0,0.4963847851035255,0.5045104218946881,0.5058634640992269,0.49988725761727965,-0.008125636791162572,0.005976206481947244,0.05086727158099593,0.03219171035648088,-0.22010522559290993
2226.0,0.496591717085818,0.5046964174066632,0.5059420194451646,0.5000985945164635,-0.008104700320845148,0.0058434249287010465,0.05090215813435601,0.03228149338653564,-0.21911107577391362
2224.0,0.496644274603191,0.504712561309476,0.5058578174601117,0.5001576337301855,-0.008068286706284955,0.0057001837299262,0.05092986491071209,0.03238949922284055,-0.2176413370769723
2222.0,0.4964941828173045,0.5045114973493138,0.5055632412976858,0.5000085255521102,-0.008017314532009268,0.005554715745575645,0.050953423237800374,0.032523775163556895,-0.21568750303539896
2220.0,0.49614951743314795,0.5041003339900363,0.5050681837662236,0.4996661093344084,-0.00795081655688834,0.005402074431815229,0.050972737708846895,0.03268289433163414,-0.21323549410873693
2218.0,0.49566582779970025,0.5035390284638465,0.5044259725383845,0.49919926820446875,-0.007873200664146207,0.005226704333915755,0.05099020592083748,0.032863018279807366,-0.21042142833395544
2216.0,0.49513431785160567,0.5029283620928529,0.5037324394480714,0.49886259957817175,-0.007794044241247189,0.004869839869899695,0.0510045250560622,0.033054413807319716,-0.207546172308972
2214.0,0.4946357765010293,0.5023647581179901,0.5030687081995945,0.4985969367931719,-0.007728981616960784,0.0044717714064225755,0.05101057646536407,0.033245378709366384,-0.20507872740763802
2212.0,0.4942325459759089,0.5019152074772103,0.502502564700209,0.4984212698274834,-0.007682661501301424,0.004081294872725627,0.0510131332763322,0.033428047716849076,-0.20315929138770814
2210.0,0.49394951509981855,0.5016005778244101,0.5020712299455535,0.498371893738657,-0.007651062724591595,0.003699336206896553,0.051022632371753,0.0336005346693405,-0.20166679099272153
2208.0,0.4937742447977972,0.5014097668350501,0.5017615843967622,0.4984305032576964,-0.007635522037252929,0.003331081139065828,0.05104035432952516,0.03375972175633056,-0.20064155557539087
2206.0,0.4936961110961312,0.5013313887859021,0.5015477797626147,0.4985666639141099,-0.007635277689770903,0.002981115848504745,0.05105588272563906,0.033905260735369105,-0.2000758172190258
2204.0,0.4937085569636663,0.5013515989400495,0.5014225916899575,0.49876833800446974,-0.007643041976383269,0.002654253685487773,0.051052822536920846,0.03404145037132788,-0.19978330776682723
2202.0,0.4938027854405734,0.5014646673929938,0.5013837047254098,0.499049414878585,-0.007661881952420402,0.002334289846824822,0.05103540346934378,0.03417073365661691,-0.199826551010465
2200.0,0.49397546353920896,0.5016637546935523,0.5014222306340127,0.4994076734823776,-0.00768829115434333,0.0020145571516351213,0.05101123393116923,0.034287991323165436,-0.2001197268071655
2198.0,0.4942342223218962,0.501960707537004,0.5015492815178557,0.4998542702202738,-0.00772648521510777,0.0016950112975819276,0.050984560137086105,0.03438934663239879,-0.2007793493550784
2196.0,0.49458772681500224,0.5023624010724277,0.5017685583170427,0.5003841128189639,-0.007774674257425451,0.0013844454980788123,0.05095396229272896,0.03447521584914805,-0.20175848462717594
2194.0,0.4950285873938947,0.5028702579347202,0.5020658942525577,0.500997201278448,-0.007841670540825463,0.0010686929741096085,0.05091636834978064,0.034546525540226955,-0.20328640456254574
2192.0,0.4955490255871112,0.5034729888740206,0.5024338817143805,0.5016875135661729,-0.007923963286909363,0.0007463681482076101,0.05086839631217551,0.034607279652678444,-0.20526193834505888
2190.0,0.49614472931034487,0.504149976860254,0.5028730804900181,0.5024436185571688,-0.008005247549909111,0.00042946193284931766,0.05081312108137586,0.03465793052282858,-0.20725723255228432
2188.0,0.496807358572162,0.5048889980104458,0.5033857079299563,0.5032621801935173,-0.008081639438283827,0.00012352773643897752,0.05076126910478693,0.03469796684104725,-0.20915910158464235
2186.0,0.49752393384530025,0.5056801307405069,0.5039594451675128,0.5041342587412043,-0.008156196895206635,-0.0001748135736915346,0.050719150838461985,0.034729717339559686,-0.21102931508659553
2184.0,0.4982874889863158,0.5065125520463337,0.5045739176099684,0.5050468905139202,-0.008225063060017912,-0.0004729729039517627,0.05068866431308619,0.03475558421588149,-0.21275643006303566
2182.0,0.49909025024241516,0.5073748049951777,0.5052110739897642,0.5059854921416016,-0.008284554752762574,-0.0007744181518374305,0.0506732343415945,0.03477598168301515,-0.2142386483025501
2180.0,0.4999405197847042,0.5082660950309434,0.505886300719208,0.5069457164274491,-0.008325575246239225,-0.0010594157082410849,0.050677116620530316,0.03478813674082252,-0.21524543928650486
2178.0,0.5008377874576746,0.5091915557752488,0.5066168096613448,0.5079303413969852,-0.008353768317574173,-0.0013135317356404164,0.050698368581419434,0.03479279987215485,-0.21592312069469044
2176.0,0.5017782809007991,0.5101559790557217,0.5073970394371821,0.5089471487184407,-0.00837769815492262,-0.0015501092812586492,0.05073396221540293,0.03479568509588769,-0.21647523006711702
2174.0,0.5027578845326185,0.5111558466267352,0.5082158779446309,0.509984363264904,-0.008397962094116695,-0.0017684853202731832,0.05077911735470564,0.034797387050444474,-0.21692219750231131
2172.0,0.5037691905279206,0.512185893712147,0.5090566533878487,0.5110318086566832,-0.008416703184226382,-0.0019751552688345164,0.05082512594711523,0.03479584361411423,-0.21734108862912085
2170.0,0.5048014774228675,0.5132425479015428,0.5099330034482759,0.5120867109800362,-0.008441070478675261,-0.0021537075317603627,0.05087200251870875,0.03479037178134462,-0.217919243385285
2168.0,0.5058555620193828,0.5143289551081534,0.5108645484208014,0.5131524009598083,-0.008473393088770598,-0.002287852539006874,0.050925621451479525,0.03477933256372268,-0.21871414256494612
2166.0,0.5069399857973254,0.5154524046965014,0.5118445137696979,0.5142248456710103,-0.008512418899176089,-0.0023803319013124824,0.05098879273446657,0.03476520902339939,-0.21967903473256292
2164.0,0.508066419137054,0.5166183480996988,0.5128856976888894,0.515309332917641,-0.008551928962644784,-0.002423635228751664,0.05105699655290741,0.03474442336197082,-0.22067481404765427
2162.0,0.5092489386469348,0.5178372936238664,0.5139936466365226,0.5164280964967773,-0.008588354976931667,-0.0024344498602547615,0.05113197591952307,0.03471079121691772,-0.22163180637869553
2160.0,0.5105005444825279,0.5191238858699527,0.5151663200476015,0.517597706104713,-0.008623341387424821,-0.002431386057111462,0.05121974674150384,0.034663352552597775,-0.2225870683098023
2158.0,0.5118260561521588,0.5204843578454025,0.5163984871869991,0.5188259605861518,-0.008658301693243664,-0.002427473399152724,0.051318533474310396,0.03460859863257803,-0.22355366657597714
2156.0,0.5132171308004626,0.5219021788825959,0.5176993103613671,0.5200909781580081,-0.008685048082133329,-0.002391667796641017,0.05142917668508397,0.034547632238183475,-0.22431418608568068
2154.0,0.5146459261083742,0.523353563731527,0.5190510312418977,0.5213843489110707,-0.008707637623152742,-0.002333317669172996,0.05154799558715055,0.03448071013840282,-0.22497800507338397
2152.0,0.5160816048607474,0.5248113474700027,0.5204142246734526,0.5226681542810252,-0.008729742609255298,-0.0022539296075726467,0.05167318879896179,0.03440920229952603,-0.22563714951819913
2150.0,0.5174911096001578,0.5262546948526649,0.5217772586737949,0.523907048103199,-0.008763585252507089,-0.0021297894294041164,0.05177967393682057,0.03433818654742743,-0.22662811906859903
2148.0,0.51887797805819,0.5276925451846567,0.5231734475968494,0.525111478660987,-0.008814567126466666,-0.0019380310641375909,0.05185501585622742,0.034270560986111524,-0.22810057407135687
2146.0,0.5202597761017571,0.5291540017754963,0.5246133698036307,0.5263136601184333,-0.008894225673739209,-0.001700290314802566,0.05190586365694844,0.034206578416653866,-0.2303431304656204
2144.0,0.5216560750372048,0.5306612325034936,0.5261197750595019,0.5275299602931797,-0.009005157466288827,-0.001410185233677752,0.05193715790054843,0.034144945070173634,-0.23342293020095053
2142.0,0.5230534939383253,0.5321869908893395,0.5276698139496294,0.5287490522346268,-0.009133496951014175,-0.0010792382849973414,0.051941935304451924,0.03408663803371559,-0.23699149063512842
2140.0,0.5243824645425744,0.5336430400996106,0.5291614560204511,0.5299148910946794,-0.009260575557036188,-0.0007534350742283147,0.05192706914691093,0.0340373334713611,-0.24053001843676475
2138.0,0.5255162745305962,0.5348916605023114,0.5304354250820582,0.5309154107575278,-0.009375385971715167,-0.00047998567546958526,0.05190022942478433,0.034010317864034835,-0.24367962600111837
2136.0,0.5263202316788609,0.535785015125829,0.5313612379635055,0.5316301964210712,-0.009464783446968106,-0.00026895845756569337,0.051856488432404015,0.03402205209817548,-0.24603022151041623
2134.0,0.5267062696551724,0.5362257038874125,0.531868909126264,0.5319779327456573,-0.00951943423224011,-0.00010902361939335581,0.05178410832139415,0.03408304646683777,-0.2473088098467607
2132.0,0.5266735625664373,0.5362191211560349,0.5319580222814504,0.5319655258463788,-0.009545558589597603,-7.5035649284016515e-06,0.05167883232594919,0.034191400042659296,-0.24769117677133604
2130.0,0.5263495090743632,0.5359020016570435,0.5317620606323017,0.5316956760659783,-0.009552492582680316,6.638456632335199e-05,0.05155323347047964,0.03433022075727064,-0.24747318260361853
2128.0,0.525932760164583,0.5354817663701511,0.5314810427350649,0.5313337105200387,-0.009549006205568089,0.00014733221502616356,0.051432656712416015,0.03447760157773552,-0.2469364701468594
2126.0,0.5255892024957091,0.5351357630956023,0.5312689576538364,0.5310305048846,-0.009546560599893228,0.0002384527692363969,0.05133126798880587,0.0346177308503884,-0.2464245415714169
2124.0,0.5254064066248035,0.5349575110528982,0.5311955351540827,0.5308653235528984,-0.009551104428094703,0.0003302116011842937,0.051250209509392734,0.03474219251099859,-0.24612688534826507
2122.0,0.5254147683652146,0.5349684349883459,0.5312968895675936,0.5308592328403794,-0.009553666623131285,0.00043765672721418625,0.05119441248870936,0.0348443177211663,-0.24583345151441788
2120.0,0.5256025901291671,0.535148996762721,0.5315826928561428,0.5310028047884118,-0.009546406633553883,0.0005798880677310159,0.05116616411389967,0.03492424631311731,-0.24533869202459505
2118.0,0.5259333676776372,0.5354703180094347,0.5320121344716906,0.5312649937322078,-0.009536950331797467,0.0007471407394827878,0.051158573062977705,0.03498671289850689,-0.24483028214972882
2116.0,0.5263782904174229,0.5359091615018149,0.5325483079854809,0.5316268054900181,-0.00953087108439199,0.0009215024954628559,0.05116139863979134,0.035034522877837954,-0.24445651452630154
2114.0,0.5269148365422011,0.5364493627990327,0.533163429746281,0.5320852892518059,-0.0095345262568316,0.0010781404944750772,0.05115593372141376,0.035069741000322896,-0.2444030757709471
2112.0,0.5275139547993011,0.5370755777168967,0.5338147851968619,0.53263831166289,-0.009561622917595658,0.001176473533971878,0.0511237236276796,0.03509060583632032,-0.2450604532763751
2110.0,0.5281574438608044,0.5377723195141585,0.5344907679374231,0.5332530412403876,-0.00961487565335406,0.0012377266970354794,0.05105513622572853,0.03509761421693736,-0.24651332774065884
2108.0,0.5288460708318858,0.5385374690337359,0.5352257021612541,0.533918182722672,-0.009691398201850054,0.0013075194385820943,0.05095599213849976,0.035098586397493005,-0.24864493051449793
2106.0,0.5295837249482761,0.5393644631866052,0.5360154385380422,0.5346281800586982,-0.009780738238329145,0.0013872584793440668,0.05082447908213651,0.035094391378267704,-0.25118937472282604
2104.0,0.530363833596922,0.540242757237939,0.5368363692047229,0.5353750386632685,-0.009878923641017057,0.0014613305414543643,0.050678485719976706,0.035081275199290295,-0.2540334177476639
2102.0,0.5311808847711446,0.541165693474982,0.5376751600847286,0.5361646171720654,-0.009984808703837444,0.0015105429126631709,0.05053916733474231,0.035059255206906594,-0.25711248171312856
2100.0,0.5320361120580136,0.5421177695758317,0.5385505979227485,0.5369913321618762,-0.010081657517818088,0.001559265760872286,0.050411691192863844,0.03502944977123019,-0.2599823218751208
2098.0,0.5329219543842364,0.5430874450123153,0.5394490753694582,0.5378293573891626,-0.010165490628078921,0.0016197179802955874,0.05029247126187812,0.034996187192331586,-0.2625256053847312
2096.0,0.5338283832310956,0.5440578183092128,0.540360233250022,0.5386602974770678,-0.010229435078117244,0.001699935772954242,0.0501800658715667,0.03496182748459666,-0.26455442229686293
2094.0,0.5347470402616528,0.5450201861913472,0.5412771050059372,0.539476925054835,-0.010273145929694416,0.0018001799511021543,0.05007565506712736,0.03492633640319376,-0.26605544478043575
2092.0,0.5356647352126772,0.5459626735990479,0.5421914075763155,0.5402590393944029,-0.01029793838637072,0.0019323681819125582,0.04997967232175782,0.03488893915775174,-0.26706345809146553
2090.0,0.5365885534713328,0.546893578443494,0.5431170310887681,0.5410297553746157,-0.010305024972161125,0.002087275714152348,0.049888024278286563,0.03485116907769643,-0.2676080233500658
2088.0,0.5375436991537509,0.5478362672939537,0.5440633917506262,0.5418272492947924,-0.010292568140202851,0.0022361424558338117,0.04979924233812074,0.034812213923377876,-0.2676462796797032
2086.0,0.5385429841017159,0.5488017824658025,0.5450327415076924,0.5426289011594443,-0.010258798364086608,0.002403840348248143,0.04970989643967705,0.03477038565223492,-0.26714499901179783
2084.0,0.5395821047181503,0.5497893243164411,0.546037108480122,0.5434287742415128,-0.010207219598290851,0.002608334238609178,0.04961785852220352,0.034722650301934326,-0.2662122760677341
2082.0,0.5406519688178957,0.5508066246796427,0.5470868741022862,0.5443064665791206,-0.01015465586174702,0.002780407523165551,0.049520000047452516,0.0346667527870111,-0.2653023577146796
2080.0,0.5417671543323828,0.5518663121710526,0.5481914656209489,0.5452262213507908,-0.010099157838669881,0.002965244270158096,0.049416904277388915,0.034601836818767134,-0.26436695216431505
2078.0,0.5429484588827644,0.5529809284402208,0.5493609136716948,0.5461991493367937,-0.010032469557456403,0.003161764334901118,0.04931292784113159,0.034531676313062115,-0.2631619295292615
2076.0,0.5442110035027042,0.5541708971166536,0.5506055483896896,0.5472389627160348,-0.009959893613949333,0.003366585673654776,0.04920279859225425,0.03446045542329886,-0.2618139249691979
2074.0,0.545566471983552,0.5554528651483204,0.551940711235617,0.5483588462789926,-0.009886393164768359,0.003581864956624492,0.04908485920730479,0.03438628393451966,-0.2604648865871014
2072.0,0.5470331372121482,0.5568402242664026,0.5533954734224868,0.5495670360472593,-0.009807087054254371,0.0038284373752275336,0.0489685473594701,0.034301266137768786,-0.259006503651909
2070.0,0.5486144190618665,0.5583412468709651,0.5549691798331354,0.5508736365704612,-0.009726827809098615,0.0040955432626742505,0.04885205024110254,0.03420387825787284,-0.2575764128844389
2068.0,0.550301654575294,0.5599542872152595,0.5566479683538069,0.5522836230820686,-0.00965263263996552,0.004364345271738346,0.04873000789493694,0.034097827068001706,-0.25635206862784643
2066.0,0.5521220141274871,0.5616992746667115,0.5584605718663631,0.5538119988747789,-0.009577260539224475,0.004648572991584166,0.04861259071820063,0.03398368651290905,-0.2551199615546052
2064.0,0.5541457604808893,0.5636344496220527,0.560479288051397,0.5555815500502979,-0.009488689141163409,0.004897738001099161,0.048512110461336785,0.03386259170904378,-0.2535300027772837
2062.0,0.5563941038340481,0.5657873429956936,0.5627191921483425,0.5575839270019342,-0.009393239161645472,0.005135265146408385,0.04842493949692155,0.0337292210853424,-0.2517804475054677
2060.0,0.5588442214519057,0.5681481862028456,0.5651561885532799,0.5597883284742029,-0.009303964750939864,0.005367860079076969,0.04833748605301126,0.033577004689509936,-0.25027645699340956
2058.0,0.5615260244255927,0.5707494181169982,0.5678350972642091,0.562222377703512,-0.009223393691405457,0.005612719560697088,0.048262538136692644,0.03340782997597125,-0.24905438901057667
2056.0,0.564494876316431,0.5736407766561039,0.5708136816376376,0.5652516808702057,-0.009145900339672886,0.005562000767431852,0.048204187911347535,0.033229607951554004,-0.247918255362842
2054.0,0.5678131132713857,0.5768826257188191,0.5741405409746384,0.5690838801134036,-0.00906951244743337,0.005056660861234796,0.048158544410246994,0.03303986134064114,-0.24683379940616557
2052.0,0.5715517985361751,0.5805532888927198,0.5778725570388534,0.5723425439199171,-0.009001490356544739,0.0055300131189363055,0.04812879872686982,0.03283665924645943,-0.2460023994759596
2050.0,0.5758007382201804,0.5847570382064717,0.5821121887623089,0.5756471019854708,-0.008956299986291327,0.006465086776838103,0.04812206640120706,0.03262600569419597,-0.24578123817282146
2048.0,0.5807037190732738,0.5896438218640943,0.5869943544368447,0.5802296928457717,-0.00894010279082047,0.006764661591072918,0.0481540860487866,0.0324126297210751,-0.24629448516385005
2046.0,0.5863492775614332,0.5953057260025224,0.5925890985657318,0.5857066102586967,-0.008956448441089226,0.006882488307035084,0.048232119644759784,0.03220280868302368,-0.24760321497330318
2044.0,0.5928215468677889,0.6018132998176051,0.5989832589278767,0.5920373445302329,-0.008991752949816245,0.006945914397643804,0.04837303358176798,0.03201253423858181,-0.2492257898694741
2042.0,0.6001295282499353,0.6091697500340291,0.6061963940627431,0.5992295522167488,-0.009040221784093805,0.006966841845994276,0.048593938527236674,0.03187022737987104,-0.2508263461282905
2040.0,0.6081182288424742,0.6172158439635717,0.6140454565052813,0.607133951327709,-0.009097615121097413,0.00691150517757233,0.04888488204792092,0.03179853218889972,-0.25218910293869923
2038.0,0.6163921643289381,0.6255257114009005,0.6221224708842581,0.6153425684660698,-0.009133547071962456,0.006779902418188266,0.04919948792526831,0.03179647791440693,-0.25256552001027727
2036.0,0.624482994342783,0.6336102960462355,0.6300016471913551,0.6233460374654527,-0.00912730170345255,0.0066556097259024005,0.049492570549698835,0.03185640459390416,-0.25151916182063466
2034.0,0.6319784170395794,0.6410460890613088,0.6372996179044959,0.6307129627730732,-0.009067672021729423,0.006586655131422647,0.04973583979520624,0.031952944617431096,-0.24893771699841896
2032.0,0.638544930741868,0.6475081065190872,0.6436784077474319,0.6371200998374391,-0.008963175777219168,0.006558307909992789,0.0499170778042766,0.03206331018272569,-0.24520372576698493
2030.0,0.6440287868795079,0.6528582007320418,0.6489877238126844,0.6424044258261559,-0.008829413852533885,0.006583297986528569,0.05004120874648925,0.03217574832596116,-0.2407964102480905
2028.0,0.6484966336005519,0.6571742380046642,0.6533235320273165,0.6466120989390775,-0.00867760440411236,0.006711433088239072,0.050115155586378524,0.03228627543720839,-0.23602651735134106
2026.0,0.6522298206983631,0.6607418500843917,0.656972302580749,0.6500453427386947,-0.008512029386028575,0.00692695984205427,0.050155077719874985,0.03238530029354089,-0.23101943972769945
2024.0,0.6556457983147526,0.6639888164052372,0.660321835364273,0.6531637971221158,-0.008343018090484655,0.007158038242157216,0.05018596874809891,0.032473218682757495,-0.22600378913861893
2022.0,0.6592024358235113,0.6673917613411713,0.6638087282020835,0.6564550571555242,-0.00818932551765994,0.0073536710465592625,0.05024078163591888,0.032568345213461476,-0.22135013735145798
2020.0,0.6633263158474676,0.6713903301253299,0.6678578573484191,0.6603516276296206,-0.008064014277862297,0.007506229718798441,0.05036422574639918,0.03270070656298717,-0.21721575235628332
2018.0,0.6684399771300122,0.6764105577038749,0.6728664889863158,0.6652831382777377,-0.007970580573862684,0.007583350708578185,0.05060148132221602,0.032894128686262514,-0.21353552553761507
2016.0,0.6748073696273289,0.6827102729130909,0.6790594415118408,0.671552116167404,-0.007902903285762042,0.007507325344436877,0.05097460833981583,0.03314905759650121,-0.2101245341674784
2014.0,0.6822654190229765,0.6901063901016851,0.6862598685513689,0.6790546939800677,-0.007840971078708514,0.007205174571301209,0.0514489871776822,0.033455043660610286,-0.20656510499292866
2012.0,0.6903175523279628,0.6980921574735806,0.6940096758507862,0.6870349623478746,-0.007774605145617786,0.006974713502911567,0.05197632707564929,0.033803504634427856,-0.20271828334309933
2010.0,0.6983442657803172,0.7060566666736883,0.701741929663315,0.6948633408110403,-0.0077124008933711075,0.0068785888522746585,0.052515605100253604,0.034168135084257846,-0.19898161873005002
2008.0,0.7057411020788069,0.7133950283022903,0.7088707686892989,0.7020540020015451,-0.007653926223483376,0.0068167666877537725,0.053009634929351276,0.03450344031840712,-0.1955843073030022
2006.0,0.7120913414293937,0.7196860361545313,0.7149866654956417,0.7083145014674541,-0.0075946947251376296,0.006672164028187599,0.053421023392489074,0.03477869883308948,-0.1925507681548643
2004.0,0.7172905544957222,0.72481189167909,0.7199946788825513,0.7134585564169044,-0.007521337183367782,0.006536122465646943,0.05374831331397838,0.03498622260042355,-0.1895481944062672
2002.0,0.7214716479665649,0.7289025582452581,0.7240560102877351,0.7175339141617105,-0.007430910278693137,0.006522096126024612,0.05401355819316627,0.035144446532159326,-0.18639663649974636
2000.0,0.7248515798569882,0.7321982500941466,0.7273716057474425,0.7208072840820117,-0.007346670237158404,0.006564321665430861,0.05422766008805452,0.035269871125828,-0.18360029253475957
1998.0,0.7275853793109706,0.7348583660669376,0.7300496747488993,0.7234568056880699,-0.0072729867559669925,0.006592869060829343,0.054401876097994045,0.03536348786247295,-0.18123867538588012
1996.0,0.7296337424177215,0.7368563814291862,0.7320820372982251,0.7254327343972808,-0.007222639011464693,0.006649302900944232,0.054527406545591336,0.03542116630561001,-0.17964400890563814
1994.0,0.7308630584907518,0.7380708999548227,0.733401044122146,0.7265850040640184,-0.00720784146407083,0.006816040058127637,0.05459458912506713,0.03545765783390399,-0.1790774708540567
1992.0,0.7314865990738965,0.7386655622523995,0.7341742135638395,0.7271124452621454,-0.007178963178503084,0.007061768301694138,0.05462794091380875,0.03546589996691699,-0.17829241346123778
1990.0,0.731900282186766,0.7390185575441015,0.73468990350063,0.7274468946297918,-0.007118275357335557,0.007243008870838175,0.05466424149343362,0.03542022831544776,-0.17687909365409907
1988.0,0.7323097749261084,0.7393573027344762,0.7351512752527871,0.7277996897459165,-0.007047527808367815,0.00735158550687065,0.054717278155518946,0.03533994120270314,-0.17529783920382414
1986.0,0.732799269918227,0.7397816198645588,0.7356993185801473,0.7282211551729054,-0.006982349946331845,0.0074781634072418335,0.054791528839506845,0.0352689430059948,-0.17379741796148152
1984.0,0.7334336071319308,0.7403589060012651,0.7363891278629615,0.7287648764914364,-0.00692529886933424,0.007624251371525115,0.054895998904589544,0.03521903344329224,-0.17239685314257144
1982.0,0.7341757011501108,0.7410553859229405,0.737164487285521,0.7293989164238195,-0.006879684772829742,0.007765570861701487,0.05504851376735409,0.03518506657541142,-0.1711742690881007
1980.0,0.7349484048436359,0.7417776602192238,0.7379565556439946,0.7300495459253518,-0.006829255375587873,0.007907009718642888,0.05526098453214385,0.03515763779906494,-0.16974040774865742
1978.0,0.7356424876562736,0.742422850032214,0.7386672591793666,0.7306259158625052,-0.006780362375940374,0.008041343316861349,0.05549773009962228,0.035126820668936846,-0.16832717986554693
1976.0,0.7361038181964316,0.7428629570708086,0.7391900401864653,0.7309940845523228,-0.006759138874377069,0.008195955634142438,0.05569433490025066,0.03508860902192479,-0.16767198906338
1974.0,0.7361387752358037,0.742917931843269,0.739381794597902,0.7309845474744752,-0.006779156607465309,0.008397247123426821,0.05579514972517098,0.035041204882472386,-0.16818192939612414
1972.0,0.7355707537995655,0.7423985786055362,0.7390636562942375,0.7304066933539364,-0.0068278248059706614,0.00865696294030116,0.05578849166920031,0.03498292650448969,-0.16956569205057748
1970.0,0.7342759682526925,0.7411651967054552,0.7380985811196209,0.7291465574134954,-0.006889228452762741,0.008952023706125467,0.055718899028711175,0.034913786302647416,-0.1713788377818092
1968.0,0.7323242701322272,0.7392518888725044,0.736495469924812,0.7272929856753954,-0.006927618740277142,0.00920248424941661,0.05565094404706051,0.03481872258656719,-0.17269902683884392
1966.0,0.7300953661998122,0.7370133078330225,0.7345402337296668,0.7252795075083872,-0.006917941633210356,0.009260726221279603,0.055639198696057254,0.034684154917762014,-0.172869684856684
1964.0,0.7280112668303509,0.7348964143059277,0.7326562758165631,0.7234978518649113,-0.0068851474755767805,0.009158423951651784,0.05569494464493382,0.03453217680258997,-0.1724273584541469
1962.0,0.7262677317592339,0.7331315300202618,0.7311180787110257,0.72200582587075,-0.006863798261027898,0.009112252840275725,0.055772881643404576,0.03440157039030126,-0.1721779560542717
1960.0,0.7250416150162562,0.7319131601591061,0.7301269134202053,0.7209322580450711,-0.006871545142849933,0.009194655375134198,0.055830095258164465,0.034318093928319,-0.17254525327093231
1958.0,0.7245306270255275,0.7314450694683006,0.7298410681303182,0.7205002554886933,-0.006914442442773061,0.009340812641624896,0.05587991657429749,0.03428983739160496,-0.17364205172964198
1956.0,0.7247905773161664,0.7317605910691739,0.7302980256260014,0.720804080747572,-0.006970013753007542,0.009493944878429472,0.05597471882105394,0.034301817800079806,-0.17487880142084394
1954.0,0.7257094971039819,0.7327220546343096,0.7313710210473371,0.7217840540948712,-0.007012557530327701,0.009586966952465859,0.0561388258950574,0.034330146174536696,-0.1756474791928249
1952.0,0.7269954143820877,0.7340359927191199,0.7327532584352687,0.7231476869513251,-0.0070405783370321995,0.009605571483943587,0.05634288760749144,0.03436068761807541,-0.17599148626390898
1950.0,0.7282783341906445,0.7353392796576111,0.734115472190966,0.7244867487140331,-0.007060945466966673,0.009628723476932888,0.056547123150868385,0.0343886877627045,-0.17615018784662984
1948.0,0.7292686583225304,0.7363439229282798,0.7352247363883847,0.7254895175654653,-0.007075264605749365,0.00973521882291939,0.05672671556944161,0.03440647425062653,-0.17621982178306075
1946.0,0.7298413719451805,0.7369237842889395,0.7359745659732124,0.7259979850700801,-0.007082412343758948,0.00997658090313236,0.05687292733362046,0.03441444552417465,-0.17618322628546287
1944.0,0.7300617634391318,0.7371306411045639,0.7364142758787873,0.726097673534231,-0.007068877665432183,0.010316602344556225,0.056986228667928296,0.034414821976834625,-0.17569784344249256
1942.0,0.7303337722438566,0.7373406393139977,0.7368378053782454,0.7263911779171486,-0.007006867070141087,0.010446627461096814,0.057107040123284394,0.03439595009209398,-0.17405569588969455
1940.0,0.7309895952471078,0.737899380909679,0.737500804831191,0.7272570798893965,-0.006909785662571166,0.010243724941794485,0.0572540924706045,0.03435145822019921,-0.17158454102358922
1938.0,0.731761812269576,0.7385781025166449,0.7382731860996312,0.7281673658744315,-0.006816290247068868,0.01010582022519968,0.05738293904547833,0.034308549095457344,-0.16922196915817833
1936.0,0.7324715693125781,0.7391944314935817,0.739077213431613,0.72886533780613,-0.006722862181003597,0.01021187562548298,0.057484495464573494,0.03428240139443445,-0.16684904899871583
1934.0,0.733186260156805,0.7398011652413975,0.7399084760125693,0.7294945308100554,-0.006614905084592504,0.010413945202513819,0.05755886572903491,0.034268093672395354,-0.16411785770213808
1932.0,0.733977475478351,0.7404668336798355,0.7407773434793882,0.7301963141495982,-0.006489358201484441,0.010581029329789993,0.05760342159133816,0.03425658086540679,-0.1609803387972258
1930.0,0.734894148827333,0.7412280426566366,0.7417525949826549,0.7310029209726681,-0.006333893829303605,0.010749674009986832,0.057619742954193406,0.034244926996264406,-0.15713509198991085
1928.0,0.7360421648604363,0.7421912957380311,0.7429823964355902,0.7319612071106709,-0.006149130877594833,0.011021189324919245,0.05761974747685965,0.03423755359479815,-0.15257009295897556
1926.0,0.7375728971485758,0.7435358494754369,0.7446204132205693,0.7331987082773748,-0.005962952326861171,0.0114217049431945,0.0575977630868329,0.03424718668282477,-0.14795126165689076
1924.0,0.739799423902391,0.7455837159905835,0.7469595106844144,0.7350683024459297,-0.005784292088192533,0.011891208238484663,0.05756428461641165,0.034289926996275547,-0.14345212904390972
1922.0,0.7431616210675599,0.7487568008097898,0.7503704927249535,0.7380654506328721,-0.005595179742229894,0.012305042092081386,0.057571154789151736,0.03437345190534768,-0.13856220267695402
1920.0,0.7479022700348976,0.753307962172707,0.7550421275103578,0.7424045760457558,-0.0054056921378093925,0.012637551464601993,0.05765123419712456,0.034515257387499575,-0.1334750489523883
1918.0,0.7544230674795567,0.7596365185987175,0.761360751888764,0.7485559329482346,-0.005213451119160828,0.012804818940529317,0.057848264178933,0.03474109164358372,-0.12806100049381297
1916.0,0.7628803449113561,0.7678642613816815,0.7694140440676995,0.7567708867856529,-0.004983916470325367,0.01264315728204668,0.05815520932959421,0.03501248830468819,-0.12160229523996721
1914.0,0.7727131046248138,0.7774415089239877,0.7786859557897028,0.7663013600136892,-0.004728404299173872,0.012384595776013585,0.058495359636500564,0.035301588202849794,-0.11453914011408341
1912.0,0.783634215234638,0.7881053745592427,0.789039404303863,0.7766910631578947,-0.004471159324604623,0.012348341145968278,0.05886460624854579,0.03567248518659009,-0.10736976907157342
1910.0,0.7956881225246436,0.7998861897292147,0.800541238495004,0.7880735723887873,-0.004198067204571054,0.012467666106216746,0.059291785460719226,0.03615311424050966,-0.09972842437321858
1908.0,0.8085071185993336,0.8123894069409482,0.8127297120834224,0.8002151448268355,-0.003882288341614637,0.01251456725658684,0.05974324127628622,0.036674048894813883,-0.09117139136246323
1906.0,0.8213877092314797,0.8248966444455506,0.8248565233522259,0.8127914920003014,-0.0035089352140708074,0.012065031351924493,0.060182098663720165,0.03715683087725801,-0.08152660932313813
1904.0,0.8339176386847876,0.8370063841701298,0.8365892481630894,0.8254436847229207,-0.0030887454853422147,0.011145563440168704,0.06060504499177182,0.03759783675603917,-0.07106190216454568
1902.0,0.8459856183841408,0.8486205318605748,0.8478894085459757,0.8376137857465087,-0.0026349134764340754,0.010275622799467032,0.06099182926913146,0.038016805677843664,-0.060068247545476065
1900.0,0.857504216223924,0.8596743681666804,0.8586645087010178,0.8492245785023153,-0.002170151942756382,0.009439930198702595,0.06130916725429516,0.03841244342157799,-0.049066195679678716
1898.0,0.8684068964278124,0.8701341460165493,0.868852357039891,0.8602133839531558,-0.0017272495887368233,0.008638973086735224,0.061563445021852646,0.03878536930358487,-0.038763091078668044
1896.0,0.8788980357426205,0.8802005464095343,0.8787054547681893,0.8708052039916832,-0.001302510666913781,0.007900250776506135,0.061819477890582834,0.03914454588740451,-0.029021713520773255
1894.0,0.8889275471610066,0.8898019756287275,0.8881380606689141,0.880918117513612,-0.0008744284677209002,0.0072199431553020554,0.0620867722005244,0.03946269076736352,-0.019355520983008686
1892.0,0.8979503992979032,0.8983960665098959,0.8966003528371641,0.8899531068350692,-0.0004456672119926841,0.006647246002094875,0.062304553812557735,0.03972134526350153,-0.00981242914543445
1890.0,0.9061297325422213,0.9061650048402003,0.9043515574070136,0.8981675897324876,-3.527229797906095e-05,0.006183967674526003,0.06250435053718922,0.03996177659073467,-0.0007727968945190855
1888.0,0.9137419816723792,0.9133774249363821,0.9115368722485234,0.9058117020912517,0.00036455673599711247,0.005725170157271697,0.06272124221176759,0.04012280894757216,0.007956934171219879
1886.0,0.9204211650419236,0.9196889032408765,0.9177120460355405,0.9123205032576964,0.0007322618010471293,0.005391542777844038,0.06290682213567504,0.04018960529680016,0.01594788950010941
1884.0,0.9262144132620522,0.925174987684793,0.9231095303628192,0.9178857469561995,0.0010394255772592231,0.005223783406619664,0.06307230131493978,0.0402451356074143,0.02259521770855866
1882.0,0.9314130541454286,0.9301229690797561,0.9280445517523892,0.922888207275306,0.0012900850656725193,0.005156344477083241,0.06323761426753925,0.04028848324524413,0.027996828524824293
1880.0,0.9361317173361817,0.9346407533917052,0.9325161623222071,0.9274633293643795,0.0014909639444765643,0.005052832957827658,0.06340823559316482,0.040312900053214196,0.03230981006316427
1878.0,0.9404372497005461,0.9388016552343192,0.9365702565192817,0.9317138100722837,0.001635594466226853,0.004856446446998008,0.06361064075476221,0.04033592065889724,0.035386909036002
1876.0,0.9443574246590615,0.942635270621597,0.940290079375162,0.9356427197757324,0.0017221540374644517,0.004647359599429524,0.06386112616248096,0.04036954019961917,0.037182608691480816
1874.0,0.9477114812601439,0.9459505158483752,0.9435194931449669,0.9390142016180887,0.0017609654117687334,0.004505291526878175,0.06413934488254794,0.04041627955881547,0.03792805777426442
1872.0,0.9500460338421892,0.9483039563121269,0.9459139217452852,0.9413523405180684,0.0017420775300622804,0.004561581227216838,0.06443210876651351,0.0404975532976914,0.037407615443468795
1870.0,0.9509048415434712,0.9492426197208272,0.9470950357529906,0.9422658896116691,0.0016622218226439722,0.004829146141321461,0.06475537929096405,0.04058659808202059,0.0355742154261231
1868.0,0.9503698699851182,0.94880053214901,0.9469114481387186,0.9418837777092159,0.0015693378361082422,0.005027670429502695,0.06510655992691142,0.040519508715289705,0.033545616581137826
1866.0,0.9484965723278593,0.9470390948039225,0.9452164279028887,0.9401667521104375,0.0014574775239368787,0.0050496757924511915,0.06542344416571119,0.040240788908758526,0.031219234643429742
1864.0,0.9447113114580687,0.9434420451386367,0.941695732236286,0.9364615442556689,0.0012692663194320275,0.005234187980617144,0.06567271723245552,0.03990750706930448,0.02727679888208044
1862.0,0.9384390445136399,0.9374353512564426,0.9359777271442719,0.9302570499504796,0.0010036932571972912,0.005720677193792212,0.06584224591086986,0.03957449432812951,0.021650733678577474
1860.0,0.929711610313143,0.9290009756066532,0.9280172053943195,0.9216367412276831,0.0007106347064897989,0.0063804641666364015,0.06592578924171329,0.03919004148694119,0.01540672743404853
1858.0,0.9189939211718954,0.918561916295048,0.9181862023723102,0.9100826870300752,0.00043200487684735833,0.008103515342234968,0.06594821000794075,0.03874247187463966,0.009425778443850983
1856.0,0.9069003537212671,0.906715057667578,0.9070756329368274,0.8968401621523876,0.00018529605368911017,0.01023547078443976,0.06594877058204018,0.038254333934134764,0.004071761613570193
1854.0,0.8941586577642845,0.8941772663821422,0.8953645491467509,0.8829260988729644,-1.8608617857740484e-05,0.012438450273786539,0.06595951528373611,0.03775932113569607,-0.0004118470153087711
1852.0,0.8815998201901987,0.8817640807605353,0.8837912997988084,0.869250420765254,-0.00016426057033658292,0.014540879033554388,0.06601557416878517,0.03730159958066284,-0.0036584040361995083
1850.0,0.869950290501475,0.8701853343935211,0.8730113144733497,0.8565969775629888,-0.000235043892046094,0.01641433691036087,0.06615742815246406,0.03691498122918123,-0.005259343787424284
1848.0,0.8596232910355658,0.8598694241927701,0.8634483412323499,0.8461037778258859,-0.00024613315720434237,0.017344563406464064,0.06641220029783143,0.036625322758156637,-0.005520909142653181
1846.0,0.8505015704222432,0.8507063614364201,0.8550079232153323,0.8366859075918718,-0.00020479101417691936,0.018322015623460475,0.06682548500384759,0.03641647237256189,-0.004594101766538206
1844.0,0.8428736510362926,0.8428601215956557,0.8476749385924887,0.8288373335243273,1.3529440636927959e-05,0.018837605068161345,0.06749927682696101,0.03614892687009684,0.0003032233750677655
1842.0,0.8381823555594735,0.8377850157237648,0.8426403587355006,0.8240377851683425,0.0003973398357086655,0.01860257356715811,0.06846550750415735,0.03581960397325999,0.008885284161079992
1840.0,0.8359578227984299,0.835150800768793,0.8398127322907322,0.8215041245313739,0.0008070220296368946,0.018308607759358275,0.06963886598183647,0.035552381554423716,0.0179611848392186
1838.0,0.8349507155146487,0.8336913375777806,0.8381755033964221,0.8198582197044335,0.0012593779368681446,0.018317283691988595,0.07110249625785683,0.035347163531159846,0.027810154512383008
1836.0,0.835319385341533,0.8334881594485509,0.8377042952590342,0.8193116080549232,0.0018312258929821246,0.018392687204111025,0.0729839198135124,0.035152868249522864,0.03998946378507099
1834.0,0.8371975546561853,0.8346860122695111,0.8384448945559007,0.8200222421778989,0.0025115423866741704,0.01842265237800178,0.07525850673698002,0.03495327085151294,0.05407845096791665
1832.0,0.8401772028379421,0.8368810351563513,0.8401394177240459,0.8214791484228756,0.0032961676815908003,0.018660269301170263,0.07798279340190739,0.03477998119950123,0.06971803160998355
1830.0,0.8446245313454428,0.8403523667316348,0.8430337441729625,0.8240669590901784,0.004272164613807972,0.018966785082784154,0.08144521879839901,0.03467664101982818,0.08820675070786188
1828.0,0.8505431743522202,0.8452282386750328,0.8471085195176586,0.8282131652026694,0.005314935677187327,0.018895354314989232,0.08510495514309914,0.03463390358621447,0.10690356018444999
1826.0,0.8568816432064136,0.8507106382072496,0.8517392927830295,0.8331514192692806,0.006171004999164009,0.01858787351374891,0.08819960959812574,0.034633480312282985,0.12138158363224574
1824.0,0.8635255988224071,0.856720386296448,0.8569908225002725,0.8401976931931908,0.0068052125259591145,0.016793129307081656,0.0907114118426051,0.0347008110044494,0.1313813627287636
1822.0,0.8701800009048434,0.8629818105566277,0.862545863438613,0.847501397711186,0.007198190348215672,0.015044465727426903,0.09246372976845867,0.03477686721459458,0.13714653309398625
1820.0,0.8765114698599946,0.8691448156922478,0.8681242647783249,0.8542670900635208,0.0073666541677468445,0.013857174714804188,0.09351318318531222,0.03484097584849135,0.13923334293135942
1818.0,0.8828485786150966,0.8754413406196686,0.8740028662931485,0.8607999271717542,0.007407237995427973,0.013202939121394253,0.09418181740260749,0.03493167550480142,0.1392213338224954
1816.0,0.8893721362217464,0.88198092398325,0.8802216461802117,0.8673782963790699,0.00739121223849637,0.012843349801141768,0.09461787386032966,0.03504234221625193,0.1383483726980884
1814.0,0.8959402369031014,0.8885991103462001,0.8866045585451983,0.8741185740675446,0.007341126556901334,0.0124859844776537,0.09485067078289301,0.03516575796519701,0.1370243164280059
1812.0,0.9026623839025983,0.8953831974182789,0.8932507535091858,0.8809986834654733,0.0072791864843194665,0.012252070043712537,0.09495923015129346,0.0353431688377956,0.13553302639255776
1810.0,0.9099365296213134,0.9026161215313242,0.9003221578057669,0.8880265607126743,0.007320408089989239,0.01229559709309258,0.09517261886979222,0.03559598099087852,0.1357673714765169
1808.0,0.9177412819430544,0.9100971497279635,0.9074207160191026,0.8951727356093562,0.00764413221509086,0.012247980409746395,0.09589180332220844,0.03591534442627084,0.14064001240616755
1806.0,0.9257834852295295,0.9174178705783546,0.9140961053092802,0.9022341300667354,0.008365614651174913,0.011861975242544842,0.0975605551979149,0.03636131789008367,0.15153702724076304
1804.0,0.9339461724803089,0.924441888236417,0.9202976820446874,0.9091509475968496,0.009504284243891825,0.01114673444783787,0.10042547903201371,0.03706281965265773,0.16781237438940025
1802.0,0.9422677344464614,0.9313341064566051,0.9263272864013483,0.9160504902838995,0.01093362798985631,0.010276796117448805,0.10414513871717716,0.03808195951162411,0.18673367141065803
1800.0,0.9503293533453292,0.9380980978222828,0.9323624568060319,0.9228718242192162,0.01223125552304638,0.009490632586815706,0.10733065777630017,0.039126294609609064,0.2029035448639874
1798.0,0.9570297563870552,0.9441174233167704,0.938010030658384,0.929030146097246,0.012912333070284832,0.008979884561137963,0.10845354326648382,0.03965364152507465,0.21177368622215012
1796.0,0.9615802313392203,0.9487171359146762,0.942792181775049,0.9338634596722338,0.012863095424544113,0.008928722102815145,0.10735602040442085,0.03952822391571432,0.21262275124239668
1794.0,0.9639362104111464,0.9518734375737291,0.9468629890822448,0.9373145344398007,0.012062772837417302,0.009548454642444026,0.10400273759960399,0.0388655004049373,0.2047866146373031
1792.0,0.9647252604394068,0.9543183628828086,0.9509283552716865,0.9400518471060559,0.010406897556598182,0.010876508165630572,0.09757942563633537,0.037660028471057226,0.1861859697559871
1790.0,0.9650526888219403,0.9566287710590041,0.9549032273750203,0.9425777783431251,0.008423917762936162,0.012325449031895253,0.08960920696787474,0.0363504786576374,0.16111709441735722
1788.0,0.9651600432691559,0.9584295860186425,0.9581050330047549,0.9449723698477062,0.006730457250513466,0.013132663157048752,0.08251786994454907,0.0354414589311271,0.1366700582016144
1786.0,0.9649213288212144,0.9595369352156911,0.9606590205391726,0.9478295401501676,0.005384393605523341,0.012829480389004999,0.07646878474654485,0.03494610624411224,0.11492170697630347
1784.0,0.9647576822365455,0.9603300409107939,0.9629670862479324,0.9505059910695304,0.0044276413257515745,0.012461095178401993,0.07125595010016775,0.034677817507688995,0.09855494035969523
1782.0,0.9648488872802696,0.9609656704109413,0.965043014130153,0.952518784404978,0.003883216869328354,0.012524229725175084,0.0669276275079205,0.03448700112208198,0.08951270935446745
1780.0,0.9650106927861406,0.9613548113383196,0.9667886039740525,0.9541607469626809,0.00365588144782103,0.01262785701137159,0.06320102607389219,0.034310663922660606,0.0868896404523079
1778.0,0.9650074148928447,0.9613364419608595,0.9680019104386288,0.9553231946554595,0.0036709729319851503,0.01267871578316937,0.05998284770717736,0.03413361734018704,0.08963515216386855
1776.0,0.9641945611871341,0.9603870460379712,0.9683169029717242,0.9553148592436647,0.003807515149162888,0.013002043728059576,0.057174331141938275,0.03406495906306719,0.09505985598104376
1774.0,0.9620359950609538,0.9579657612766787,0.9676091928742916,0.9530905419728185,0.004070233784275179,0.014518650901473085,0.05434431561589582,0.034170680478675615,0.10359929147315865
1772.0,0.9594050318562,0.9547193026546402,0.9665298920798959,0.9488533063608693,0.004685729201559741,0.01767658571902664,0.05127222315488905,0.03425257768645976,0.121812836270539
1770.0,0.9581417485649544,0.9525403996009223,0.9662409399095675,0.9460009243275898,0.005601348964032082,0.020240015581977744,0.04848321627922244,0.03412874139176141,0.148937081298532
1768.0,0.9581507032216582,0.9515897740216216,0.9667708655646069,0.9448061470902406,0.0065609292000365915,0.021964718474366318,0.04613680547593939,0.03399542340673861,0.1778746120006364
1766.0,0.9587053716878403,0.951183450730814,0.9678049533316049,0.9449849779621468,0.007521920957026307,0.022819975369458123,0.04395010166363787,0.03402961165143359,0.2069653195082296
1764.0,0.9597477403332106,0.951272565925248,0.9695041534397022,0.9456977425706893,0.008475174407962638,0.023806410869012917,0.041836566520874564,0.03429087706065537,0.23534908965973236
1762.0,0.9617763533738481,0.9522550479093962,0.9724803250566498,0.9470710469740886,0.009521305464451957,0.025409278082561215,0.03968105777177702,0.03477153777958641,0.26550570348987773
1760.0,0.9654061010339587,0.9547693796570927,0.9770270720789624,0.9485416876241244,0.010636721376865999,0.02848538445483806,0.03763819456007254,0.03531371973765577,0.2969855271944024
1758.0,0.9704927286169115,0.9587924484649094,0.9828887093533349,0.9507225137606234,0.011700280152002085,0.0321661955927115,0.03579263969571975,0.03585152740913021,0.32646656122196427
1756.0,0.9767691456798255,0.9640341481417326,0.9900196278603691,0.9542774296672043,0.01273499753809293,0.03574219819316482,0.0340535416174146,0.03645437415944834,0.35412119043404117
1754.0,0.9835967607557133,0.9699236239384619,0.9922222353526817,0.9585573214294976,0.013673136817251463,0.03366491392318416,0.03243714787436558,0.03715715308622586,0.3775584078010068
1752.0,0.9909809506432425,0.9764547892228003,0.9943832258583052,0.9643728328930108,0.014526161420442274,0.030010392965294397,0.030916791724033384,0.03802821926165915,0.3963921045500368
1750.0,1.000138387524565,0.9846752525630212,0.9977532180154626,0.9725007710551148,0.015463134961543834,0.025252446960347785,0.02980958150120277,0.03893170258353347,0.41570218124576064
1748.0,1.0109081726280909,0.9944426470460029,1.002592883275171,0.9821605949735805,0.016465525582087914,0.020432288301590384,0.02939114487256562,0.03963099914813196,0.43666977855427896
1746.0,1.0219506333990147,1.004555546705665,1.0082222633004925,0.9921382993842365,0.01739508669334966,0.016083963916255994,0.029388926646750493,0.04023619084224587,0.4552575957178186
1744.0,1.0326884773607605,1.0145074356173938,1.0160141010935906,1.0019188030202075,0.018181041743366766,0.014095298073383056,0.02958229020432513,0.040946047492302046,0.46820909753415235
1742.0,1.043316612656922,1.0245110472625243,1.0291209185329613,1.0117954190346437,0.018805565394397705,0.01732549949831763,0.03001271659347737,0.04180089038925687,0.47474678975933793
1740.0,1.0545018349321493,1.0351924452880719,1.0426596290400356,1.0224226102146212,0.019309389644077468,0.0202370188254144,0.03086484569546061,0.042713787666208106,0.47667702223513747
1738.0,1.0650914741562136,1.0454301023652972,1.0555233439805858,1.0325347478234488,0.019661371790916427,0.022988596157136998,0.031859587119674314,0.04362266281860293,0.4746286495003615
1736.0,1.0741335004329768,1.0543575899269384,1.0671771134321313,1.04114397502476,0.01977591050603844,0.026033138407371315,0.03263033444353028,0.0447457518843667,0.4654991011178214
1734.0,1.085152893866249,1.0653504619709648,1.0804570163883,1.0519002415984362,0.01980243189528408,0.028556774789863848,0.034027285985455284,0.04592338133235163,0.4532594037088054
1732.0,1.0987447827208574,1.0787443293381291,1.0950288078231383,1.0651980366578346,0.020000453382728267,0.029830771165303638,0.03621774287185251,0.04649294927046066,0.44917350963807157
1730.0,1.111348935750917,1.0911629447393978,1.108322707880696,1.0774546424312037,0.02018599101151919,0.030868065449492388,0.038122252919339815,0.04678231765877958,0.4476071951646395
1728.0,1.1232921906834803,1.1030898045714366,1.121127234937853,1.0891654679000884,0.020202386112043724,0.031961767037764544,0.03972788455741646,0.04717865390165774,0.44195793167125064
1726.0,1.1348168411390138,1.1146926730926658,1.1337382619742697,1.1003849579856984,0.02012416804634798,0.03335330398857139,0.041171945751665856,0.047708899314643324,0.43362380173131004
1724.0,1.1463127523372965,1.126356551813317,1.1463893825025535,1.111634901193149,0.019956200523979506,0.034754481309404506,0.04257982774957753,0.048226050897066275,0.42375554904175433
1722.0,1.1573144835961444,1.1375345342647951,1.1587080384856703,1.1232696533204392,0.0197799493313493,0.03543838516523112,0.0438417632096511,0.04875580493366668,0.41412440582293775
1720.0,1.1670424404695856,1.147453625383068,1.1701928855696888,1.1333479563691662,0.019588815086517553,0.036844929200522625,0.04469112783602258,0.04948264355014927,0.4037828065514006
1718.0,1.1781293207761436,1.1587887642499912,1.1827568108799025,1.1445072235236013,0.019340556526152408,0.03824958735630113,0.04564341088070624,0.05016845506705327,0.39269865346326804
1716.0,1.1930231783190124,1.1738387035408806,1.1975503206879916,1.1605079177058966,0.019184474778131788,0.037042402982095046,0.04733352027331294,0.05007262447163927,0.38749808884547654
1714.0,1.2085695376534211,1.1892774585690502,1.2123421003780117,1.1767386280340777,0.019292079084370917,0.03560347234393402,0.04908143191145222,0.049515987877176836,0.3903318032128764
1712.0,1.222606475263286,1.2031196652791531,1.2261632813674803,1.1917616468867154,0.01948680998413277,0.03440163448076494,0.05030777783508589,0.04913859543811603,0.3945733584954861
1710.0,1.235675055172414,1.2160947691016335,1.2394853680580764,1.2073611133393831,0.01958028607078055,0.03212425471869329,0.051126671579655586,0.048966755672228655,0.39612696557425187
1708.0,1.248544183774002,1.2290316539541863,1.2527789518462442,1.222994188823237,0.01951252981981555,0.029784763023007255,0.051715053996957146,0.04892784576464425,0.39397235091086513
1706.0,1.2623343994949474,1.2430785833225848,1.266808230939949,1.23952378690025,0.019255816172362605,0.027284444039699096,0.05228152133956623,0.048847745893336895,0.3882971863866553
1704.0,1.2760700683377324,1.2572081814579328,1.2808832828712324,1.2560718091557734,0.018861886879799616,0.024811473715458998,0.05278757602663973,0.048806757300430346,0.3797337723513942
1702.0,1.2890914510114022,1.2707894146792729,1.2948323134051671,1.2701659742365865,0.018302036332129346,0.02466633916858063,0.05306433866582745,0.0490363254495185,0.3666908694055383
1700.0,1.3049234068218467,1.2873537345346922,1.3111542151583344,1.2872356481039764,0.01756967228715456,0.02391856705435802,0.05355707110014621,0.04912353335744301,0.35076535385535823
1698.0,1.3233596818554223,1.3064771288115569,1.3291379883433325,1.3077407958540535,0.016882553043865434,0.02139719248927907,0.054484704476165935,0.04880651902806711,0.3372767969128689
1696.0,1.342593269070423,1.3263316208449147,1.3475774602154,1.3296213431937098,0.01626164822550824,0.0179561170216902,0.055524271893648676,0.04833076934864823,0.3256798705802048
1694.0,1.3618498909987502,1.3460631667104719,1.3662103173045508,1.3517383151824462,0.01578672428827832,0.014472002122104533,0.056437764315219206,0.04806237126601614,0.31609818148770874
1692.0,1.3783608343850944,1.3629037790096041,1.3829056244069249,1.3705557389707592,0.015457055375490247,0.012349885436165664,0.05692773541090092,0.04819460835188176,0.3081569906256122
1690.0,1.3929729864791285,1.3780001538112518,1.3981960009074406,1.3865593913339378,0.014972832667876634,0.011636609573502765,0.05707288671862077,0.04837834696877626,0.2974710866307432
1688.0,1.4057472519458025,1.3914140435515951,1.411977687761536,1.4000190207401049,0.014333208394207375,0.011958667021431113,0.05695550185234559,0.048586700342958984,0.2840282732549124
1686.0,1.4165116461672482,1.4028723652416573,1.4242606516559415,1.4107750642140824,0.013639280925590969,0.013485587441859126,0.05652819933510942,0.04901542752596003,0.26907411279503657
1684.0,1.42970749807105,1.41682310648911,1.437979443819322,1.4241491084632703,0.012884391581940102,0.013830335356051826,0.05633392202263385,0.049172363839604015,0.2538091713586625
1682.0,1.4442356662838158,1.4317669216235924,1.451816222264858,1.4400925021713662,0.012468744660223408,0.011723720093491874,0.05662718158565667,0.04915712651356015,0.24534583111986263
1680.0,1.4554577147979526,1.4431420585946206,1.4629137685700357,1.4527549649340679,0.01231565620333197,0.010158803635967883,0.056795004370297525,0.04946075800740658,0.2410468433580549
1678.0,1.463720805085273,1.451589518356302,1.471765784763885,1.4614785645653896,0.012131286728971125,0.010287220198495373,0.056589753774154136,0.049927616797845825,0.23600816650623502
1676.0,1.4711886291333722,1.459244421376477,1.4798385795640159,1.4685345292998222,0.011944207756895198,0.011304050264193677,0.05622960414889698,0.05047238428137675,0.2308608302160654
1674.0,1.4790519775007651,1.467131717112564,1.4879255924910944,1.4757622252671754,0.011920260388201154,0.012163367223918975,0.05601327642445939,0.05105790103914992,0.22861898807650516
1672.0,1.4860898932154876,1.4740289996786704,1.495316588700603,1.482092850050039,0.012060893536817163,0.013223738650564032,0.0558838244237493,0.05159759712366578,0.2296043300825583
1670.0,1.492993421047856,1.4806998462292458,1.5024963289664046,1.4881157013964152,0.012293574818610153,0.014380627569989368,0.05565992811401395,0.0520889823876419,0.23256500532737753
1668.0,1.5016350754857375,1.4888832646293317,1.5106480422709758,1.4957170312572918,0.012751810856405754,0.014931011013683992,0.055482653085332324,0.052619769420837334,0.2395368520839056
1666.0,1.5094705249156084,1.4960867730697858,1.5181336298748773,1.5016909682734336,0.013383751845822633,0.016442661601443698,0.055230218991622136,0.053132744983919566,0.24978474319027413
1664.0,1.5159711152677455,1.5019298330365802,1.5246244511306655,1.506955417129027,0.014041282231165297,0.01766903400163855,0.054722584324837016,0.05348452766476634,0.26124510867276457
1662.0,1.5229409815375603,1.5081200062791353,1.5312965281227477,1.5132774597422363,0.014820975258424962,0.018019068380511483,0.05414600077504342,0.05371089120646827,0.2754685483614303
1660.0,1.5299540016489417,1.5143032811746506,1.5378295657269088,1.5195556822495089,0.015650720474291058,0.018273883477399888,0.053633386879427855,0.05386223385151548,0.29082916714398477
1658.0,1.5353058579006589,1.5190038937670796,1.5431757643465682,1.5244302346889569,0.016301964133579316,0.018745529657611337,0.05299612289922497,0.05387718771495513,0.30361488327552366
1656.0,1.5378136743755542,1.521168058702865,1.5466296344457637,1.5270858549994555,0.016645615672689074,0.01954377944630825,0.05197054005937619,0.0537015565248619,0.3120557526550501
1654.0,1.5392986775732436,1.5223286785633265,1.549514146512834,1.5291002833549392,0.016969999009917025,0.02041386315789473,0.050764761106049425,0.053496168940272835,0.3205948491620026
1652.0,1.544420562439396,1.526522017252795,1.5544657031723974,1.5336897285987625,0.017898545186601167,0.020775974573634892,0.05024883124294636,0.05343718173201743,0.33910347360334414
1650.0,1.5513184062229388,1.5321587442653266,1.5601840406972225,1.5390135702692753,0.019159661957612206,0.021170470427947174,0.05035221025129737,0.053481494101522906,0.3626107219207077
1648.0,1.555976566481377,1.5357696230331321,1.5645090436787987,1.5424998478099674,0.020206943448244807,0.02200919586883132,0.05026151021271558,0.05334356672752568,0.38336296425048516
1646.0,1.5609466136810284,1.5397535294638087,1.568966222148187,1.5474772342248677,0.02119308421721966,0.021488987923319325,0.0502561153362857,0.05310515240090243,0.40353789610713886
1644.0,1.5668897195866236,1.5448103910305102,1.5740710114414753,1.5543656108213075,0.022079328556113387,0.01970540062016779,0.050393656045407416,0.05295616835456189,0.4211434135611235
1642.0,1.5717514720665176,1.5490115080125006,1.5786302699234123,1.5593085032356586,0.022739964054016903,0.01932176668775365,0.05032119836979529,0.05272083129109012,0.4354245519492136
1640.0,1.5747407188114142,1.5515802728620474,1.582076952802941,1.5615183122592053,0.023160445949366837,0.020558640543735685,0.050075207443672214,0.05222190475195504,0.44730831327108356
1638.0,1.5758005744694088,1.5525010975993123,1.584383049310089,1.5616445394501453,0.02329947687009648,0.022738509859943745,0.04975961147095445,0.05142968247131549,0.4561135281406265
1636.0,1.576575909618875,1.5533362541969147,1.586579221415608,1.560817051724138,0.02323965542196027,0.02576216969147005,0.04959035317813146,0.05041289974459601,0.4625649222694217
1634.0,1.579160136991771,1.5559034382972476,1.589877518732078,1.5625117284328316,0.023256698694523292,0.02736579029924635,0.04985765847103306,0.04953715684608913,0.4688396547591158
1632.0,1.5818367373127438,1.558580950686994,1.593256148282871,1.5636328375144544,0.023255786625749675,0.029623310768416733,0.05023078076066549,0.048869176076133745,0.47307316472475835
1630.0,1.5824270434661993,1.5595462593028426,1.5952816503544187,1.5641439904771042,0.022880784163356704,0.03113765987731454,0.05041023131010702,0.048045152860440365,0.47125727085525126
1628.0,1.5812889435756101,1.5591486375678312,1.5961534295518303,1.5640514809943946,0.022140306007778943,0.032101948557435644,0.0505629020035411,0.046969359281705945,0.46368711037030935
1626.0,1.5793849486157707,1.5581217111323964,1.5965432046631858,1.5625024519512474,0.02126323748337433,0.034040752711938405,0.050893804931876244,0.04579966704135065,0.45319899910316475
1624.0,1.5768448720540726,1.5566538620100494,1.5965606786586535,1.560991074527744,0.02019101004402324,0.03556960413090948,0.05155633548992366,0.04464899753272422,0.437138030045286
1622.0,1.5742669855976894,1.5554299486472074,1.5945166370928854,1.5601958818401251,0.018837036950482,0.03432075525276024,0.0526396981675145,0.0437010740384372,0.4119337008530185
1620.0,1.5715981952076992,1.5542249245393789,1.592322827027083,1.5591297893386602,0.017373270668320284,0.033193037688422855,0.05368773464388261,0.04301229885575482,0.3820943897603744
1618.0,1.5670764700000002,1.5514468159053345,1.5888540535001296,1.5567812942636765,0.015629654094665657,0.03207275923645314,0.05485229396134105,0.042417697958942416,0.34487380022089137
1616.0,1.561156773096847,1.5475445745979084,1.58433500506868,1.5545850750255377,0.013612198498938577,0.029749930043142303,0.05705515510857707,0.04209885942876334,0.2981434565401353
1614.0,1.556945931566339,1.5450250277716022,1.580917431397815,1.552801482601853,0.011920903794736759,0.02811594879596191,0.05965454779002747,0.04199291989727332,0.25761127867076633
1612.0,1.552707676146351,1.5422773031292618,1.5774473469673476,1.5498101869772518,0.010430373017089156,0.02763715999009575,0.062003950358304874,0.04192903736765554,0.22251309153252638
1610.0,1.5468537207714768,1.537956523691704,1.5728687980617164,1.545773165546199,0.008897197079772656,0.027095632515517387,0.0645195351673646,0.04199115840371975,0.18680636341697868
1608.0,1.540175337262965,1.5327869353185883,1.5678681071526723,1.5411243159550638,0.007388401944376621,0.026743791197608502,0.06748502073242992,0.04220633149913625,0.1519227186377633
1606.0,1.5334439442704473,1.5275133244577423,1.5629600910158623,1.5364389590214729,0.005930619812704929,0.026521131994389435,0.07078258377533096,0.042464883587366435,0.11912803024658274
1604.0,1.526577307722024,1.5221151954293732,1.5579013844237262,1.5315686100214674,0.0044621122926506995,0.026332774402258785,0.07435266128043178,0.04272955967574029,0.08742034060738162
1602.0,1.5193615960949125,1.5163771825625743,1.552504141163385,1.5256523306205305,0.002984413532338248,0.02685181054285457,0.07821358214284299,0.04302707732561625,0.05691630753119895
1600.0,1.5120544036795243,1.5104738278928749,1.5471386420604507,1.519340512338541,0.0015805757866493853,0.027798129721909648,0.08223255131532879,0.04333909225013911,0.029317870815958796
1598.0,1.5046496837127308,1.5043812577926505,1.5418553321234123,1.5129636030593727,0.0002684259200802508,0.028891729064039584,0.08632300646881134,0.04367226215931543,0.004841017695063642
1596.0,1.4969058367055397,1.4979235323416784,1.5363427386816766,1.5064397384963004,-0.001017695636138738,0.029903000185376172,0.09053077586223149,0.04405448579909537,-0.017830603696885293
1594.0,1.4888506310986203,1.491185508024168,1.5305117935089783,1.4998142968470476,-0.002334876925547791,0.030697496661930668,0.0949046756858403,0.04443694977567504,-0.03972213648950547
1592.0,1.4807809772207559,1.4844485986679807,1.5246667758528605,1.493184972913026,-0.003667621447224878,0.03148180293983449,0.09943274201254929,0.04475651914962117,-0.060600095928408364
1590.0,1.472736210955608,1.477765857989134,1.5190086161336989,1.4865493466717827,-0.005029647033526041,0.03245926946191613,0.10420921168948463,0.04507294107639874,-0.08064128704070049
1588.0,1.4646197080907017,1.4710876043551755,1.5135308076183163,1.4800117296643518,-0.006467896264473749,0.03351907795396447,0.10933446573142072,0.04546593878238827,-0.10041817680174356
1586.0,1.456340563655361,1.4643684003988182,1.5081083160834012,1.4736314919484472,-0.008027836743457195,0.03447682413495401,0.11486102054931178,0.04594969580001667,-0.12041869917897641
1584.0,1.4477964087274633,1.4575530733458084,1.5025734823516603,1.4672962901605384,-0.009756664618345123,0.03527719219112191,0.12075721624141386,0.04651299722073631,-0.14114985789071788
1582.0,1.4391414887503822,1.4507770977545489,1.4970657231230327,1.4610592720740365,-0.011635609004166714,0.036006451048996135,0.1268347507924851,0.04713516689898668,-0.16228420977257138
1580.0,1.4305684684832773,1.4441403487814364,1.491795771765621,1.455012800142598,-0.013571880298159034,0.03678297162302302,0.1326713690577738,0.047793883756540985,-0.18285400089363543
1578.0,1.4211409986440307,1.436856586056074,1.4861922930785942,1.4484513551718683,-0.015715587412043375,0.037740937906725947,0.13879034569488496,0.048700842166406515,-0.2041197202067397
1576.0,1.4108417402787639,1.4289647320470202,1.4800484000082963,1.441527325837045,-0.01812299176825638,0.03852107417125139,0.14631781392989088,0.05006636102609444,-0.2250294062687551
1574.0,1.403313067469186,1.4234040630088125,1.4755240577181348,1.4369075508164335,-0.020090995539626455,0.038616506901701264,0.15301925984892878,0.05116395121961876,-0.24020031741092926
1572.0,1.3977259611150579,1.4192407219660514,1.4721336110650192,1.4334615966212256,-0.021514760850993575,0.038672014443793534,0.157468260349262,0.0518679166229831,-0.2510528594227858
1570.0,1.3909980803158917,1.4137878275683042,1.467829917539966,1.4287887201518272,-0.022789747252412562,0.039041197388138826,0.16122539636245278,0.05272106856529392,-0.260276796717082
1568.0,1.3847151500458903,1.4085130099006162,1.4634730427246943,1.4243285705609512,-0.023797859854725933,0.03914447216374306,0.16467256333779412,0.05357426166017281,-0.26648818084335063
1566.0,1.380199731686639,1.4047243416784525,1.4600819399562355,1.4211096721238157,-0.024524609991813495,0.038972267832419805,0.16714006408826063,0.05413528964490378,-0.2709136646430895
1564.0,1.375834793350825,1.4010555385156478,1.4568428345717677,1.4178246306410127,-0.025220745164822755,0.03901820393075495,0.16887201167538177,0.0546414983213785,-0.2758241709953345
1562.0,1.3704195572984186,1.3965444856551403,1.4531781595151674,1.413705216165414,-0.026124928356721755,0.039472943349753375,0.16973808419255013,0.05513287186127981,-0.28394668575018556
1560.0,1.3620250968234546,1.389511077156879,1.4477516030640236,1.4073890684712551,-0.02748598033342442,0.040362534592768506,0.17013991298008438,0.05603563166807881,-0.2968523559532961
1558.0,1.3547800857423606,1.3834174724568775,1.4427010841660142,1.4025913217069137,-0.028637386714516877,0.04010976245910047,0.1714832769957216,0.0571160381472681,-0.30586180004399205
1556.0,1.3549549241331391,1.3839126932215478,1.4423101097738669,1.4039457556092527,-0.028957769088408636,0.038364354164614145,0.1727018938164966,0.05693958669698391,-0.3080141113067718
1554.0,1.3557530055120275,1.3847771899703334,1.442203685695174,1.4053847116945206,-0.0290241844583059,0.03681897400065348,0.1726788316977811,0.056622730374979634,-0.30924729306004883
1552.0,1.3553233475584778,1.3843356924079342,1.4411403503481963,1.4053837356365795,-0.029012344849456362,0.03575661471161684,0.17153258020933115,0.05629527249703112,-0.31110985897348925
1550.0,1.354629871040337,1.383445667822892,1.4389160447832783,1.404825243329047,-0.02881579678255486,0.03409080145423138,0.16931066545342763,0.055800712520289834,-0.31267687769592206
1548.0,1.3539063494096477,1.382425229425016,1.4355896391255425,1.4040020045332926,-0.028518880015368175,0.03158763459224989,0.1662894977284424,0.055142265572075556,-0.3145158786205026
1546.0,1.3527026163411129,1.3809534329911757,1.4320357487386635,1.4026303483453546,-0.028250816650062793,0.029405400393308856,0.16275878258220744,0.05438901316665705,-0.3175988888881685
1544.0,1.350511090598911,1.3785299077683433,1.4278840203526058,1.4002717198211045,-0.02801881716943222,0.02761230053150121,0.15865298132681488,0.053606858251422355,-0.32208056332821405
1542.0,1.3479523681002432,1.3757586961922674,1.4232623015047885,1.3975632121365718,-0.027806328092024213,0.025699089368216743,0.15387811101849272,0.052706798656266325,-0.328200127040703
1540.0,1.3480595436295377,1.3755590954642445,1.4196076153740453,1.3968821378940217,-0.02749955183470676,0.022725477480023626,0.14870811581393,0.05113002154390188,-0.335472530435542
1538.0,1.352172357498794,1.3791175246644432,1.4186364161710334,1.4003520133419063,-0.026945167165649098,0.018284402829127133,0.14442286507020896,0.04909945586186702,-0.3396287381978913
1536.0,1.3564678415771758,1.3828353664081983,1.4189445975649595,1.4035357403124693,-0.02636752483102245,0.015408857252490193,0.1411092976951681,0.0475162612646519,-0.34113081312103044
1534.0,1.359509497573256,1.3853986653750823,1.418556792627469,1.404894751232817,-0.025889167801826263,0.013662041394651991,0.13711676814267562,0.04600029121954872,-0.3450768278589567
1532.0,1.3625805654650482,1.3878644484683123,1.4177836849432983,1.4059478329902362,-0.025283883003264007,0.011835851953062138,0.13251035383682253,0.04429122780823459,-0.3491053431584211
1530.0,1.3651446858325857,1.3896543841675373,1.4166770630823797,1.4065203106543391,-0.024509698334951535,0.010156752428040594,0.12822438362957125,0.042719462022901056,-0.3500628716244112
1528.0,1.3661499853643486,1.389709934858226,1.4143020471374275,1.4052781700898622,-0.023559949493877408,0.009023877047565243,0.1238574351789351,0.041277513321031724,-0.3483300266965182
1526.0,1.3659015690973861,1.3882393998240548,1.4106482788785124,1.402373447026461,-0.022337830726668617,0.008274831852051356,0.11910334409806339,0.03985597040819358,-0.3430294274742918
1524.0,1.3648478790977443,1.3857875755169173,1.4063206240601505,1.3985280560150377,-0.020939696419173037,0.007792568045112747,0.11434555389050706,0.038575231613175456,-0.33413236150056486
1522.0,1.3635492287102475,1.3827492598633468,1.4014152899647914,1.3941950910482703,-0.019200031153099317,0.007220198916521037,0.10932669357223225,0.03737713440735116,-0.31914998783932663
1520.0,1.3635307228845068,1.3806573930934698,1.3970351331857236,1.3932033403767676,-0.01712667020896297,0.0038317928089559583,0.10451318484118173,0.03624322339644298,-0.2964969328765011
1518.0,1.3644943101980285,1.3795477703811814,1.3935218176986377,1.3950835481861645,-0.0150534601831529,-0.0015617304875268356,0.10032387677918644,0.035340817745740424,-0.2701523611781081
1516.0,1.3654574702023843,1.3783824048836602,1.3899123760182732,1.3919612095024139,-0.012924934681275868,-0.002048833484140644,0.0961150918550658,0.03471012635214814,-0.24017497261683224
1514.0,1.36616583364359,1.3771395414716219,1.3862694185537023,1.3888424818318286,-0.010973707828031865,-0.002573063278126231,0.09204024501530182,0.03436341969385071,-0.21057776586579732
1512.0,1.3659847907088891,1.3753099388412235,1.3824561545571452,1.3855362731072174,-0.009325148132334427,-0.003080118550072175,0.08806976057352038,0.034246519507120037,-0.18434707981183301
1510.0,1.3641289546255915,1.3720195517645422,1.377881950936215,1.381159747804004,-0.007890597138950683,-0.0032777968677890623,0.08389872188297184,0.0343584554353655,-0.1606027261546017
1508.0,1.360599859106253,1.3668351994342458,1.3718329078926215,1.3749437157377973,-0.006235340327992889,-0.0031108078451758114,0.07906693601719937,0.034909714373805634,-0.1306351371323119
1506.0,1.3598635136453203,1.3636153051570197,1.3660414263546796,1.3696799153940886,-0.003751791511699354,-0.0036384890394089986,0.07430227776379426,0.03589249389767003,-0.08036678911292863
1504.0,1.363543788038434,1.3652569278443916,1.3639630684958852,1.3704847998454768,-0.001713139805957553,-0.006521731349591553,0.0718991399095453,0.036498747640767715,-0.03703259874115444
1502.0,1.3664170228570245,1.3668930859664652,1.363276750457607,1.3717954621119417,-0.0004760631094407053,-0.008518711654334599,0.07022650379383634,0.036795528853423604,-0.010370926440803278
1500.0,1.367723800773654,1.3673371262934206,1.3619789657948365,1.3714050126198465,0.00038667448023343987,-0.009426046825010026,0.06816534130392086,0.03705106124367144,0.008515348821836887
1498.0,1.3688958343384272,1.3678547965398156,1.3606191659234332,1.3709292341172719,0.0010410377986116437,-0.010310068193838617,0.06604374499168493,0.03739238901771248,0.023150736334142052
1496.0,1.3712680615371453,1.3697210786735938,1.3602632527443468,1.3719507655391987,0.0015469828635514826,-0.011687512794851918,0.06451938899867929,0.03776729629929815,0.03457042676361543
1494.0,1.3742046483528736,1.3722711541366455,1.3608468781338963,1.3740189868084687,0.0019334942162281266,-0.013172108674572414,0.06366065869757019,0.0380302957647367,0.043288235875438084
1492.0,1.3761690892165455,1.3739299086900312,1.3613249798549139,1.3753736419308171,0.002239180526514284,-0.014048662075903273,0.06286697874010684,0.03821861104490686,0.050255783187318874
1490.0,1.377693372549274,1.3750118303630459,1.3616654576590217,1.3758460393516239,0.0026815421862280697,-0.014180581692602168,0.0620595570464117,0.03846006919056391,0.060284649266635223
1488.0,1.380420153396422,1.3770487796935766,1.3629508457350272,1.377514033938294,0.0033713737028453483,-0.014563188203266852,0.061737539279656126,0.03868373318191568,0.07569302460051477
1486.0,1.3843726698720773,1.380317315659985,1.365578374781567,1.3811824522169966,0.004055354212092244,-0.015604077435429575,0.0619320622271446,0.03878133057592901,0.09079739967118583
1484.0,1.388426866713162,1.3839167848502534,1.3690208307449794,1.3851971539167545,0.004510081862908688,-0.016176323171775087,0.0622156502272908,0.038785819361163425,0.10078453792108698
1482.0,1.3923626961618036,1.3876622971304595,1.3730626136499162,1.389184964927587,0.004700399031344116,-0.0161223512776707,0.06252149224760377,0.03870513743758145,0.10495636712427565
1480.0,1.3964174992170122,1.391710935314861,1.3778608941877408,1.393266619572883,0.004706563902151295,-0.015405725385142066,0.06293893479637692,0.038531779577431154,0.1050821042713168
1478.0,1.4006214168217948,1.3960185649818382,1.3835596737507192,1.3974996952051062,0.004602851839956568,-0.013940021454386997,0.0634408241072849,0.0382791253496563,0.1028169892720393
1476.0,1.4051470160356958,1.400794448006492,1.390441222563015,1.4020429327174866,0.004352568029203807,-0.011601710154471645,0.06412624705690136,0.03794611759548624,0.09726583814483479
1474.0,1.4109801860477778,1.4070917690762559,1.399264335873291,1.408578270620842,0.0038884169715218686,-0.009313934747551045,0.06548385006929179,0.03751342964842885,0.08665012720226133
1472.0,1.4193428758238227,1.4159434725675526,1.4104093789376257,1.4193079784782037,0.0033994032562700838,-0.008898599540577923,0.06791611741793453,0.03703976359590713,0.07500369753380924
1470.0,1.4282131029655016,1.4250551951895503,1.4215674127046265,1.4305047910692705,0.003157907775951374,-0.008937378364644033,0.07046995550220589,0.036750476710011803,0.06871941082898815
1468.0,1.4350706912781952,1.4322245736971737,1.430594387373606,1.4384866026834322,0.00284611758102149,-0.0078922153098262,0.07236513578397745,0.03660585542111094,0.06123371576526919
1466.0,1.4403978870034377,1.4383344514547498,1.4379173189534924,1.445145739528185,0.0020634355486879308,-0.00722842057469264,0.0741306510859012,0.036489962716829125,0.04391168669023506
1464.0,1.445660773389819,1.444696531284191,1.444561015084184,1.4520701638181808,0.0009642421056279549,-0.007509148733996662,0.07621271238258272,0.03643038655203831,0.020235654446681118
1462.0,1.450404754312915,1.4504095559930337,1.450388799098786,1.4581061517700196,-4.8016801186268054e-06,-0.007717352671233524,0.07797556387454566,0.036469762576073705,-9.947371964731525e-05
1460.0,1.4534559234279318,1.4544095941353365,1.4550499033969233,1.4619601727175384,-0.0009536707074047079,-0.0069102693206151145,0.07917572270679656,0.03657339272464482,-0.01956579359173617
1458.0,1.4560418739908012,1.4583680505861718,1.4599000175264845,1.464578166849018,-0.0023261765953705993,-0.004678149322533631,0.08101111335093165,0.03672940669982041,-0.047027727659280115
1456.0,1.4616987362575249,1.4655924968507097,1.466972334289166,1.4732680764553976,-0.003893760593184803,-0.006295742166231522,0.0844581231631778,0.03684308553429703,-0.0767571319996132
1454.0,1.468266573344188,1.4731065303330029,1.4740959809127254,1.4830823230693642,-0.0048399569888148974,-0.008986342156638738,0.0874021390491275,0.0369674875599022,-0.09336781478452308
1452.0,1.4729859923982367,1.4785722771292458,1.4796399835623542,1.4894188824345345,-0.0055862847310090835,-0.009778898872180308,0.08941932379595322,0.037167704962523536,-0.10606561978042442
1450.0,1.4766279176436732,1.4830676219586298,1.484494883433324,1.4945641661632556,-0.006439704314956662,-0.010069282729931572,0.09130296512303428,0.03750300839699043,-0.12030272118428219
1448.0,1.4802117286661725,1.4876392861255259,1.4895193678539391,1.499830496601003,-0.007427557459353418,-0.010311128747063858,0.0934978589317948,0.03797389681141839,-0.13608918615894375
1446.0,1.4841949266065513,1.4927176646308227,1.495046560971942,1.5057379208819246,-0.008522738024271392,-0.01069135990998249,0.09601861480573369,0.03855826820188319,-0.15271112169186704
1444.0,1.4881693812762182,1.4978823606388478,1.5007954542366901,1.5109718454078536,-0.009712979362629603,-0.010176391171163424,0.09859721414835303,0.03922953877837872,-0.17007424122537873
1442.0,1.4917050673239962,1.5027933292185414,1.5065067247253061,1.51250123894224,-0.011088261894545148,-0.005994514216933977,0.1012500135595312,0.04002459330637788,-0.18952394688642032
1440.0,1.4944989120927556,1.5071822043669723,1.51198177573619,1.5172958758380823,-0.012683292274216607,-0.005314100101892372,0.10397144149693033,0.0410457820800088,-0.21121598863559465
1438.0,1.4967088519530622,1.5113112413307428,1.5175478685228492,1.5217722307442016,-0.014602389377680547,-0.004224362221352473,0.10705234368623777,0.04238280262740025,-0.23592759919247372
1436.0,1.499575261665742,1.51639817319135,1.5241797855598367,1.5277705132330142,-0.016822911525607998,-0.003590727673177474,0.11097519057345288,0.04395190384925895,-0.2621607371843248
1434.0,1.5032302179687949,1.5220088383340635,1.5312944132516815,1.5348996842510538,-0.018778620365268672,-0.0036052709993723564,0.11497744300317222,0.04541946901722099,-0.2827212399302612
1432.0,1.5064292853383459,1.5268266365698728,1.537744384819808,1.541137292196007,-0.020397351231526972,-0.003392907376198906,0.11856496031427997,0.04682858678216353,-0.29781899479217583
1430.0,1.5091329443923027,1.5311718130472163,1.543817802980021,1.5468194389515737,-0.022038868654913557,-0.003001635971552785,0.12226339814411054,0.04842685332637613,-0.31172465263338267
1428.0,1.5117956558379269,1.5353789324830112,1.5497941654567515,1.5525384367918753,-0.023583276645084306,-0.0027442713351237824,0.12588448174965947,0.05003859662754508,-0.3235470194848616
1426.0,1.5143204727302426,1.5392225171732323,1.55534119666219,1.5579222489318179,-0.024902044442989713,-0.0025810522696279037,0.1289358777948818,0.05141079591999686,-0.3331687823785229
1424.0,1.516665390163909,1.5427761715650945,1.5602370002618604,1.5628808353793864,-0.02611078140118539,-0.0026438351175259722,0.1312539276479847,0.052476578496141624,-0.3428245359561061
1422.0,1.518810028726841,1.5459890184115586,1.564403108695314,1.5671684603333662,-0.027178989684717658,-0.002765351638052138,0.13259094087257908,0.053153662386221615,-0.3528954158279054
1420.0,1.5209827989224842,1.5489904975813582,1.568129677263794,1.5711512268863008,-0.02800769865887398,-0.0030215496225067806,0.13293138392270012,0.05347318454668488,-0.36225573917769677
1418.0,1.5240326712539733,1.5525611056487585,1.5720975931677823,1.5757913820708733,-0.02852843439478514,-0.003693788903091022,0.1327758597305052,0.053636806265692234,-0.3688325886237259
1416.0,1.5274035392505099,1.55618960563061,1.57594756397426,1.5795216895102955,-0.02878606638010006,-0.003574125536035533,0.1326177779769173,0.05385817489139808,-0.3718541941342659
1414.0,1.5298646930775213,1.5588393689266267,1.5789358014907962,1.5823422713637543,-0.028974675849105402,-0.0034064698729581178,0.13263649000448025,0.05434954673363236,-0.3729542933169035
1412.0,1.5312734199952296,1.560433926981679,1.581123499735547,1.5841584950363234,-0.02916050698644934,-0.003034995300776444,0.1328655428976117,0.05520484183233137,-0.37267675089509156
1410.0,1.5322172800529945,1.561507194880212,1.5830328503741231,1.5854615906386278,-0.029289914827217434,-0.0024287402645046807,0.13315544486826206,0.05630329204541809,-0.37092517929091706
1408.0,1.5332343746104506,1.5624695038324599,1.584881297167243,1.586538311040648,-0.029235129222009215,-0.001657013873404889,0.1329793984996181,0.05731170112390474,-0.36786187070196574
1406.0,1.534760277048084,1.563667667113309,1.5867974886051925,1.5876038531819903,-0.028907390065225025,-0.0008063645767977246,0.1318572420549213,0.05797048626375013,-0.3638131035238798
1404.0,1.5370592024801533,1.56546701919163,1.5890947330970544,1.5891626090932895,-0.02840781671147674,-6.787599623514495e-05,0.13005183602416434,0.058330087190339226,-0.3594245719704167
1402.0,1.5392672943671541,1.5673203093507098,1.591453766119958,1.5910762927532136,-0.028053014983555613,0.00037747336674431864,0.1285713774296831,0.05881597318106772,-0.3559532260525858
1400.0,1.540398108441232,1.5684942746950687,1.5934696682931384,1.5926896788647713,-0.02809616625383682,0.0007799894283671005,0.12818895151518367,0.060049683463733725,-0.3538024569288752
1398.0,1.5406122682874344,1.569128013805833,1.5954389655096421,1.5938302560526,-0.02851574551839864,0.0016087094570420568,0.1291239596764616,0.062148436393671846,-0.3520894430704767
1396.0,1.5404390857816956,1.5697015633539666,1.597757026419497,1.5949632818252528,-0.029262477572270962,0.0027937445942440853,0.1312645856155107,0.06478602795363698,-0.3512355074091544
1394.0,1.5401668812062161,1.5705691475940298,1.5998129030961727,1.5962059496839527,-0.030402266387813626,0.0036069534122200597,0.1343572095431101,0.06764635106620287,-0.35310804859229816
1392.0,1.5399582022986658,1.571762995047018,1.599539772544607,1.597813710416332,-0.03180479274835224,0.0017260621282750854,0.13786598762808638,0.07027663364517765,-0.3578197167021604
1390.0,1.5393402620027896,1.5727427391499784,1.5986470024785975,1.5993568273822794,-0.0334024771471888,-0.0007098249036818771,0.14150790394622678,0.07264622282854444,-0.3648396649411448
1388.0,1.5381419248927928,1.5735039663085104,1.5972199768863007,1.6006799749482763,-0.03536204141571764,-0.003459998061975611,0.1456399143579607,0.07509357368004035,-0.3744721053664406
1386.0,1.5370974836402198,1.5746691705270517,1.5965408306801625,1.602834505064791,-0.03757168688683188,-0.006293674384628467,0.1502580112926746,0.07754547195531927,-0.38546735500266827
1384.0,1.5365194718279915,1.5762519506947723,1.5966210746508962,1.6047647380296186,-0.039732478866780774,-0.00814366337872241,0.1548229540763759,0.07977373542373435,-0.3959328004949526
1382.0,1.5358509634251312,1.5777217711487757,1.596372209257406,1.6065021442914476,-0.04187080772364449,-0.010129935034041582,0.15918465635488627,0.08186791943887305,-0.40618702170117654
1380.0,1.5347263776205466,1.5787376018329888,1.5954452717123582,1.6078082754302545,-0.04401122421244219,-0.012363003717896337,0.16335050508180476,0.08384401127630661,-0.41647331929776377
1378.0,1.5331577712093791,1.5791236914095923,1.5939291670512465,1.6083044791704477,-0.04596592020021317,-0.014375312119201178,0.16718677592364606,0.08560689474106706,-0.42549732123735806
1376.0,1.5311090066502462,1.5787608651631773,1.5918478600207415,1.6078313525084262,-0.04765185851293108,-0.015983492487684714,0.17074001029401997,0.08718644771911108,-0.4325118733473451
1374.0,1.5287585983012792,1.577926769934269,1.5897169277058454,1.6062849190826078,-0.0491681716329897,-0.01656799137676246,0.17422940667946296,0.08866090373529273,-0.4380844714016473
1372.0,1.5264851003831974,1.5770216835220263,1.5880120353018652,1.6048909121031263,-0.05053658313882892,-0.0168788768012611,0.17755386983002264,0.09002055572873152,-0.4426468315481048
1370.0,1.5241458636019518,1.575941439623401,1.586210209591861,1.603343463515875,-0.05179557602144924,-0.01713325392401388,0.1805923920401056,0.0913324564219595,-0.44658808201026273
1368.0,1.5214659887140851,1.574501524987231,1.5839260671191748,1.601300350957475,-0.053035536273145834,-0.017374283838300197,0.18344784822756868,0.09267627220763616,-0.450399714025403
1366.0,1.5185537742324384,1.5728191041432245,1.5813499690564217,1.5988952752772865,-0.05426532991078603,-0.01754530622086481,0.18613017538330798,0.09400026171337697,-0.4542758672978087
1364.0,1.5153867230271039,1.5709654767589354,1.5785024553800602,1.5962431994259816,-0.05557875373183152,-0.01774074404592141,0.18882973866699607,0.09531787407307321,-0.45872692650265773
1362.0,1.5122794650040707,1.5693045390069602,1.5758756447594258,1.5939124942766696,-0.057025074002889475,-0.018036849517243825,0.19169093560613273,0.09660307928665524,-0.46401173286807124
1360.0,1.509786469520511,1.5682380222887427,1.5739797111111686,1.5924310378673174,-0.05845155276823166,-0.0184513267561488,0.19434497705298598,0.0976801362056214,-0.4697326731439605
1358.0,1.507645503494944,1.567402440902904,1.5723317568058075,1.5912883510630023,-0.05975693740795984,-0.01895659425719476,0.19650846370658798,0.09851279996787216,-0.4755322566083059
1356.0,1.5055508822640276,1.5665264728307087,1.5711678608874209,1.5901208776788818,-0.060975590566681115,-0.018953016791460886,0.19826613391910738,0.0992175401942395,-0.48134266410785814
1354.0,1.503712120421984,1.5657964395569637,1.5700893984993596,1.589111853872938,-0.06208431913497958,-0.019022455373578495,0.19963954689252325,0.09979744662752157,-0.4869768308599179
1352.0,1.5023164978895622,1.5653974130141273,1.5691694786778394,1.588411185280346,-0.06308091512456504,-0.01924170660250657,0.20054240075763194,0.10019130875414724,-0.4927029409491657
1350.0,1.5013071097868305,1.5653377678492724,1.5685164454552998,1.5880231065045036,-0.0640306580624419,-0.019506661049203844,0.2009223280387422,0.10038546484587164,-0.49916492016968395
1348.0,1.500703271816065,1.5656314161475375,1.568076886132299,1.588003274756159,-0.06492814433147243,-0.019926388623860092,0.20089532630686846,0.10041130261400807,-0.5061336063814807
1346.0,1.5004379386702689,1.5661697249082518,1.5676702415595463,1.588234383390545,-0.06573178623798293,-0.02056414183099875,0.200756747214569,0.10039046061272205,-0.512632255232829
1344.0,1.5002107559022249,1.5666256094269344,1.5672075432069317,1.5883376776436213,-0.06641485352470955,-0.02113013443668965,0.20065205529199054,0.100391969867537,-0.5180950369565354
1342.0,1.4996727915152115,1.5667145748101836,1.5665393831636858,1.588021050208451,-0.06704178329497212,-0.021481667044765285,0.20059203527592506,0.10040591534359801,-0.5230311539359132
1340.0,1.4987787042208969,1.5664490224510632,1.5654559494166453,1.5874495168654394,-0.06767031823016634,-0.021993567448794105,0.20053737483917344,0.1003738636978157,-0.52809056837478
1338.0,1.4978959976977044,1.5661567872865576,1.5642662549325645,1.587114304048203,-0.06826078958885318,-0.022848049115638425,0.20047929851880086,0.10029649612352992,-0.5329770980245454
1336.0,1.4969926698150386,1.565788147064476,1.563166999937776,1.5867695554015797,-0.06879547724943746,-0.023602555463803743,0.20041077049835931,0.1002423247318452,-0.537387193330929
1334.0,1.4956865623538378,1.5650183039926224,1.5618188298479139,1.5858759414198007,-0.06933174163878464,-0.024057111571886836,0.2003835681564648,0.1002906086972537,-0.5414877988579212
1332.0,1.4940073552146476,1.5638744574535524,1.5601354223338224,1.584578441750367,-0.0698671022389048,-0.024443019416544587,0.20046922496248526,0.10043765489895398,-0.5451616228630636
1330.0,1.492322760771269,1.5626708580053381,1.5584585056209197,1.583348379124298,-0.0703480972340691,-0.024889873503378235,0.2006265060132417,0.10058455036750066,-0.5483042848615869
1328.0,1.4908917677559361,1.5616954545964241,1.5570207362290058,1.5823947305627142,-0.07080368684048799,-0.02537399433370835,0.20069200635311693,0.10066912310490503,-0.5515374948623049
1326.0,1.4897912116789647,1.5610507934849964,1.5557546159599898,1.5817122490614517,-0.07125958180603176,-0.02595763310146193,0.2005048997645583,0.10068520472975585,-0.5553119974699575
1324.0,1.4889803495885425,1.5606827153362572,1.554511689814935,1.5812018233960417,-0.07170236574771471,-0.026690133581106723,0.20004341358257247,0.10063818800992017,-0.5595512228881718
1322.0,1.4882742994244231,1.5604321048774952,1.5530930670728544,1.5806820185247603,-0.07215780545307204,-0.027588951451905874,0.19934342489303009,0.10052541659597018,-0.5644262714936803
1320.0,1.4874774224764196,1.5601257104886028,1.5513897404602517,1.5800888854024608,-0.07264828801218326,-0.028699144942209154,0.19844277033888547,0.10035668421244505,-0.5700476963447711
1318.0,1.486498856513578,1.559573538112811,1.5502500784024973,1.5793342062136053,-0.07307468159923314,-0.02908412781110803,0.19743432639645078,0.10013506549830238,-0.5755079001079377
1316.0,1.4851878265059555,1.5584935369088375,1.549243871901105,1.5780143494848355,-0.07330571040288203,-0.028770477583730525,0.1964285542817445,0.09984488486662768,-0.5796548352642176
1314.0,1.4832320609615715,1.5566209328664036,1.5476645615138114,1.5757887057430349,-0.07338887190483212,-0.02812414422922349,0.19539823266715645,0.0994688718243148,-0.5829456097865414
1312.0,1.480537111440957,1.5539364751438611,1.5453540095851201,1.5727846203351292,-0.07339936370290423,-0.027430610750009077,0.19424496002347996,0.098997039308129,-0.5861537149077924
1310.0,1.4772947792700066,1.5505675863231199,1.542450431291515,1.5691985653820826,-0.07327280705311323,-0.026748134090567532,0.19289468393594456,0.0984021434216859,-0.5889633101467885
1308.0,1.473720207159932,1.5467428360220454,1.5390842698767442,1.5651063683750666,-0.07302262886211341,-0.026022098498322377,0.19125982868348282,0.09766232818846472,-0.5916874008082854
1306.0,1.4701213192801696,1.5428891041918371,1.5355692203566482,1.5608151254141798,-0.07276778491166747,-0.025245905057531548,0.18939628519817586,0.0968476899918315,-0.59500731497927
1304.0,1.4668239516129034,1.5393958198103719,1.5324125082835973,1.5567605310900645,-0.07257186819746853,-0.024348022806467196,0.1874827179250287,0.0960713854555025,-0.5988363847193094
1302.0,1.4638920512963445,1.5363650523155952,1.5297012640005185,1.5530695089447761,-0.0724730010192507,-0.0233682449442576,0.18561944742207628,0.09540313617670176,-0.6031214356437418
1300.0,1.461167436873545,1.5335811946828448,1.5271339138116993,1.549552440310136,-0.07241375780929982,-0.022418526498436675,0.18382628286424266,0.0948296049653322,-0.6073921660517334
1298.0,1.458391421649356,1.5307368693228514,1.5244551850521906,1.546062916895686,-0.07234544767349527,-0.021607731843495515,0.18210819372288886,0.09429246320097304,-0.6114080969217741
1296.0,1.4553711934628288,1.5276445840668442,1.5215707874213773,1.5425047734261166,-0.07227339060401539,-0.02093398600473928,0.18040076034318342,0.0937210597181683,-0.6155462752564269
1294.0,1.4521834208067366,1.5243691503058059,1.5186104195855867,1.5388624568643665,-0.07218572949906932,-0.020252037278779778,0.17858190853234646,0.09307729995602337,-0.6200481412957584
1292.0,1.4490373943407087,1.5211717369692144,1.5157676420008193,1.53531176099035,-0.07213434262850571,-0.01954411898953068,0.1766262443871543,0.09239412928791525,-0.6253140401530393
1290.0,1.446132452587749,1.518317796939088,1.5131197707038075,1.530726121643134,-0.07218534435133894,-0.0176063509393265,0.1746314862363774,0.09171412537507778,-0.631629945327711
1288.0,1.4436819998392543,1.516004167336441,1.5107570361315215,1.5255155975468109,-0.07232216749718678,-0.014758561415289417,0.17269316600388526,0.09104660702826788,-0.6386740883942333
1286.0,1.4416373758186372,1.51418924013876,1.5087570952445153,1.5209670792217826,-0.07255186432012284,-0.012209983977267358,0.17080205378213278,0.09039360165457898,-0.6465345929809534
1284.0,1.4395637361887477,1.5124296039473684,1.5068485789473682,1.5167380794918328,-0.0728658677586207,-0.00988950054446458,0.16894904861501409,0.0897845653073606,-0.655058420456852
1282.0,1.436833905789962,1.5099955496058157,1.5043177728660986,1.5117493323083622,-0.07316164381585377,-0.007431559442263591,0.16718161342866433,0.08920729744637886,-0.6632793780321871
1280.0,1.4329036160585114,1.5062519208457887,1.5004570973316187,1.505059021459572,-0.07334830478727739,-0.00460192412795335,0.16546599377208585,0.08858899938943733,-0.6706998006658206
1278.0,1.4275525172724024,1.5009037300145258,1.4950740053072062,1.4963608917117361,-0.07335121274212342,-0.0012868864045298967,0.1636457464762186,0.08785701505190538,-0.6772150216108519
1276.0,1.4208717990391544,1.493989496446577,1.4883613074990538,1.490204856813032,-0.07311769740742258,-0.0018435493139781212,0.161551465336681,0.08700258879764439,-0.6827057535183637
1274.0,1.4129997072480827,1.4856293086736974,1.4804158241725476,1.4831663207670687,-0.0726296014256147,-0.00275049659452109,0.15908503561249293,0.0860394896674184,-0.687134819401577
1272.0,1.4040698370425873,1.4758673155724817,1.4713402792051893,1.4748027315907097,-0.07179747852989449,-0.0034624523855204536,0.1562571463214818,0.08494242932618501,-0.6897071863737546
1270.0,1.3942384334201012,1.4647791410070141,1.461353610481667,1.4651077682511364,-0.07054070758691289,-0.003754157769469524,0.153170754566261,0.08373902365228536,-0.6892217869927678
1268.0,1.3835774652970425,1.4524896731762795,1.4504617887514193,1.4542094834872517,-0.06891220787923702,-0.003747694735832363,0.14996058795140982,0.08254478017057629,-0.6852428226299807
1266.0,1.372079217671766,1.439029462945619,1.4386004670210013,1.4421533476147268,-0.06695024527385307,-0.0035528805937254937,0.14677475610801596,0.0814609732969645,-0.6771918383798595
1264.0,1.3597727946653118,1.424395482658082,1.4258090429787766,1.428850692574838,-0.06462268799277027,-0.0030416495960614576,0.14375143969216417,0.0805323333635734,-0.6640461375972133
1262.0,1.346775675277805,1.408633138805185,1.41216135920996,1.4142834829998288,-0.06185746352737986,-0.0021221237898687573,0.14094637773096413,0.0797657911919946,-0.644720104885067
1260.0,1.3333792266775901,1.3919521971082918,1.3979609137883648,1.3970809176190422,-0.05857297043070164,0.000879996169322661,0.13829909335947832,0.07913993962167228,-0.6184022746414365
1258.0,1.3200279625669553,1.3748668153765724,1.3837155675106683,1.379312571330975,-0.05483885280961709,0.004402996179693197,0.13572658600985676,0.07864258995524293,-0.5858879268812319
1256.0,1.3070160301631832,1.3578289379738115,1.3697249758103411,1.361501265193077,-0.050812907810628305,0.008223710617264235,0.1331863203291223,0.07825962926534655,-0.5488997965088589
1254.0,1.2944102077406914,1.3410081149906539,1.355966940228467,1.3438287042263206,-0.04659790724996249,0.012138236002146474,0.1306680102713911,0.07798002263751319,-0.5085686233407858
1252.0,1.2821359584342318,1.3244167675303735,1.3403879321600614,1.326469727412614,-0.042280809096141736,0.013918204747447316,0.12815942851174802,0.07781960383949335,-0.4658119130337559
1250.0,1.269938158469492,1.3078719284407068,1.3249626657367601,1.309972557738876,-0.03793376997121478,0.014990107997884028,0.12564719557103832,0.07779460560989546,-0.4214467904128978
1248.0,1.257382459976873,1.2909542460557304,1.3092336881841418,1.2930843492255675,-0.03357178607885736,0.01614933895857429,0.12312586254024824,0.07791297612094054,-0.37571940416906846
1246.0,1.2439927743764578,1.2731875840687379,1.2926542833679018,1.2753592028843652,-0.029194809692280055,0.017295080483536562,0.12058044119068821,0.07818985308304068,-0.32872649162192064
1244.0,1.229340933653443,1.2542044259347251,1.2747753878901338,1.256896579101224,-0.02486349228128204,0.017878808788909684,0.11799282318839661,0.078639559780522,-0.2812846313653647
1242.0,1.2132003025133398,1.2338369873195505,1.2554013460650975,1.2369736000655953,-0.020636684806210726,0.018427745999502143,0.11535238545094186,0.07924638475624313,-0.23427818457413072
1240.0,1.1955849694945841,1.2121110216728201,1.2354895367667267,1.2156695121363128,-0.016526052178235995,0.01982002463041388,0.11265818470408615,0.07997318278146825,-0.18807291298043083
1238.0,1.176729108039367,1.189224168184732,1.2174910204250948,1.1932045059592635,-0.012495060145365056,0.0242865144658313,0.10989347555561474,0.08076705440944851,-0.1424645261279484
1236.0,1.1570079015120478,1.1655670665751987,1.198417711808598,1.1699410852873455,-0.008559165063150909,0.02847662652125238,0.10705349328849041,0.0815849782301515,-0.09774692875791273
1234.0,1.1366619609413477,1.1414624770369992,1.1785778457202705,1.1462053569141453,-0.004800516095651464,0.0323724888061252,0.10417742713870394,0.08240629546556238,-0.05489985777694994
1232.0,1.1158990536813405,1.1171861394677767,1.158187888966094,1.1222817306301247,-0.001287085786436215,0.03590615833596922,0.10133730967793442,0.0832147344173345,-0.01473598285080691
1230.0,1.095227461760436,1.0933274033008173,1.1376572205081674,1.098758765562614,0.0019000584596187142,0.03889845494555333,0.09861550112341065,0.08397639251873591,0.02177402085269512
1228.0,1.0756453418338512,1.0709753108844393,1.117901899225309,1.0767373700810472,0.004670030949411874,0.04116452914426172,0.09608384452237614,0.0846330549345446,0.053574544379339915
1226.0,1.058303618975271,1.0513660646917826,1.100016314240009,1.0566151565522086,0.006937554283488412,0.043401157687800396,0.09374898841692107,0.08511650260564008,0.07973735243556875
1224.0,1.044060121041633,1.035370962565497,1.0848086917490702,1.0398937469860148,0.008689158476135939,0.044914944763055464,0.0915374867995863,0.0853816945479024,0.10020482370206162
1222.0,1.0332456175130023,1.0232464452827248,1.0725738001488194,1.0269130958097183,0.009999172230277464,0.04566070433910108,0.089380253574535,0.08543091062276638,0.1158956461707749
1220.0,1.0256375865616465,1.0146491434757277,1.0630793831377594,1.0172757311927345,0.010988443085918842,0.04580365194502489,0.08722358873187282,0.08530173403024831,0.12820503817624937
1218.0,1.020765073040845,1.008990012733276,1.055951682918419,1.0103356691111274,0.01177506030756903,0.04561601380729163,0.08504578436677636,0.08503496077588882,0.13846945610081537
1216.0,1.0181736938802495,1.005733252875601,1.0509080207776988,1.0055864269176722,0.012440441004648584,0.045321593860026654,0.08289654895763256,0.08469078634664326,0.14754504225316825
1214.0,1.0174717281968981,1.0044409774401608,1.0476033472214301,1.0027005326262244,0.01303075075673732,0.04490281459520573,0.08083798548573896,0.08434221149645221,0.15583912237233627
1212.0,1.0182704927845851,1.0046911774034748,1.0456312541417987,1.0013452751152443,0.013579315381110346,0.0442859790265544,0.07889566877808196,0.08403482391405216,0.16364692231350267
1210.0,1.02014425353902,1.0060414094147005,1.0446598762250454,1.001120327676951,0.014102844124319391,0.0435395485480945,0.0770818950401109,0.08379161656785523,0.17110025806969723
1208.0,1.0226660124163212,1.0080779998985616,1.04436320602434,1.0025035382821452,0.014588012517759541,0.04185966774219474,0.07538663353105718,0.08363776151210833,0.17796828158690764
1206.0,1.0255221607147487,1.0104677079301183,1.0444560501371525,1.0050383204131688,0.015054452784630357,0.03941772972398372,0.07376995260655264,0.08358101377847779,0.18446010163981413
1204.0,1.028515613276571,1.0129639115811884,1.0447402965242596,1.0078584946668672,0.015551701695382558,0.03688180185739243,0.07220261613328835,0.08360187075937256,0.19120575654272215
1202.0,1.031483725396809,1.0153891699388389,1.0450309460412444,1.0107566423884242,0.016094555457970117,0.03427430365282014,0.07064672293088935,0.08369083117550054,0.19840624102139787
1200.0,1.0343026213838664,1.0176449640363547,1.0451693977993375,1.0136373606372278,0.01665765734751168,0.03153203716210973,0.06905498395972635,0.08385639515096338,0.20573775546774084
1198.0,1.0368970961882489,1.019696117477029,1.0451184777885518,1.0164693168041647,0.01720097871121995,0.02864916098438708,0.06746798339288879,0.08410333402460701,0.2126571236003591
1196.0,1.039226547832264,1.0215429363553339,1.0448816626566626,1.0192004764170264,0.017683611476930094,0.025681186239636222,0.06599089116279203,0.08441207549211292,0.21863108339058454
1194.0,1.0412771887156405,1.023205881213832,1.0444291492525317,1.021940302604083,0.01807130750180841,0.022488846648448746,0.06466301487329788,0.0847623329824479,0.22324944588065046
1192.0,1.0430877997096188,1.0247592008053537,1.0437741314752398,1.0250102021519316,0.018328598904265192,0.01876392932330817,0.06344874168005989,0.08515391920353367,0.22608699679161515
1190.0,1.0447337453292955,1.0262693255204147,1.0430194121238676,1.0279230486035853,0.018464419808880805,0.015096363520282319,0.062333292883542224,0.08557634335302178,0.22728907611436797
1188.0,1.0462514281466002,1.0277202715405935,1.042213063517949,1.0306722735946405,0.018531156606006682,0.011540789923308425,0.06137171819029775,0.08600305367219739,0.22754653225733312
1186.0,1.0475995118640817,1.029046351050325,1.041276642187492,1.033206342863143,0.018553160813756797,0.008070299324348884,0.060555042062901215,0.0863987582257155,0.22725385450380162
1184.0,1.0487087756221123,1.0301671726301977,1.0419898642475278,1.035469106603025,0.01854160299191454,0.006520757644502773,0.05980445912741894,0.08674232201524353,0.22663770825158996
1182.0,1.0495770033782557,1.0310571611365447,1.0430241558638533,1.0374407024399668,0.018519842241710993,0.005583453423886553,0.05910627088319716,0.08701831072937302,0.22602783921644057
1180.0,1.0502550846326957,1.0317784583297143,1.043885991011195,1.0391855169599846,0.018476626302981414,0.004700474051210435,0.058489648186779014,0.08721403516906605,0.22530489415175
1178.0,1.05088535306532,1.0324925276719463,1.0447187431488558,1.0405608460287996,0.018392825393373613,0.004157897120056209,0.05792525943950709,0.08731665045836003,0.22427790561007638
1176.0,1.0516937657984662,1.0334242406718788,1.0458385774250587,1.0406304498680328,0.018269525126587416,0.005208127557025932,0.05739024614922982,0.08730168082896296,0.22302412254124193
1174.0,1.0529894239953328,1.0348832772677923,1.0475165950868548,1.0412111727378792,0.018106146727540517,0.006305422348975576,0.056899687030428345,0.08714541227342713,0.22158057403547518
1172.0,1.055220349606691,1.037348321267131,1.050121280924133,1.0427635786760243,0.01787202833955992,0.007357702248108611,0.056451339464194936,0.08682509289864877,0.21961677400434018
1170.0,1.059104950376197,1.041582886106048,1.0543677487412562,1.0460388896544481,0.017522064270148796,0.008328859086808027,0.05607574155006955,0.08630482030633255,0.21662890211753036
1168.0,1.0658444262513547,1.0488764280276612,1.0615261980622346,1.0523027693270972,0.016967998223693437,0.009223428735137373,0.05589310469768537,0.08550932739241608,0.21160129020687352
1166.0,1.0771908378126123,1.0611370755482863,1.0734613233143726,1.063455208101073,0.016053762264325977,0.010006115213299527,0.056064738399362435,0.08427713566134624,0.2027565347941929
1164.0,1.0945019738891693,1.079866209016288,1.0915343258914922,1.0810027647056544,0.014635764872881207,0.010531561185837868,0.05672293072726773,0.08244509083262229,0.18826456776454947
1162.0,1.115575720538136,1.1027349589028579,1.1133688442502245,1.1026793404039907,0.012840761635278142,0.010689503846233794,0.0578222034266266,0.08019783133472018,0.16887661249987715
1160.0,1.1319180991724178,1.1205040473563461,1.1301646523741122,1.119444125289731,0.01141405181607169,0.010720527084381315,0.05891702922459804,0.07839869986182342,0.1527564159239364
1158.0,1.1337344506769476,1.1223924324373158,1.1318902216478006,1.1207865877866852,0.011342018239631768,0.011103633861115458,0.059365378352151665,0.078084897482836,0.15216899476689016
1156.0,1.1204414639929268,1.107782753037805,1.1180882796692782,1.1061066614056965,0.012658710955121721,0.011981618263581684,0.05903350534121463,0.07927663995597084,0.1677371915720493
1154.0,1.1010275994088665,1.086632753355911,1.0981352246305414,1.0849969352216746,0.01439484605295549,0.013138289408866743,0.05834055144403455,0.08096066812412511,0.18754390554369815
1152.0,1.0838407306780877,1.0680960859816964,1.0806223786757647,1.0662614838204099,0.015744644696391363,0.014360894855354855,0.0576589413115076,0.08228671746280763,0.2024959014013691
1150.0,1.0714168797776522,1.0548352544086823,1.0681072185910367,1.0525659071057452,0.0165816253689699,0.015541311485291587,0.05713190479548223,0.0830744498194677,0.2116888849596801
1148.0,1.0628350696651823,1.045734399148339,1.059605783960156,1.0429924590162876,0.017100670516843275,0.016613324943868468,0.056785600617462524,0.08347720275834557,0.21752517607169386
1146.0,1.0566341083945638,1.0392079167287829,1.05362470643139,1.035983503916236,0.017426191665780966,0.017641202515153998,0.05656234474142113,0.08368382091842741,0.22127348466623847
1144.0,1.0518352227885779,1.0342295416036862,1.0491577153346365,1.030468449184863,0.017605681184891697,0.01868926614977351,0.05641487376614299,0.08382864080243312,0.22327118687962924
1142.0,1.0478878547116686,1.030195270463823,1.045578866456487,1.0258695144308299,0.017692584247845478,0.019709352025657045,0.05636200387298533,0.08396815546391923,0.22406310545735159
1140.0,1.0443903809625046,1.0266733417063234,1.0424223065993952,1.0228595834672882,0.017717039256181177,0.01956272313210694,0.05639513143265055,0.08411694719447325,0.2240043117376745
1138.0,1.0410798351991954,1.0233527618447984,1.0394548957485314,1.0201530809472081,0.01772707335439705,0.019301814801323314,0.05648296771563649,0.08427804186176435,0.22371130313220242
1136.0,1.0379004348457352,1.0201492264632488,1.0366603912885664,1.0174831088021778,0.01775120838248645,0.019177282486388503,0.056626514451161465,0.08446480528231676,0.22351278791904913
1134.0,1.0349381852777533,1.0171581554647435,1.034050257323011,1.0149550312741442,0.017780029813009746,0.01909522604886682,0.05682643228648898,0.0846948397059448,0.22324839808234878
1132.0,1.0323487301258485,1.0145282805151385,1.0317238396611894,1.0127641334242496,0.017820449610709943,0.018959706236939766,0.057067168221176995,0.08498225057773097,0.22297908669234748
1130.0,1.0301955490430434,1.0123285900805545,1.0298039150821099,1.0110075716874685,0.01786695896248891,0.018796343394641424,0.057313537535777614,0.0853203445947107,0.22266707801464106
1128.0,1.028427903020985,1.010531903051125,1.0282021563927592,1.0096208887301596,0.01789599996986002,0.0185812676625996,0.05756515103340071,0.08567370397405075,0.22210321758133517
1126.0,1.027001991371577,1.009077099052507,1.0268285729267674,1.008508050625872,0.017924892319070018,0.018320522300895536,0.057859297382698675,0.08603112732658219,0.22151531754089032
1124.0,1.0259448384400391,1.0079124716134478,1.0257794129016702,1.0076435732314066,0.018032366826591373,0.018135839670263554,0.058212631985542364,0.08640012250912028,0.22184851772349548
1122.0,1.0252779805212315,1.0069772631088898,1.025146911683113,1.0069704963158084,0.018300717412341738,0.01817641536730452,0.05859357915389177,0.08675991403485786,0.22415886276287947
1120.0,1.024902661933306,1.0061600812641625,1.024854534407392,1.0063364020539172,0.01874258066914347,0.01851813235347488,0.058968263091228615,0.08706984559387597,0.22868408382916205
1118.0,1.0246001228597357,1.0053226838232434,1.02468769054965,1.0055683692442314,0.01927743903649226,0.019119321305418602,0.05931980505519711,0.0873018964460254,0.2345007188829612
1116.0,1.0241317581267402,1.004295109521081,1.0244136586665353,1.0044592225344955,0.019836648605659146,0.019954436132039843,0.05962110345196441,0.08742274026897132,0.2408720899671221
1114.0,1.0233063445535673,1.0029087757112356,1.0238628757823398,1.002830279425567,0.02039756884233168,0.021032596356772792,0.059835145655510236,0.08739705199253776,0.24764967581441377
1112.0,1.0220207132527186,1.0010501930538342,1.0229260166657161,1.0005856113074345,0.020970520198884346,0.022340405358281634,0.05994462427376382,0.08721064203256107,0.25503744576215576
1110.0,1.0202943374703786,0.9986971951402894,1.0216132346734006,0.9977286722975252,0.021597142330089136,0.02388456237587544,0.05995351790775,0.08686576283410863,0.26357935754610595
1108.0,1.0182466666779018,0.9959454227996937,1.0201053232547408,0.99437994769926,0.022301243878208088,0.025725375555480823,0.05989064870309658,0.08639477868675854,0.2735204019103874
1106.0,1.0160183813384427,0.9929477553890372,1.018531342279791,0.9906983442204083,0.023070625949405454,0.027832998059382774,0.05977665242967997,0.08585704171372839,0.2845881056186931
1104.0,1.0136979863054898,0.9897852739858103,1.0168432397291172,0.9867656592913701,0.023912712319679508,0.03007758043774711,0.05960977863814355,0.08528586908539507,0.29681888681418994
1102.0,1.011276956868256,0.9864513185292664,1.0149699878403535,0.9825919179055334,0.024825638338989653,0.032378069934820175,0.05941775044714427,0.08468112495183495,0.31021173270821156
1100.0,1.0087127531371531,0.9829468064128534,1.0129060232823437,0.9781887042779364,0.02576594672429977,0.03471731900440733,0.059255752691055305,0.08407724786731391,0.3241067319087655
1098.0,1.0060302965450012,0.97931514469153,1.010701591072901,0.9736210087904652,0.026715151853471175,0.037080582282435715,0.05915620795661673,0.08352743823629206,0.3380648263401877
1096.0,1.0033447057002556,0.9756773940446575,1.008464900570907,0.9704497335572541,0.027667311655598104,0.03801516701365293,0.059121638468261045,0.08302891857394544,0.3519905469533859
1094.0,1.0007614527225681,0.9721890991790617,1.0063210970775365,0.9674606368323213,0.0285723535435064,0.03886046024521517,0.05914609598496833,0.08257012569596675,0.3652639891844504
1092.0,0.9983488655438653,0.968947974920567,1.0043582390939116,0.9647668697660368,0.029400890623298315,0.03959136932787488,0.059217958727368084,0.08216215741761465,0.3774403339898664
1090.0,0.9961489445789757,0.9659482433337461,1.0025828435294608,0.9623750850462275,0.030200701245229666,0.040207758483233325,0.05934788491115656,0.0817825314658155,0.3891826232754471
1088.0,0.9941627942971518,0.9631406786983541,1.0010088072527497,0.9602276323236593,0.03102211559879775,0.04078117492909039,0.05956260233880934,0.08139763343852296,0.4012434160418206
1086.0,0.9923860730071403,0.960536558337946,0.9997046648059902,0.9583500444449342,0.03184951466919428,0.04135462036105597,0.05985756506822458,0.08102092172326068,0.41336125693394205
1084.0,0.9908600269249316,0.9582179543622732,0.9986965159501376,0.956853851088405,0.032642072562658386,0.041842664861732604,0.060225173213603246,0.08066805664149125,0.4249288740609686
1082.0,0.9896797042872476,0.9562770272848273,0.9980147845746199,0.9557955663893367,0.03340267700242028,0.04221921818528318,0.06068212842949967,0.08031122495345963,0.4360779446058047
1080.0,0.9890190735234639,0.9548186588200025,0.9978818138449572,0.9552282273399014,0.03420041470346136,0.042653586505055796,0.06123693965531435,0.07993232060353803,0.4477801453422658
1078.0,0.9892498992616062,0.9541838723402393,0.9987277298925076,0.9555093289443664,0.035066026921366955,0.04321840094814122,0.0618878305501174,0.07951559606583392,0.4605202258409
1076.0,0.9909447102815125,0.9550462988378982,1.0010407072688239,0.9573786270034896,0.035898411443614386,0.04366208026533425,0.06265570481939048,0.07902093430182201,0.4731597018124731
1074.0,0.9948444632695708,0.958268368756028,1.0055189925253174,0.9617255670310239,0.03657609451354271,0.04379342549429355,0.06356657132008922,0.07840738106750807,0.4842865069434458
1072.0,1.0016319317452336,0.9645695702859657,1.0129387809111698,0.9692729861654854,0.03706236145926789,0.04366579474568444,0.0646629527922973,0.0776479795588129,0.4934996013715641
1070.0,1.0114823212480104,0.9741576016312468,1.023473420529321,0.9799745170623958,0.037324719616763646,0.0434989034669252,0.06598946603483413,0.07676760221701127,0.5001436868436452
1068.0,1.0241213146159476,0.9868008335823386,1.0367741037510831,0.9951042613727703,0.037320481033608965,0.04166984237831284,0.06757345593110638,0.07587780150291688,0.5029254363290127
1066.0,1.0389785806918288,1.0019469710634759,1.0523077504524212,1.0103523458654604,0.037031609628352946,0.04195540458696079,0.06941081459147702,0.07511617676307963,0.5007544339320058
1064.0,1.0549786369373244,1.0184708326586975,1.0690730672773276,1.0228913970241273,0.036507804278626876,0.0461816702532003,0.07143764288441097,0.07459502712725782,0.4937388956640703
1062.0,1.0705153217033962,1.0346576947749222,1.0853585772491574,1.0378197599299974,0.03585762692847405,0.04753881731915999,0.07349054665233148,0.07437971116536209,0.483299389201339
1060.0,1.0842401687001884,1.0490598433821643,1.0997540170520248,1.0517584466310779,0.035180325318024064,0.04799557042094693,0.07534126800730723,0.07444774527211166,0.47135396463815127
1058.0,1.095731254668112,1.061210026836619,1.1119625289861088,1.063456750321492,0.03452122783149303,0.048505778664616805,0.07685937604731317,0.07471059796699024,0.4592538370645895
1056.0,1.1052714863625286,1.0713517777447032,1.1223027711419697,1.0731641774673193,0.03391970861782534,0.049138593674650455,0.07807077464821277,0.0750920157655604,0.4479099302593608
1054.0,1.1133164089193208,1.0798559253768125,1.1310438780068548,1.081236027755884,0.0334604835425083,0.0498078502509709,0.07902268788365613,0.07556465178898975,0.4385057827941395
1052.0,1.120233259780867,1.0870628590855116,1.138391737416451,1.088025738322591,0.033170400695355484,0.05036599909385986,0.07972450002638146,0.07609923375227476,0.43147559292799165
1050.0,1.1263114098189793,1.093352131347517,1.1446321505073866,1.0939712644023105,0.032959278471462294,0.05066088610507613,0.08019168715522942,0.07662677169007022,0.42588038862668576
1048.0,1.1318566874296736,1.099117235522826,1.150213187188555,1.0994953745378557,0.03273945190684757,0.0507178126506993,0.08045166288107508,0.07709029211991893,0.4207614006990636
1046.0,1.1371668582454852,1.1046300650972127,1.1555765384804852,1.1055748169182429,0.032536793148272514,0.05000172156224236,0.08056881405963927,0.07748104961886586,0.4163843679220855
1044.0,1.1422717522945294,1.1098603276145642,1.1607824550168524,1.1112919097096188,0.03241142467996516,0.049490545307233624,0.0806085627056373,0.07781666816134511,0.4133440887598346
1042.0,1.1469658654868264,1.1145916950869776,1.165589975447366,1.1161338077842475,0.0323741703998488,0.049456167663118444,0.08054223036746398,0.07808805299352996,0.4118270169865981
1040.0,1.1512792762236128,1.1188567276639412,1.169983927358427,1.1201046883604442,0.03242254855967164,0.049879238997982744,0.080277598242577,0.07825847643307415,0.412040032520995
1038.0,1.155615170162457,1.123081171187536,1.1743969769537104,1.1237329888618675,0.03253399897492115,0.050663988091842915,0.07976465558628863,0.07831044721556475,0.4138194153998973
1036.0,1.1603118480018253,1.127692169544104,1.1792790074331998,1.1279234093872992,0.03261967845772129,0.05135559804590062,0.07907318367232483,0.07826710571258723,0.4158684384812356
1034.0,1.1654896802246295,1.1328410873217862,1.1846886080056627,1.1332919010790716,0.032648592902843276,0.05139670692659104,0.07830543872675236,0.07814625793801039,0.41760907952706605
1032.0,1.1711894760255326,1.138477706654846,1.1904503795287553,1.139088188886757,0.03271176937068665,0.05136219064199832,0.07746904839431536,0.0779251030156007,0.42030139879226003
1030.0,1.1773140829085664,1.1444571330951416,1.1964354746669708,1.1451507787877686,0.032856949813424796,0.05128469587920215,0.07649546617469527,0.07756421842807992,0.4248352810566719
1028.0,1.1835704635547653,1.150552456385532,1.202466573831611,1.1512552723994172,0.0330180071692332,0.05121130143219377,0.0753540513740928,0.07706369564764114,0.43044356065368117
1026.0,1.1895307198847815,1.156413591165427,1.2082048997931045,1.1571423574676825,0.03311712871935457,0.05106254232542207,0.07419448908248627,0.07649392848885049,0.43566217332048573
1024.0,1.1948130842178677,1.1616778654011064,1.2132491582102245,1.162528557007742,0.03313521881676129,0.05072060120248256,0.07322053264207429,0.07595118796845732,0.4395492985293743
1022.0,1.1991809101560271,1.1660803028520075,1.2173367031283218,1.1671039993181265,0.03310060730401965,0.05023270381019529,0.07242468209878272,0.07548259618682732,0.4422305651457307
1020.0,1.2025406215083145,1.169510638840024,1.2204903153470816,1.1706639093004445,0.03302998266829049,0.04982640604663713,0.07172093210768776,0.07506719026559856,0.4440992501991039
1018.0,1.2049925310369145,1.1720601509090893,1.222916080510342,1.1732431923933504,0.03293238012782518,0.049672888116991665,0.07107511709646736,0.07469581084957583,0.4453433429488452
1016.0,1.2068858522227006,1.1740629360353005,1.2248833030292814,1.175208799597876,0.032822916187400075,0.04967450343140545,0.07051958904361862,0.0743839652481343,0.44604063070016164
1014.0,1.2086432750335752,1.1759450778588456,1.2266427313314423,1.1770616878898736,0.03269819717472955,0.04958104344156866,0.07009884214881729,0.07412385097378305,0.44611860855423224
1012.0,1.2105259936090558,1.1780151389422726,1.2284330253926607,1.1791233831883163,0.03251085466678316,0.04930964220434442,0.06973610510871862,0.07386527664257841,0.44526033043683755
1010.0,1.2126626564912808,1.180446469175847,1.23046522352749,1.1815500768922638,0.03221618731543385,0.048915146635226225,0.06929205880649471,0.07354646382241445,0.44331253772528967
1008.0,1.2152012793466427,1.18334228083517,1.232852995410941,1.1844327436608761,0.03185899851147278,0.048420251750064924,0.06874897972028333,0.07310367148310178,0.44120706904934137
1006.0,1.2182423706540284,1.1867428582291186,1.2355766483321322,1.1877703836511089,0.03149951242490978,0.047806264681023336,0.06810613599435268,0.0724734757003433,0.4400837051752035
1004.0,1.2217058901483528,1.1905808844895152,1.238568587821686,1.1918775580370338,0.03112500565883769,0.04669102978465234,0.06732463024995443,0.07164828809673643,0.4398672209272412
1002.0,1.225393911019388,1.1946731267257493,1.2417010189472701,1.1967390336581092,0.03072078429363878,0.044961985289160955,0.06646783710919577,0.07067116345088088,0.4400798949977004
1000.0,1.2290619872673723,1.1988104437071885,1.244813321255788,1.2016384394493675,0.03025154356018378,0.04317488180642037,0.06564209834391498,0.069580840308691,0.43989204632739937
998.0,1.2325043220128493,1.2028433316588971,1.247754765479567,1.2064818943186708,0.0296609903539522,0.041272871160896285,0.06486573548577163,0.06841599149536289,0.4382272023257434
996.0,1.2356364698316318,1.2066756078607965,1.250384515986435,1.211231934531063,0.02896086197083525,0.03915258145537215,0.06413576267851796,0.06722844602020156,0.434917700754679
994.0,1.2384838638041804,1.2102695976443603,1.2526724829142706,1.2149096709441485,0.028214266159820145,0.0377628119701221,0.0634286769398774,0.0660612368171203,0.43064824070568297
992.0,1.2410881023199256,1.213641835433346,1.25470487504602,1.2171797691676476,0.027446266886579584,0.03752510587837232,0.06269490307200233,0.06488557011947207,0.42598207822106043
990.0,1.243466303729304,1.2167972850421116,1.2565440607386014,1.2192753196185138,0.026669018687192292,0.0372687411200876,0.06193624581728965,0.0636397111258484,0.4214120550184481
988.0,1.2456773710189268,1.2197597549301595,1.2575802128338087,1.2211894576095412,0.025917616088767303,0.03639075522426749,0.06116721483755868,0.062358590615388385,0.4172879118264567
986.0,1.2477945694862875,1.2225871953590466,1.2578030257167452,1.2229581320099454,0.025207374127240945,0.03484489370679977,0.06037775484915021,0.061129245593093864,0.41342672089398064
984.0,1.2498124598783515,1.2253351381490762,1.2578898531638416,1.2246672014988256,0.024477321729275303,0.033222651665016034,0.05958794046025796,0.05995858148625746,0.40876783970273056
982.0,1.2517058811284358,1.2280473992794307,1.2579019958024589,1.227231506778549,0.023658481849005097,0.030670489023909786,0.058831185624466494,0.05880966086832491,0.4022580370805714
980.0,1.2534999425696522,1.2307341495814776,1.257948446507926,1.230078734858777,0.022765792988174605,0.027869711649149087,0.05813126449105142,0.05766981584943452,0.394095017501827
978.0,1.2552219970832403,1.2333589910677478,1.257959681152807,1.2328089858362157,0.021863006015492514,0.02515069531659142,0.057467564348747974,0.056562462120344104,0.3852226329596406
976.0,1.2568577353786083,1.2358815342357896,1.257850856256903,1.2348776288300294,0.02097620114281873,0.022973227426873688,0.05681150652011026,0.05553295927458129,0.37588685553045215
974.0,1.258375384934483,1.2382567968438067,1.2576033496844714,1.2361334215145372,0.020118588090676237,0.021469928169934205,0.05618345305475566,0.05463202661181882,0.3660435362505407
972.0,1.2597401339375995,1.2404675094908117,1.2572875210654857,1.2372069927042122,0.01927262444678779,0.020080528361273497,0.055637705571202276,0.053879014610823533,0.35522953732048235
970.0,1.260938024583746,1.2425353210185586,1.2569682159024325,1.2380749634756887,0.018402703565187473,0.01889325242674378,0.055171297018448445,0.053269015624481345,0.34285365035505794
968.0,1.262009041456876,1.2444494536828299,1.2569946709635937,1.2388210712220833,0.017559587774046204,0.01817359974151045,0.05472288608306214,0.05279769141179403,0.3300129465673369
966.0,1.2629911133932414,1.246227119651311,1.2606424145454262,1.2395338113232497,0.016763993741930383,0.02110860322217656,0.05434214565325493,0.05246201568933914,0.3171191598393656
964.0,1.2639273692799105,1.247947196420423,1.2640302464985922,1.2412403857965475,0.015980172859487496,0.022789860702044695,0.05408633029035745,0.0522656242462864,0.30349305659627446
962.0,1.2649353171697322,1.2497234499731984,1.2672390186854101,1.2430524010440702,0.01521186719653378,0.02418661764133989,0.053882300019759424,0.05219666493349445,0.28944095729307
960.0,1.2661546655941636,1.251671923832227,1.2705256533671072,1.2450712669560957,0.014482741761936646,0.025454386411011498,0.05367139413378094,0.052226053597125136,0.2756850966907587
958.0,1.267652024798938,1.253826244796825,1.2731448871667763,1.247319758894172,0.013825780002113097,0.025825128272604303,0.053489700729958116,0.052329816964442694,0.26296686597340657
956.0,1.269366310138397,1.2560798401178241,1.2746902597601257,1.2496716322316193,0.013286470020572816,0.025018627528506476,0.0534150501415067,0.05252895773374725,0.2520351165050365
954.0,1.2712066095483041,1.2583707799933628,1.276282258751575,1.252038328029152,0.012835829554941336,0.024243930722422924,0.053451432179232976,0.05284304827168383,0.24231480562998958
952.0,1.2732863019497018,1.2608693425168525,1.278051196992481,1.2546659451646358,0.012416959432849373,0.023385251827845233,0.05354282232913621,0.05324042971482092,0.232945087654588
950.0,1.2757917883417769,1.2637332588646806,1.2802525286620239,1.259111123445043,0.012058529477096291,0.021141405216980935,0.05369432678341619,0.05369234439968213,0.22458389332453646
948.0,1.2786517883780744,1.2668541803322253,1.2827941620214571,1.2642447625757711,0.011797608045849062,0.01854939944568601,0.0539368115801583,0.05421293776909174,0.21784922598093465
946.0,1.2816223276545105,1.2699989886622314,1.2854621805953819,1.2690767553448001,0.011623338992279075,0.01638542525058173,0.054270234051468524,0.054819838665289174,0.2124746518560882
944.0,1.2845577015027145,1.2730349673282415,1.2882473223628603,1.2735028152757828,0.011522734174473026,0.01474450708707753,0.054693336880686984,0.05546745477517096,0.20834742550688792
942.0,1.2873824904433993,1.2759002456843298,1.2910371957884583,1.277623546410182,0.011482244759069449,0.013413649378276382,0.05519508845774787,0.05610104974732561,0.2053644838945489
940.0,1.2899922875769376,1.2785113584985948,1.293598276583995,1.281413809858388,0.01148092907834286,0.012184466725607024,0.055699073549273156,0.05673749593662959,0.20312870458413035
938.0,1.2923241879767282,1.280850031005154,1.2958505434636067,1.2848686013295239,0.011474156971574168,0.010981942134082878,0.05614958427671741,0.05738460764383597,0.2008541110879838
936.0,1.2944608481703492,1.2830203587654783,1.2978996925476145,1.2872767444685276,0.011440489404870968,0.010622948079086925,0.05660590317212282,0.05797783215224966,0.1983038492046436
934.0,1.2965900950085818,1.2851673358228959,1.299890044944024,1.289232304797486,0.011422759185685916,0.010657740146537975,0.057104304738322946,0.05847665078518851,0.19629963326319688
932.0,1.2988412546668395,1.2873956775303024,1.3019267974073112,1.2913262734314233,0.011445577136537155,0.010600523975887954,0.05758758747184542,0.058943680985502414,0.19511459990713043
930.0,1.3012539098941671,1.28974943801416,1.3040749379313565,1.293619383267393,0.011504471880007028,0.010455554663963529,0.05806985974298267,0.05944803577976822,0.19446184381553597
928.0,1.3037954899533837,1.2922279171606255,1.3062413912554252,1.2961166086642018,0.011567572792758218,0.010124782591223402,0.05859924097973167,0.0599781751412193,0.193792459687411
926.0,1.306396208850356,1.2947795407205565,1.308286600562092,1.298812396519852,0.011616668129799557,0.009474204042239975,0.05911596651833692,0.06048217377882733,0.19297711562252606
924.0,1.3089957882406626,1.2972755072714817,1.3102753173693682,1.3016411466948576,0.011720280969180985,0.008634170674510555,0.05954648122643705,0.060906672866246896,0.19333106903589092
922.0,1.3114798439365107,1.2995765937660424,1.312276922650129,1.304441244056292,0.011903250170468338,0.007835678593836937,0.0598732994251555,0.06120109070003511,0.19537879772425873
920.0,1.313626865253486,1.3015707266587935,1.3139612763739883,1.3069967899959036,0.012056138594692456,0.006964486378084667,0.06008789045846028,0.06131057803729647,0.19746291249096265
918.0,1.3151813307890547,1.3030865675216876,1.315007425745783,1.309048620768106,0.012094763267367137,0.00595880497767709,0.06019380976991409,0.06117404618717064,0.19837565298416
916.0,1.3158097116930256,1.3037708652693156,1.3153723353642728,1.3101961843725694,0.012038846423710003,0.005176150991703432,0.06021783608130092,0.06078146437081001,0.1984537296585304
914.0,1.315026879243561,1.303193161495144,1.3146724219086239,1.3099230381810312,0.011833717748417127,0.004749383727592704,0.06015040654890899,0.06020973799358171,0.19658235801087953
912.0,1.3124483618959715,1.3011587978073098,1.3122596504166428,1.308006040447029,0.011289564088661663,0.00425360996961377,0.0599503901987869,0.05954153056342662,0.1893337781469393
910.0,1.3081735078972887,1.297830100010014,1.3081245074824608,1.3045754408390415,0.010343407887274614,0.003549066643419252,0.05963475131488197,0.05888111792030083,0.17519151079957396
908.0,1.3027478418131095,1.2936526230005614,1.3028526652830426,1.2999857778349606,0.009095218812548156,0.002866887448081945,0.05926144664409041,0.058339073855294986,0.15538228186802236
906.0,1.2967856501314485,1.2891606867850696,1.2971093261766855,1.2948017417462185,0.007624963346378966,0.002307584430466969,0.05888417670107213,0.05795272421300186,0.13112563301368624
904.0,1.2908476805850113,1.2848294658878487,1.2916513334776591,1.2897366082104837,0.006018214697162572,0.001914725267175399,0.058485351355417506,0.05771083037555011,0.10398688238977208
902.0,1.285335281626748,1.281018660635348,1.2871541171033596,1.285713856092268,0.004316620991400066,0.0014402610110915148,0.05798678473374946,0.05762723727058047,0.0748074136564886
900.0,1.2805512331126103,1.277999178729628,1.283948450241378,1.2822709978623394,0.0025520543829822273,0.001677452379038602,0.057416389085996944,0.05776119106309075,0.04423832013095906
898.0,1.276849973308409,1.2759570356948173,1.2821069206408056,1.2783020230774018,0.000892937613591771,0.003804897563403742,0.05691777905068966,0.058100986127007155,0.015434354465452344
896.0,1.2744706298366606,1.2749723994603968,1.2816054936479129,1.275687025369458,-0.0005017696237361591,0.005918468278454769,0.05663225824062589,0.058516304823367664,-0.008632634490663062
894.0,1.2734251710076692,1.2750299632626028,1.2823157439422146,1.2745962386181562,-0.0016047922549335958,0.007719505324058407,0.056641346587474856,0.05891819861604644,-0.027457582420442946
892.0,1.2736593885383016,1.276069304596716,1.282493512452619,1.2749569094210038,-0.002409916058414341,0.0075366030316150745,0.056907639261087425,0.059292039533822075,-0.040986293800974447
890.0,1.275134672358453,1.2779860963945286,1.2825796768489663,1.2766713317989018,-0.002851424036075745,0.005908345050064545,0.05732835103776404,0.059570669775075726,-0.04824281524988087
888.0,1.2778352868976568,1.2806527576284605,1.2856236844117999,1.2799209967150806,-0.0028174707308037394,0.005702687696719222,0.057898138134253326,0.059667972788266424,-0.047512341624717604
886.0,1.2816805752601748,1.2839507727379234,1.2921073132236804,1.284698911659779,-0.0022701974777485923,0.0074084015639015455,0.05867256367297169,0.059598081335434504,-0.038215960185399814
884.0,1.2862879250379826,1.2876535479828015,1.2974337517824641,1.2879066307537945,-0.0013656229448189006,0.009527121028669594,0.05965533367711408,0.059477146429479294,-0.02294597563364334
882.0,1.2911313968633815,1.2915127480015338,1.3016604013720436,1.2900548492100117,-0.00038135113815229715,0.011605552162031962,0.06085636717079959,0.059413318814516065,-0.0063856502738000335
880.0,1.29598232531851,1.2954191921442912,1.3059280184961446,1.2916951296272772,0.000563133174218855,0.014232888868867422,0.062316906620459675,0.05946052775676843,0.00937412297459864
878.0,1.3006862764635727,1.2991503136650893,1.3098821039668134,1.2937035072206378,0.0015359627984834479,0.01617859674617561,0.06399694677087103,0.05964943497417397,0.025349840599511956
876.0,1.3045600752135065,1.30202413223567,1.3130672374916386,1.2962176908662646,0.002535942977836436,0.016849546625373968,0.06556012019696551,0.05967793424307589,0.04159774480088679
874.0,1.3067054247061203,1.3032731114232943,1.3153007645799086,1.2977086784810554,0.003432313282826005,0.01759208609885321,0.06622215972548381,0.058882240995837554,0.056731014308523134
872.0,1.3070711626488845,1.303061073463937,1.3168872044739202,1.2986797355147237,0.004010089184947496,0.01820746895919645,0.06524525459719047,0.057449603268471275,0.06776523825690649
870.0,1.3066312449663213,1.3025299300917548,1.318195359474413,1.2996135383728888,0.004101314874566553,0.018581821101524065,0.06297831630627507,0.05646094232771004,0.07084176490714249
868.0,1.3064508033767,1.3025648801584513,1.319252232604446,1.3009887820973187,0.0038859232182486547,0.0182634505071273,0.06078937814688298,0.05615628300323663,0.06797982871436643
866.0,1.3069359958465343,1.3032022722391574,1.3200252306573468,1.3001673178127156,0.003733723607376893,0.01985791284463123,0.05943017374915024,0.05595917459411999,0.06584171450837879
864.0,1.308021412183499,1.3042309774053218,1.3207153846103987,1.300770168718337,0.0037904347781771985,0.019945215892061663,0.05865053443962748,0.05563769652472991,0.06734314767158195
862.0,1.30973612377172,1.3057468723959818,1.32159067653266,1.3018393606981555,0.003989251375738245,0.0197513158345044,0.05812026203709741,0.05528451682330546,0.07137240096174634
860.0,1.3123630043764583,1.3080656488219473,1.3230595263676432,1.3044864106170602,0.00429735555451094,0.01857311575058307,0.05764464285466134,0.054925521726103696,0.07741722215881854
858.0,1.3162863438120622,1.3115586678907878,1.3256061917231439,1.3083224753955127,0.004727675921274432,0.01728371632763115,0.05716588331792088,0.05447197407035511,0.0858795636484459
856.0,1.3219619894244778,1.3165988847729269,1.3295001631829753,1.3134511497347692,0.005363104651550987,0.016049013448206084,0.05679925267563239,0.053846189670446715,0.09843956396748205
854.0,1.329272251178371,1.3231367856815301,1.3348521571575984,1.319942119012865,0.006135465496840853,0.01491003814473335,0.056453666414660465,0.05328165597835328,0.11369353924957826
852.0,1.3375452347356251,1.330801850861384,1.3416814406977409,1.327852557434237,0.006743383874241227,0.013828883263503844,0.05576816155344648,0.05320549419339043,0.12544626950537827
850.0,1.346690364110116,1.339597587429868,1.350032658542087,1.3372603610948346,0.007092776680247992,0.01277229744725239,0.0547377500963947,0.05355705358544973,0.13181694967914265
848.0,1.3568477633250542,1.349655543834683,1.359950904467698,1.348018404856599,0.007192219490371299,0.01193249961109899,0.05345881093186961,0.05395035973546083,0.133567074788691
846.0,1.3679937003619373,1.360847148202336,1.3713074485742878,1.3599373567741415,0.007146552159601249,0.011370091800146254,0.05191694623466136,0.054298831481964786,0.1328203711354412
844.0,1.3804655856619878,1.3730653068520196,1.3839129587868355,1.373001652344297,0.007400278809968297,0.01091130644253857,0.05043582429260074,0.05454430425464169,0.13779372067805426
842.0,1.3943132430632974,1.386199267647854,1.397551595804533,1.3870319339412291,0.008113975415443342,0.010519661863303886,0.04920496841669874,0.05449522027521329,0.15187590514188262
840.0,1.4089938020482236,1.4000157262363881,1.411959766009852,1.4015633154653875,0.008978075811835406,0.010396450544464475,0.04802284891890385,0.05411673202648853,0.1697429478034301
838.0,1.424156267379998,1.4143128027572127,1.426985782560111,1.4163439964208118,0.00984346462278518,0.010641786139299336,0.046772021861447674,0.053435357148983134,0.18892168266551007
836.0,1.4397620662195167,1.4289721740221402,1.442481416974763,1.4315147341535694,0.010789892197376583,0.010966682821193618,0.04557176544955112,0.052440312086831885,0.21127186835315312
834.0,1.4557451901286487,1.4439084746927358,1.4580328767934831,1.4471170968843823,0.011836715435912915,0.010915779909100864,0.04440368122260656,0.05114788349211221,0.23766594035163355
832.0,1.4720396469631996,1.4591245854369113,1.471161070463726,1.4629783538846053,0.012915061526288296,0.008182716579120619,0.043087524158282306,0.04955685674292202,0.26757537186344704
830.0,1.4887864595801943,1.4748664224250525,1.4845054702334965,1.479306773752794,0.013920037155141785,0.0051986964807024805,0.04168309029950929,0.04762464752573913,0.29976168817371013
828.0,1.506230610427221,1.4915043928821667,1.4984719477212978,1.4960924399471613,0.01472621754505421,0.0023795077741364246,0.040429342493354746,0.0454301733394804,0.3314910863815428
826.0,1.524498243164412,1.5093039737940495,1.5135629270784179,1.5118930988625934,0.015194269370362612,0.0016698282158245092,0.03937430106092255,0.043159791857930306,0.3584319322491306
824.0,1.5436702927545096,1.5284555601126322,1.53628661530145,1.5298573981273105,0.015214732641877449,0.006429217174139579,0.0384522992251867,0.04091508019506778,0.3765177129755807
822.0,1.5638692793155298,1.5490972972177204,1.561260714674617,1.550941006183562,0.014771982097809389,0.010319708491054902,0.03774908840397891,0.038753783337966974,0.38324542234668035
820.0,1.5851051904164357,1.5712311253790168,1.5855283658498012,1.5721983640219652,0.013874065037418948,0.013330001827835947,0.037418313838025144,0.03675770922592189,0.37601367923305246
818.0,1.6070009796941682,1.594449776483043,1.6070073070012603,1.5941966018908384,0.01255120321112524,0.012810705110421816,0.03741608835971397,0.03502107863511899,0.3531699476566176
816.0,1.6280922633276464,1.6172104697611431,1.6278255298779882,1.6159632114754392,0.010881793566503317,0.011862318402549032,0.037602287973055495,0.03376300263752465,0.3144419296526344
814.0,1.6447682182150989,1.6356005855548776,1.6439005159034696,1.6343030403135064,0.009167632660221248,0.009597475589963267,0.03790302261991475,0.033374342694872904,0.26667644181991407
812.0,1.6503625591415134,1.642141873644517,1.648261948589844,1.6414588888636823,0.008220685496996394,0.0068030597261616865,0.03807657476808028,0.03477834327894971,0.23158045529997848
810.0,1.637143461480625,1.6282185782466125,1.6325465283690517,1.6276071393070302,0.008924883234012526,0.004939389062021515,0.03818976688999262,0.040241175541193004,0.2241414542912964
808.0,1.604130739850973,1.592985755473947,1.595745163792254,1.5960183886718242,0.011144984377025935,-0.0002732248795702663,0.03914448404564481,0.05037080936542863,0.2311036732472462
806.0,1.5626738630860084,1.549143477099061,1.5569507075280908,1.5517455917327356,0.013530385986947335,0.0052051157953552085,0.04107142102289844,0.06045695327544876,0.23767937472328016
804.0,1.5255352954809438,1.5105092005161072,1.5224819428312162,1.5161035334845738,0.015026094964836645,0.006378409346642355,0.043001006966566925,0.06644685610993231,0.2413864462622864
802.0,1.4983298921136008,1.482880724041812,1.4957421989904125,1.4909256992704212,0.015449168071788755,0.004816499719991318,0.04431915303285405,0.06805671408408043,0.24215915321786732
800.0,1.481445154461216,1.4664641892996408,1.4783206901053143,1.4747898892798066,0.0149809651615751,0.0035308008255077183,0.04494164197404541,0.06677419204965547,0.23850594636693787
798.0,1.474713165454159,1.4608412096895727,1.470870518405401,1.4677537741442874,0.01387195576458633,0.0031167442611135243,0.045041542073267854,0.06392242688307447,0.2295174116535361
796.0,1.477796548687847,1.4653097154919794,1.473802878621319,1.4698928992979035,0.01248683319586763,0.0039099793234156355,0.04489764204389612,0.06041710376100743,0.2171660510251662
794.0,1.4871041465872619,1.4758695318527968,1.4838577381761051,1.4780308704971714,0.011234614734465076,0.0058268676789337,0.044807499554462435,0.0572827552416357,0.20466572554464357
792.0,1.4949610998465137,1.48449461926322,1.4933757459385744,1.4851189243314786,0.010466480583293691,0.008256821607095732,0.04495806131036437,0.05584230157543913,0.194781717255632
790.0,1.4937011266003286,1.4832322636087898,1.4946952487412564,1.4839594560956386,0.010468862991538819,0.010735792645617748,0.045359221592219404,0.0570779852146889,0.1909698453863188
788.0,1.4809744061788634,1.4698024529388947,1.4848116102846238,1.4720954128705581,0.01117195323996878,0.01271619741406571,0.046038114073154286,0.0606457769334062,0.19302697873085517
786.0,1.4606861750064823,1.4486958040292006,1.4663625584003115,1.4521378452813067,0.011990370977281728,0.01422471311900475,0.046927086303306026,0.06484593458439775,0.19493719384294778
784.0,1.4393444919834484,1.4269964035519973,1.4454505175498182,1.4312964908919321,0.012348088431451076,0.01415402665788612,0.04777811549668594,0.06785231329123981,0.1924867390317316
782.0,1.4222615342388685,1.4101716170782432,1.4281322199003377,1.4150972568718858,0.012089917160625241,0.013034963028451862,0.04844785417197054,0.06878222548596553,0.18590762194380783
780.0,1.412462786633204,1.4011824222894231,1.4182744096219362,1.4056507118060058,0.01128036434378088,0.012623697815930424,0.048961503533778275,0.06772319695238403,0.17562339805020044
778.0,1.4109061434371613,1.4009547909833888,1.417343748982375,1.4040939634484653,0.009951352453772433,0.013249785533909764,0.04945932033147685,0.06533665117809027,0.15965318009903062
776.0,1.416143184977003,1.4079042056464575,1.4243113310275808,1.4097037218435475,0.008238979330545515,0.014607609184033254,0.05005574720480238,0.06251823170750527,0.137065814087076
774.0,1.4243984223882689,1.4179377538747528,1.4356034451467714,1.418569323136774,0.00646066851351601,0.017034122009997432,0.0507146671649447,0.06008998299398368,0.11092841201067441
772.0,1.431640446650523,1.4267479129718346,1.446752949310608,1.4266009732643337,0.004892533678688471,0.020151976046274278,0.051405825723096495,0.05851515240955695,0.08569550553250183
770.0,1.4359682934337907,1.432289857011533,1.4510502827571543,1.4317484781320813,0.003678436422257736,0.019301804625073027,0.05220059911370843,0.05782121217131577,0.06489343772493482
768.0,1.4376669138739233,1.434790595562604,1.4487386245598932,1.4325620897739704,0.0028763183113194035,0.016176534785922847,0.05310656735103343,0.057777727726409385,0.05061602049348809
766.0,1.4377549120093336,1.4353009118437257,1.4447108697433235,1.431775984495722,0.002454000165607928,0.012934885247601446,0.053951455446453446,0.0581261955247845,0.0428477192987931
764.0,1.4371537755754442,1.4348258222669317,1.4401219917189954,1.4303557186182596,0.0023279533085125426,0.009766273100735745,0.05461726635288448,0.05870421262884537,0.04022882358434572
762.0,1.4366307329285304,1.4342216916857122,1.4356437604031091,1.4289737258492308,0.002409041242818155,0.006670034553878379,0.05520396650410585,0.05943107349569239,0.04113342243122
760.0,1.4366829490539328,1.434003737999965,1.4318639299640656,1.4278912403552484,0.002679211053967734,0.003972689608817248,0.05577065281966377,0.060285257961649304,0.04513240713680655
758.0,1.4374475083043385,1.434371717836082,1.4293747679685354,1.427323883341284,0.0030757904682565673,0.002050884627251337,0.0562853862094415,0.06124522433048069,0.05106317996183432
756.0,1.4387699977495578,1.4353657529687749,1.4308270627712587,1.4275344681321331,0.003404244780782939,0.003292594639125568,0.05677674375219276,0.06218257484495604,0.055730297142355736
754.0,1.4404543063530915,1.436813281740178,1.4325512462082126,1.4283277555794371,0.0036410246129134904,0.0042234906287754725,0.05728660470699113,0.06293062236595752,0.0589303032643109
752.0,1.4423694385639692,1.4384466120460226,1.4344066428615876,1.42936893078724,0.003922826517946509,0.005037712074347667,0.05772880233720158,0.06345378677895576,0.06297453438522113
750.0,1.4444383198548094,1.4401623645303994,1.4361607833030854,1.4307743960072594,0.004275955324410052,0.005386387295825967,0.058052661310696266,0.06379466768310192,0.06827372601787453
748.0,1.4467229838424482,1.4420416152423052,1.4379132923604234,1.4327346035151491,0.00468136860014301,0.005178688845274282,0.05832665731692961,0.06394486860605404,0.07453949579604034
746.0,1.449284748248648,1.4441959508109563,1.4399726492991998,1.435145076140388,0.005088797437691639,0.00482757315881166,0.05853558131270155,0.06393043718690986,0.08098901226348068
744.0,1.4522151907301493,1.4467723620024333,1.4425676450731395,1.4379392598236462,0.005442828727715954,0.004628385249493272,0.05875242900289158,0.0638757287560823,0.08662529285676172
742.0,1.4557302493894249,1.4498962719931774,1.4457520017137582,1.4410878505750553,0.0058339773962474695,0.004664151138702888,0.059269904114448185,0.06390107055093591,0.09266988175469483
740.0,1.4600229548459693,1.4536076621013438,1.449491612605068,1.444436607335456,0.006415292744625489,0.005055005269612112,0.060156255579147666,0.06407489828852009,0.10139534208243416
738.0,1.4649811637948467,1.4577867658670103,1.4537307965475939,1.4479020463207346,0.007194397927836382,0.005828750226859247,0.06122591442561927,0.06437533141465558,0.11289716253900514
736.0,1.4702317305069719,1.4622976217188075,1.4583414619058237,1.4516190065128,0.007934108788164362,0.00672245539302363,0.062342398414537745,0.06470885998890144,0.12354979185177958
734.0,1.4754704402155032,1.4671662654215556,1.4631586528070895,1.455720866595195,0.008304174793947627,0.007437786211894393,0.0632336677091734,0.06501236321999146,0.12846413868877554
732.0,1.4804558819295726,1.4723346744361578,1.4682044410062693,1.4602273809508377,0.008121207493414717,0.00797706005543164,0.06343677177007996,0.06532638679899504,0.12507029712905193
730.0,1.4849332053539022,1.4774768308529946,1.4734556738656988,1.4650134477313976,0.0074563745009075255,0.008442226134301123,0.06276911337151243,0.06570144354159503,0.11454588380622631
728.0,1.4888824624995463,1.4822064009552713,1.4785180569584808,1.4698574555550659,0.006676061544274914,0.008660601403414958,0.06162977956547684,0.06604112391031558,0.10249222019356731
726.0,1.4926436978781545,1.486477571664783,1.4830670207180674,1.4748354894776279,0.006166126213371648,0.008231531240439516,0.060681282102608404,0.06622903816971848,0.0947171933445093
724.0,1.4966615246874528,1.4906508975379633,1.4873735505390173,1.480155488252589,0.0060106271494895225,0.007218062286428406,0.06025718625436315,0.06629109946408934,0.09237551689181384
722.0,1.5015637073880872,1.4954214946829094,1.4922955072828246,1.485906343174264,0.006142212705177785,0.006389164108560497,0.060251278161046876,0.06629474114383528,0.09439523719554804
720.0,1.5081325909173404,1.5015910358539426,1.4985270411483476,1.4924622045646638,0.006541555063397819,0.00606483658368373,0.060536892861100776,0.06627575294732897,0.10046986803421043
718.0,1.5165422805741222,1.5094537919454336,1.5061273568324771,1.5003179332360217,0.007088488628688605,0.005809423596455421,0.06106917401055675,0.06622165574052881,0.10876788894164166
716.0,1.5261629630725273,1.5188094576309885,1.5151401432841933,1.5096196284242756,0.007353505441538788,0.00552051485991778,0.06154255757901166,0.06603708005867348,0.11292818980507373
714.0,1.5363271561127503,1.529507136188528,1.5258798698865963,1.5204527644593495,0.00682001992422232,0.005427105427246781,0.06130201440947823,0.06559998599001637,0.10537914994290208
712.0,1.5470961333179505,1.5415548968747248,1.5385861615184784,1.533038462174166,0.005541236443225683,0.005547699344312429,0.0601723673564177,0.06487664025661391,0.08669689979258245
710.0,1.559514366061706,1.5553443922413792,1.5532576479128855,1.5477229941016333,0.004169973820326689,0.005534653811252177,0.059062862717542464,0.06392878622601553,0.06625773472823653
708.0,1.5747746553064286,1.5716925157334871,1.5700282395605933,1.564997493602574,0.003082139572941456,0.005030745958019445,0.058552775048848885,0.06261518293504571,0.04988722475718163
706.0,1.593599038680121,1.5914235979144846,1.5902504452530712,1.5855636440827376,0.0021754407656364716,0.004686801170333599,0.05818838201621536,0.06064166398468672,0.0361768516105732
704.0,1.6162245976971856,1.6148655069563091,1.6180159087456116,1.6101178112636176,0.0013590907408764785,0.007898097481993993,0.057670373410555816,0.05788759218934558,0.023496635532133787
702.0,1.6408717966253739,1.6402958448183445,1.649280276910672,1.6369475987874058,0.0005759518070294067,0.012332678123266216,0.0573598778656698,0.054731966388636664,0.010415872231969424
700.0,1.660281380169146,1.6602877055108285,1.6680538304831194,1.6580830407931513,-6.325341682433816e-06,0.009970789689968118,0.05752163567220681,0.052591425738446204,-0.00011786274059638575
698.0,1.6630651854696115,1.662732294351436,1.6686673791813371,1.6615234400132746,0.00033289111817547123,0.007143939168062552,0.057697853170096965,0.05299673768611881,0.006162316045592584
696.0,1.6462731871859622,1.6448115277719266,1.6515854434511616,1.644437285501501,0.0014616594140355321,0.007148157949660616,0.05743480195711755,0.05539370719210302,0.026180719123082136
694.0,1.6207328276173185,1.6185573968920144,1.6276603422089702,1.618135400622245,0.0021754307253041283,0.009524941586725122,0.05691115725726549,0.05800603668872509,0.03765202305702273
692.0,1.5982628074783127,1.5961507283521352,1.6082776559753387,1.5948563073823836,0.002112079126177502,0.013421348592955074,0.056707597640936955,0.060162670812783814,0.035525802141900195
690.0,1.5819876298696922,1.5800865745202903,1.5911482176395249,1.5776593689298992,0.0019010553494018811,0.013488848709625634,0.05720855974888984,0.062137323902505606,0.03109718184091575
688.0,1.5703901110857608,1.5683761195576507,1.572604917501076,1.5647296787805092,0.002013991528110104,0.007875238720566724,0.057966124509556884,0.06417631068323389,0.032008836279173024
686.0,1.5621595429139596,1.5598104220235118,1.5600568383752225,1.5549473063142012,0.002349120890447809,0.005109532061021271,0.05829112260249124,0.06629131255170911,0.03631388208004738
684.0,1.5565631804475994,1.553911186703887,1.5551085739638375,1.5481054919082609,0.0026519937437123886,0.007003082055576648,0.058324396966491464,0.06827868756428236,0.039995471715529536
682.0,1.5531155518794304,1.5502176100444773,1.5522477175513738,1.543844331342591,0.002897941834953066,0.008403386208782893,0.05858959124909312,0.06996011286828703,0.04278974435718433
680.0,1.5515090270027119,1.5483917351575827,1.5513033895727788,1.541682815729501,0.003117291845129211,0.009620573843277747,0.059002120767786166,0.07137166665570913,0.045209458892123196
678.0,1.551563689462331,1.5482284653842215,1.551756302443337,1.5413586899471614,0.003335224078109489,0.010397612496175546,0.05933289516441435,0.07259114446413657,0.04763999909876099
676.0,1.5531402324307368,1.5495700077018657,1.553265398584918,1.5427346024391886,0.003570224728871141,0.010530796145729493,0.059659320180540557,0.07357331693188017,0.05037607856011951
674.0,1.5555433598962924,1.5518332873671241,1.5555689373736064,1.5451203673061964,0.003710072529168329,0.010448570067409957,0.059822099689817824,0.07427333082747194,0.05190786055176567
672.0,1.556998964399977,1.5533650998973947,1.5574861902323556,1.5474759032945125,0.003633864502582407,0.010010286937843116,0.05953657031953331,0.07480207591459108,0.05056986952893197
670.0,1.55661906908183,1.553382084188376,1.5583536364991626,1.5490085380228775,0.0032369848934539203,0.009345098476285063,0.05892019145608376,0.07546040411416598,0.0447756476583285
668.0,1.5588696365147183,1.5561136361070202,1.5612085712415285,1.5523417260605337,0.002756000407698078,0.008866845180994787,0.05864777922856974,0.07642452502372876,0.03773147463028181
666.0,1.5653108495237258,1.5623624376429213,1.5664739438608046,1.557408326246688,0.0029484118808045245,0.009065617614116617,0.058946269196493165,0.07710353222809552,0.040030642082285135
664.0,1.5705873902261331,1.5670081783564447,1.5705009350094115,1.5609621717284328,0.003579211869688459,0.00953876328097869,0.05912212460438574,0.07736900424605496,0.04843127513816404
662.0,1.57293091345391,1.5689467805674784,1.5724037747146762,1.5627550810535076,0.003984132886431624,0.009648693661168606,0.05871080395477178,0.07756441372893169,0.05384289184478941
660.0,1.5739936200330829,1.5697962606016107,1.5728194185018487,1.563861728076339,0.004197359431472147,0.008957690425509757,0.05791976739282767,0.07786719515731348,0.056632881382659844
658.0,1.5750530330462378,1.5704695776054116,1.5725059488283701,1.564778629673945,0.004583455440826167,0.00772731915442515,0.05713687577787567,0.078215854104672,0.06170762816406839
656.0,1.5765281156079856,1.571399197538566,1.5726394128856622,1.566294029491833,0.005128918069419619,0.006345383393829174,0.05653123039881324,0.07833388898429139,0.06905066467704885
654.0,1.5784148901224262,1.5729563107034379,1.5734591413448724,1.5687960360783713,0.0054585794189883075,0.004663105266501155,0.05602161368679204,0.07801681581802013,0.07383237368390849
652.0,1.5808289622350935,1.5752854709327087,1.5746906328071932,1.572099577180051,0.005543491302384851,0.002591055627142236,0.05563687093439574,0.0773793810735219,0.0755865547272104
650.0,1.5845045873472263,1.5785909897407844,1.5776453316938983,1.5759226808455749,0.005913597606441945,0.0017226508483234593,0.05539915543439065,0.07666289703332445,0.08133690123198098
648.0,1.5898773043152485,1.5832340681277255,1.5838469235964552,1.580652419763185,0.0066432361875230495,0.0031945038332701348,0.05500634365326741,0.07591821683470422,0.09223887990279947
646.0,1.5960300286309121,1.5889130082907277,1.5902187242612174,1.5864623983800967,0.007117020340184466,0.0037563258811206257,0.05463883560742808,0.0751612691875181,0.0997716172154358
644.0,1.6021147667473854,1.5947645029631032,1.5962263063193864,1.5928119284966114,0.007350263784282163,0.0034143778227750943,0.0546908379054629,0.07453240588664936,0.10378983528969671
642.0,1.6082563497103983,1.6004323145216386,1.6025332762599105,1.5994027664751544,0.007824035188759737,0.0031305097847560415,0.054716333806898845,0.07406906062723055,0.11107680713153929
640.0,1.6142268983489843,1.6058164078153276,1.6088558523678902,1.6057385407646318,0.008410490533656612,0.0031173116032583437,0.054250729666857275,0.07369482973595738,0.12006189097053015
638.0,1.6196922508685507,1.610933134695035,1.6153977074150894,1.6115866279621467,0.008759116173515658,0.0038110794529426784,0.053621881895984866,0.07338631309952168,0.12568189804450125
636.0,1.6248524184214759,1.6158764502039462,1.6214565057868509,1.6174927340861598,0.008975968217529662,0.0039637717006910655,0.05328039718960728,0.0730848847006058,0.12936119798956178
634.0,1.6295389637984765,1.620338715858519,1.626390012483731,1.6232412907114817,0.009200247939957551,0.00314872177224923,0.05310904178249036,0.0726993857903516,0.13326233712365418
632.0,1.633282549867514,1.623780704211898,1.6302574053155028,1.6274568800719207,0.009501845655616181,0.002800525243582097,0.052801672123526794,0.07234067893016839,0.13832810116920263
630.0,1.6358494901374634,1.6257057807452384,1.6326964026113426,1.629534074389036,0.010143709392224975,0.003162328222306554,0.05219689640909022,0.07213228863438893,0.1482569631696143
628.0,1.6370237281968982,1.6259375249544985,1.633266595765643,1.6295414369642884,0.011086203242399728,0.003725158801354489,0.05121620890277902,0.07191542055773702,0.16283437530166595
626.0,1.6366871308004627,1.6247717189663264,1.634379858115851,1.6276689955846741,0.011915411834136247,0.00671086253117692,0.0500386150722473,0.07153797783476618,0.1763089334867065
624.0,1.6352453873041881,1.6227006168427958,1.633542501205594,1.6248053074912756,0.012544770461392352,0.008737193714318359,0.049098361835025334,0.07115286628995574,0.1869150905335187
622.0,1.633274043035815,1.6200035143339286,1.6294782141912667,1.621624130034327,0.013270528701886386,0.007854084156939667,0.04863190818822042,0.07083209393607026,0.19873625166861755
620.0,1.6307480931864142,1.6166803175427797,1.6254646352605653,1.6183135177469539,0.014067775643634484,0.007151117513611416,0.048309442120879995,0.07027969065697924,0.212303632652096
618.0,1.6275891796620185,1.6129797824956185,1.620981247297136,1.6148608246197842,0.014609397166400084,0.006120422677351911,0.04769638129947562,0.06931004853110562,0.22353388726156473
616.0,1.6243475618508587,1.609435334529637,1.617713597647925,1.6114420464049966,0.01491222732122166,0.0062715512429285525,0.0467769760355896,0.0680791679048497,0.2323329049322387
614.0,1.6211278118054875,1.6058208334316388,1.6152988508226558,1.6078053718220287,0.015306978373848645,0.007493479000627135,0.045885198823030104,0.06676145114347308,0.24318216723005345
612.0,1.6169321546012205,1.6010099997885345,1.612036354970936,1.6038950939131764,0.015922154812685996,0.008141261057759586,0.04546377998221128,0.06550192296043021,0.2575339707930548
610.0,1.6108276262658734,1.5943515716173042,1.6062698991319724,1.5992938613165086,0.01647605464856916,0.006976037815463743,0.04561935830806259,0.06444030391786194,0.27026407665784075
608.0,1.6031290933233429,1.5863158519012088,1.598730205145423,1.5903378738313516,0.01681324142213403,0.008392331314071466,0.046023796592157266,0.06349950953658248,0.27908953825945776
606.0,1.5953746071345234,1.5780828965107778,1.5911296870252163,1.5810806059924498,0.01729171062374557,0.010049081032766471,0.04628023254523799,0.06254692828640881,0.2906505542697438
604.0,1.5887045390275396,1.5706486462289866,1.5842940907358534,1.5730558003523447,0.01805589279855302,0.011238290383508653,0.04635468496538365,0.061551505910863794,0.3077001686957781
602.0,1.5832047696459959,1.5643803578629032,1.5787138627359982,1.5666364440876634,0.018824411783092687,0.012077418648334781,0.046515516406746615,0.060418247807645147,0.3258505856375778
600.0,1.5788764769302568,1.5593046798288823,1.5748900670210007,1.5618565965841327,0.019571797101374466,0.013033470436867978,0.04683689803930187,0.059088332431024,0.34500279019808067
