wavenumber_cm1,hydric_mean_absorbance,nonhydric_mean_absorbance,hydric_median_absorbance,nonhydric_median_absorbance,mean_difference_hydric_minus_nonhydric,median_difference_hydric_minus_nonhydric,hydric_sd,nonhydric_sd,standardized_mean_difference
4000.0,0.2215350127365829,0.24289054548224015,0.23418548911070786,0.23617115348716622,-0.02135553274565724,-0.0019856643764583626,0.07649395659889605,0.0260607239641779,-0.543979464495619
3998.0,0.22178949981786458,0.24318469096851325,0.23445158292541912,0.23641715623719867,-0.021395191150648668,-0.001965573311779545,0.07645416537126334,0.026091498448692043,-0.5449325409273927
3996.0,0.2219997850639872,0.24344303461529238,0.2346664083670813,0.236619663457799,-0.021443249551305166,-0.001953255090717698,0.07640948611835471,0.026123338670887685,-0.5461128066039526
3994.0,0.22221742090720298,0.2437111122633212,0.23489096431960427,0.2368386145651306,-0.021493691356118227,-0.0019476502455263445,0.07635069733607867,0.02615554225017799,-0.5474141003721258
3992.0,0.22244782094077808,0.24399822574325516,0.2351316674790382,0.2370930666745311,-0.02155040480247708,-0.001961399195492902,0.0762837276144182,0.026188976905312276,-0.548902167349192
3990.0,0.22267895599128346,0.24428887879600059,0.23537758582402996,0.23736085741712515,-0.02160992280471713,-0.0019832715930951927,0.07622874863359164,0.02623017704078679,-0.5503463260173419
3988.0,0.2228793135341533,0.24454341055886405,0.23560517772140152,0.23760680094347447,-0.021664097024710754,-0.0020016232220729513,0.07617179050387078,0.0262794096629689,-0.5515994404342907
3986.0,0.22295255246278212,0.24468223644646644,0.2357114226138314,0.2377352651269633,-0.021729683983684328,-0.002023842513131896,0.07609070405961416,0.026318208985740946,-0.5533334346247235
3984.0,0.22301041645060926,0.24481329044594244,0.23578319581280788,0.23784093725693545,-0.021802873995333177,-0.00205774144412757,0.07601127471628365,0.026346331107602664,-0.5553375166003252
3982.0,0.2232637020095825,0.2451240473636383,0.23602795565618015,0.23811853412738332,-0.021860345354055788,-0.0020905784712031694,0.07595648837269033,0.026375443838389585,-0.5568209698421819
3980.0,0.22358745836163668,0.2454964782121301,0.23633650591648475,0.23845386016276815,-0.021909019850493427,-0.0021173542462833983,0.07589269258242756,0.026408008365630974,-0.5580937756777822
3978.0,0.22372624859347373,0.2457162744132776,0.23646816629159298,0.23863273931040024,-0.02199002581980386,-0.0021645730188072643,0.07578694748683831,0.026436610628845295,-0.5604143557981159
3976.0,0.22374469924319806,0.24584758606871365,0.23647986656797212,0.23871953298790258,-0.02210288682551559,-0.002239666419930453,0.07566630490797102,0.02646079794830197,-0.5636529806716675
3974.0,0.2238187290382212,0.2460355797529569,0.2365523210535595,0.23886858463917737,-0.022216850714735698,-0.0023162635856178726,0.07555396597991029,0.026488089764018074,-0.5668591955523904
3972.0,0.2239698808989842,0.24628348057729801,0.2367091862953783,0.23908873854037574,-0.02231359967831381,-0.002379552244997446,0.07543920448740969,0.026518278803705723,-0.5696160292576081
3970.0,0.22412479382398845,0.2465309519185148,0.2368663030720608,0.23931585735230826,-0.02240615809452634,-0.002449554280247457,0.07531378600688023,0.026548804398999357,-0.5723148374917989
3968.0,0.2242640852912352,0.24676787034339337,0.23700454820690586,0.23953533656812775,-0.022503785052158165,-0.0025307883612218918,0.07518208324672104,0.026581940578561825,-0.5751531410584477
3966.0,0.22434263964148488,0.24696645518674393,0.23707252765736242,0.2397191176737481,-0.02262381554525905,-0.002646590016385675,0.07503942625099459,0.026611324750860726,-0.5786498979880131
3964.0,0.2242707372536946,0.24705764807573893,0.23697065061576356,0.23978940751231528,-0.022786910822044343,-0.0028187568965517273,0.07487668613849205,0.02662824521054669,-0.5834544801595563
3962.0,0.22412942048200424,0.24709415551951375,0.23679483379007626,0.23979703852974577,-0.02296473503750951,-0.0030022047396695006,0.0746999801864088,0.02664730723574653,-0.5886948179970265
3960.0,0.22409813071684875,0.24721468216638104,0.23675200590741036,0.23989102248627178,-0.023116551449532285,-0.0031390165788614255,0.07452407535057046,0.026679091011837158,-0.5931642400908521
3958.0,0.22415653578410275,0.24740751203730468,0.23680971599187972,0.2400623104689631,-0.023250976253201938,-0.0032525944770833704,0.07435589422873841,0.026713959421751733,-0.5971291408462768
3956.0,0.22418462146294288,0.24757088754806172,0.23682616420837846,0.24020800797636516,-0.023386266085118845,-0.0033818437679866975,0.07419230122997456,0.026743166062531406,-0.6011488986344251
3954.0,0.22409910807436828,0.24764425670757473,0.23671668480459007,0.24025194601661387,-0.023545148633206447,-0.003535261212023799,0.07402349833262489,0.026760855020508963,-0.6059102318269377
3952.0,0.22377092569522583,0.24754472507434494,0.23633882635428388,0.24001146841343834,-0.02377379937911911,-0.003672642059154463,0.07384861345845717,0.02676452880488128,-0.6126359870731892
3950.0,0.22327827578350648,0.24732005042672192,0.23577753152693015,0.2395600093206673,-0.02404177464321544,-0.003782477793737138,0.07367630898177731,0.02677474394483739,-0.6203207404680585
3948.0,0.22305597890664294,0.24728085926197557,0.23552030369300653,0.2393931659545452,-0.02422488035533263,-0.0038728622615386843,0.07351320078023055,0.02681048172732585,-0.6255462670960835
3946.0,0.22311237880215815,0.2474583211099502,0.2355696924179807,0.2395410076043163,-0.02434594230779205,-0.003971315186335589,0.0733364180727675,0.026839150842142435,-0.6293115907318861
3944.0,0.2229496441599689,0.2474850535422608,0.23536392507129894,0.23946325657246564,-0.0245354093822919,-0.004099331501166703,0.07314825990084282,0.02684996661965461,-0.6350816380658226
3942.0,0.22286576067469185,0.24754670722231803,0.23524537117385963,0.23944307935271275,-0.024680946547626176,-0.004197708178853121,0.072980263136796,0.026893157408039867,-0.6393109301910701
3940.0,0.2233181602020472,0.2480052734129912,0.2357314606030044,0.2400201607069707,-0.024687113210943995,-0.004288700103966286,0.07280205684743259,0.02695220805952154,-0.639831430236389
3938.0,0.22366807800128083,0.2484035065923628,0.23611602461226544,0.24054476342487208,-0.024735428591081965,-0.004428738812606636,0.07258509001336665,0.02698037511328032,-0.6419447989256338
3936.0,0.22330825764774354,0.2482706781652351,0.2357294952968872,0.24032055754831447,-0.024962420517491563,-0.004591062251427275,0.0723455361909007,0.026975319876261342,-0.649151801322564
3934.0,0.22236868784709443,0.24771966345212756,0.23468752884351135,0.2394414727691327,-0.025350975605033133,-0.00475394392562134,0.07213304996212161,0.026955177867346938,-0.6606027250745695
3932.0,0.22163444555641404,0.24731822985831686,0.23384676493769802,0.23869153048208205,-0.025683784301902823,-0.004844765544384039,0.07196915421949994,0.026972238556996875,-0.6699965374256501
3930.0,0.22182716477358166,0.2475919643006453,0.23402435103395886,0.23892290081461853,-0.025764799527063648,-0.004898549780659678,0.07180251502764975,0.02702339971098385,-0.6724969548938721
3928.0,0.22227747881773402,0.24808473112036555,0.23449393882551206,0.23952989517759915,-0.025807252302631534,-0.00503595635208709,0.07159715203744393,0.027054871127038388,-0.6744072454415604
3926.0,0.2221104378769102,0.24813085921822423,0.23428685883791117,0.23951237399598657,-0.02602042134131402,-0.0052255151580754,0.07138114164348977,0.027059534395674864,-0.6811271013935846
3924.0,0.22170175428828476,0.24796636067563174,0.23382010514594168,0.2391958731157733,-0.026264606387346984,-0.005375767969831635,0.07117605768761003,0.027085957266522007,-0.688387620130945
3922.0,0.22150811522885544,0.24796908795926,0.23358256187419302,0.23912368120336425,-0.02646097273040457,-0.005541119329171229,0.07096168199042198,0.02712423632782153,-0.694333524759635
3920.0,0.22110002285767244,0.24785056956374346,0.233089737316633,0.2388560388460521,-0.02675054670607102,-0.005766301529419121,0.0707518414022798,0.027144291186094637,-0.7029124786169965
3918.0,0.22058324753631042,0.2476334345411095,0.23248971009354374,0.23842848376466808,-0.02705018700479908,-0.005938773671124331,0.0705646600775966,0.027181361680312155,-0.7114569420379493
3916.0,0.22082709148189528,0.24793328663628264,0.23275491913446128,0.23877767028690539,-0.027106195154387364,-0.006022751152444106,0.07035563430520604,0.02724375124982552,-0.7134434171123495
3914.0,0.22174722432408955,0.24874177845606843,0.23376617022986657,0.2398969162332578,-0.026994554131978876,-0.006130746003391224,0.07008865585924585,0.02730103149954971,-0.711403904102731
3912.0,0.22238172187336339,0.24938294888929796,0.23444669648459174,0.24076887535584468,-0.027001227015934576,-0.0063221788712529425,0.06980424794085441,0.027332341888215518,-0.7128695675012723
3910.0,0.22230588078361016,0.2495350024695231,0.23432503779472236,0.24090309794219372,-0.027229121685912933,-0.006578060147471365,0.06954104248731108,0.027323481282218166,-0.7205245032020081
3908.0,0.22128483338734775,0.24902739163371795,0.23312917131190047,0.24004166181617842,-0.027742558246370203,-0.006912490504277946,0.06930600918438758,0.027261657000402943,-0.7362407545318207
3906.0,0.21892835565086502,0.24755078772115507,0.23043807127004767,0.23771618825544055,-0.028622432070290055,-0.0072781169853928795,0.06914548158603469,0.02722194843940249,-0.7610684798380751
3904.0,0.2160964434751439,0.2456698351722961,0.22724587273335356,0.23477539080041052,-0.0295733916971522,-0.007529518067056956,0.06909124212697502,0.027340443098050594,-0.7852066022105729
3902.0,0.21474718198570403,0.24483097074295698,0.22573790398416396,0.23338566998615512,-0.030083788757252955,-0.0076477660019911575,0.06900630732671634,0.02748552788842684,-0.7974455636405221
3900.0,0.2156023200132486,0.24559512211986195,0.22668690822837323,0.23437134227979114,-0.029992802106613342,-0.0076844340514179155,0.06876949421671136,0.027505117527145753,-0.7963049048859496
3898.0,0.21790162712404912,0.24741093215017682,0.2292228655283094,0.23692753900679794,-0.029509305026127697,-0.0077046734784885496,0.06842679157722642,0.02747839948789017,-0.7859820500731014
3896.0,0.21985018618000435,0.24901088029667343,0.23134724963832196,0.2392086336083299,-0.029160694116669078,-0.007861383970007935,0.06806864237208618,0.027453750669234382,-0.7792650316819248
3894.0,0.2198021566001732,0.2492044365541597,0.2312349563652768,0.23941332226693146,-0.029402279953986504,-0.00817836590165466,0.0677889062030711,0.02739778935695951,-0.7882275761894048
3892.0,0.21849732122208348,0.24844603906399895,0.2297409382113654,0.23815485103784798,-0.029948717841915468,-0.008413912826482572,0.06764416440906369,0.02742371281406778,-0.8034782854528885
3890.0,0.21831402539214417,0.24846811069889163,0.22950839578039928,0.23802831594503499,-0.030154085306747458,-0.008519920164635708,0.0674905085938411,0.02750416575134541,-0.8089233878462443
3888.0,0.21824552282267137,0.24861361568565235,0.2294081885821178,0.23816827576730223,-0.030368092862980978,-0.008760087185184423,0.06724978782879248,0.027517314714116222,-0.8160759951546005
3886.0,0.21681334402919877,0.24772620232961592,0.2278233453352589,0.23683038970500547,-0.03091285830041715,-0.009007044369746586,0.0670798683580048,0.027558754024107568,-0.8312865488295649
3884.0,0.21638152844359126,0.24753111995546434,0.22732948224924948,0.236403329714391,-0.031149591511873076,-0.009073847465141505,0.06693817950308528,0.027610585496326955,-0.8378895207205695
3882.0,0.21706917039579782,0.24826375419527255,0.22799688751289857,0.2372283717222104,-0.031194583799474734,-0.00923148420931183,0.06674244050410465,0.02758710132215374,-0.8407564514544837
3880.0,0.21771122894747746,0.24895466236239364,0.2286273842046449,0.23799850904325087,-0.031243433414916172,-0.009371124838605971,0.06657082507760838,0.02762428000182711,-0.8427168328504213
3878.0,0.21905365780771166,0.2501098151009393,0.2300830342466464,0.23953459443430425,-0.031056157293227665,-0.00945156018765786,0.06632040605229754,0.027671476281470906,-0.8386947675398917
3876.0,0.2195194827839887,0.25067575485170546,0.23054837147590632,0.2402409545776273,-0.03115627206771676,-0.009692583101720997,0.06604277858843766,0.02763342864619258,-0.8438260775704723
3874.0,0.21830849902580218,0.2500282565701629,0.22913761018221307,0.2391048820138344,-0.03171975754436074,-0.009967271831621327,0.06589044891228556,0.02760923527157527,-0.860497097969696
3872.0,0.21650119121726732,0.24892195964804253,0.22706823628467726,0.2372476516982111,-0.03242076843077521,-0.010179415413533843,0.06585961044539777,0.027694123201117887,-0.8784691156546847
3870.0,0.21534020787745461,0.24827642333491917,0.22571882039113098,0.23605031613784733,-0.03293621545746456,-0.010331495746716352,0.06582838643561863,0.0278405457311252,-0.8904468278684219
3868.0,0.21589915069470722,0.24885997513057354,0.22630739687634485,0.23671182207377708,-0.032960824435866315,-0.010404425197432232,0.06563491068444677,0.02789563172599119,-0.891659957997936
3866.0,0.21682715022543309,0.24974783185351,0.22731013815069662,0.23798293077946187,-0.0329206816280769,-0.010672792628765249,0.06535271742961563,0.027864229317173268,-0.8930674961094873
3864.0,0.21720480021493277,0.2502289724993324,0.2276923952429596,0.23859782077225422,-0.03302417228439963,-0.010905425529294632,0.06513626041558125,0.027867903701678954,-0.8973743010884104
3862.0,0.21834078701303083,0.2512209350053604,0.228921559105216,0.24003404511125176,-0.03288014799232958,-0.01111248600603576,0.06490055790892864,0.027905978970422594,-0.8945640216362494
3860.0,0.21981361949769515,0.25249422185472853,0.2305164134487247,0.2419222745409669,-0.03268060235703338,-0.011405861092242203,0.06460700270774473,0.02792014481850974,-0.8910091627929647
3858.0,0.21934476926487276,0.25245042739034923,0.22991286736910865,0.2416603364644206,-0.03310565812547647,-0.011747469095311935,0.06440922288165225,0.0278886911616263,-0.9045214817011593
3856.0,0.21500400997078079,0.24969273301749165,0.22493075872694487,0.2369648306788663,-0.03468872304671086,-0.012034071951921438,0.06463814195112587,0.02810585325220249,-0.9424923907829554
3854.0,0.2093205839060985,0.2458295329789903,0.21848056557264417,0.2335403886096002,-0.03650894907289179,-0.015059823036956022,0.06539546846540786,0.028947121671965278,-0.9719177213224615
3852.0,0.21058720631319713,0.24675812747115658,0.21993017288695915,0.233723546720249,-0.036170921157959446,-0.013793373833289851,0.0652723994893742,0.02891107295214897,-0.9644300679498787
3850.0,0.21708540413324276,0.2514821058283014,0.22725820155845705,0.23923755983246137,-0.034396701695058624,-0.011979358274004315,0.0643408731004406,0.028356753887385563,-0.9326957912913336
3848.0,0.2213085520557323,0.25469017663490867,0.231991050234378,0.2443757542934703,-0.03338162457917637,-0.01238470405909231,0.06367383663435029,0.028214951431178324,-0.9122129575428508
3846.0,0.2220774710333366,0.2554847879175503,0.2328207462691404,0.2456675095734531,-0.033407316884213695,-0.012846763304312697,0.06336106788701967,0.028169959454429537,-0.9159075119467482
3844.0,0.22112251011791495,0.25507481133264803,0.23168026659830654,0.24460624030987663,-0.03395230121473308,-0.012925973711570088,0.06330003008925542,0.028151966527101495,-0.9315961189991816
3842.0,0.2195794429637388,0.2542299595348222,0.22985237083940446,0.24286014160543629,-0.034650516571083395,-0.013007770766031823,0.06337304022687922,0.02819449777678816,-0.949490140763151
3840.0,0.21741795067176217,0.2528561545182551,0.22736230514101569,0.24036375641687113,-0.03543820384649293,-0.013001451275855447,0.06354171081212151,0.02836509314681559,-0.9668696108347293
3838.0,0.21579848056595496,0.25175395933826494,0.22557022217281725,0.2385063433038977,-0.03595547877230998,-0.012936121131080447,0.0637110404083623,0.02863574449015901,-0.9750320281317282
3836.0,0.2171247529148151,0.2528182824183242,0.22707780036790062,0.2400736862785259,-0.035693529503509125,-0.012995885910625282,0.06356608753662703,0.0286749979549737,-0.9683559637173915
3834.0,0.22015631105781697,0.25526966936819423,0.23038922682784552,0.24357892788436608,-0.03511335831037726,-0.013189701056520564,0.06324452816744132,0.028577508392274083,-0.9566547875595283
3832.0,0.22267112682848395,0.2573797282139123,0.2330840666693455,0.24645556863848228,-0.03470860138542836,-0.013371501969136779,0.06301178849748584,0.028556307550882117,-0.9477071966811489
3830.0,0.2244951512728739,0.2589191267067905,0.23504707721245938,0.24884528804621192,-0.03442397543391662,-0.013798210833752544,0.06283165572802131,0.02858388790124422,-0.9408003908391206
3828.0,0.22554282079494012,0.25986719227295296,0.2361625387864206,0.250161969836817,-0.034324371478012844,-0.013999431050396388,0.06268391403511908,0.028593225832555226,-0.9390064946207318
3826.0,0.22580899131972348,0.26026022126133,0.23639797337063323,0.25043273890853557,-0.03445122994160654,-0.014034765537902338,0.06260760156283392,0.028607811828617286,-0.9427938985371784
3824.0,0.22486738950666582,0.2598038046138924,0.23528013138381454,0.24919381996333964,-0.03493641510722659,-0.013913688579525102,0.0626216702779195,0.028626260052114227,-0.9556516508860199
3822.0,0.2224423488502783,0.25821975500677996,0.23252170243478143,0.24623633242762563,-0.03577740615650166,-0.013714629992844202,0.06283397706483017,0.028773899608721384,-0.9744720891991143
3820.0,0.2215387217754899,0.25761181715579645,0.23150821435330904,0.24494812381061026,-0.036073095380306563,-0.013439909457301225,0.06301837092636722,0.028987509082458594,-0.9774092159414219
3818.0,0.22314593741735844,0.2589406662267761,0.23326072725186797,0.24672120019470983,-0.03579472880941764,-0.013460472942841861,0.06290868034656638,0.029035440369452454,-0.9698613144022026
3816.0,0.2250868144542392,0.2606227257000261,0.23533193563650523,0.24897688804770568,-0.035535911245786894,-0.01364495241120045,0.06278541977230047,0.029089444752478773,-0.9628367389873287
3814.0,0.2280977010295515,0.263027473707033,0.2386179722752282,0.25266444931579324,-0.03492977267748151,-0.014046477040565025,0.0625970853890388,0.029153266325971466,-0.9467048215957788
3812.0,0.2311222946698488,0.2654538891172784,0.24193543166745318,0.25661965888172744,-0.034331594447429614,-0.01468422721427426,0.062317873265517236,0.029182055242714753,-0.932004358844239
3810.0,0.2319065645530746,0.2663276678052292,0.24272895309072798,0.2577277922657906,-0.03442110325215461,-0.014998839175062645,0.06216361404084534,0.02915543804601722,-0.9359856443005773
3808.0,0.2309078300313455,0.2659008369690201,0.24151857890288364,0.2563762499157381,-0.034993006937674626,-0.014857671012854456,0.0622418676851846,0.029188312995162106,-0.9504059013568635
3806.0,0.23027176750120557,0.2656618025136634,0.2407405730589937,0.2551005549750844,-0.03539003501245783,-0.01435998191609067,0.06237004281422439,0.02930209388291305,-0.9582924485682148
3804.0,0.2301164305247315,0.265792656660777,0.2405007232137764,0.2545220269858596,-0.035676226136045514,-0.01402130377208316,0.062416263699096794,0.02938573085079944,-0.9642577891141281
3802.0,0.22971396024327068,0.2657686062685701,0.23995669813742213,0.2538914833407656,-0.0360546460252994,-0.013934785203343486,0.06254611202487845,0.029531661736754474,-0.9709917734933698
3800.0,0.23100800248637562,0.266918400244068,0.24133015961156554,0.25517974788826625,-0.035910397757692364,-0.013849588276700714,0.06256395063522055,0.029659266081114473,-0.9647775388617899
3798.0,0.23386497557687327,0.26922250819451654,0.24447520340938556,0.25849306930256677,-0.03535753261764327,-0.014017865893181214,0.06235401203310145,0.02969808006079817,-0.9507654886915378
3796.0,0.23651364617308168,0.2714328841040167,0.24737215993176065,0.26194218158708005,-0.03491923793093504,-0.014570021655319398,0.06217369946138285,0.029786677004927715,-0.9387593188481632
3794.0,0.23892547269653777,0.2734709437888577,0.24999994395932612,0.2643162730748091,-0.03454547109231995,-0.014316329115482973,0.062042403957030166,0.029930176328283528,-0.9272302577640704
3792.0,0.2408835888069027,0.27517199826874106,0.2521323089457664,0.2661434303101876,-0.034288409461838365,-0.01401112136442123,0.06189793104760307,0.030052019888259538,-0.9193025214595292
3790.0,0.24222991987661463,0.2764659401939516,0.2535582581565562,0.2674278373718571,-0.03423602031733697,-0.013869579215300909,0.06180153527409317,0.030144704214146657,-0.9170209584524937
3788.0,0.24324522586413866,0.2775639123087578,0.2545794465351489,0.26841091731440336,-0.03431868644461916,-0.013831470779254451,0.061778536203408646,0.030220780970088842,-0.9181314222477877
3786.0,0.24409735966497445,0.27855043113271377,0.2554030375717522,0.2692171265251411,-0.03445307146773932,-0.013814088953388926,0.061795995037039274,0.03030156934768943,-0.9202674887246913
3784.0,0.24500860587318707,0.27955527856026163,0.25630914485146566,0.2700643411104947,-0.034546672687074564,-0.013755196259029046,0.06179928179634985,0.03042190674380512,-0.9207474929686806
3782.0,0.24560913786420602,0.2803333458975452,0.2568968334815479,0.2707420213662361,-0.0347242080333392,-0.013845187884688193,0.06177969550212333,0.030539391820922215,-0.9236553936708399
3780.0,0.24585214234045977,0.28085293280823026,0.2570939083346729,0.27111521740877675,-0.03500079046777049,-0.014021309074103872,0.06181287629480402,0.030683920015511127,-0.9283699222560874
3778.0,0.24745011075641704,0.28239217890766805,0.25876248778195504,0.27256497938812563,-0.034942068151251005,-0.013802491606170586,0.0618482786394865,0.03088825467984366,-0.9231777972003657
3776.0,0.2504262888350332,0.28501969029360746,0.26191393601148033,0.27525982509165103,-0.03459340145857426,-0.013345889080170703,0.061762119192692026,0.03106435058840573,-0.9116410336835915
3774.0,0.25248615294644566,0.2870053393050203,0.264040576915598,0.27724905536528194,-0.03451918635857465,-0.013208478449683925,0.06164978584491398,0.031167452542760994,-0.9087276463870054
3772.0,0.25297057200571943,0.28785216307051814,0.26441278945273816,0.2778885009476228,-0.03488159106479871,-0.013475711494884635,0.061631829654890155,0.03125045214980914,-0.917014329083912
3770.0,0.25311562379764685,0.28843150772244497,0.2644106865792762,0.2781279493365344,-0.03531588392479812,-0.013717262757258208,0.061707883306645624,0.03142268113968431,-0.9250625092793476
3768.0,0.2545264686662243,0.2899376338492866,0.2658169811408809,0.2796401211103392,-0.03541116518306231,-0.013823139969458276,0.06173175817023434,0.03164150949257521,-0.9237659162402855
3766.0,0.25693611518089093,0.292220808763955,0.2683161927926223,0.2818389174025543,-0.035284693583064075,-0.01352272460993198,0.06164934681439553,0.03183495776155954,-0.9178041119883315
3764.0,0.25946145133419085,0.2946196644251911,0.270938687568382,0.2841358036774506,-0.03515821309100026,-0.013197116109068596,0.06151989659320339,0.03202057835506709,-0.912288616348747
3762.0,0.2613304832285456,0.2965868859257519,0.27282012477313977,0.28604699108115117,-0.03525640269720631,-0.013226866308011398,0.06137691678320646,0.03217565381432239,-0.9131878504833306
3760.0,0.2623969058787613,0.2980246687500972,0.2737728788222514,0.28749350508942134,-0.0356277628713359,-0.013720626267169966,0.061304987842712884,0.03235430476223548,-0.9202983055559631
3758.0,0.26394844463147715,0.2998489433519919,0.2752425535711508,0.28930183569180346,-0.03590049872051476,-0.01405928212065266,0.06125839219346889,0.03260289103231606,-0.9234987691653197
3756.0,0.2658377073427154,0.3019534941774997,0.27709340111666525,0.2912857636659909,-0.036115786834784336,-0.014192362549325654,0.061119677765065446,0.032828892345283515,-0.9261322901174048
3754.0,0.2659326527085677,0.3028570386221098,0.2768896365782391,0.29206932086818316,-0.03692438591354208,-0.01517968428994404,0.06107025099022206,0.03308605017840661,-0.942809565019355
3752.0,0.2643633877676288,0.3026326457488553,0.2747169189490849,0.2925050854092019,-0.03826925798122649,-0.017788166460116994,0.06134014682070344,0.03366401316071658,-0.9653708316189386
3750.0,0.2652183934974409,0.3041768085481148,0.27517160894291437,0.2940727969585326,-0.03895841505067388,-0.018901188015618242,0.061399239309515026,0.03428259679558843,-0.9716177151365748
3748.0,0.26901363470049416,0.3078428919590123,0.27891734765440673,0.29810892272402006,-0.03882925725851816,-0.01919157506961333,0.06082104730110894,0.034523850212695883,-0.9677781173161848
3746.0,0.2718942202626639,0.31097483844068735,0.28154693163374833,0.30141026644274593,-0.03908061817802344,-0.0198633348089976,0.06024347046392291,0.0348840915904392,-0.9712768350296724
3744.0,0.27587539539592765,0.3150371337522234,0.2852777771375313,0.3058709390215764,-0.03916173835629577,-0.02059316188404514,0.05958460339877834,0.03530736471248765,-0.969824691560442
3742.0,0.2826671430127049,0.32099349268861865,0.29232408207155897,0.3106897749935187,-0.03832634967591375,-0.01836569292195972,0.058486072088943686,0.03540275748785171,-0.9538268376661093
3740.0,0.28773325416383644,0.3256847355050014,0.29763670224681243,0.3144742346487704,-0.03795148134116494,-0.016837532401957955,0.05751364667576738,0.03553715194540632,-0.9476886771230175
3738.0,0.2889335276359728,0.32790137243989514,0.2985797526587884,0.31817863494355725,-0.03896784480392235,-0.01959888228476886,0.057035411435646395,0.03597840942668985,-0.9679016399875208
3736.0,0.28955540513466355,0.330217391377443,0.2986341728069857,0.32242617820882447,-0.040661986242779447,-0.02379200540183879,0.05696912848491468,0.036836908930624475,-0.9945070884863332
3734.0,0.29440532492377514,0.33613040339027905,0.30318404190929765,0.3292479974176953,-0.04172507846650392,-0.02606395550839763,0.05651918704058593,0.037615796784591746,-1.0085683628364464
3732.0,0.30348000938872555,0.34541286113291536,0.31241797214559486,0.3370414561371219,-0.041932851744189814,-0.02462348399152703,0.05530831215067688,0.03811904753033686,-1.0108793635310418
3730.0,0.31262933960674305,0.3547653014146932,0.32182731595895275,0.3448101114785508,-0.04213596180795015,-0.02298279551959803,0.05388585900698714,0.03868598688809559,-1.0127201619016741
3728.0,0.3198295387241957,0.3629763805379534,0.32900914358753586,0.35296471373625155,-0.043146841813757664,-0.023955570148715688,0.052534563323619235,0.03943111446892239,-1.0297436657983767
3726.0,0.3264288231588119,0.3715576430646265,0.33526041747903834,0.36263222118371197,-0.04512881990581463,-0.027371803704673625,0.05114349632697754,0.04051656678539044,-1.0625353101743937
3724.0,0.3344625096577145,0.38203324898091595,0.34287781219049895,0.37424883770371875,-0.04757073932320144,-0.0313710255132198,0.04945690408138431,0.04192446942979713,-1.0993669856254062
3722.0,0.3446859778371638,0.39499592216270507,0.3527235185324415,0.38939987563585254,-0.050309944325541256,-0.03667635710341105,0.04731468864865985,0.04358746067488577,-1.1374495975717536
3720.0,0.3570106556907933,0.4105228630798531,0.3646572588034295,0.4076493492774228,-0.05351220738905976,-0.04299209047399333,0.04470155656607727,0.04556527598656636,-1.178100074088394
3718.0,0.37071546680468304,0.4279853597814824,0.37792068945066365,0.4267090471529829,-0.05726989297679935,-0.04878835770231926,0.04179284218012533,0.047813028636339704,-1.22206010644717
3716.0,0.38433098130810717,0.4460394952571851,0.3909591156709054,0.4468563826347783,-0.06170851394907795,-0.05589726696387287,0.03911201258779691,0.050261669698472095,-1.2702080923316834
3714.0,0.39739051455851937,0.4645897413830821,0.4030730776804373,0.468021485000078,-0.06719922682456275,-0.06494840731964069,0.037422434573356374,0.05306172232193108,-1.3230616718050843
3712.0,0.4131142963771244,0.48742477050044336,0.4171761766272917,0.49392820819570404,-0.07431047412331898,-0.07675203156841237,0.03687648039177884,0.05680316065640003,-1.3762429959796116
3710.0,0.4349810675372448,0.5168163192989678,0.43714221125376684,0.5262476180704285,-0.08183525176172296,-0.08910540681666168,0.03604798168272377,0.061253014076545154,-1.4153379667771155
3708.0,0.45993846350615253,0.547689757406625,0.4606783117665971,0.5552218405530696,-0.08775129390047243,-0.09454352878647243,0.034508237564969825,0.0653290508969152,-1.4320105481557652
3706.0,0.4838881001879723,0.57655707570489,0.48440967161654386,0.5839255441729354,-0.09266897551691772,-0.09951587255639155,0.03444751624264932,0.06892107043691163,-1.43742810806027
3704.0,0.50699249538504,0.6046488927680912,0.50922360821956,0.6115585609745365,-0.09765639738305121,-0.1023349527549765,0.036966718407027616,0.072480004059899,-1.4389973738353499
3702.0,0.530937004617554,0.6334604722063595,0.5354276071617461,0.6366739285380936,-0.10252346758880548,-0.10124632137634748,0.04092126531462914,0.07615456172954162,-1.4339265267336472
3700.0,0.5537554644096992,0.6596779334223696,0.5602518675363359,0.660615825630927,-0.10592246901267033,-0.10036395809459109,0.04406688092727958,0.07925275334739869,-1.4208102698499687
3698.0,0.5701420919745037,0.6772413071587652,0.5775196100292455,0.6783878572900842,-0.10709921518426146,-0.10086824726083876,0.045213761275578815,0.08101057093324662,-1.4051142315027811
3696.0,0.5782265095948428,0.6848404618445717,0.585423719801816,0.6887180626558849,-0.10661395224972892,-0.10329434285406891,0.044450044101920744,0.08156899958979552,-1.3910773947452448
3694.0,0.5795455899729584,0.6847925464980087,0.5859230681588375,0.6925205768248542,-0.10524695652505034,-0.1065975086660167,0.04262183146363719,0.08154716507680689,-1.3767023953704933
3692.0,0.5763690137398823,0.6798287542074262,0.5816168644380899,0.6865572108065298,-0.10345974046754391,-0.10494034636843985,0.04098282226525282,0.08147952689564991,-1.3570477925923987
3690.0,0.5733345905258465,0.6744754334134577,0.5772331777965891,0.6800401252715829,-0.10114084288761127,-0.10280694747499375,0.039244735708191245,0.08191122170305874,-1.3225943367779316
3688.0,0.5770829919082607,0.6750867962466813,0.5794580099143898,0.6767617528752767,-0.0980038043384206,-0.09730374296088695,0.03550004871347244,0.08305248941831507,-1.2696605406039667
3686.0,0.5876483418978474,0.6826105403049645,0.5887040079854804,0.6797007768732173,-0.09496219840711706,-0.09099676888773689,0.030853120835459453,0.0846216235233265,-1.213283242997013
3684.0,0.6000165088364858,0.6930534222907199,0.6002339296918352,0.6899097055952528,-0.09303691345423404,-0.08967577590341758,0.027826184332070264,0.08635979663419759,-1.1680773490788623
3682.0,0.6126454921513242,0.7049497963048548,0.6124944631606786,0.7018360931431522,-0.09230430415353053,-0.08934162998247364,0.026799985427050046,0.08830862911818113,-1.1346082681947949
3680.0,0.6255432243383483,0.7180902981041701,0.6254155535361486,0.7151930516240507,-0.09254707376582183,-0.08977749808790203,0.027324702971501837,0.09038826265001493,-1.1114967610198203
3678.0,0.6379632604705188,0.7316818308200048,0.6382334535988925,0.7291040226781298,-0.09371857034948605,-0.0908705690792373,0.02954117703232997,0.09240888763722051,-1.0997881265228695
3676.0,0.6539245499051073,0.7494935623057104,0.6550272970583499,0.7462154708687009,-0.09556901240060311,-0.09118817381035094,0.03223311291332464,0.09503788796927659,-1.0891102772155217
3674.0,0.6759252353824987,0.7724435730272349,0.6775441620279401,0.7680338868738055,-0.09651833764473616,-0.09048972484586537,0.03208662465168059,0.09817579856469284,-1.0656286317781656
3672.0,0.6959477929009958,0.7924820567594928,0.6973827502385257,0.787246101588791,-0.09653426385849695,-0.08986335135026535,0.03108320097237376,0.10044397109363652,-1.0428661550363845
3670.0,0.7157286493491111,0.812377989949983,0.7170163620359782,0.8059757646447278,-0.09664934060087194,-0.08895940260874957,0.030748407897336367,0.1027965464876303,-1.020844567275521
3668.0,0.7389514939350824,0.8349051070839641,0.7398144707183245,0.8267736254738095,-0.09595361314888173,-0.08695915475548499,0.028782864103215622,0.10572164758283574,-0.9869442785213001
3666.0,0.7594824853513857,0.8539890927913588,0.7594000085299017,0.8428544124349889,-0.09450660743997308,-0.08345440390508718,0.026570747209505054,0.10776250460401128,-0.9549062220618287
3664.0,0.7773265623201322,0.8708360717916607,0.7763689796008308,0.8573592848494425,-0.09350950947152847,-0.08099030524861162,0.025736701521629764,0.10930911769644383,-0.9319566265938234
3662.0,0.794465479939825,0.8875007253794713,0.7931240688796023,0.872647826566884,-0.09303524543964636,-0.0795237576872817,0.02579286808097633,0.11085888866845771,-0.914385435394252
3660.0,0.8108032355127792,0.9035717149322856,0.8096469349782993,0.8879693118067833,-0.09276847941950639,-0.07832237682848397,0.026342472885070942,0.11223798765783806,-0.9004756232728369
3658.0,0.8267583559846736,0.9194000812625434,0.8258719226890205,0.9036624016079786,-0.09264172527786974,-0.07779047891895807,0.027313110761074302,0.11346897466911018,-0.889238459413516
3656.0,0.8436955242324384,0.9359395821061336,0.8435517661562552,0.9198231178085672,-0.09224405787369516,-0.07627135165231202,0.028051053860278154,0.11474670072034267,-0.8754045818498348
3654.0,0.8593250637279551,0.9508262579911106,0.8599830829954207,0.9341389144663492,-0.0915011942631555,-0.07415583147092852,0.028565159200934272,0.11584206683087342,-0.8600551086104157
3652.0,0.8701371568594409,0.9611099757771221,0.8711698602483267,0.9456307899038638,-0.09097281891768116,-0.07446092965553719,0.030359757688032077,0.11626061542281425,-0.8513892143627882
3650.0,0.8801904834392009,0.9705086474024497,0.8821853212341192,0.954607534255898,-0.09031816396324877,-0.07242221302177876,0.032971101433253096,0.11653066362033163,-0.8423184518986571
3648.0,0.8957922861464295,0.9839766081375649,0.9003939890316881,0.9668683260652009,-0.08818432199113546,-0.0664743370335128,0.03324492706041532,0.11745220062408371,-0.8159601704581794
3646.0,0.9144956111745607,0.9992502545958417,0.9221781189039737,0.979324729000628,-0.08475464342128103,-0.05714661009665423,0.03129870967383594,0.11871603713234602,-0.7766884265380241
3644.0,0.930468870977464,1.0120328616943908,0.9404150004731626,0.9879186154336765,-0.08156399071692677,-0.04750361496051392,0.03010675876491133,0.11955887087675784,-0.742626936339489
3642.0,0.9436272641022081,1.022537788106167,0.9554574249874253,0.9961506713602728,-0.07891052400395893,-0.04069324637284755,0.030234200934986046,0.11996515318594085,-0.7160268755728939
3640.0,0.9555963240338395,1.0320811420312832,0.9686956961332842,1.0043382520183977,-0.07648481799744367,-0.03564255588511345,0.031167759220928983,0.12016812217326261,-0.69258724823264
3638.0,0.9667574682591745,1.040872808881598,0.9807738147326177,1.012285162807038,-0.07411534062242342,-0.03151134807442024,0.03248280549433745,0.12017625557648517,-0.6707028287449038
3636.0,0.9771494238071105,1.048910626000611,0.9919774997083244,1.0210355158321711,-0.07176120219350046,-0.02905801612384673,0.033946027608237984,0.11996892522558976,-0.6500727275478222
3634.0,0.9866426602435294,1.0559853101641614,1.0022040453705185,1.029207080654235,-0.069342649920632,-0.027003035283716503,0.03552528689755452,0.11946491982956559,-0.630294919598112
3632.0,0.9941215391221718,1.0613059624877172,1.0102041794183072,1.0365541794183073,-0.06718442336554542,-0.026350000000000096,0.03731131189291085,0.1185902838636414,-0.6145441841710061
3630.0,1.0002636911978222,1.065053315052178,1.0166656027223233,1.043169715970962,-0.06478962385435572,-0.026504113248638772,0.039624161992916754,0.11723381378506377,-0.5986013341651903
3628.0,1.0103410038190102,1.0708095776361997,1.0273713536681166,1.04969767829179,-0.06046857381718951,-0.022326324623673344,0.04198526435542816,0.11606759873427504,-0.563377783550226
3626.0,1.0232557931025772,1.07843990822092,1.0387263522875179,1.0554077352463822,-0.05518411511834276,-0.016681382958864344,0.04380797565445107,0.11546123662652524,-0.5161843371542569
3624.0,1.0335146999659064,1.084274113180318,1.0467752280776352,1.060044774748381,-0.050759413214411575,-0.013269546670745758,0.045504545311658706,0.11465823298148639,-0.47749306971878713
3622.0,1.0394411374390067,1.086464898325002,1.0520111586730163,1.062816199831735,-0.04702376088599536,-0.010805041158718609,0.0476528021637561,0.11324601752694873,-0.44702135193002257
3620.0,1.041067265505494,1.0833928512783184,1.0531003719646255,1.0602062485092119,-0.042325585772824414,-0.007105876544586387,0.05160218504693852,0.11128518275588725,-0.4079562846341265
3618.0,1.0407080173780536,1.0764678957896905,1.050813747076759,1.0513535183315104,-0.03575987841163686,-0.0005397712547514644,0.058063324682872564,0.10961882872582528,-0.3477333184706658
3616.0,1.040560969268373,1.0697609465776037,1.0480838535320012,1.0419852811950672,-0.02919997730923063,0.006098572336934005,0.065024391788664,0.1086638454678221,-0.2843599258588664
3614.0,1.0408824388838476,1.0644051087081927,1.0465316984314235,1.0366537093855328,-0.023522669824345144,0.009877989045890656,0.07115204833589792,0.10783812674821039,-0.2291798768945448
3612.0,1.0418254051735536,1.059958034228822,1.0460162312549586,1.0339724778326271,-0.018132629055268357,0.012043753422331438,0.07678837615175114,0.10689317189464373,-0.1769181444434214
3610.0,1.0433487389389997,1.056373302802422,1.0461700559045584,1.0320681232402216,-0.013024563863422323,0.014101932664336791,0.08203377980207939,0.10593844894177941,-0.12726407153295038
3608.0,1.0457169332314846,1.053411837067542,1.0469677076667998,1.0308089292121898,-0.007694903836057421,0.01615877845461,0.08735242653758298,0.1050294919896087,-0.0752221895608061
3606.0,1.0492951591027526,1.051399807804179,1.0484347824745528,1.030482814588724,-0.002104648701426459,0.017951967885828868,0.09278249554583246,0.10432734834668998,-0.020534449775190478
3604.0,1.0527812666676606,1.0499337279355239,1.0500135957034187,1.0306935723498971,0.002847538732136723,0.019320023353521565,0.09763287940609164,0.10370819711196315,0.027721204261607152
3602.0,1.0550513566821018,1.0476342519694608,1.0510862874252662,1.0302899413536877,0.0074171047126410095,0.020796346071578542,0.10212771988374177,0.1027957121707075,0.07223185168370856
3600.0,1.0568611692965035,1.0447571834473246,1.0519555790286284,1.0290668835590688,0.012103985849178933,0.022888695469559517,0.10665435744352902,0.10173653554354364,0.11800414552780744
3598.0,1.058871610527687,1.0421150085371933,1.0529159865647573,1.0270399192316866,0.01675660199049367,0.025876067333070685,0.11108541401081744,0.10074842250238047,0.1634094663579325
3596.0,1.0609570061180653,1.039627158169552,1.053859542989147,1.0251610282744192,0.021329847948513336,0.02869851471472784,0.11545208861508932,0.09984375290455427,0.20787268644442558
3594.0,1.0631859341878402,1.037065989096934,1.0547368273787918,1.023389258238268,0.026119945090906205,0.031347569140523834,0.1200364847181879,0.09904978819375368,0.2539729007183262
3592.0,1.0654173480141405,1.0347033570695445,1.0556424501882282,1.022215622008701,0.030713990944595926,0.033426828179527135,0.12448135709318704,0.098350730683054,0.29771288141306834
3590.0,1.0666226729022665,1.0320025101851624,1.0562471592122935,1.0214123340817522,0.03462016271710411,0.03483482513054126,0.12826406082938116,0.0974841884190967,0.33529341686117853
3588.0,1.0673277041277982,1.0284863712124255,1.0566406576709482,1.0202129242199938,0.03884133291537273,0.0364277334509544,0.13217701268230672,0.09645458503504517,0.3761142706378379
3586.0,1.0700164147969156,1.0260203984957947,1.0579151515418639,1.0202064875668262,0.04399601630112082,0.03770866397503769,0.13694826158330345,0.09584620658435541,0.42372048180178656
3584.0,1.0745994417840716,1.0256104251144667,1.060262374235809,1.0217579045286258,0.04898901666960498,0.03850446970718324,0.14173956319006054,0.0956852629280798,0.4675581381409639
3582.0,1.0789077749532021,1.0257320396964495,1.0627687796731673,1.0235232102050285,0.053175735256752565,0.03924556946813884,0.14583118506366044,0.09543659937734497,0.5039374780461865
3580.0,1.0823190683967157,1.0253511913698918,1.0649851958571643,1.0247676776760297,0.05696787702682382,0.040217518181134615,0.14949366778945503,0.09495645345235407,0.537369050457
3578.0,1.0853367498515694,1.0246465772458402,1.0670921496971757,1.0256619467360812,0.060690172605729176,0.04143020296109445,0.15300908181987097,0.09441591866785723,0.5701536308015868
3576.0,1.0882635535163336,1.0238331431601633,1.0691318194192376,1.0265028906079854,0.06443041035617036,0.04262892881125224,0.15651013452205625,0.09392949586596143,0.6025254972021786
3574.0,1.0911616278013854,1.0230394627742079,1.0710166060261548,1.0273281908636718,0.0681221650271775,0.04368841516248301,0.16001219330328892,0.09354364467454657,0.6336101772297548
3572.0,1.0934976321843028,1.022025570928949,1.07252916241684,1.0280255880122477,0.07147206125535388,0.044503574404592294,0.16319148908064215,0.0931415617419604,0.66166388576138
3570.0,1.094528182865269,1.0203192939967256,1.073561640897636,1.0282022749557949,0.07420888886854349,0.0453593659418412,0.16572055753997225,0.09244467027225271,0.6860937295107482
3568.0,1.0950019779713354,1.0182245844022715,1.0746450296277956,1.0279308463399206,0.07677739356906388,0.04671418328787502,0.1680837167012546,0.09148766430371506,0.7103027198161804
3566.0,1.0975108937178184,1.0173937125690624,1.0767303398802701,1.0288996598799072,0.08011718114875599,0.047830680000362946,0.17136755463138875,0.09105110111894814,0.737442854836206
3564.0,1.1019615018362625,1.0182317540071415,1.0794923920474877,1.0311063516782388,0.08372974782912102,0.04838604036924887,0.17505249656714614,0.09138403068975097,0.7622376187067303
3562.0,1.105973874681749,1.0190195198252148,1.081919673050697,1.0330759242692547,0.08695435485653413,0.048843748781442375,0.17830249897094638,0.09168336874532279,0.7839295843825059
3560.0,1.1093072449617838,1.0194592519848547,1.0841434594907464,1.034397310592115,0.08984799297692914,0.04974614889863149,0.18119900180473325,0.0916889262429515,0.8043363659471517
3558.0,1.1124486484054965,1.0199181466327456,1.0863841979388127,1.035462616852476,0.0925305017727509,0.0509215810863366,0.1838864838993888,0.09160953141080976,0.8233706136359984
3556.0,1.115170507004112,1.0201604573446599,1.0884282755793333,1.0362724367257625,0.09501004965945214,0.05215583885357078,0.18634136710211624,0.09151369034849287,0.8408908419056724
3554.0,1.11714360369534,1.0198791327161254,1.0900663045693308,1.0365002990067462,0.09726447097921453,0.05356600556258462,0.18848503956299037,0.0913472839929007,0.8572066923795142
3552.0,1.1188620057907401,1.0193903765001866,1.09152662432396,1.036544322307118,0.09947162929055353,0.054982302016842066,0.19050118951229483,0.09119554475571855,0.8731303028474604
3550.0,1.120760051590995,1.019225219664404,1.0930839932771932,1.0369536415483975,0.10153483192659096,0.05613035172879566,0.19233906604065337,0.0911282218374986,0.8875879016534178
3548.0,1.1222268073246964,1.0188188042582098,1.0944218637575123,1.0371224737556455,0.10340800306648656,0.05729939000186679,0.19391713188876739,0.09101720155914998,0.9010499642074857
3546.0,1.123414904456679,1.018108016547587,1.095568816190997,1.037032973565084,0.10530688790909193,0.05853584262591305,0.19550247233289642,0.09094129764749723,0.9144291104395881
3544.0,1.1256140122782612,1.0183316593258849,1.0972545941491099,1.037972136934732,0.10728235295237631,0.05928245721437797,0.19728128080546214,0.09107589877674326,0.9268129540225682
3542.0,1.1288563857946032,1.019777989616984,1.0996229761512777,1.0401148128218158,0.10907839617761916,0.05950816332946185,0.1989713894940547,0.09131495893457837,0.9371690115262349
3540.0,1.1317969718887735,1.0212306751101892,1.1019183869198859,1.0421268518278455,0.11056629677858432,0.05979153509204038,0.20029993736855586,0.09146863416596486,0.9460562685209217
3538.0,1.133825518275767,1.0219117534780737,1.1037331322886579,1.0432610810677672,0.11191376479769333,0.06047205122089072,0.201331981700754,0.09154206683175123,0.9547839487558805
3536.0,1.135625009673919,1.022352644837368,1.1054487624837308,1.0441371849834846,0.11327236483655101,0.061311577500246184,0.20226250317477903,0.09162650199966695,0.963731067551174
3534.0,1.1378255890201503,1.0232280381688776,1.1073763903155804,1.0454548675207804,0.11459755085127266,0.06192152279480001,0.20318642329299058,0.09172932973473877,0.9722598238422683
3532.0,1.1400229123585046,1.0241883548665809,1.1092151419165575,1.0468600862712665,0.11583455749192373,0.06235505564529098,0.2040276936018343,0.09179191801471467,0.9804051761006051
3530.0,1.141833978868401,1.0247522425554574,1.1107839797758374,1.0478987311318064,0.11708173631294372,0.062885248644031,0.20480982451523225,0.09182116330700332,0.9889169593706056
3528.0,1.1434173555134532,1.0250601896493277,1.1122845823783645,1.0487031847060684,0.11835716586412559,0.06358139767229609,0.20556039350656735,0.09190721367293489,0.9973972281904762
3526.0,1.1448802942589096,1.025286971672755,1.1137996861631518,1.04941177112771,0.11959332258615452,0.06438791503544183,0.2062377591617317,0.09208174215666155,1.0052033188334948
3524.0,1.1466011277780515,1.0258367196347502,1.115519124466557,1.0504334924630931,0.12076440814330125,0.06508563200346384,0.20687764909129538,0.09232489149147872,1.0121396023065017
3522.0,1.1491754310225253,1.0272442535615256,1.1177741394911096,1.0523160869790669,0.12193117746099968,0.06545805251204273,0.20760079205599516,0.09263591200912605,1.01842291949164
3520.0,1.1521584498962927,1.0291113521924422,1.120250213669951,1.0546402268926627,0.12304709770385047,0.06560998677728835,0.2083108304720377,0.09296846492223822,1.0241540539471283
3518.0,1.1546765070637435,1.030599463297604,1.1224088921887883,1.0566031892497316,0.12407704376613937,0.06580570293905663,0.2089026193311271,0.09327851672615785,1.029547862542693
3516.0,1.1566196278538872,1.0315739046409214,1.1242618337213706,1.0581130940726262,0.1250457232129658,0.06614873964874435,0.20935990432917556,0.09358856138497174,1.0347342098901715
3514.0,1.158416114873011,1.0324788526764186,1.1260908336682207,1.0591063002330814,0.1259372621965924,0.06698453343513933,0.20969636031537112,0.09388070511109282,1.0396535215715021
3512.0,1.1605326675872822,1.0337380202429596,1.1281545343749837,1.0603711452429594,0.12679464734432266,0.06778338913202431,0.21005720827490934,0.09410053488361345,1.0446093071236586
3510.0,1.162907521480314,1.035299317164709,1.1303778730341043,1.0618981823337708,0.12760820431560504,0.06847969070033355,0.2104751980767591,0.09434385777271444,1.0489115600393963
3508.0,1.1652304430622604,1.0367911360916264,1.1325015724186027,1.0634008454000756,0.128439306970634,0.0691007270185271,0.21091922889925852,0.09471481862632918,1.0525607924051605
3506.0,1.1670202935199974,1.0377754118545537,1.1341697159659532,1.064544619466583,0.12924488166544368,0.0696250964993701,0.21127358966576232,0.09507911420022691,1.05623860363274
3504.0,1.1683089896798564,1.0381867819326838,1.1354539783433841,1.065127277425318,0.13012220774717265,0.07032670091806614,0.21165690345662114,0.09537407412514431,1.0607962091170142
3502.0,1.1702543088345863,1.0390610163533833,1.1372293951127816,1.0659885409774434,0.13119329248120293,0.0712408541353382,0.21228962102719773,0.0957372614261127,1.0659019611219764
3500.0,1.173025714207471,1.0407731943799876,1.1396177738059432,1.0676227808580199,0.13225251982748332,0.07199499294792333,0.21296208598577138,0.09617711101456701,1.0703471395210273
3498.0,1.1755738841676995,1.0424383281612166,1.1418654216013917,1.0692983987897393,0.13313555600648286,0.07256702281165239,0.2134071200001662,0.09660552760727054,1.0739664284880492
3496.0,1.1777831979189892,1.0439469767989602,1.1439111067546965,1.0707790526494547,0.13383622112002902,0.07313205410524182,0.21363115542360606,0.0970252889306392,1.0766911515180977
3494.0,1.180096673179683,1.0456817964241174,1.146044176106165,1.0723710259799017,0.13441487675556552,0.0736731501262633,0.21377247664902427,0.09745253186816402,1.0785818323354408
3492.0,1.1823498529920768,1.0474550956292035,1.1481239650883324,1.0741042225409774,0.13489475736287337,0.074019742547355,0.21384800067632032,0.09786284233921887,1.0799263934624284
3490.0,1.1842641692777065,1.0488885247313662,1.1499739443728578,1.0756943467560447,0.13537564454634032,0.07427959761681313,0.21389802036448283,0.09825810653346295,1.0814165508231752
3488.0,1.185932890110111,1.0500275332794164,1.1516819737582382,1.0770077967770457,0.1359053568306945,0.0746741769811925,0.21395497220400042,0.09868860401106572,1.083069192548039
3486.0,1.1878218054903786,1.0513530392472688,1.15354399733473,1.0784049478677837,0.13646876624310988,0.07513904946694616,0.21407475608996535,0.09914690262096215,1.0846662814603216
3484.0,1.1898048510435573,1.0528160443414571,1.155383474513871,1.079948538695878,0.13698880670210012,0.07543493581799288,0.21420313699873494,0.09955600107793657,1.0861643872791724
3482.0,1.191332677919093,1.0538804001162168,1.1567816123458008,1.0812338349295572,0.13745227780287617,0.07554777741624363,0.21422585914385422,0.09997813154243483,1.0873873375735907
3480.0,1.192766023951133,1.0548447585368692,1.1581088569932225,1.0824238075768338,0.13792126541426386,0.07568504941638876,0.21418866929896002,0.10050643315007612,1.0881863035334347
3478.0,1.1947345073139366,1.0563823024243781,1.1599403827825627,1.0839690895821126,0.13835220488955846,0.07597129320045015,0.21414211480345682,0.10102009624753248,1.0887792566844208
3476.0,1.1968897226907043,1.058182614951115,1.1619516218998087,1.0856386440568107,0.13870710773958916,0.07631297784299806,0.21408017088088926,0.10143831752723925,1.0893434720492612
3474.0,1.198628873129385,1.059562791682439,1.1636029418307399,1.0869927177847147,0.139066081446946,0.07661022404602513,0.21399948544525318,0.10189191588788629,1.0897757296652886
3472.0,1.1997102569308689,1.0602284497479595,1.1647507304408586,1.0878671238028321,0.13948180718290937,0.07688360663802651,0.21387821674588148,0.10248024271719512,1.0899739003102575
3470.0,1.2002264982778157,1.0603898003599606,1.1654506876098647,1.0884292250105005,0.13983669791785514,0.07702146259936415,0.21370786208073975,0.10312247180015373,1.0894954655361426
3468.0,1.20111153754064,1.0609719056000486,1.1663657595371557,1.089300774399666,0.14013963194059142,0.0770649851374896,0.2136377552033464,0.10365540761403594,1.088989210190432
3466.0,1.2030470483106128,1.0625599180422969,1.168090638005507,1.0908561116807793,0.14048713026831594,0.0772345263247276,0.2137112195254858,0.1040250394021509,1.0894156678075282
3464.0,1.2053577584294786,1.0644777391188096,1.170152734424423,1.0926313600855586,0.14088001931066896,0.0775213743388643,0.21383546867318043,0.10435527352509663,1.0902944074248477
3462.0,1.2071209443527646,1.0658271172449845,1.1717515157816139,1.094002867822827,0.14129382710778016,0.07774864795878678,0.21394582199867598,0.10478145708422289,1.09081684264183
3460.0,1.208679204077889,1.0669353571426257,1.1731521109302,1.0952665585089005,0.14174384693526343,0.07788555242129958,0.21408984832053957,0.1052954060384747,1.0910364826309775
3458.0,1.21059043192348,1.0684316800373086,1.1748512104876305,1.096843637095478,0.14215875188617133,0.07800757339215258,0.21424606967799273,0.10577553304715136,1.0911442100803672
3456.0,1.2124461185675728,1.070003048230888,1.1764795145669456,1.0983736341916814,0.1424430703366848,0.07810588037526411,0.21432011029210138,0.10619975752556428,1.0907518646105445
3454.0,1.213946926153481,1.0712660708088757,1.177796222640795,1.099612769910449,0.14268085534460528,0.07818345273034599,0.21436291162709495,0.10663788044842298,1.0899947303273458
3452.0,1.2151775945645862,1.072267590659369,1.1789590728463943,1.1007211937195036,0.14291000390521713,0.07823787912689073,0.2143720983838766,0.10709087300587791,1.089163275495977
3450.0,1.2161353452633121,1.0729936001790243,1.180015626221798,1.1016676935302385,0.14314174508428779,0.07834793269155949,0.21435014608181494,0.1074944414992419,1.088699543926681
3448.0,1.216842458105393,1.0734619418378923,1.1808663111355975,1.102316657966036,0.1433805162675006,0.07854965316956153,0.21430467110452195,0.10785980281365525,1.088555208712337
3446.0,1.2179280720024788,1.0741940236601055,1.1818467426860635,1.1031386522691093,0.14373404834237324,0.07870809041695415,0.21439863298290773,0.10828753315123667,1.0886146332480255
3444.0,1.219460657068151,1.0752850179704796,1.1830297349961887,1.104357747581034,0.1441756390976714,0.07867198741515469,0.2145982362142941,0.10876277103485278,1.0888335351856502
3442.0,1.220734042693582,1.0761818711887674,1.1839978005429062,1.1054669740239873,0.14455217150481459,0.07853082651891885,0.2146982697347413,0.10924417081148749,1.0887435139155277
3440.0,1.2212903224510114,1.0764648120423927,1.1844262853446443,1.106047038400112,0.14482551040861869,0.07837924694453235,0.21465720961594909,0.10980153867676891,1.0877581119793667
3438.0,1.221184784198682,1.0761964395480514,1.1843756103546261,1.1062684040139796,0.1449883446506306,0.0781072063406465,0.2144655672625002,0.11044750182634229,1.0857746424438182
3436.0,1.2212886233802263,1.0761659538298027,1.1845845663361871,1.1068031211271916,0.14512266955042352,0.07778144520899555,0.21423786251537202,0.11106817857104063,1.0837971735902265
3434.0,1.2222216724213253,1.0769282265453637,1.1855169730258075,1.1079445070935592,0.1452934458759616,0.07757246593224831,0.2141218270968706,0.11153952803168485,1.0826853317262302
3432.0,1.2234737006322238,1.077973982932419,1.1866976921431571,1.1092299212604548,0.14549971769980474,0.07746777088270229,0.21408875609087127,0.11190693928148959,1.0822394891601397
3430.0,1.2245005612201907,1.0788090878126118,1.187626824381258,1.1103102652565968,0.14569147340757893,0.07731655912466118,0.21402651854154367,0.11228277687339289,1.0816994153737352
3428.0,1.2256600014324603,1.0797964026186153,1.1885848253694582,1.111510538527353,0.14586359881384503,0.07707428684210527,0.21400279211685988,0.11265494984890535,1.0809512182075363
3426.0,1.227043341157811,1.0809973712882615,1.1896991520461393,1.1128444464444054,0.14604596986954954,0.07685470560173391,0.21406436789942213,0.11299496657294822,1.0802776885366647
3424.0,1.228086684078641,1.0818517057858137,1.1905518054482478,1.1138681750418717,0.1462349782928274,0.07668363040637605,0.21411088305102258,0.11336593760109466,1.0795133205587497
3422.0,1.2285599935896105,1.0821653464818692,1.1909519366376116,1.114501063126455,0.1463946471077413,0.07645087351115665,0.21408637451871373,0.11380718104190735,1.0782918417477159
3420.0,1.2289371670227274,1.082405112484833,1.1912476238261662,1.1150517102192885,0.1465320545378943,0.07619591360687772,0.21405120895988006,0.11429455325267801,1.0766747015642648
3418.0,1.2295112193934696,1.082804241386485,1.1916692155342725,1.1156029166299373,0.14670697800698473,0.07606629890433525,0.21403267690974526,0.11477774119404667,1.075324154414772
3416.0,1.2297753040203316,1.0828606679565769,1.1918505634596142,1.115871732827416,0.14691463606375477,0.07597883063219824,0.2139452527749046,0.11524126352562437,1.0744644215772434
3414.0,1.2295974054354137,1.0824443203423562,1.1916730371828508,1.1158386557368123,0.14715308509305758,0.07583438144603849,0.21381298220024478,0.11569913664987369,1.073950658895414
3412.0,1.229514318735708,1.082103565522249,1.1915640186594834,1.115798637471416,0.14741075321345898,0.07576538118806742,0.2136567470094026,0.11611770772298946,1.0738388947938466
3410.0,1.229799539126061,1.0821558700345408,1.1917998105272982,1.1159688126195872,0.14764366909152016,0.07583099790771097,0.21349158815950803,0.11648575682167354,1.0738392766608837
3408.0,1.2302615051140784,1.0824844979096448,1.192191210753176,1.116328736057817,0.14777700720443354,0.07586247469535912,0.21335025867302973,0.11682513443094375,1.0732226096610706
3406.0,1.2305338325475366,1.0826896957252623,1.1923574024894865,1.1166379126372172,0.14784413682227426,0.07571948985226928,0.2132204104049062,0.11715592151700789,1.0721486486962446
3404.0,1.2298249082938384,1.0819555131050007,1.1916557957438645,1.1163104205837668,0.14786939518883768,0.07534537516009765,0.21295045712975827,0.11756433969491457,1.070624010377685
3402.0,1.2282872852551971,1.0804559593748866,1.1902930710237438,1.1154144997303619,0.14783132588031056,0.07487857129338193,0.212542443273336,0.11808350571790739,1.0683057690008115
3400.0,1.2275985444008586,1.0798051605230525,1.189747084614547,1.1150648470192013,0.14779338387780605,0.07468223759534576,0.21219115959519122,0.11851289550003037,1.0663679858042958
3398.0,1.2282414945216773,1.0804935869020968,1.1904113776633256,1.1156246213073824,0.14774790761958045,0.07478675635594323,0.21181785981057508,0.1187195432529982,1.0656384905006333
3396.0,1.2286459519201354,1.081019434018199,1.1908114761720188,1.1160915159371743,0.14762651790193626,0.0747199602348445,0.21131891988382984,0.11894292601764846,1.0645122789105643
3394.0,1.2277904414742469,1.0803362273456905,1.1899985110849824,1.1157416970096083,0.14745421412855642,0.0742568140753741,0.2107827070772472,0.11932830705570925,1.0621989391447586
3392.0,1.2268491830600206,1.0794694074086078,1.1890484294788695,1.1152752247536943,0.1473797756514128,0.07377320472517512,0.21043934859263067,0.11972313169256392,1.060163339786515
3390.0,1.227100371248399,1.079725748018386,1.1891751707730323,1.1154876302041472,0.14737462323001305,0.07368754056888505,0.21023493697713574,0.11994090080854462,1.0593273445758074
3388.0,1.227981533907654,1.0806669887042006,1.189911238307035,1.1161300765487345,0.14731454520345344,0.0737811617583004,0.2099951245110061,0.12003532679853009,1.0588384117690874
3386.0,1.2283079350670985,1.0810898641608353,1.1901890877153865,1.1164809338880795,0.14721807090626315,0.073708153827307,0.20970298447076638,0.12018242921305183,1.0578987541171163
3384.0,1.22790471219037,1.080748176183459,1.189831926785446,1.1163280720154418,0.14715653600691092,0.0735038547700042,0.20936173966177468,0.12043669528989573,1.0567160784762708
3382.0,1.227102813982686,1.0799815429374555,1.1890808861115576,1.1158529424659451,0.14712127104523054,0.07322794364561247,0.20898331113394902,0.12076180291103127,1.055403215713391
3380.0,1.226148552596953,1.079036838573724,1.1881330660328442,1.1152085329217893,0.1471117140232292,0.07292453311105485,0.20864199221505114,0.12107865801883924,1.054247439506102
3378.0,1.225352646910698,1.078173455848038,1.1872983001643758,1.114568397363768,0.14717919106265986,0.07272990280060787,0.20842099130212963,0.12133548751035217,1.053743286946417
3376.0,1.2247355947240357,1.077453424301663,1.1866333216835798,1.1139809984262463,0.1472821704223728,0.0726523232573335,0.2082533671435804,0.12155093761957736,1.0536176775312767
3374.0,1.2238943190371065,1.0765353972918215,1.1858035230890687,1.1132483769334875,0.1473589217452851,0.07255514615558112,0.2080276591604733,0.12179402130786697,1.0532606448686614
3372.0,1.222239150862069,1.0748458068965516,1.1843020238916255,1.1119492610837436,0.1473933439655173,0.07235276280788194,0.20764057045185172,0.12213099949118843,1.0523867984368356
3370.0,1.22010484735949,1.0726991862167878,1.1823947700750839,1.110251288261404,0.14740566114270215,0.07214348181367991,0.20716434781899787,0.12250162593365085,1.0513328802363138
3368.0,1.2187469266396078,1.07131859367465,1.1811096292798586,1.1090113273589455,0.14742833296495772,0.07209830192091315,0.2068425085110142,0.12271950070122016,1.0508982755878948
3366.0,1.2187458161449771,1.0712024118555257,1.1809739913002786,1.1086483480640492,0.14754340428945145,0.07232564323622936,0.2068253507935985,0.12273949549162674,1.0516408620192856
3364.0,1.2191871111765042,1.0714064120324758,1.1812823927539915,1.108534094145221,0.14778069914402847,0.07274829860877041,0.2069597701584718,0.1227328677902813,1.0531205243586277
3362.0,1.2189603640051128,1.0709404831336757,1.181016415976583,1.107946402040954,0.14801988087143703,0.07307001393562906,0.2069983901254586,0.12281834919756805,1.0542855454507019
3360.0,1.2183301870064196,1.0701591181882324,1.1802731336044407,1.1071705122866877,0.1481710688181872,0.07310262131775302,0.20700006778733657,0.1229195101618765,1.054805174447632
3358.0,1.217924524214938,1.0696635757584545,1.1796322288385852,1.1066881805901967,0.1482609484564834,0.07294404824838852,0.20710537066066106,0.12296154369665203,1.0550205648694875
3356.0,1.2174413365791465,1.0690928862616085,1.1789458918089615,1.1062171755331838,0.14834845031753807,0.0727287162757777,0.20724375270426296,0.12301780984699708,1.0550799972175666
3354.0,1.216136747530464,1.067725747763806,1.177613198068447,1.105137377210267,0.14841099976665806,0.07247582085817994,0.20718471330636362,0.12318980797307354,1.0546926301910913
3352.0,1.2141694198986521,1.0657363755276092,1.175767118299879,1.1035127284017192,0.14843304437104288,0.0722543898981598,0.20690783938749407,0.12344534049859243,1.0539604623253656
3350.0,1.2128446919188907,1.0643773909164327,1.1744620169716515,1.1022719181323923,0.14846730100245797,0.0721900988392592,0.20670638278945713,0.12359456814378926,1.0537566312846562
3348.0,1.2126830929318488,1.0641405058600941,1.1740929646592448,1.1018854799495466,0.14854258707175472,0.07220748470969829,0.20673811040915252,0.12355502795651498,1.0544492134118162
3346.0,1.2122796967380256,1.0636865385890533,1.173519650124967,1.1014322784494246,0.14859315814897234,0.07208737167554236,0.20675527361684,0.1234995544884958,1.0550803913430709
3344.0,1.2108762674778717,1.0623027780789964,1.1721505786850988,1.1003166149255126,0.14857348939887527,0.07183396375958617,0.20662284578638843,0.12355466686428501,1.0548816312943
3342.0,1.209323411127632,1.0607737825510368,1.170666290789262,1.0990318570165565,0.14854962857659526,0.07163443377270551,0.20649194386532294,0.12364830921750332,1.0544390979669689
3340.0,1.2078446843029074,1.0593155497038518,1.169255000330566,1.0977188966287446,0.1485291345990556,0.0715361037018214,0.20632384809245158,0.12370572351286474,1.054286474907875
3338.0,1.2067329568552925,1.0582414778653597,1.1682060564567984,1.0966896006956148,0.14849147898993276,0.0715164557611836,0.2061312612279143,0.12368179398774228,1.0545020435036083
3336.0,1.2064749261213379,1.058009339250875,1.1678552437710656,1.0962834030075188,0.14846558687046296,0.07157184076354683,0.20608310667901544,0.1235396348785952,1.05518579114035
3334.0,1.2065451957437348,1.0580529800597351,1.1676974553152433,1.0960705246018947,0.14849221568399962,0.07162693071334858,0.20615107425034174,0.12336642809356951,1.0562014905863397
3332.0,1.2060895104996863,1.0575914704713745,1.167077566489155,1.0955000111225766,0.1484980400283118,0.0715775553665785,0.2061171926261951,0.12323445852567697,1.0570306164662577
3330.0,1.2049034424763159,1.0565279034332204,1.1658674088998762,1.0944881121370904,0.14837553904309542,0.07137929676278576,0.20588418198508024,0.12313693662261029,1.0571237963304068
3328.0,1.2030266238313518,1.054961032409736,1.164092921873623,1.0931056129797097,0.1480655914216158,0.07098730889391325,0.20546245675685706,0.12309690245270884,1.055910986328018
3326.0,1.201074498129385,1.0533870124166456,1.1622673439015094,1.0916899647590628,0.14768748571273949,0.07057737914244666,0.20501556573788016,0.12308040425727322,1.0541251882717924
3324.0,1.2000244070227795,1.0525836570801421,1.1611739712977895,1.0908324052960576,0.14744074994263734,0.07034156600173191,0.20478659008677425,0.12296378996631901,1.053425868969146
3322.0,1.1996770043680094,1.0523767316339754,1.1606213064036486,1.0904569241149904,0.147300272734034,0.07016438228865818,0.20473415401436892,0.12272157270975946,1.0538533436324284
3320.0,1.1991588410904013,1.0520298711075844,1.159925391915261,1.0900306731751455,0.14712896998281688,0.06989471874011555,0.20467761558954808,0.12246841213651129,1.0541284287723292
3318.0,1.1982258105587245,1.0513256905893504,1.1589245638644026,1.0893332658218824,0.14690011996937402,0.06959129804252018,0.20454275915366116,0.12226496881063839,1.0538607487699212
3316.0,1.1970567771686431,1.05039625648979,1.157771319185537,1.0884317519030235,0.14666052067885316,0.06933956728251345,0.2043034507141997,0.12207281040987153,1.0536459257780455
3314.0,1.1956458551031623,1.0492401816087937,1.1564631778614058,1.0874068471190192,0.14640567349436862,0.0690563307423866,0.20391983704328098,0.1218652857198899,1.0536735020980235
3312.0,1.193761576051589,1.0476649200216426,1.154779996344328,1.086164750798544,0.14609665602994637,0.06861524554578402,0.2034383605164742,0.1216864182649208,1.053333247994631
3310.0,1.1913077221825399,1.0455828076622302,1.1525657218266954,1.0845309053686525,0.14572491452030967,0.06803481645804288,0.20298593166145937,0.12156366386143119,1.0521727142169206
3308.0,1.188842102850776,1.0435177505634208,1.1502731202262368,1.0828206850236712,0.1453243522873553,0.06745243520256561,0.20261573718486312,0.12144009908412993,1.0506520656702218
3306.0,1.1873277508121554,1.042378141303876,1.1488207375966417,1.0816983818725336,0.1449496095082794,0.06712235572410807,0.20231288575042294,0.12119494698999746,1.0498653810407585
3304.0,1.1871566537281373,1.042533216230568,1.1485908385100414,1.0814346739127616,0.14462343749756923,0.0671561645972798,0.2021137892155393,0.12074507543914724,1.0503755786518594
3302.0,1.1876025458417379,1.0432563364632863,1.14887132572556,1.0815954822051739,0.14434620937845155,0.06727584352038618,0.20204729991597614,0.12018153534016374,1.051629561067156
3300.0,1.1873665122166854,1.0432656033341476,1.1484916005491286,1.0813001581272588,0.1441009088825378,0.06719144242186981,0.20198646291735048,0.11968833221432468,1.0527151354954194
3298.0,1.185934191871921,1.0421339597161006,1.1470727631319677,1.0801998320067407,0.1438002321558205,0.06687293112522696,0.20177146691799638,0.11933103979400322,1.0529273733978959
3296.0,1.1839965952146994,1.0405820776337693,1.1452696785342051,1.0788141799562876,0.14341451758093005,0.06645549857791755,0.20139074205182672,0.11901532595510629,1.0525973414694458
3294.0,1.182410666994856,1.0394115312453005,1.1438368465810393,1.077761790294061,0.14299913574955547,0.0660750562869783,0.2009697321708162,0.118630231675997,1.0525151650269067
3292.0,1.1815599115865358,1.038972205402422,1.1430630085532354,1.077167541690217,0.14258770618411387,0.0658954668630185,0.20064585311060038,0.11814164205545388,1.0528598982123494
3290.0,1.1815175216780052,1.0393170127812403,1.1429679034397022,1.076965289537,0.14220050889676483,0.06600261390270212,0.2004687429893615,0.11758162591432246,1.0535061462923376
3288.0,1.181512586280989,1.039738390136686,1.1428841432634522,1.076827018313361,0.1417741961443031,0.0660571249500912,0.20027097140419484,0.11702355374071001,1.0538913862460848
3286.0,1.1807491680850761,1.0395193240377287,1.1421051997526588,1.0763772850996365,0.1412298440473474,0.0657279146530223,0.19993957460827072,0.1165113413353875,1.0533954361754765
3284.0,1.179506752146087,1.038863812788111,1.140875284883148,1.0756731568153652,0.140642939357976,0.0652021280677828,0.19957106943300787,0.11602483350631813,1.0525020833407759
3282.0,1.1781716322867135,1.0380805947856115,1.1396215901654645,1.0748231544819578,0.14009103750110197,0.06479843568350674,0.19917182811061118,0.11554203800730581,1.0519035505776277
3280.0,1.1767764313456055,1.0372059826330373,1.1383752434664247,1.073839628117708,0.13957044871256818,0.06453561534871666,0.19871367926959724,0.11506438807421955,1.051622748601389
3278.0,1.175093963354481,1.036072734193918,1.136830820432614,1.0726142950581021,0.13902122916056303,0.06421652537451195,0.19823428757229447,0.11460749592281377,1.0510457486163942
3276.0,1.1729725183528994,1.034561048883756,1.1348510423656086,1.0711212878141674,0.1384114694691434,0.06372975455144125,0.1977072004353405,0.11419218793727333,1.049860874818927
3274.0,1.1706237021619024,1.0328549253107,1.1326666675568187,1.069607076097609,0.13776877685120237,0.06305959145920959,0.19714573076394806,0.11382384494301052,1.04821560502607
3272.0,1.168456396508833,1.031325046625212,1.1306133274782084,1.0683215167797937,0.13713134988362108,0.06229181069841472,0.1966501588366239,0.11345769400309831,1.0464560333349704
3270.0,1.1671264155909225,1.030590801613033,1.1292672203086838,1.067547353073098,0.1365356139778895,0.06171986723558587,0.19627058723237908,0.11301716941401047,1.045201744549803
3268.0,1.1667296179207003,1.030740311681687,1.1287546028993884,1.067291641746737,0.1359893062390134,0.061462961152651374,0.1959667878733986,0.1124889517548212,1.0446723982698087
3266.0,1.1663229328211937,1.0308492290931535,1.1282339479183412,1.0669854201559752,0.13547370372804024,0.061248527762366,0.19566571525829762,0.11195013568749666,1.0444294518694583
3264.0,1.1652734142356016,1.0303097921962745,1.1271140055405469,1.0662349447241652,0.1349636220393271,0.060879060816381614,0.195309292143438,0.11146023531376525,1.0440535695417696
3262.0,1.1637733408089188,1.0293467604355717,1.1255881518019186,1.065187252236194,0.1344265803733471,0.060400899565724586,0.19491126449215573,0.11103222570728231,1.0431893536673102
3260.0,1.1619972622322414,1.0281252145381994,1.1238478476258873,1.0639523800434012,0.13387204769404204,0.059895467582486095,0.194513012406819,0.11065503549999456,1.041887342112461
3258.0,1.159921428855697,1.0265784898890529,1.1218919704460957,1.062465591408652,0.13334293896664406,0.05942637903744363,0.1941062567077011,0.11029654988558983,1.0406842259980669
3256.0,1.1578733304306172,1.0250265634041955,1.1199730663374832,1.0609304860293698,0.13284676702642173,0.05904258030811338,0.1936890165994913,0.1099199718762759,1.0398589225830843
3254.0,1.156363739969588,1.0239762470200438,1.1184808536447828,1.0597831189947162,0.13238749294954433,0.05869773465006656,0.1933010726056052,0.10953033394009302,1.0393339341887395
3252.0,1.1550967137712536,1.023116144268276,1.117176191548138,1.0588617598366097,0.13198056950297765,0.05831443171152828,0.19293202011471766,0.10917630219068952,1.0389697044399118
3250.0,1.1532443029722428,1.0216582073441738,1.1153795725910158,1.0575255768507812,0.131586095628069,0.05785399574023464,0.19251722887925443,0.10887978226611114,1.038458752703637
3248.0,1.1508881236518087,1.0197060320994251,1.1131624728676541,1.0557648026455655,0.13118209155238358,0.05739767022208864,0.19206881364335476,0.10859709749176949,1.0378583531150818
3246.0,1.1490386171156748,1.018233594275017,1.1113967043209523,1.0542640067461408,0.13080502284065787,0.05713269757481143,0.19169629398534732,0.10827230103079112,1.0375583780582749
3244.0,1.1479520034605732,1.0175408874054648,1.110265744162592,1.0533294595309335,0.13041111605510847,0.05693628463165856,0.19141944559545235,0.10794273719473234,1.0369506761678218
3242.0,1.1467921997796215,1.0168648619928053,1.1089950496759142,1.0524811580891886,0.1299273377868162,0.056513891586725595,0.19110407878429456,0.10765633793793862,1.0354490583222515
3240.0,1.1450853333143205,1.0157083634637298,1.1072571487573308,1.051279828125081,0.12937696985059066,0.055977320632249805,0.1906117482842692,0.1073739106162258,1.0337560497198854
3238.0,1.142858932427107,1.0140251686130095,1.1051652859331818,1.049625563919814,0.1288337638140975,0.055539722013367765,0.18999963109200355,0.1070834348679769,1.0324105979350549
3236.0,1.1399935148476024,1.0116672889019565,1.1025317316542302,1.0474789015418637,0.1283262259456459,0.0550528301123665,0.18938350730693426,0.10686983234364661,1.0308967049119417
3234.0,1.137083970976946,1.0092311086449188,1.099782095976946,1.0452904107380827,0.1278528623320272,0.054491685238863274,0.18882857532840921,0.10670450347184539,1.0292351860031224
3232.0,1.1353134388141624,1.0078538490361406,1.098006812150313,1.0438265863023786,0.12745958977802174,0.05418022584793447,0.18841971633163976,0.1064411749390131,1.0284875498964763
3230.0,1.1343691030640235,1.0072824947263366,1.097019058003329,1.0429282065299117,0.12708660833768692,0.0540908514734173,0.18807497746408802,0.10609369194007763,1.0282660498356737
3228.0,1.1330849447209244,1.0063910660262,1.095751719721443,1.0418431997759932,0.12669387869472426,0.05390851994544987,0.187684778793067,0.10577827131061202,1.027787660499136
3226.0,1.131297143058076,1.0049348643294658,1.0939622884625355,1.040404190199637,0.12636227872861028,0.05355809826289848,0.18732642994512472,0.10551727133798822,1.0274110722712873
3224.0,1.129278506923739,1.0031939226041087,1.091945417835531,1.038742927389539,0.12608458431963032,0.05320249044599201,0.18699746830718778,0.10528311428076224,1.0272488976563754
3222.0,1.1270233522544608,1.0012145137437711,1.08978113165086,1.0367785257595243,0.1258088385106897,0.05300260589133576,0.18663631385957583,0.10506001138091059,1.0271042237578087
3220.0,1.1246343137610126,0.9990553730762352,1.0874902180439823,1.0345595266099217,0.12557894068477748,0.052930691434060595,0.18633880832368202,0.10483332898394693,1.0272196540188525
3218.0,1.1223734498848854,0.99698180710918,1.085251354037573,1.032408390110759,0.12539164277570536,0.05284296392681398,0.18615147019983155,0.10460074750031563,1.0274842764716954
3216.0,1.1202548758497493,0.99503872861043,1.0831426245261886,1.0304306059405968,0.1252161472393193,0.052712018585591824,0.18595616976190976,0.10438069382064334,1.0277879762848758
3214.0,1.1181822894164406,0.9930850934213783,1.0810865737862392,1.0285108982452775,0.1250971959950623,0.05257567554096165,0.1857330653519324,0.10419156234157466,1.02843056153197
3212.0,1.1161455876363098,0.991125866835828,1.0790357795979797,1.0266047951916246,0.12501972080048174,0.052430984406355075,0.18555018235376192,0.1040097698359879,1.0292854262871498
3210.0,1.1139691468867154,0.9890672032496913,1.076832552689641,1.0245835069302207,0.12490194363702412,0.05224904575942024,0.18537057793367995,0.10382024971145838,1.0298500628058
3208.0,1.1115424342303126,0.9868200781780688,1.074402581364629,1.022373693460236,0.1247223560522438,0.05202888790439286,0.18512226901365703,0.10365100829478291,1.029931699859991
3206.0,1.1090481115633914,0.98453503836531,1.071929570488722,1.0201148776899145,0.12451307319808147,0.05181469279880746,0.1848287037630201,0.10350030260203683,1.029753585393775
3204.0,1.1066119955593956,0.9822895271803102,1.069503588430965,1.017864548265241,0.12432246837908545,0.05163904016572385,0.18456118160818716,0.10333686569639072,1.0297505004314311
3202.0,1.1042113688709159,0.9800166269101535,1.0670865582366698,1.015573175184469,0.12419474196076241,0.05151338305220077,0.18435859956917086,0.10316219307152556,1.0301960631329008
3200.0,1.1017929886447309,0.9776782083869151,1.0646667335598465,1.013267378844289,0.12411478025781575,0.051399354715557566,0.1841870928601336,0.10300397620093667,1.0308713122078808
3198.0,1.0992980952036806,0.9752594417646263,1.062194881897164,1.0109777543673613,0.12403865343905429,0.051217127529802786,0.1839996767033619,0.10287767232697217,1.0314197927043867
3196.0,1.096706444703424,0.9727566956678994,1.0596084411670152,1.0086298627632213,0.12394974903552469,0.05097857840379394,0.18378651050418046,0.10277247793108156,1.031790294319298
3194.0,1.094023935642024,0.9701751935950553,1.056913711492292,1.0061052074853125,0.12384874204696872,0.05080850400697945,0.18356710430838588,0.10265530008236973,1.0321479050911577
3192.0,1.0912778681728381,0.9674983466405087,1.0541704856663954,1.0034040588329851,0.1237795215323294,0.05076642683341026,0.18336301829195997,0.10251264367276343,1.03289443306427
3190.0,1.08855391911372,0.9647866651286161,1.0514482143273822,1.0007117250105002,0.1237672539851038,0.050736489316882016,0.1831761215412296,0.10237196082990456,1.0340686867986562
3188.0,1.0859162892887515,0.9621684551010237,1.0488004334045455,0.9981315922396047,0.12374783418772783,0.05066884116494086,0.18299563557884108,0.10225591112744793,1.0350198231498633
3186.0,1.083254995203526,0.9595908400878275,1.0461647401477832,0.9955779591003371,0.1236641551156985,0.05058678104744607,0.1827885667016956,0.10215042050353763,1.0354285113741246
3184.0,1.0804969346412518,0.9569223888852341,1.0434555183341028,0.9930291580481825,0.12357454575601778,0.05042636028592029,0.1825482849883803,0.10206532006617741,1.0357357202690667
3182.0,1.0777283336714614,0.9541993761189012,1.0406876313189974,0.9905078128710765,0.12352895755256021,0.050179818447920965,0.18230898088067185,0.10199253350181643,1.036334330099077
3180.0,1.07497307538592,0.9514726277816166,1.037930178881624,0.9878766691772406,0.12350044760430334,0.05005350970438338,0.18207251602942334,0.1018948606924314,1.037225683602941
3178.0,1.0722118338834123,0.9487305027602266,1.0351932615724055,0.9851199447112018,0.12348133112318571,0.050073316861203754,0.18184092850490421,0.10179682880413131,1.0381893211103916
3176.0,1.0694844550553277,0.9459826240951562,1.0324623065540237,0.9823620856645805,0.12350183096017153,0.050100220889443214,0.18162704339074814,0.10174185200581791,1.0391803865590852
3174.0,1.0667544352926608,0.9432256691435356,1.0296909095558227,0.979646228889142,0.12352876614912522,0.05004468066668066,0.18141164262250298,0.10173204894927296,1.0399481674641657
3172.0,1.0639201188385077,0.9404299146499435,1.0268198780211149,0.9769358534438504,0.12349020418856416,0.049884024577264485,0.18116743975275917,0.10173623365553736,1.040141443456452
3170.0,1.0610129263611618,0.9375927199296735,1.023891832758621,0.9742149392014521,0.12342020643148832,0.04967689355716898,0.18092698549411934,0.10172924917839475,1.0401311201440462
3168.0,1.0581141590690482,0.9347248527806119,1.0209702565322452,0.9714661717530634,0.12338930628843625,0.04950408477918178,0.1807288387522376,0.10171057548071244,1.0404291094094862
3166.0,1.0552434953830936,0.9318526755362624,1.0180960453860752,0.9687052313573691,0.1233908198468312,0.049390814028706154,0.18052826397547386,0.10169678090612187,1.0409754519766878
3164.0,1.0523743020680474,0.9289866865084637,1.015277082559852,0.9659715447288321,0.12338761555958366,0.049305537831019985,0.18028027720238873,0.10169222035756083,1.0415299589337512
3162.0,1.0494886424396292,0.9261093555654687,1.0124569861836337,0.9632398686745206,0.12337928687416055,0.04921711750911306,0.18003135885321564,0.10170085997675878,1.0419603050408806
3160.0,1.0465729789221991,0.9231662024300821,1.0095851157888736,0.9604097592765919,0.12340677649211707,0.049175356512281665,0.17980448253841064,0.10172465908734361,1.0425483836671037
3158.0,1.0434784680433342,0.9200210695376547,1.006553733406879,0.9574076528576466,0.1234573985056795,0.04914608054923242,0.17952677024341315,0.1017742104351563,1.04328243825366
3156.0,1.0399205162437584,0.9164576317443583,1.0031196445766422,0.9541635484972855,0.12346288449940002,0.04895609607935669,0.17915387876779804,0.10187556517577659,1.0435184957662391
3154.0,1.0360582628395756,0.9126216370839728,0.9993819766036991,0.9507745110084986,0.12343662575560277,0.04860746559520046,0.17877567391459054,0.10201914462559251,1.0432282120496414
3152.0,1.0328574210044281,0.9093673264860243,0.9961814051651274,0.9477904232671854,0.12349009451840387,0.048390981897942,0.17856931412840527,0.10211644988428183,1.0435212556297764
3150.0,1.0307607404264971,0.9071326327586208,0.9939512033575317,0.9455133461887477,0.12362810766787635,0.048437857168784015,0.17856139063809268,0.1021073604554699,1.0447627966600541
3148.0,1.028905598476933,0.9051663123805751,0.9919712400376459,0.943426733119092,0.12373928609635798,0.04854450691855394,0.1785578363735908,0.10206453169508442,1.0459824613615571
3146.0,1.0265382263671174,0.902747675980258,0.9895885488408149,0.9409786841460506,0.12379055038685949,0.04860986469476436,0.17839981334407173,0.10207019173739161,1.0467314247327753
3144.0,1.0236309191940929,0.8998004165513467,0.986762900412754,0.938104026806965,0.1238305026427462,0.04865887360578902,0.17811928457491488,0.10214245463820548,1.0472329184003573
3142.0,1.0201748904465102,0.8962903069978571,0.9834677710123358,0.9348508162972967,0.12388458344865316,0.04861695471503913,0.17778816663220992,0.10229680174155459,1.0474410604666358
3140.0,1.016604183932803,0.8926487792121571,0.9800634197385545,0.9315433306542357,0.12395540472064592,0.04852008908431882,0.17749888957962404,0.10248545487042116,1.0474759814701904
3138.0,1.0139112031406372,0.8898425857195129,0.9773762201518272,0.9288302302943726,0.1240686174211243,0.04854598985745462,0.17738762292592528,0.10257581062829221,1.0481011972385288
3136.0,1.012090987400895,0.8878635716539257,0.9754014434589399,0.9267165476261465,0.12422741574696927,0.04868489583279334,0.17741507970204928,0.10254532904509886,1.0495770225629548
3134.0,1.0100221468970865,0.8856417831520514,0.9732187270613066,0.9244353241168053,0.12438036374503503,0.04878340294450134,0.17737406558731528,0.10253927874799117,1.0509990250709735
3132.0,1.007216244020612,0.8826888390385988,0.9704220997861035,0.9215716376393572,0.1245274049820132,0.048850462146746265,0.1772040864710316,0.10264629968793566,1.051931573503919
3130.0,1.0043178156095895,0.8796354559786439,0.9675493022268484,0.91863771492629,0.12468235963094565,0.048911587300558446,0.1770483629216224,0.10278484763671879,1.0526951601126724
3128.0,1.0019031812318837,0.8770974272762719,0.9651177850387087,0.9161394353996091,0.12480575395561178,0.04897834963909964,0.17697500745843756,0.10283855198945088,1.053553967412196
3126.0,0.9995838460132436,0.8746736031160393,0.9628150727763924,0.9137387588150959,0.12491024289720432,0.049076313961296525,0.17687696851019893,0.10285869005221314,1.054523560888301
3124.0,0.9966121848765368,0.871591557834805,0.9599603573743459,0.9108579261709817,0.12502062704173178,0.049102431203364216,0.17664761385744643,0.10296704403002979,1.0552647622321585
3122.0,0.9928773999907963,0.8677681410519004,0.9564044411488665,0.9074854261580185,0.1251092589388959,0.04891901499084794,0.17636375767626497,0.10319084723907623,1.0551956976709456
3120.0,0.9891219342620726,0.863955943510145,0.9527835972395786,0.904160578989738,0.12516599075192758,0.04862301824984061,0.17615449969707964,0.10342546888353803,1.0546205645036986
3118.0,0.9860981503045096,0.8608698971420943,0.9498124822725834,0.9012943806552727,0.12522825316241537,0.04851810161731074,0.17602094915771854,0.10354278676747117,1.0546812198659636
3116.0,0.9840218967493037,0.8586631586059313,0.9477033693758393,0.8989556032571777,0.1253587381433724,0.048747766118661606,0.17594332077314967,0.10351829823813274,1.0561090569044294
3114.0,0.9827091552242675,0.8571228190627429,0.9462612986518019,0.8970777200025927,0.1255863361615246,0.04918357864920919,0.17594526107030392,0.10340166649431495,1.0587781426614287
3112.0,0.9812772633795003,0.8554578952152504,0.9447118108669387,0.8951704051508678,0.12581936816424988,0.04954140571607091,0.17596542745146299,0.10330507905099413,1.0613258438305915
3110.0,0.9790702889212397,0.8530899200767368,0.942499331964833,0.8928143536201524,0.12598036884450292,0.049684978344680664,0.17592061798041148,0.10328621956422818,1.062906115901601
3108.0,0.9768339964337753,0.8507088079778885,0.9402509011296285,0.8904512030012807,0.12612518845588683,0.049799698128347836,0.17587672727676848,0.10323685616460238,1.0645474521395561
3106.0,0.9751500813613877,0.8488569961743456,0.9384647257144115,0.8882535121933512,0.12629308518704208,0.05021121352106028,0.17588381945830342,0.10308802380680854,1.0669217116601635
3104.0,0.9733062861451327,0.8468783553729627,0.9365639462006936,0.8858236188041544,0.12642793077216996,0.05074032739653922,0.17586007660938988,0.10294105149315262,1.0690771161977668
3102.0,0.9707752645209257,0.8442736275536232,0.9341085105340394,0.8826854138622565,0.12650163696730243,0.05142309667178291,0.17574467214568434,0.10285945913986684,1.0704950527406862
3100.0,0.9682018516270333,0.8416394079358872,0.9316082870454393,0.8795241427254721,0.1265624436911461,0.05208414431996722,0.1756245889737246,0.10275813191253451,1.0719463193041279
3098.0,0.9662651110669636,0.8396013241326853,0.9296070932157469,0.8770424146620968,0.12666378693427827,0.0525646785536501,0.17562789261305267,0.10254763659504615,1.0741856508046614
3096.0,0.9645533966424683,0.8377737623185117,0.9277819760435573,0.8747906520871145,0.12677963432395656,0.05299132395644279,0.1756982965272609,0.10228017431352235,1.0767774289467804
3094.0,0.9623096234204125,0.835442351541799,0.9255297942193713,0.8719853257825989,0.12686727187861346,0.05354446843677241,0.17566886122755718,0.10207084327119163,1.0789771062628684
3092.0,0.9594836676533955,0.8325668824239633,0.9228131425232433,0.8685668129345971,0.12691678522943228,0.05424632958864617,0.17552229985313672,0.10192233494682042,1.0807210259363784
3090.0,0.956694837455471,0.8297481547031452,0.9201456515198263,0.8651475763996559,0.1269466827523258,0.05499807512017041,0.1753761668815822,0.10173331120910996,1.0825712710623598
3088.0,0.9541969411845155,0.8272430719741213,0.9177462313716289,0.8620547234976744,0.1269538692103942,0.05569150787395449,0.17527460689632376,0.101458632465851,1.0847030606477355
3086.0,0.9515975825734635,0.8246910523060874,0.9152557093883362,0.8589797004487922,0.12690653026737608,0.05627600893954399,0.17518847259887974,0.10114332426649551,1.0866120084719109
3084.0,0.9488643080895354,0.8220581686630803,0.9126285399349756,0.8558482201284929,0.12680613942645502,0.05678031980648268,0.17508939107023824,0.10079497120870368,1.0883248916407893
3082.0,0.9461650773232961,0.8194903577964657,0.9100369424322404,0.8527587545047731,0.1266747195268304,0.057278187927467306,0.17493044531852706,0.10040601142200505,1.0901919519245291
3080.0,0.9435082874537858,0.8169649062083554,0.9074889662679999,0.8497037151350009,0.1265433812454304,0.05778525113299904,0.17476939672256625,0.099992485991037,1.0922392995691868
3078.0,0.9414113271061596,0.8149296660488538,0.9053865099675398,0.8471428800861804,0.12648166105730585,0.05824362988135934,0.17474984988290224,0.09949335579722714,1.095143287609302
3076.0,0.9401891301497277,0.8136899006011796,0.9040027663339383,0.8453990264065334,0.1264992295485481,0.05860373992740486,0.17487527220477803,0.09885442053348087,1.0993538029662175
3074.0,0.9389680504249396,0.81250050112036,0.9026213375546408,0.8437427377353502,0.1264675493045796,0.058878599819290556,0.1749726480397507,0.09817410915368707,1.103505540384424
3072.0,0.9368606656499057,0.810525148133306,0.9005016388299774,0.8412746205036529,0.12633551751659966,0.05922701832632449,0.1749080308442678,0.09758043823916687,1.106600062055004
3070.0,0.9338401415859913,0.8077137970594851,0.8976257860602227,0.8379000023269261,0.12612634452650617,0.05972578373329662,0.17470245643237117,0.09707491430150203,1.1087725499315484
3068.0,0.9305277064838915,0.8046691994815619,0.8945260866809088,0.8342542784260902,0.1258585070023296,0.06027180825481859,0.17444277128210722,0.09655724909682457,1.1106594594975014
3066.0,0.9278056434533656,0.802227782782271,0.8919344694997693,0.8312340450593982,0.12557786067109455,0.06070042444037105,0.17422879108304465,0.09592390551904287,1.1131359527319717
3064.0,0.9257618906079046,0.8004590822569951,0.8898971746840827,0.8289551616532973,0.12530280835090946,0.06094201303078539,0.17410421461908807,0.09519028372137935,1.1161515880938329
3062.0,0.923734761178967,0.7987184591545091,0.8878350801006993,0.8267487595345628,0.1250163020244579,0.0610863205661365,0.17402165292865585,0.09445193046304598,1.1190053954229982
3060.0,0.9212143471579094,0.79651625541383,0.8853463206244717,0.824032836937584,0.12469809174407942,0.061313483686887715,0.17386150459149174,0.0937652621698091,1.1214249811939305
3058.0,0.9181368159839249,0.7937863528487161,0.8824088380217783,0.8207069574150891,0.12435046313520881,0.06170188060668913,0.17356084171415972,0.09313310105489901,1.1235755885644951
3056.0,0.9149054640110756,0.7909304824774047,0.8793488423834979,0.8172568297610587,0.12397498153367092,0.06209201262243913,0.17320620261189315,0.09250611463864522,1.1255943071588028
3054.0,0.9118375041385578,0.7882693144974942,0.8764246869992897,0.8140643587730944,0.12356818964106364,0.062360328226195305,0.17288679129608278,0.09185419781052667,1.1274246880748555
3052.0,0.9088515599381128,0.7857103203387916,0.8735848354558702,0.8109969464184786,0.12314123959932122,0.06258788903739154,0.1725867906292139,0.09119257834651982,1.1290977589191613
3050.0,0.9060324921636392,0.7832898864983523,0.8708931345442856,0.8080438826153351,0.12274260566528694,0.06284925192895052,0.1723391712149195,0.0905121294972254,1.1310319495304253
3048.0,0.9033072978491166,0.780907557892006,0.8682724511410362,0.8052732326251872,0.12239973995711051,0.062999218515849,0.1721598525613085,0.08982720815653815,1.1333337476933318
3046.0,0.9002456024696526,0.778185091235429,0.8653571238611674,0.8022518345963983,0.12206051123422357,0.0631052892647691,0.1719634496503844,0.08919082492897079,1.1353733890739488
3044.0,0.8969980648628997,0.7752960416582947,0.862284865226263,0.799074122891507,0.12170202320460499,0.06321074233475599,0.17172881459510198,0.08858687216534883,1.1371128094125258
3042.0,0.8942628893258268,0.7728810540804495,0.8596613151992989,0.7963609170227275,0.12138183524537727,0.0633003981765714,0.17155892289005142,0.08793112264867052,1.139414327057707
3040.0,0.8922692391171894,0.771141470052826,0.8576927983147523,0.7943616009074409,0.1211277690643634,0.06333119740731141,0.17150342739629196,0.08718047500109755,1.1427181780080644
3038.0,0.8902833938020804,0.7694107310930783,0.8557642823345485,0.7924567844605421,0.1208726627090021,0.06330749787400636,0.17146376097135313,0.08642332447174328,1.1460275903291959
3036.0,0.8876108622686685,0.767055957932711,0.8532894399627172,0.7900422478753026,0.1205549043359575,0.06324719208741458,0.17134291569577514,0.08576760016722906,1.1482391473444775
3034.0,0.8848485113474911,0.7646309370778799,0.850753955313947,0.7876703375663077,0.12021757426961122,0.06308361774763938,0.17123679373748402,0.08514419509354865,1.149984420084783
3032.0,0.8827746938439522,0.7628382422602166,0.8487958944988621,0.7859753962968822,0.11993645158373567,0.06282049820197988,0.17128030665488805,0.0844549469253408,1.1523109684244923
3030.0,0.8811413677009712,0.761426483998657,0.8471992938071361,0.7846393998540324,0.1197148837023142,0.06255989395310368,0.17144859824459283,0.08374023122323135,1.1550201464631762
3028.0,0.8793172280056885,0.759808998551667,0.8454436389881309,0.7830483356321722,0.11950822945402151,0.062395303355958665,0.1715816361919547,0.08306891385125634,1.1576537925482449
3026.0,0.8770298815374302,0.7577076352598637,0.8433085975960715,0.7808889113875477,0.11932224627756649,0.062419686208523784,0.17160023751015915,0.08246404981273119,1.160345330905526
3024.0,0.8746783359789425,0.7554735083788781,0.8411185558993732,0.7784930999839255,0.11920482760006446,0.06262545591544777,0.17162317276646155,0.0818803808762394,1.163537053648625
3022.0,0.8725005787077846,0.7533572980630122,0.8390621252612118,0.7761102674603707,0.11914328064477242,0.06295185780084112,0.17172015299021098,0.0812911288769543,1.167089783563464
3020.0,0.8701165821378938,0.7510071438547438,0.8368129786078369,0.773393589396736,0.11910943828315002,0.06341938921110091,0.17183445929966928,0.08073415879654612,1.1706207119015544
3018.0,0.8675260407873175,0.7483954090018006,0.834395800423643,0.7703300664178563,0.11913063178551697,0.06406573400578675,0.17197250085444113,0.08022436963665286,1.1742633575655492
3016.0,0.8650304874747863,0.7457984376191011,0.832074289282918,0.7672424533318469,0.11923204985568514,0.06483183595107112,0.17218890749745383,0.07973154427665645,1.1783167816211026
3014.0,0.8629094907272973,0.7434928581173095,0.8300726024236327,0.7644585787343596,0.1194166326099878,0.06561402368927305,0.17250440705936895,0.07922472702072005,1.1829754968809085
3012.0,0.8615832754626629,0.7418905963752457,0.8287474139037392,0.76242654410659,0.11969267908741721,0.06632086979714913,0.17295165712501903,0.07866854450524066,1.1884792401866748
3010.0,0.8611650106883034,0.7411195335858382,0.828202423004029,0.7612783228891734,0.12004547710246527,0.06692410011485561,0.17353990018484797,0.07804490549654979,1.194781742031479
3008.0,0.8610248114217713,0.7406195748142349,0.8279087567863272,0.760436613084713,0.12040523660753644,0.06747214370161425,0.1741900561456623,0.0774057182515487,1.2010494753186243
3006.0,0.8604312641624882,0.7397138017335924,0.8272615296913162,0.7592239469201612,0.1207174624288958,0.06803758277115501,0.17480243678408516,0.07683202529584127,1.206454058966619
3004.0,0.8594510599559243,0.7384174954749481,0.8263177812094892,0.7576649336595799,0.12103356448097624,0.0686528475499093,0.175390519624216,0.07634438208068342,1.2113034818844097
3002.0,0.8584524727412614,0.7370656427817005,0.8253583610727971,0.7560982718329177,0.12138682995956085,0.06926008923987947,0.17600337410621772,0.07590634059933182,1.216038326626018
3000.0,0.857417415008867,0.7356496052417086,0.8243642019162463,0.7545062165933804,0.1217678097671584,0.06985798532286591,0.1766364004007906,0.07550432024176343,1.2206833575285847
2998.0,0.8564782344400599,0.7342742394184824,0.8234718793006,0.7529872536245596,0.12220399502157753,0.0704846256760403,0.177340051047992,0.07512283340340425,1.225448432687737
2996.0,0.8559486380158775,0.7332129342107055,0.8229539560593412,0.7518102936399085,0.12273570380517196,0.07114366241943271,0.17820762045683441,0.07473893110380125,1.2305658705925193
2994.0,0.8557517497867524,0.732371193755153,0.822741960263364,0.7508888005247575,0.12338055603159936,0.07185315973860651,0.1792506072683935,0.07437663017058331,1.2359683808207353
2992.0,0.8560665328641024,0.7318623340493438,0.8229739425320585,0.7503503056504763,0.12420419881475864,0.07262363688158213,0.18049695528684065,0.07402322861677695,1.2422869214778014
2990.0,0.857171162762962,0.7319059184819174,0.823868677139346,0.750397362354875,0.12526524428104457,0.073471314784471,0.18199324802187125,0.07363641724826717,1.250225692325516
2988.0,0.8585868572110076,0.7320482168171607,0.8250331412593143,0.7505387002271183,0.12653864039384688,0.07449444103219593,0.18368462272360478,0.0732681479470666,1.259302423288566
2986.0,0.8597611887318448,0.7317884215842154,0.8260322858191038,0.7502445656491281,0.1279727671476294,0.0757877201699757,0.1854702271376332,0.07299267918890168,1.2687906648493128
2984.0,0.8605729534417941,0.731030624837957,0.8267856293233082,0.7494049192896033,0.12954232860383708,0.07738071003370495,0.1872899358647488,0.07281797411534376,1.2785947110994036
2982.0,0.8612445282206211,0.7300124123027623,0.8274777820312054,0.748256558832985,0.13123211591785888,0.07922122319822034,0.18915968456786642,0.0727006668840029,1.288817772088037
2980.0,0.8623965416111401,0.7293384271973571,0.8285971267584819,0.7474027551192373,0.133058114413783,0.08119437163924459,0.19119030588108094,0.07257043058377516,1.299689954927217
2978.0,0.8642465381628823,0.7292208841573287,0.830292214222379,0.747077665270079,0.13502565400555366,0.08321454895229996,0.19342194916120067,0.07239933286604634,1.3112751417906414
2976.0,0.8662715247555106,0.7292001159914261,0.8321259043445457,0.7477270148326947,0.13707140876408452,0.08439888951185104,0.1957113250659265,0.07223375032732483,1.3231474473661358
2974.0,0.8683087066861206,0.7291677421639634,0.8339781442084824,0.748404546294808,0.13914096452215718,0.08557359791367436,0.19798941149323165,0.072094179065382,1.3348975554439708
2972.0,0.8705942894449602,0.7293753188755502,0.8360420615786281,0.7493833134453542,0.14121897056941002,0.0866587481332739,0.2003140853435746,0.07196703069527416,1.346245694420774
2970.0,0.8728748390985785,0.7296153305458293,0.8380915954156316,0.7503906710945237,0.14325950855274927,0.08770092432110788,0.20264999878518772,0.07187391481574192,1.356744181723177
2968.0,0.8748427447647407,0.7296210136079797,0.839874378970034,0.7506160902263923,0.14522173115676096,0.08925828874364172,0.20490491911684772,0.07182814632153348,1.3663080878626297
2966.0,0.8765031226925071,0.729427053039117,0.8414075047770286,0.7506582720443349,0.14707606965339004,0.09074923273269375,0.20700776162007792,0.07182048019893161,1.3750520329057985
2964.0,0.8778887787722127,0.7291284202100973,0.8427425021713654,0.7505894399303088,0.14876035856211545,0.09215306224105657,0.20891528976432994,0.07183563578685503,1.382722003264025
2962.0,0.8792178977293352,0.728980213719076,0.8440650301333674,0.7506196794416415,0.15023768401025928,0.09344535069172588,0.2106348926999904,0.0718289877468378,1.3893034107814688
2960.0,0.8805949683855672,0.7290876380753469,0.8454866401133517,0.7508228601031366,0.15150733031022023,0.09466378001021514,0.21214705142927726,0.07175832733673602,1.395204561182799
2958.0,0.8817321119640292,0.7291616523256619,0.8467355783869411,0.750947614174933,0.15257045963836735,0.09578796421200808,0.21340045534451413,0.07164523309248695,1.4005253767807901
2956.0,0.8823511955019678,0.7288852064944243,0.8475178549761215,0.7507474725046799,0.1534659890075435,0.09677038247144165,0.21442630637236437,0.07153254709224582,1.405215691636573
2954.0,0.8825855615928877,0.7283170522620117,0.8479617305588252,0.7502704704149836,0.154268509330876,0.09769126014384155,0.2153435222409805,0.07143530326162788,1.4093704931921223
2952.0,0.8830710649607729,0.7279734366622419,0.848652359885352,0.7499441563110899,0.15509762829853102,0.09870820357426213,0.21631193177339464,0.07133292897636805,1.413557893950932
2950.0,0.8840940938470632,0.7280049380707126,0.8498326047375953,0.7499338694186186,0.15608915577635052,0.09989873531897664,0.21744045240779275,0.07124720266633718,1.4183949103654898
2948.0,0.8853324210493906,0.7279999906614596,0.851202190219082,0.7499410527612134,0.157332430387931,0.10126113745786869,0.21874515533374742,0.07125677436284458,1.42406023396551
2946.0,0.8869450783085127,0.728082732958346,0.8528665644202,0.7501170507347641,0.15886234535016663,0.10274951368543594,0.22027920560570632,0.07137650034431979,1.4305156482348655
2944.0,0.8894718847419769,0.7288160861801988,0.8552605117551892,0.7509604719770704,0.16065579856177814,0.10430003977811886,0.2221085555532552,0.07154410574352274,1.437668104649224
2942.0,0.8928009214399978,0.7301916576471278,0.85830117888292,0.7524447925211692,0.16260926379287,0.10585638636175076,0.22414343110958507,0.07172685252452439,1.4451636866571247
2940.0,0.8961824083910637,0.73157669789841,0.8613722694139518,0.7539743831377592,0.1646057104926537,0.10739788627619262,0.22614666784256093,0.07195302633403707,1.4527630566016774
2938.0,0.8990421503032131,0.7324737702617563,0.863976726319801,0.7550847195827348,0.1665683800414568,0.10889200673706623,0.22795664781034833,0.07224914237994756,1.4603030499197927
2936.0,0.901330888901924,0.732914009745542,0.866067698728552,0.7557976762306133,0.16841687915638204,0.11027002249793871,0.22955462413564368,0.07260157504305888,1.4672684008572312
2934.0,0.9030424398726218,0.7329677616916688,0.8676828369440656,0.7561711177994929,0.170074678180953,0.1115117191445727,0.2309211818258274,0.0729952301128316,1.473201991229701
2932.0,0.9041426826896153,0.7326069315235597,0.8688357753006206,0.7561728071866363,0.17153575116605557,0.11266296811398435,0.23206477860564587,0.07341578854459796,1.4781391431668052
2930.0,0.905121436666131,0.7322581959412643,0.8699160741971782,0.7561538177271572,0.1728632407248667,0.11376225647002103,0.23315142142433046,0.07379757036871254,1.4823809655061506
2928.0,0.9065587635143895,0.7324963595329919,0.8713929871013741,0.756586675719471,0.1740624039813976,0.11480631138190311,0.23431521630405183,0.07406766774389774,1.4859073799666762
2926.0,0.9081468343403715,0.7331265258744122,0.873078275229322,0.7572998169895411,0.17502030846595928,0.11577845823978095,0.2354560833567558,0.07423828821270285,1.4881099026963343
2924.0,0.9092201944700831,0.7336217804743039,0.8744521222731538,0.7578372530476897,0.17559841399577913,0.11661486922546416,0.23641526546902294,0.07433743809036218,1.4883141074527935
2922.0,0.9093306399240864,0.7336819052532784,0.8750687149924035,0.7579033554920638,0.175648734670808,0.11716535950033968,0.23705585793707318,0.07433631085335878,1.4860522823074607
2920.0,0.9076750728963033,0.7327381433269725,0.8741315891024677,0.7569352791533359,0.17493692956933082,0.11719630994913177,0.23707706638173584,0.074160114957441,1.4810974460604431
2918.0,0.9030619890128909,0.7299363761595742,0.8703901829391604,0.7540684345945834,0.17312561285331673,0.11632174834457698,0.23598600650572812,0.07364596253780571,1.4736715908464206
2916.0,0.8947600765098436,0.7247215714576922,0.8629186061454173,0.748662669910967,0.17003850505215135,0.1142559362344503,0.23345602971599538,0.072623273619694,1.4646123482237987
2914.0,0.8839071764017297,0.7177617519370523,0.8526752979437492,0.7412832573981987,0.1661454244646774,0.11139204054555052,0.22991831124008505,0.07118443917608087,1.4553406358350602
2912.0,0.8733580989564436,0.7109587688828756,0.8424785042520101,0.7338694446072083,0.162399330073568,0.10860905964480183,0.22643183399847389,0.06968830406305435,1.4472116982953225
2910.0,0.8649701631732535,0.7056188262432853,0.8342865625340294,0.7279014277927004,0.15935133692996817,0.10638513474132905,0.22371709977246013,0.06842450986001397,1.4401545512219254
2908.0,0.8584864249537204,0.7015270206759362,0.8279881391527653,0.7233121110598335,0.1569594042777842,0.10467602809293175,0.2217782411347707,0.0674423934991207,1.4335540229253931
2906.0,0.8531027618537109,0.6980519267238697,0.8228479635768029,0.7194825204691706,0.1550508351298412,0.1033654431076323,0.22033855263441926,0.06669442998034061,1.4274613340230122
2904.0,0.848474579850506,0.6949902630957642,0.8184853072255261,0.7161574676498954,0.15348431675474183,0.10232783957563074,0.2192003210645314,0.06609632997749325,1.4220819962519085
2902.0,0.8444799095350815,0.6923444599303673,0.8147477355380579,0.7132681219503658,0.15213544960471415,0.10147961358769209,0.21824117007170932,0.0655646881620338,1.4174091416457073
2900.0,0.8407281922701986,0.6898213439350523,0.8112682957892365,0.7105458775946198,0.15090684833514623,0.10072241819461669,0.21734163795554354,0.06507652453214077,1.413246536449978
2898.0,0.8368650437773202,0.6871248021748332,0.8076863900692761,0.7077482291510024,0.149740241602487,0.09993816091827368,0.21645254568165856,0.06463320384057457,1.409272227182314
2896.0,0.8331308612024309,0.6844990031447531,0.8041770221181119,0.7050438486642538,0.14863185805767776,0.09913317345385808,0.21562873184551196,0.0642027303988638,1.4054254612570463
2894.0,0.8299003779990769,0.6822981369514223,0.8010856802531487,0.7026773317288995,0.14760224104765463,0.09840834852424929,0.21491164802751192,0.06375073175346342,1.401949275133129
2892.0,0.8269609059080891,0.6803285574256224,0.7982592823956444,0.7004709680580763,0.14663234848246676,0.09778831433756807,0.21425352844835152,0.06329819729841882,1.3987429627833206
2890.0,0.8239667168208877,0.6782596658349581,0.7953928961413217,0.6981674840031942,0.14570705098592962,0.09722541213812752,0.21361294659126134,0.06287712741586483,1.395640101845778
2888.0,0.8209737265330489,0.6761074828932052,0.7925191463422541,0.6957964635132823,0.14486624363984368,0.09672268282897178,0.2130195209436968,0.06249216858461536,1.3928623210464006
2886.0,0.8181327856447467,0.6739925881104454,0.7897692497640666,0.6934611295248665,0.1441401975343013,0.0963081202392001,0.21250222662085946,0.062147915999976024,1.3905455682094265
2884.0,0.815481232761951,0.6719497407503073,0.7871853063310534,0.6911903147507661,0.1435314920116436,0.09599499158028735,0.2120519840737027,0.0618499562305545,1.388727661724638
2882.0,0.8130116535758174,0.6699581710661664,0.7847801594495231,0.6889689763599878,0.143053482509651,0.09581118308953529,0.21165997678286866,0.06159419602535788,1.3876140080709778
2880.0,0.8106576193019479,0.6679496873630741,0.7824967632265323,0.6867489476331468,0.14270793193887377,0.09574781559338552,0.21131410578230556,0.06137286841558031,1.3873372016948247
2878.0,0.8082048424690563,0.6657339363898488,0.7801552547821893,0.6844009399614208,0.14247090607920754,0.09575431482076846,0.2109636430552987,0.06118419300231588,1.3879174068773084
2876.0,0.8053785887291227,0.6630804825057623,0.7775544863132678,0.6817461127632215,0.14229810622336037,0.09580837355004634,0.21052387666579184,0.06102448728623176,1.3893463940515245
2874.0,0.8024326633069745,0.660292206847939,0.7749086766269122,0.6790033286232826,0.1421404564590355,0.0959053480036296,0.20997494691043636,0.06085400414100362,1.3915121143973148
2872.0,0.7999920517426666,0.6580246715939376,0.772699513225236,0.6766756905136607,0.141967380148729,0.09602382271157528,0.20937187562846674,0.060622038429120235,1.39420943999071
2870.0,0.7979112486874582,0.6561567195804663,0.7707793955696367,0.6746517991674921,0.14175452910699193,0.09612759640214463,0.20867569530588798,0.06034946068107902,1.3972482596941944
2868.0,0.7956311590521956,0.6540974675388965,0.7686939759905314,0.6724762650958511,0.1415336915132991,0.09621771089468023,0.2078463587214983,0.06011250567834075,1.400618174678516
2866.0,0.7933862799227123,0.6519330685793371,0.766666635932663,0.6702675092688137,0.14145321134337518,0.09639912666384931,0.20704020087539987,0.059955898106451355,1.4047424707160892
2864.0,0.7917709058807059,0.650058592839323,0.7652464043419532,0.6684202238904647,0.14171231304138288,0.0968261804514885,0.20649343333085088,0.05990653595095171,1.410282186898002
2862.0,0.7910363619193055,0.6485776513028516,0.7647114527471987,0.6670552238386112,0.14245871061645388,0.0976562289085875,0.20635065691268656,0.06001537719277935,1.417636215472575
2860.0,0.7915372107190266,0.6477770658946219,0.7653711714678689,0.6664077694632126,0.1437601448244047,0.09896340200465636,0.20677265056596528,0.0602865098503444,1.4266201542638792
2858.0,0.7937205019710816,0.648154102312148,0.7675959848082201,0.6669241534721108,0.1455663996589336,0.10067183133610935,0.2078941186655612,0.06067251006463866,1.436334924385308
2856.0,0.7972778731332641,0.6496361559242936,0.7712114794788696,0.6685731252657506,0.14764171720897057,0.10263835421311895,0.2096110810798544,0.06114213047665602,1.4451014630127574
2854.0,0.8011854195175292,0.6516641270252034,0.7754291754774412,0.6708182495877646,0.14952129249232582,0.10461092588967658,0.21149680843281402,0.06164245229222364,1.4507987972025593
2852.0,0.8031971221240752,0.6529111735428194,0.7781199652581527,0.6722673006038341,0.15028594858125588,0.10585266465431864,0.2125337105384665,0.06194310057607327,1.451114849247217
2850.0,0.7997435803482997,0.6510108318800847,0.7755831197660368,0.670428402490783,0.14873274846821505,0.10515471727525383,0.21125540835654408,0.06161103438813372,1.444524253610412
2848.0,0.7894093136411015,0.6448517425645319,0.7659959041112052,0.6640814038104548,0.14455757107656952,0.10191450030075044,0.2071924437412684,0.060385827845727116,1.4317901063364968
2846.0,0.7753191317519735,0.6363200435699058,0.7522317840651582,0.655151010009022,0.13899908818206774,0.09708077405613624,0.2017220500787662,0.058608808230088655,1.4153799531509317
2844.0,0.7616078772893327,0.6279989125356172,0.7386523139561116,0.6455805909225261,0.13360896475371542,0.09307172303358557,0.19652358804114153,0.056905840844027056,1.397879889069276
2842.0,0.7498423979166565,0.6207992260548626,0.7271260646755793,0.6370581655786077,0.12904317186179393,0.09006789909697155,0.19218552600630057,0.05560341689740105,1.3809246281039738
2840.0,0.7399656159904539,0.6146861966208691,0.7176010398636772,0.6298839972310228,0.12527941936958475,0.08771704263265434,0.18860733873354935,0.05466822597088042,1.3653428713380829
2838.0,0.7320077359820536,0.6098298724703592,0.7099431913044268,0.624234978753027,0.12217786351169435,0.08570821255139982,0.18565699002840597,0.05394755836210006,1.351700746798736
2836.0,0.7257342968045108,0.6061577123233729,0.7038480678117705,0.619997277301011,0.11957658448113795,0.0838507905107595,0.18318059448224205,0.0533368200612365,1.3399922228424301
2834.0,0.7204120399103452,0.603107848546287,0.6986496147997676,0.6164912238723158,0.11730419136405823,0.08215839092745181,0.180991593191527,0.05280989931532304,1.3295957842145947
2832.0,0.7155781034062569,0.6003010257287363,0.6939384469551626,0.6132773458136076,0.1152770776775206,0.080661101141555,0.17900911153810692,0.05235393377373012,1.3201646347540785
2830.0,0.7111136956510469,0.5976352485508567,0.689605915849542,0.6102406832476888,0.11347844710019017,0.07936523260185324,0.17722520967416538,0.051946418471753984,1.3117810598477493
2828.0,0.706910770309721,0.5950237695917121,0.6855509533655517,0.6072810283327543,0.11188700071800894,0.0782699250327974,0.17562861442564331,0.051582421039008536,1.3043499572854271
2826.0,0.7029152646408368,0.5924331296271149,0.6817209443495236,0.6043677349028524,0.11048213501372184,0.07735320944667112,0.17420255174866472,0.05126313583829143,1.29775461067787
2824.0,0.6991629237014585,0.5899155519003337,0.6781354461280988,0.601562216964133,0.10924737180112476,0.0765732291639658,0.17293193987788413,0.05097049554139865,1.2920555820067468
2822.0,0.6956959752542116,0.5875369532542285,0.6748307510396625,0.5989232041057603,0.10815902199998306,0.07590754693390223,0.17180898759740162,0.05068623046148975,1.287184888364602
2820.0,0.6924869819122016,0.5852886010775481,0.6717813257061149,0.5964316710050763,0.1071983808346535,0.0753496547010386,0.17081552513689444,0.0504126393309318,1.2830216847258267
2818.0,0.6894684299034223,0.583112731407992,0.6689014292455275,0.5940275808983666,0.10635569849543025,0.07487384834716093,0.16993399854193264,0.05014947659860887,1.2795624197744553
2816.0,0.6865696189674932,0.5809605310519846,0.6661216255749258,0.5916651572392677,0.1056090879155086,0.07445646833565811,0.16914062434872934,0.04989734529542353,1.2766793983009632
2814.0,0.6836714792508205,0.5787529471821834,0.6633562183952895,0.5892707867407998,0.1049185320686371,0.07408543165448966,0.1683969565086917,0.049666643654521836,1.274020594805902
2812.0,0.6806788142821402,0.576427077978919,0.6605415058192594,0.5867586384825592,0.10425173630322115,0.07378286733670025,0.16766617400899358,0.04945912633832483,1.2713788390530882
2810.0,0.6778308457922175,0.5742053831536391,0.6578714730219182,0.584643774377628,0.10362546263857841,0.07322769864429013,0.16699051096876139,0.049241402954102745,1.2689982886681532
2808.0,0.6754258107522129,0.5723550683988222,0.6555659702957206,0.5828326112581734,0.10307074235339064,0.07273335903754719,0.16643191047123526,0.04898384687727086,1.2671674441542067
2806.0,0.67324489455266,0.5706765873694265,0.6534369086885732,0.5811599791224833,0.10256830718323351,0.07227692956608989,0.16594757608765914,0.048716946979212035,1.2656437518526142
2804.0,0.6709504979621572,0.568872157947554,0.6512371452442558,0.5794138790179982,0.10207834001460325,0.07182326622625756,0.1654564319559456,0.04847560772854665,1.264097700801212
2802.0,0.6684586358866432,0.5668704854606018,0.6489082951540309,0.5775355139654449,0.10158815042604141,0.07137278118858603,0.16492167049322565,0.0482656041199271,1.2625248505656224
2800.0,0.6657952393375679,0.5646928653260305,0.6464602025537982,0.5755264068576613,0.10110237401153743,0.07093379569613689,0.16434214327535246,0.04808166887470867,1.2610311519611026
2798.0,0.6632858272416268,0.5626424280629863,0.6441379894646642,0.5736193740309875,0.10064339917864051,0.07051861543367666,0.16381379279320954,0.04789106132893001,1.2596389212317265
2796.0,0.6611886690696445,0.5609526469001652,0.6421488753947349,0.5719931801559235,0.10023602216947924,0.07015569523881138,0.16340513830192746,0.04767034755426168,1.2584756211475694
2794.0,0.6591956229874361,0.5593388382344078,0.6402421642031932,0.5704299984249499,0.09985678475302828,0.06981216577824334,0.16304237773573835,0.047452852656800014,1.2573841497532048
2792.0,0.6569900794525307,0.5575110335659071,0.6381784126670331,0.5687044766036993,0.0994790458866236,0.06947393606333385,0.1626473113458246,0.04726974770332618,1.2562078968829944
2790.0,0.6547912642208235,0.5556740225428246,0.6361442115609979,0.5669749371146637,0.09911724167799885,0.06916927444633414,0.16226507104086346,0.047090436886473706,1.2551263637690293
2788.0,0.6529862898818258,0.5541772990927905,0.6344327055926596,0.5655146932281917,0.09880899078903538,0.06891801236446793,0.16198390725088901,0.04687754121018859,1.2544319876062238
2786.0,0.6514818901120554,0.5529447292007497,0.6329566837934468,0.5642667149444389,0.09853716091130571,0.06868996884900791,0.16177832778471649,0.04664624939332797,1.253926971374892
2784.0,0.6498924862264133,0.5516269604837415,0.631424392283421,0.5629489427978077,0.09826552574267178,0.06847544948561324,0.1615576025992747,0.046433864874699395,1.2533525174501712
2782.0,0.6481335308270677,0.5501475171457739,0.6297755379958517,0.5615004778325123,0.09798601368129378,0.0682750601633394,0.16130187396866125,0.046243702736047235,1.2526894306738017
2780.0,0.6463057274268738,0.5486002219710749,0.6280797891831,0.5600049553541335,0.09770550545579881,0.06807483382896651,0.16103838461313652,0.046064848107774156,1.2519624388802044
2778.0,0.6443666885380424,0.5469330332816851,0.6262966215886876,0.5584227200857139,0.09743365525635728,0.06787390150297368,0.16076488449035115,0.045907891943632775,1.2512245108354392
2776.0,0.642363340908266,0.5451824510316579,0.6244693375066761,0.5567868139327772,0.09718088987660811,0.06768252357389892,0.16049186327546125,0.04577189453545848,1.2505599919681771
2774.0,0.640610243465162,0.5436492865525067,0.6228552122039812,0.5553306932165245,0.09696095691265538,0.0675245189874567,0.16027968367522563,0.04561945800069913,1.2501078449693754
2772.0,0.639199654940861,0.5424330834864092,0.6215298745080398,0.5541045319054607,0.09676657145445178,0.06742534260257904,0.16014285385667262,0.045431656689228675,1.2498429580877934
2770.0,0.6378531886048038,0.5412678683340701,0.6202581017858347,0.5528922105731886,0.09658532027073363,0.06736589121264613,0.16003201980846063,0.04523679760903362,1.249654929540662
2768.0,0.6364118103257177,0.5399962793823015,0.6189075208710351,0.5515969543909547,0.09641553094341615,0.06731056648008038,0.1599099107889895,0.0450572262770202,1.2495540797786564
2766.0,0.6349288079203634,0.5386809699837893,0.6175313423057179,0.5502942692869106,0.0962478379365741,0.06723707301880733,0.15977005545052334,0.044892981040217696,1.249456261642032
2764.0,0.633445918565369,0.5373767676591967,0.6161645724678637,0.5490261215459085,0.0960691509061723,0.06713845092195525,0.1596189273498104,0.044737066716587004,1.2492109417643622
2762.0,0.6319531236582834,0.5360672777847095,0.6147826969795176,0.5477562976017629,0.09588584587357385,0.06702639937775468,0.15947439100446137,0.04458478079425253,1.2488373470240182
2760.0,0.6304534625533442,0.5347354132076059,0.613389295427558,0.5464601232428143,0.09571804934573835,0.0669291721847437,0.15934230276032457,0.044433898607892514,1.248581985175314
2758.0,0.6289688945708087,0.5334056482076837,0.6120120282108987,0.545166296817232,0.09556324636312508,0.06684573139366667,0.15922417147157636,0.0442864130986428,1.2483883042150417
2756.0,0.6275404622350933,0.5321330671177165,0.6106917648145459,0.5439299943674132,0.09540739511737684,0.06676177044713272,0.1591233282106479,0.04414355992912398,1.2480443336862799
2754.0,0.6261375068122541,0.5308830418877464,0.60940003402238,0.5427165646340958,0.09525446492450773,0.06668346938828418,0.159036624227848,0.04399815306603276,1.2476758108136698
2752.0,0.6246203647796743,0.5295080162332253,0.6080284361696334,0.5414215085221232,0.09511234854644901,0.0666069276475102,0.15893234329157155,0.043868471032035186,1.24742282865746
2750.0,0.6230050816660272,0.52802754223954,0.6065942813363685,0.5400430661884046,0.09497753942648723,0.06655121514796392,0.15880406007101686,0.04375952287737964,1.2472378968669198
2748.0,0.6215868489500963,0.5267353167876367,0.6053281978185232,0.5387759245090771,0.09485153216245956,0.06655227330944613,0.15871281832222803,0.0436309640276595,1.2471100588491806
2746.0,0.6204788324308662,0.5257480138066435,0.6043078748100865,0.537722364701246,0.09473081862422272,0.0665855101088405,0.15868209939296324,0.04346443617623131,1.2470016854327257
2744.0,0.6194444606624321,0.5248388039019966,0.6033301698729583,0.5367420823956444,0.09460565676043553,0.06658808747731393,0.158668262086074,0.04328245576309013,1.2468552013045022
2742.0,0.6182588098681107,0.5237808833884384,0.6022278547103723,0.5356557886788247,0.09447792647967224,0.06657206603154764,0.15861946853291456,0.043118441862002956,1.2467308103279673
2740.0,0.6169057235411015,0.5225692842506974,0.6010032513831921,0.5344590143232338,0.09433643929040414,0.06654423705995827,0.15852644067701213,0.04298119871158632,1.2464671028277996
2738.0,0.6155028835765695,0.5213224628315707,0.5997433890023904,0.5332393384076308,0.09418042074499877,0.06650405059475961,0.15840891220730985,0.042852951082005805,1.246079838076757
2736.0,0.6141910598434803,0.5201746121131081,0.5985478218546962,0.5320792878439833,0.09401644773037221,0.06646853401071295,0.158303262375518,0.042708271825830944,1.2456442731655222
2734.0,0.612947738088602,0.5191049643021037,0.5974012800296602,0.5309625690429398,0.0938427737864983,0.06643871098672038,0.15819976695215923,0.04254884704258712,1.2451791526490876
2732.0,0.6116313410223437,0.5179805062992284,0.596187756992445,0.5298125530461341,0.0936508347231153,0.06637520394631091,0.158065768168557,0.04239784550530093,1.244578844925142
2730.0,0.6101402140771891,0.5167076420737382,0.5948292416101031,0.5285722903303587,0.0934325720034509,0.0662569512797444,0.15787687911234335,0.042264561624775404,1.2438053477501456
2728.0,0.6084756698467988,0.5152834655576065,0.5933381104972233,0.5272354765661054,0.09319220428919228,0.06610263393111793,0.15763331873681619,0.04214504431790731,1.2429441917182291
2726.0,0.6068619618485869,0.5139131386407828,0.5918898599559241,0.5259405194322011,0.09294882320780407,0.06594934052372303,0.15738999122989306,0.042018376227593954,1.242093297950646
2724.0,0.6054935551410155,0.5127867963236513,0.5906289472248003,0.5248075255443321,0.09270675881736423,0.06582142168046823,0.15719681577119168,0.04186539812983235,1.2411682104435633
2722.0,0.6042705687583938,0.5118193988048092,0.5894760569105164,0.5237687129377084,0.0924511699535846,0.06570734397280797,0.15702430158650724,0.041692882198603086,1.240087705127715
2720.0,0.6030407236318454,0.5108657342901709,0.5883240038617896,0.5227314675254471,0.09217498934167445,0.06559253633634254,0.1568284292381121,0.04151798359663492,1.238879235132461
2718.0,0.6017289528865549,0.5098483410727388,0.5871138367962833,0.5216545286322083,0.09188061181381613,0.06545930816407497,0.15658866409692532,0.04135223967590851,1.2376050950706705
2716.0,0.6003311558307968,0.508758420512306,0.5858291699809697,0.5205071063282014,0.09157273531849075,0.06532206365276827,0.15631225043199282,0.0411969016686073,1.2362763801992942
2714.0,0.5989016945692529,0.5076419784282943,0.5845120485439537,0.5192431630313039,0.09125971614095862,0.06526888551264975,0.15601955589306055,0.04104617783531038,1.234931090371191
2712.0,0.597446817196307,0.5065044758680277,0.5831773513554506,0.5179815986629575,0.09094234132827927,0.06519575269249311,0.15571684982582928,0.04090169665169378,1.2335303371579687
2710.0,0.5959955857177303,0.5053713020212172,0.5818504009248072,0.5167350211627111,0.0906242836965131,0.06511537976209614,0.15541358548316064,0.04075924772673532,1.232100675387283
2708.0,0.5946219496593226,0.5043028312847418,0.5805835740740262,0.515534455881743,0.09031911837458073,0.0650491181922832,0.15513201736041532,0.04061000105840233,1.2307637991942821
2706.0,0.5933103332803993,0.503273008632843,0.5793705577326939,0.5143594151672284,0.09003732464755632,0.06501114256546547,0.15486974108107368,0.04045704508950571,1.2296536617867597
2704.0,0.5919855981171991,0.5022266285240936,0.57814974963184,0.5131853237992023,0.08975896959310548,0.06496442583263762,0.1546084293463447,0.040310325071978924,1.2285306928725774
2702.0,0.5906327656454983,0.501155357397032,0.5768996265575497,0.5120051070774847,0.08947740824846628,0.06489451948006497,0.1543382649202479,0.04017330558317198,1.2273355427850527
2700.0,0.5892773931850238,0.500074629330902,0.5756412948662439,0.5108181769798965,0.08920276385412185,0.06482311788634743,0.15407524666621827,0.04004174789622798,1.2261448965037078
2698.0,0.5879567824026061,0.49902043905738763,0.574402385449129,0.5096555247250467,0.08893634334521844,0.06474686072408231,0.15382773545226314,0.039907945507030695,1.224986880918005
2696.0,0.5866812352995319,0.49800625618028954,0.5732086103974052,0.508514438083028,0.08867497911924233,0.06469417231437724,0.15358004270769096,0.03976486189950147,1.2239659994450214
2694.0,0.5854195283696999,0.49699285703567775,0.5720324205863594,0.5073685579799949,0.08842667133402216,0.06466386260636448,0.15332503017829038,0.03962348970696868,1.2231510370194623
2692.0,0.5841503641250241,0.4959722521548372,0.5708473301538494,0.5062249211826748,0.08817811197018688,0.06462240897117455,0.15306615830445694,0.03949281142505845,1.222268734261208
2690.0,0.5828604750000002,0.4949483125000001,0.5696342750000001,0.5050887000000002,0.08791216250000006,0.06454557499999991,0.15279341720246825,0.03936623913222048,1.221192057097355
2688.0,0.5815507729607314,0.4939144945198949,0.5684048672809578,0.5039372624979908,0.08763627844083655,0.06446760478296709,0.15250810259035064,0.03923486511763893,1.2200846880614449
2686.0,0.5802117078340273,0.49286107585568,0.5671556222938953,0.5027611477772995,0.0873506319783473,0.06439447451659575,0.15220928609903478,0.03910116494063842,1.2189349173728719
2684.0,0.5787786550983661,0.4917326714803463,0.5658327139410737,0.5015768222682279,0.08704598361801985,0.06425589167284584,0.15187129270460145,0.0389790975801898,1.2176597918995127
2682.0,0.5772177475713115,0.4905023142615607,0.5644008270957889,0.5004587989237805,0.08671543330975079,0.06394202817200834,0.15148481135348296,0.03887833697221352,1.216142769901032
2680.0,0.5756739619382321,0.4892965772507013,0.5629720088306516,0.4993571152729309,0.08637738468753076,0.06361489355772065,0.15109848948926682,0.038777856958720845,1.2145093846698871
2678.0,0.5743016924140917,0.4882577312504212,0.5616820704844672,0.4983597236726799,0.08604396116367047,0.06332234681178728,0.15075267353947588,0.038649126718580396,1.2129069131530068
2676.0,0.5730587215940026,0.4873424362396358,0.5605008194473973,0.4974344463406983,0.08571628535436682,0.06306637310669899,0.15043816194344733,0.03849784252831479,1.2113624656734259
2674.0,0.5718178570923926,0.4864365031876942,0.5593156974620304,0.4965206641980078,0.08538135390469842,0.06279503326402258,0.1501166977735315,0.03834484483858275,1.2097621185039447
2672.0,0.5705504879317452,0.48551688564941325,0.5581058469491991,0.4956260283521994,0.08503360228233198,0.06247981859699969,0.1497791365404156,0.03819511386784437,1.208043173281568
2670.0,0.5692669478221416,0.48458540880217793,0.5568873647912886,0.494759916061706,0.08468153901996367,0.062127448729582646,0.14943848117519934,0.03804812518661028,1.2062505909356198
2668.0,0.567944820191495,0.4836177256145936,0.5556444468008981,0.49390296171007664,0.08432709457690135,0.061741485090821446,0.14910033986836058,0.037907376598993216,1.204350078548559
2666.0,0.5665913458706461,0.4826270250794331,0.5543814824138842,0.4930608696156618,0.08396432079121297,0.061320612798222374,0.1487660442019953,0.03777055401298676,1.2022658757154285
2664.0,0.565249109493858,0.481642906230879,0.5531325823433636,0.4922498711764523,0.08360620326297896,0.060882711166911296,0.14843924587844204,0.03763381145662725,1.200190807315869
2662.0,0.5639280675203914,0.4806749829175115,0.5518978749008302,0.4914719206796957,0.08325308460287989,0.060425954221134504,0.14812020459171713,0.03749683797857314,1.1981308889506928
2660.0,0.5626164133417768,0.4797263136080447,0.5506641877796847,0.4907223166071216,0.08289009973373213,0.05994187117256311,0.14780379979074412,0.03736229803433952,1.1958827008688506
2658.0,0.5613211268252433,0.4787945769791186,0.5494374057044038,0.48999089205526547,0.08252654984612467,0.05944651364913833,0.14749262125377433,0.03723263754858839,1.1935447564969655
2656.0,0.5600453976094238,0.477872745296239,0.5482261787856946,0.48927712518343175,0.08217265231318482,0.058949053602262824,0.14719217174249044,0.03710602143670332,1.1912454268143442
2654.0,0.5587819067699934,0.4769625442140242,0.5470414884418542,0.48859527391613217,0.08181936255596922,0.05844621452572202,0.146897767435632,0.03698051979205626,1.1888978086541477
2652.0,0.5575311192896034,0.4760717271211435,0.5458821103707545,0.4879548176043558,0.08145939216845993,0.05792729276639874,0.14660219384550224,0.03685751492342553,1.186429352668259
2650.0,0.5562843978771175,0.4751982041227748,0.5447215638303664,0.48695002626379946,0.08108619375434267,0.057771537566566944,0.1462990596010139,0.03673642813717099,1.1837875569206378
2648.0,0.5550373952332371,0.47434414336877956,0.5435462680579827,0.4859325872175929,0.08069325186445758,0.05761368084038976,0.14599186314186752,0.036617605100872426,1.180851516209735
2646.0,0.5538118184926444,0.47351498199549125,0.5423894991016379,0.48490769364690867,0.08029683649715313,0.05748180545472925,0.14569488937224062,0.03649943393410299,1.1777823228789626
2644.0,0.552604826381507,0.4727086947865516,0.5412778897179689,0.4838884945307517,0.0798961315949554,0.05738939518721714,0.14539354972989038,0.036383828796969706,1.1746425609407607
2642.0,0.5513779100348197,0.471910203012948,0.5401663436927993,0.4828641648604364,0.07946770702187173,0.05730217883236288,0.14506059004444707,0.036270831184001366,1.171253778245181
2640.0,0.5501278400714801,0.47111328239158734,0.5390355590196576,0.48183340409175995,0.07901455767989274,0.05720215492789765,0.1447147939006337,0.03616728414687276,1.1674889343635149
2638.0,0.5489055949022822,0.47037723317159363,0.5379227886684539,0.480843657635947,0.07852836173068856,0.05707913103250689,0.14438350160627264,0.03606760762604507,1.1630968994075153
2636.0,0.547736164551908,0.46972848932433586,0.5368550080891465,0.4799106327618212,0.07800767522757213,0.056944375327325325,0.14406570238579128,0.0359637327164215,1.1581209746932652
2634.0,0.5465966293038631,0.4691209850815077,0.5358064925200934,0.4790022672608245,0.07747564422235542,0.05680422525926887,0.14374183639466415,0.03586209806805647,1.152972524211778
2632.0,0.5454628580938133,0.4685148128793407,0.5347563592942219,0.4780791279083334,0.07694804521447263,0.05667723138588854,0.1434094820008429,0.03576833367540022,1.1478573486413854
2630.0,0.5443045868507294,0.4678627097984649,0.5336858702638307,0.47713459159532495,0.07644187705226446,0.05655127866850579,0.14305924540837842,0.035680969438124134,1.1430984534286994
2628.0,0.5431062161169764,0.46711911760407,0.5325767535104822,0.4761761121409793,0.07598709851290641,0.056400641369502846,0.14269062716505643,0.03558392573612644,1.1392719868456862
2626.0,0.5419147504258469,0.4662980190940805,0.5314591355048717,0.4752481379536534,0.07561673133176644,0.05621099755121828,0.14232161782209765,0.03545979800043202,1.1369024204735083
2624.0,0.5407767448379838,0.46544628886582123,0.5303796260325329,0.4743755883298505,0.07533045597216254,0.05600403770268236,0.14195988483620076,0.03530749229917851,1.1359569647480858
2622.0,0.5396678181925424,0.4645790961658872,0.5293305935929811,0.4735336745725975,0.07508872202665517,0.055796919020383584,0.14159328234842544,0.035144460570954245,1.1357904015056197
2620.0,0.5385464363452872,0.46369499434634764,0.5282738565330228,0.4726905694292484,0.07485144199893956,0.055583287103774415,0.14121422140020007,0.034985769692702645,1.1357331081177808
2618.0,0.5374172929522014,0.46281653767189446,0.5272109029833913,0.4718426546660376,0.07460075528030696,0.05536824831735376,0.14084032591975584,0.034833214268034624,1.1353919646535457
2616.0,0.5363090277468098,0.4619767416757303,0.5261703930495565,0.4710057389577964,0.0743322860710795,0.05516465409176008,0.14047597039194962,0.03468041891662016,1.1347194171807153
2614.0,0.5352346549261083,0.4611918835088799,0.5251614477702877,0.4701923904459424,0.07404277141722843,0.054969057324345316,0.14011747182643558,0.03452963515551107,1.1336681534650712
2612.0,0.5341795718132133,0.4604574542627793,0.5241678867947275,0.4693949129963028,0.07372211755043401,0.05477297379842466,0.13975899943468678,0.034390772190860154,1.1320403949824231
2610.0,0.5331275938613229,0.45976468065452736,0.5231772278079968,0.4686158287551011,0.07336291320679555,0.0545613990528957,0.13939003647457826,0.03426541722532553,1.1297709919883792
2608.0,0.5320818024537077,0.4591087320189875,0.5221996704450586,0.46786359801738125,0.07297307043472023,0.054336072427677296,0.1390179098322595,0.03415078689329915,1.126952753205302
2606.0,0.5310561000267047,0.458485464944439,0.5212496226361285,0.46713212231204404,0.07257063508226569,0.05411750032408447,0.13866144772432354,0.034043978407255385,1.1237660078617056
2604.0,0.5300637075838341,0.4578941563694251,0.5203373043178412,0.46641076100201706,0.07216955121440904,0.05392654331582414,0.13832066144694688,0.033946019268057244,1.1204177039159304
2602.0,0.5290976359696087,0.4573494097928906,0.5194517718601407,0.4656951491825295,0.07174822617671806,0.053756622677611166,0.13798561187791622,0.03386355436757962,1.1165831966867508
2600.0,0.5281410907092781,0.456872770724711,0.5185735790843707,0.46498894895541115,0.07126831998456706,0.05358463012895959,0.13765697509827396,0.03380186974278957,1.1116180250042587
2598.0,0.5271994251941914,0.45646789044715863,0.517713920066528,0.46428715076665406,0.07073153474703275,0.053426769299874,0.13733838657318378,0.033767750230861614,1.1054695633011495
2596.0,0.5262779676497278,0.45611586472323046,0.5168848031760436,0.46358362323049,0.07016210292649733,0.053301179945553556,0.1370236845084432,0.033765652130433706,1.098518141526604
2594.0,0.5253738774559116,0.45579199400460074,0.5160810183444733,0.46326929383306276,0.06958188345131083,0.05281172451141053,0.13670345022484268,0.03378892791005404,1.0912139212790564
2592.0,0.5244823867130582,0.4554685846553816,0.5152894463536616,0.46374519102830686,0.06901380205767665,0.051544255325354726,0.13638055570969085,0.033823509745713104,1.084005622017848
2590.0,0.5236023590881044,0.4551209242368461,0.5145024061775672,0.46407299549911585,0.0684814348512583,0.0504294106784513,0.13606495980118477,0.03385525506159582,1.0773114617784454
2588.0,0.5227213336332194,0.45472723720158303,0.5137049171834732,0.46385323294927167,0.06799409643163634,0.049851684234201554,0.13576519096953377,0.03387696361288336,1.0712840530075811
2586.0,0.521834638723678,0.45429331907551035,0.5128976372367786,0.4631161244172963,0.06754131964816762,0.04978151281948229,0.13546763575722476,0.03388094249070508,1.0659015832100454
2584.0,0.5209494495102436,0.45383800350805154,0.5120963826412618,0.46238510798492094,0.06711144600219204,0.04971127465634084,0.13516522581408957,0.03387596821179444,1.0609583895638268
2582.0,0.5200798783289949,0.45337370693323475,0.5113065030515787,0.46164431195586225,0.06670617139576018,0.0496621910957164,0.1348578955680577,0.033872830798638384,1.056402265880116
2580.0,0.5192257489558001,0.45290510282630764,0.5105231132324957,0.46091335873290784,0.06632064612949246,0.04960975449958782,0.13455447292566242,0.03387318888232527,1.0520931880289965
2578.0,0.5183806160098521,0.45243119674941656,0.5097464429997407,0.4603058135792066,0.06594941926043552,0.04944062942053412,0.13425734473786693,0.03387048636862512,1.0479811650613329
2576.0,0.5175534579707909,0.45195707610003966,0.5089869153128581,0.4597593583517845,0.06559638187075123,0.049227556961073615,0.13397645708558073,0.033856632415761756,1.0441311293367839
2574.0,0.5167686709720198,0.4514943516861787,0.5082587817667525,0.4592227744476305,0.06527431928584115,0.049036007319122055,0.13370801600465973,0.03382741356468815,1.0408026460870645
2572.0,0.5160128019818409,0.4510422944551428,0.5075471618827488,0.4586997330840908,0.06497050752669803,0.048847428798658055,0.13344562163432297,0.03379161822995263,1.0377673193502461
2570.0,0.5152606985315088,0.45060684756220476,0.5068319692729102,0.458183335424758,0.06465385096930404,0.04864863384815221,0.13319050950706615,0.033772625001895755,1.0343476985533029
2568.0,0.5145167023958912,0.4502235761505968,0.5061296420682289,0.4576716147375435,0.06429312624529437,0.04845802733068538,0.13295289460109053,0.03378926644655457,1.029843105094036
2566.0,0.5137993675622631,0.44992976984093297,0.5054717321922105,0.45717630740182835,0.0638695977213301,0.04829542479038218,0.1327294908069914,0.033852580565118896,1.023889994428765
2564.0,0.5131115825267952,0.4497318050763609,0.5048584605861519,0.4567009861434475,0.06337977745043433,0.04815747444270441,0.13251246610975626,0.033973465937425604,1.016398418082028
2562.0,0.5124502999822402,0.44960983808500476,0.5042749733343359,0.45624010053746156,0.06284046189723547,0.04803487279687435,0.13230550712453584,0.03415471842700234,1.0075998555170504
2560.0,0.5118234261343012,0.44954204194565084,0.5037259575965777,0.45578936202359344,0.06228138418865037,0.04793659557298424,0.13210525453443264,0.03438623480273922,0.9980712520063477
2558.0,0.5112293757389125,0.4495107458575532,0.5032124506354647,0.45535645053694307,0.06171862988135929,0.047856000098521645,0.13190685279140987,0.034648335280161,0.9882477757536701
2556.0,0.5106514815096889,0.4494877265317525,0.50271388666639,0.45494580252371,0.06116375497793636,0.04776808414268008,0.13171273821420168,0.034918654765378566,0.9784675516064538
2554.0,0.5100858770307128,0.44943724040758803,0.5022157373568196,0.45455467596097504,0.06064863662312481,0.04766106139584453,0.1315311601278155,0.035166834637673935,0.9694174677600714
2552.0,0.50953262595216,0.44934107212708907,0.5017105409746385,0.4541757701087886,0.06019155382507091,0.047534770865849896,0.131367053080451,0.035368181077373384,0.961541063492107
2550.0,0.5089811414511722,0.4492117876300875,0.5011950271841992,0.4538016695726234,0.059769353821084725,0.04739335761157576,0.13120186177503082,0.03552657179801994,0.9545373423355665
2548.0,0.5084187689330105,0.44907289413523915,0.5006784221886327,0.45343990458307193,0.05934587479777137,0.04723851760556075,0.13100096000835992,0.035666910177076676,0.9478290550861246
2546.0,0.5078377472180595,0.4489358685729202,0.500175627472764,0.45309324033839593,0.058901878645139294,0.047082387134368076,0.13076299905957783,0.03581201057737615,0.9409465409978984
2544.0,0.5072476911709041,0.44881770410754296,0.49969980678736436,0.4527539416570306,0.05842998706336111,0.046945865130333775,0.13050783691696133,0.03597612884916937,0.933562189831089
2542.0,0.5066985144619421,0.4487666942500299,0.49927891770071187,0.4524288459354632,0.05793182021191223,0.04685007176524869,0.1302553029886077,0.036186118033261,0.9254075853016003
2540.0,0.5062187631578947,0.4488218632518797,0.4989138458646616,0.4521210112781955,0.057396899906014986,0.0467928345864661,0.1300380767490726,0.03648853937767199,0.9158243716272009
2538.0,0.5058121170035416,0.4489924769665117,0.4985834813469985,0.4518174689138246,0.056819640037029884,0.046766012433173854,0.1298864633437511,0.036924375509717396,0.9043032979913341
2536.0,0.5054568934306797,0.4492521832309982,0.49827042455704146,0.4515277994863911,0.056204710199681485,0.04674262507065036,0.12979149807204168,0.03747922706525745,0.8911043004133824
2534.0,0.5051374662044791,0.44955688840170005,0.4979819252103956,0.4512586872702241,0.05558057780277903,0.04672323794017147,0.1297206241575037,0.038114967510866134,0.8771412176430542
2532.0,0.5048500974586598,0.44988197198144547,0.49771634745865984,0.45101030481433857,0.05496812547721436,0.046706042644321266,0.12965555937984552,0.03880736510170153,0.8630197131832995
2530.0,0.5045870729928805,0.45021546657377326,0.4974522664777471,0.45076905395875577,0.054371606419107266,0.046683212518991324,0.12959317034317216,0.0395415529381095,0.8489337328452744
2528.0,0.5043214663587432,0.4505330660774056,0.49717753795676456,0.4505257468200839,0.05378840028133758,0.046651791136680665,0.12951509939477582,0.040270147051838054,0.8352500453446036
2526.0,0.5040256408898579,0.4507976803359524,0.49688356250421306,0.4502786479198967,0.053227960553905496,0.04660491458431637,0.12940823144107103,0.04093445620351217,0.8225561188172696
2524.0,0.5036864177784922,0.4509596476821808,0.4965615983972082,0.45004554334693625,0.05272677009631144,0.046516055050271954,0.12925925527185173,0.04145590868671345,0.8119675319514104
2522.0,0.5032914730943739,0.45096506910244366,0.4961833874254603,0.44983484821104486,0.05232640399193028,0.04634853921441545,0.1290446571541704,0.04173555651123783,0.804834193327774
2520.0,0.5028413516879612,0.4507719537913985,0.4957421817231957,0.4496303898670476,0.052069397896562675,0.046111791856148054,0.12875742612346439,0.04169035880439828,0.8023520577151991
2518.0,0.5023282977305018,0.45036884094456336,0.49523369797149097,0.44942440428750696,0.05195945678593844,0.04580929368398401,0.12839555195615102,0.04129159330677988,0.8047851272751791
2516.0,0.5017352062635143,0.44977180949606177,0.4946411087445748,0.4492176656006451,0.05196339676745254,0.04542344314392971,0.1279681513851123,0.04059507806187243,0.8112739056140922
2514.0,0.5010839393268637,0.4490393811964936,0.4939820366111661,0.4490223425792451,0.05204455813037007,0.04495969403192096,0.1274985849479535,0.03971344945996453,0.8204785105632143
2512.0,0.5004113382384587,0.44823205562114665,0.4932942757102634,0.448828486299008,0.052179282617312084,0.044465789411255396,0.12701021914908536,0.03874459526275513,0.8313323221846075
2510.0,0.4997333722893581,0.44737309396972935,0.4925948860778529,0.44862597852098257,0.05236027831962875,0.04396890755687033,0.12652193206477802,0.0377291422668009,0.8434016485871672
2508.0,0.4990441118143022,0.44645985002184324,0.49187810077469135,0.44841535558540013,0.05258426179245895,0.04346274518929122,0.12604578500616323,0.036674055970759845,0.8565592063178815
2506.0,0.4983476344690979,0.4454955508575921,0.491150775482108,0.4482007717616191,0.052852083611505785,0.042950003720488905,0.1255914169648569,0.03560254692100453,0.8706315934292906
2504.0,0.49765158543233073,0.44449598778924676,0.4904251694710915,0.44798778247990667,0.053155597643083974,0.04243738699118482,0.12516005793147453,0.034569703980107405,0.8851000539592977
2502.0,0.4969603933023422,0.4434888421299021,0.489714304463031,0.4477741366067586,0.053471551172440124,0.041940167856272415,0.12473359477655835,0.03363265096858115,0.8992586222356242
2500.0,0.4962720380436192,0.4425011816368272,0.48902244232594083,0.44756059884963006,0.05377085640679197,0.04146184347631077,0.12429740461359282,0.03282746218728793,0.9124182778674238
2498.0,0.4955775684336612,0.44155131747437143,0.48834628800861807,0.44735061992159747,0.05402625095928976,0.0409956680870206,0.12384574634810681,0.03216771558426585,0.9240190286365727
2496.0,0.49487599963832185,0.440654129846358,0.4876784644038662,0.44714558883542216,0.05422186979196386,0.04053287556844404,0.12338367074291554,0.031649862546519164,0.9337479085188655
2494.0,0.49417998265176216,0.439820044375256,0.4870247068851081,0.4469237069097386,0.05435993827650615,0.04010099997536953,0.12291994275359007,0.03126360712466866,0.9416270185991131
2492.0,0.49350162941532577,0.43905951425096323,0.4863904291266314,0.44668745156234607,0.05444211516436254,0.03970297756428531,0.12245136727352304,0.03099475314196589,0.9477703658766773
2490.0,0.4928476516228851,0.4383734603455194,0.4857815856412464,0.44645845490819336,0.05447419127736569,0.03932313073305305,0.1219733836389089,0.030821375469295,0.9524369203820291
2488.0,0.4922153165753613,0.43775382338810137,0.48519959565934323,0.44478949046802974,0.0544614931872599,0.040410105191313495,0.1214925325094688,0.03071686053710976,0.9558555931639541
2486.0,0.4915963082152802,0.4371878872792337,0.48463639865103114,0.44244170133937616,0.05440842093604653,0.04219469731165498,0.1210187405403624,0.03066360653572244,0.9581576211470314
2484.0,0.4909899799520353,0.43665898618421056,0.48408945596318387,0.4396458799455537,0.05433099376782474,0.04444357601763016,0.12055034708922334,0.030647524721927406,0.9597273246951699
2482.0,0.4904032529614831,0.43616175586009404,0.4835636047000015,0.43847783148000263,0.05424149710138909,0.04508577321999885,0.12008458741507824,0.030654005917751935,0.9609011172973645
2480.0,0.48982644334551023,0.4356915590541726,0.48305653373588936,0.43762245646898384,0.054134884291337615,0.045434077266905515,0.119625317513775,0.030684125061527547,0.9615519785553337
2478.0,0.4892531614076411,0.4352486106979935,0.482545603004392,0.43682453370088814,0.0540045507096476,0.045721069303503836,0.11917001833871495,0.03073950614466603,0.9615583707817574
2476.0,0.4886869817534003,0.4348377786307499,0.4820337185054783,0.4360752243247377,0.0538492031226504,0.045958494180740606,0.11872515094678301,0.03081070573166583,0.9609251700107803
2474.0,0.4881461410849568,0.43446702484042077,0.481538578332495,0.4353662888188291,0.05367911624453603,0.04617228951366592,0.11830344974133859,0.030883915413581587,0.9598627950083756
2472.0,0.4876453422298821,0.43413512549844174,0.4810716217701749,0.43470906515911245,0.05351021673144035,0.04636255661106242,0.11791070153888661,0.03095279939336379,0.9586701438097249
2470.0,0.48717377325305544,0.4338426695374603,0.480626964644985,0.4341149656146455,0.05333110371559513,0.04651199903033948,0.11754056018731483,0.03101710772637615,0.9571838666562673
2468.0,0.4867214105198341,0.43359080353902,0.480204632330827,0.4335896604485351,0.053130606980814066,0.04661497188229191,0.11717777922441865,0.031076702371713533,0.955296043916682
2466.0,0.48629479856534313,0.43337983212104164,0.47979438313775913,0.4331305246343031,0.05291496644430149,0.046663858503456,0.1168220763443432,0.031128443472938003,0.9531444306569449
2464.0,0.48589453386941217,0.43320404045172833,0.47940321048374135,0.4327249043302861,0.05269049341768384,0.04667830615345525,0.11648178952255617,0.03117093721523432,0.9508032579497429
2462.0,0.4855118476310727,0.43305583921735563,0.47904786252080617,0.4323649049525281,0.05245600841371706,0.04668295756827806,0.11615628544831623,0.03120501864561632,0.948248415163855
2460.0,0.48513738487549973,0.43293138675146225,0.47872154306303827,0.43204081649822923,0.05220599812403748,0.04668072656480904,0.11583111633269735,0.03123284580584833,0.9454490305609675
2458.0,0.48477278292891923,0.4328322717060386,0.47840339011075905,0.43174254692742065,0.051940511222880625,0.04666084318333841,0.11549925112139825,0.03125657466611353,0.942429213808267
2456.0,0.48442638038239366,0.43275771710170685,0.47809284319889445,0.43147307011630737,0.05166866328068681,0.04661977308258708,0.11516515941851407,0.03127734307892021,0.9393170413253993
2454.0,0.4840990026399915,0.43270368092222106,0.4778010937394673,0.4312299175658928,0.05139532171777045,0.04657117617357448,0.11483075828500705,0.03129622885530934,0.9361802975281078
2452.0,0.483784362393117,0.4326710951443732,0.4775191814017039,0.4310068334685846,0.05111326724874382,0.046512347933119313,0.11449108920167124,0.03131166674920576,0.9329291243467233
2450.0,0.4834873231763123,0.43266478072287684,0.4772393473329151,0.43080635330514233,0.05082254245343548,0.04643299402777279,0.11414707761235271,0.031321472240744636,0.9295753737079663
2448.0,0.4832155650084262,0.4326871660876329,0.4769739267824734,0.4306389816178377,0.050528398920793305,0.04633494516463571,0.11380400384363513,0.03132490695422999,0.9261889890709605
2446.0,0.4829593221483166,0.43273266037154323,0.47673547351971207,0.4305042355562066,0.050226661776773374,0.04623123796350548,0.11345618939633145,0.031325628161062775,0.9226966411388455
2444.0,0.48270894929569974,0.43279735391085605,0.47652481036525607,0.43039290634349836,0.04991159538484369,0.04613190402175771,0.1131052500224268,0.031326731958018675,0.918956866772571
2442.0,0.4824697224606043,0.43288089761817405,0.4763253445535673,0.43030632201155294,0.04958882484243027,0.04601902254201434,0.1127514569339438,0.03132759159110973,0.915075069728262
2440.0,0.48224652829127157,0.43298118329046775,0.47612797219096614,0.43024755847130686,0.04926534500080382,0.045880413719659285,0.11240021099932845,0.03132656444338537,0.9111612314169625
2438.0,0.48203859712290836,0.43310121432722026,0.4759461332648003,0.43021901836132553,0.0489373827956881,0.04572711490347475,0.11205198193327058,0.031321742919789716,0.9071581262386635
2436.0,0.4818364256926332,0.43324129719560045,0.47577171490554887,0.43020758025626005,0.048595128497032736,0.04556413464928882,0.11170178754540891,0.0313134453462304,0.9029092779647802
2434.0,0.48163207944540076,0.4333959295931509,0.47559358046497036,0.43020625,0.04823614985224989,0.045387330464970344,0.11134947152174207,0.0313028125109598,0.898358896638918
2432.0,0.4814312923416264,0.43355909002853893,0.47541814379365416,0.43021662374708974,0.047872202313087475,0.045201520046564414,0.11098751955258741,0.0312949494900999,0.893725753043892
2430.0,0.48123999959165153,0.4337292223044141,0.47525752516852476,0.43024147964739434,0.04751077728723746,0.04501604552113042,0.11062261004767428,0.031288664985673544,0.8891199883147362
2428.0,0.4810575325089058,0.4339077916905409,0.4751192460565411,0.4302674064044262,0.04714974081836493,0.04485183965211492,0.11025610875217207,0.031283808718419515,0.8844949958932404
2426.0,0.48088385520751775,0.43409799859817294,0.4750004590331396,0.4303042496279511,0.04678585660934481,0.04469620940518848,0.10988152200637287,0.03127846038915167,0.8798423047174271
2424.0,0.48073281147427294,0.43430433195916146,0.4748976963821811,0.43036133566846946,0.046428479515111476,0.04453636071371164,0.10950136985163678,0.03127128364695318,0.8753337235867001
2422.0,0.48060116936456115,0.43452872426850914,0.47479036902842087,0.4304565526364914,0.04607244509605202,0.04433381639192946,0.10913143009377924,0.03126263758307867,0.8707798559354494
2420.0,0.4804866986721613,0.4347698260890207,0.47468644970728696,0.4305693023629642,0.04571687258314061,0.04411714734432276,0.10877021298364638,0.03125628945819499,0.8661425391996078
2418.0,0.4803768982822231,0.4350211415905284,0.47459013242088455,0.4307674534355539,0.04535575669169467,0.043822678985330654,0.10840297108081833,0.03125748882324086,0.8613485443307937
2416.0,0.48026159051871653,0.43527413242931073,0.4744986391436912,0.43099724892533614,0.044987458089405796,0.043501390218355085,0.10803017534970427,0.031260582266034155,0.8564085472513654
2414.0,0.48014375723356373,0.43552896944321656,0.4744114296334994,0.4312366988828163,0.044614787790347166,0.04317473075068312,0.10766462743919013,0.03125820348403353,0.851362952580239
2412.0,0.48003666431164116,0.4357892076743583,0.474335448859217,0.4314846962665284,0.044247456637282856,0.04285075259268861,0.10730109650234282,0.031251640941131524,0.8464157137512379
2410.0,0.4799450648233611,0.43605732151213883,0.47427722959046104,0.43172422569755925,0.04388774331122225,0.042553003892901786,0.10693760769055505,0.031245954121771426,0.8415812568169361
2408.0,0.4798689398713256,0.43633297024240864,0.4742395759485302,0.431960318678669,0.04353596962891698,0.042279257269861203,0.10658382775746555,0.031243964078709326,0.836790892520295
2406.0,0.47981018347389953,0.4366167858759807,0.47421718447791295,0.4322069929116261,0.04319339759791885,0.042010191566286825,0.10624254050354902,0.0312441440496362,0.8320676983611833
2404.0,0.47976533366757235,0.4369129791595908,0.4742036403557669,0.4324733989712265,0.04285235450798153,0.0417302413845404,0.10591022785147156,0.03124886144196462,0.8272657090736936
2402.0,0.47973301840864185,0.43722315900698594,0.4742059225840156,0.4327678539649781,0.042509859401655914,0.04143806861903754,0.10558380687377575,0.031256875465395656,0.8223547973178896
2400.0,0.4797186928412349,0.4375492149104101,0.47423178348180717,0.4330873394421082,0.04216947793082482,0.04114444403969897,0.10526565039402926,0.03126285945996675,0.8174342229465337
2398.0,0.4797358607389902,0.4378946194017661,0.4742811983539105,0.43341798997023606,0.04184124133722411,0.040863208383674465,0.1049595088773176,0.031266893869928196,0.8126787850985822
2396.0,0.47979287513741176,0.43826330546801673,0.47435391387003434,0.43375869312967,0.04152956966939503,0.04059522074036431,0.10466384027843031,0.03126940784070825,0.8081814522135481
2394.0,0.47988295412326093,0.43865667727773,0.47445515978008923,0.4341225559823387,0.04122627684553093,0.040332603797750555,0.10437669852272538,0.03126973634276555,0.8038007299208952
2392.0,0.47999194816243196,0.43906453727394995,0.47458665542520095,0.4345046634560539,0.04092741088848201,0.04008199196914708,0.10409499159474028,0.03127113278359899,0.7994512781730089
2390.0,0.4800861114506796,0.43946261660151487,0.47473058370192533,0.43487871224416774,0.04062349484916472,0.03985187145775759,0.1038117849614395,0.03127189474584877,0.7949985033748119
2388.0,0.48008434557961854,0.4397995021050902,0.47484811096390483,0.4351814040891673,0.04028484347452832,0.039666706874737556,0.10350748371487696,0.03127082938783552,0.7899717105522305
2386.0,0.47984935755453695,0.4399772363322267,0.4748846842251272,0.4353655922512717,0.039872121222310264,0.0395190919738555,0.1031474858065876,0.03127251137318278,0.7837357800670599
2384.0,0.4791855489211878,0.4398525524749353,0.4747434040658332,0.4351867389396477,0.03933299644625249,0.0395566651261855,0.10268958109396105,0.031287126551996676,0.7753807887276473
2382.0,0.47786799546994824,0.43926884165754904,0.47431739385587834,0.43443736442901515,0.0385991538123992,0.039880029426863195,0.10209101606001607,0.03133319741399832,0.763593446138678
2380.0,0.4756691712481399,0.4380822258375638,0.47351327041342806,0.43293263564876516,0.03758694541057611,0.04058063476466289,0.10131781581766997,0.03145525169738644,0.7464708882193168
2378.0,0.4723850481265328,0.43617142257332076,0.4722695922305302,0.4311730678412349,0.03621362555321206,0.04109652438929534,0.10034837243375076,0.03174534952987469,0.7216640332903388
2376.0,0.4678091021112155,0.4334180101898617,0.47053439912808337,0.42864183950951784,0.03439109192135381,0.04189255961856553,0.09917149502243029,0.03235476603176462,0.6862421008544066
2374.0,0.4616893960882812,0.4296653661605524,0.46829118690044086,0.4232288385143895,0.03202402992772879,0.04506234838605133,0.0977898530441904,0.03352654856663456,0.6366090001178405
2372.0,0.45365632288009816,0.4246939734424173,0.46549610312495104,0.4182581696750335,0.028962349437680834,0.04723793344991756,0.09631479211391802,0.0356414909961451,0.5674871936487963
2370.0,0.44352857858528083,0.41843650473843796,0.46021874022561454,0.4125686795829423,0.025092073846842866,0.04765006064267224,0.0950583235011061,0.0391082708511516,0.4758502512663821
2368.0,0.43147654035369365,0.41105920228084164,0.4467974156019424,0.40648220155067943,0.02041733807285201,0.04031521405126298,0.09445007485011385,0.044139236957593454,0.3660948194943102
2366.0,0.41845990073618966,0.4031617363323885,0.43217819043588,0.3987515007959509,0.015298164403801162,0.03342668963992912,0.09495853306428549,0.050395562084002025,0.2542893481050323
2364.0,0.4065702384515768,0.3959992408954971,0.41871402840146044,0.3912542806687547,0.010570997556079709,0.027459747732705764,0.09656850936282933,0.056685724399158775,0.16249670707528957
2362.0,0.3985697588552818,0.39126242403218664,0.40967555468340816,0.38905845733882627,0.007307334823095146,0.02061709734458189,0.09826913723183565,0.06121024996334387,0.10623060766746878
2360.0,0.3969860805233054,0.390523095593392,0.40793005515268255,0.3889615329775318,0.006462984929913429,0.01896852217515077,0.0986138662961045,0.06225764669610348,0.09279545410729106
2358.0,0.4034153703798521,0.3947960631021483,0.4151592719768103,0.3914611247932339,0.00861930727770377,0.02369814718357638,0.0969102761032208,0.058841128488811255,0.12920163594854547
2356.0,0.41709662676951065,0.40369274920761,0.4304418739434801,0.39957007435831016,0.013403877561900646,0.030871799585169946,0.09426269832762273,0.051752025351093356,0.2199781317526559
2354.0,0.434410499964999,0.4150541729925241,0.4496914179599796,0.41152845051360903,0.019356326972474858,0.038162967446370544,0.09273764135446576,0.043730130154842166,0.3518179842689587
2352.0,0.4505957037654718,0.4258994765437437,0.46667808379266895,0.42116554817579377,0.024696227221728095,0.04551253561687518,0.0929176214165602,0.037678537354090796,0.48229598213514546
2350.0,0.4610177900328495,0.43317777614907377,0.47093337122960227,0.4282255946624598,0.027840013883775716,0.042707776567142475,0.09342719109741239,0.03483338591471106,0.5606357388300766
2348.0,0.4633950950701579,0.4352741081246015,0.4724195632703486,0.4302321363189717,0.028120986945556425,0.042187426951376894,0.09286862431060465,0.03450396197102758,0.5705177391686401
2346.0,0.4585699857888995,0.43264675329496616,0.471366934945891,0.4274380115801838,0.025923232493933357,0.043928923365707195,0.09108666553785282,0.03622362468438218,0.52094442032466
2344.0,0.45141670739975437,0.42838149979128975,0.46695139965569293,0.4232909627834443,0.023035207608464614,0.04366043687224863,0.0889404260231046,0.03932257798610407,0.45115464355964485
2342.0,0.4481519402673567,0.42645284513367826,0.4624567158453936,0.4214213137409192,0.02169909513367846,0.04103540210447443,0.08698604388595735,0.041600408002996185,0.41734763961588456
2340.0,0.4490567510668858,0.4271517834015963,0.4627715707722542,0.4218929673815537,0.021904967665289488,0.04087860339070054,0.085576486090418,0.0421174354916698,0.4216559634164279
2338.0,0.4505685492610837,0.42838197478448276,0.4645119783251231,0.42311388916256154,0.02218657447660094,0.04139808916256155,0.08573208632253097,0.041526629504396624,0.43001362073614624
2336.0,0.45102172660823636,0.42911536111995136,0.4658558907848545,0.42422486337249987,0.021906365488285007,0.04163102741235464,0.08750986061476325,0.04049844064112171,0.4261020382085376
2334.0,0.4510178713002526,0.42957263308768817,0.46678411215135,0.4250970120131604,0.021445238212564444,0.0416871001381896,0.0894293967778173,0.03960632677539449,0.4173652279649263
2332.0,0.4515983807609242,0.43029204876352073,0.4679719045921462,0.42604683918543323,0.02130633199740345,0.04192506540671298,0.09047683792248379,0.03897242138010965,0.41545749692481365
2330.0,0.45372231492188275,0.43190899508153324,0.470562877960187,0.42776500781043403,0.02181331984034951,0.04279787014975295,0.09094869588805711,0.03815587861748585,0.42846755717628776
2328.0,0.4573028976515548,0.4344341575142532,0.47225613758808616,0.4303429993946103,0.022868740137301613,0.04191313819347586,0.09135631611718181,0.037038982963148843,0.45427499136342603
2326.0,0.4609835247548629,0.437032778434679,0.47370119650014786,0.4329535305689369,0.023950746320183847,0.040747665931210986,0.09181155895701319,0.036020317481035784,0.48035089937186093
2324.0,0.4640994190852006,0.43928670335599124,0.47496168633426844,0.4347371937596901,0.024812715729209345,0.04022449257457833,0.09232657238773984,0.03524708136735178,0.5006802011164935
2322.0,0.4673304412149792,0.44160559712550074,0.4763114044910319,0.43643588683750656,0.02572484408947845,0.039875517653525316,0.09298320445771562,0.0345420863870469,0.5212891338228319
2320.0,0.471218327264313,0.4443457969300135,0.477986852194181,0.4384724276643628,0.026872530334299483,0.03951442452981824,0.09375879348285727,0.03382481610779751,0.5464255430911499
2318.0,0.4751516451690685,0.4471534833320155,0.47974474854939836,0.4406607000611873,0.027998161837053004,0.039084048488211065,0.09448239781491248,0.033244321668691346,0.5704642398750972
2316.0,0.4782926420073009,0.4494956307395347,0.48122695969945706,0.4448088627748883,0.028797011267766237,0.036418096924568766,0.094999853545206,0.03289706395541454,0.5870819912464876
2314.0,0.4805687618323215,0.45129479014968177,0.4823892812585884,0.4478604505291652,0.029273971682639732,0.0345288307294232,0.09533484776029318,0.032725993329546794,0.5966480813846798
2312.0,0.4824953387232889,0.45286592610438237,0.4834303759897537,0.44991062766073286,0.02962941261890656,0.033519748329020826,0.09560062945488017,0.03262894925564196,0.6034949607215097
2310.0,0.48445992040487196,0.45448479340348885,0.484502843788728,0.4518027687372633,0.029975127001383106,0.03270007505146466,0.09584523360636048,0.03254680260481098,0.6101135652168098
2308.0,0.4864450152643751,0.4561566998996311,0.48560374042654686,0.4537245321841733,0.030288315364744023,0.03187920824237356,0.09607199342607127,0.032473964998118186,0.6160663825470291
2306.0,0.4882939637142146,0.45778302339468024,0.4866768798256167,0.45554711677668247,0.03051094031953433,0.031129763048934223,0.09625825641097027,0.03242711194643245,0.6201538759532972
2304.0,0.4898956599719473,0.45927878380362314,0.4876818647621739,0.45720613280460054,0.030616876168324147,0.03047573195757336,0.09636545413115982,0.03241070659827818,0.6219789015899417
2302.0,0.491242455749287,0.4606326117481203,0.48860569788695873,0.4587127567993259,0.030609844001166675,0.02989294108763285,0.09638244997244859,0.03241079436912618,0.6217653896631641
2300.0,0.4924444795334222,0.4619151326761009,0.48948490553588003,0.46012720732586293,0.030529346857321282,0.029357698210017102,0.09633867754511323,0.032414505416666906,0.6202845654180699
2298.0,0.4935988951574013,0.46319556259349837,0.4903650064946513,0.4612041832036131,0.03040333256390293,0.029160823291038196,0.0962546124944003,0.032413381386871984,0.6180763406380743
2296.0,0.49471021422302713,0.46448980714628785,0.49125631961981014,0.46231417231437744,0.030220407076739286,0.02894214730543271,0.09613126779789201,0.03240177965712701,0.6149400686561435
2294.0,0.495776911971548,0.4657991648499036,0.49214908897283394,0.4634635854364251,0.029977747121644416,0.028685503536408863,0.09598081549063224,0.03238217489173306,0.6107456936177759
2292.0,0.49682403881753273,0.4671354068150412,0.4930383765575497,0.4646548716496155,0.029688632002491555,0.028383504907934176,0.09581157600804302,0.0323581303988255,0.6056991514721153
2290.0,0.4978703612115053,0.46850035912278143,0.4939401320060565,0.4658741408263375,0.029370002088723868,0.02806599117971903,0.09561722624762913,0.03233276137408601,0.6001445743984388
2288.0,0.4989239017978907,0.46989508577784805,0.4948682725977569,0.4671171097959047,0.029028816020042647,0.02775116280185219,0.09539478194617984,0.03230666159314774,0.5942266798350448
2286.0,0.49996575108179364,0.4713086067781927,0.4958081173483673,0.4683918722679685,0.028657144303600945,0.027416245080398804,0.09514133150384113,0.03227311423925366,0.5878333443195004
2284.0,0.5009439929660723,0.4727052561741319,0.4967296653180435,0.4696895802199626,0.02823873679194039,0.027040085098080924,0.09485187813880466,0.03223075300729796,0.5806502335946607
2282.0,0.5018123679673322,0.47404359121402645,0.4976120193803475,0.4709695757065077,0.027768776753305746,0.026642443673839777,0.09452706844631062,0.03218473428263374,0.5725287269047027
2280.0,0.502596455751461,0.47533578226033313,0.498469474613821,0.47223037291095193,0.027260673491127818,0.026239101702869083,0.09417616767239304,0.03213922225244413,0.5636695658258196
2278.0,0.5033667965521309,0.4766272038168393,0.49933799580375526,0.47350043935473507,0.026739592735291584,0.025837556449020194,0.093818167177037,0.032097650196325336,0.5544908343950388
2276.0,0.5041631742737918,0.47793799648514274,0.5002320679112372,0.474791011661853,0.026225177788649023,0.025441056249384197,0.09346929719722401,0.03206387355624089,0.5453141287062826
2274.0,0.504980610853716,0.47925502097960343,0.5011391697605924,0.47608498954503725,0.02572558987411261,0.02505418021555511,0.0931386428379299,0.03203041313652409,0.5363273448829361
2272.0,0.5057989731385888,0.4805606334488802,0.5020412441859259,0.47735765008348413,0.025238339689708567,0.024683594102441753,0.09283713552109547,0.03199680535283142,0.5274474666719424
2270.0,0.5066302566327112,0.4818548700980614,0.5029468229747317,0.4786071118765264,0.024775386534649835,0.02433971109820532,0.09257106639019984,0.03196612718701231,0.5188905183986791
2268.0,0.5074841951655683,0.4831369951324145,0.5038565700851954,0.4798469743610353,0.024347200033153826,0.02400959572416006,0.09233144786235711,0.031941918565192164,0.5108954764204877
2266.0,0.508361006155659,0.4844174823471229,0.5047678477879296,0.4810825269443768,0.02394352380853615,0.023685320843552793,0.0921039008084777,0.03191899770336046,0.5033359316502348
2264.0,0.5092599334392014,0.4856982596018601,0.5057007501814881,0.4822998962341196,0.023561673837341313,0.02340085394736846,0.0918890905361883,0.0319008579822914,0.4961373415236833
2262.0,0.5101756091781996,0.48698361669274454,0.5066580917197733,0.4835209439606224,0.02319199248545506,0.023137147759150878,0.09168233967141833,0.03188676191360832,0.48912075668863847
2260.0,0.5110969608629201,0.4882698408210873,0.5076227613351759,0.4847566858675869,0.022827120041832794,0.02286607546758901,0.09148395637141192,0.031877006457169565,0.4821310364561037
2258.0,0.512013299198604,0.48953685607671205,0.5085742965942619,0.48597769091811804,0.02247644312189201,0.022596605676143855,0.09129614301231026,0.0318724726696421,0.47535698340423194
2256.0,0.5129131599200938,0.4907655841524028,0.5094971748526065,0.48715082048446734,0.022147575767690997,0.022346354368139143,0.09111203075657735,0.03187098892955404,0.468997458336745
2254.0,0.5137943053250955,0.49195308032415563,0.5103935995600231,0.4882846643133818,0.02184122500093988,0.02210893524664126,0.09092671158983649,0.03187183349489184,0.46308966347185354
2252.0,0.5146699793687872,0.4931317937009983,0.5112887026966414,0.489413108215669,0.021538185667788923,0.02187559448097237,0.09072245061632697,0.03187928975753243,0.45725972044108815
2250.0,0.5155551731031989,0.4943560066336835,0.5122186872767058,0.49057643356140235,0.021199166469515363,0.021642253715303483,0.09047667941553846,0.031888011318536226,0.45076974837929495
2248.0,0.5164747517416295,0.49567886299688624,0.513216350965253,0.4918165847662185,0.02079588874474325,0.021399766199034498,0.0901732705584945,0.03189342738561383,0.44308172229769033
2246.0,0.5174377728415868,0.49711672991314504,0.5142784909515168,0.49315444847031387,0.020321042928441724,0.02112404248120292,0.08980069680150315,0.03189229291947446,0.43407298381379716
2244.0,0.5184120105191314,0.49861294302904186,0.5153556732982978,0.49453899184474026,0.019799067490089584,0.02081668145355753,0.08937370591610726,0.031890176296454374,0.42416982796069025
2242.0,0.5193321910730304,0.5000467770122723,0.5163792806946814,0.49586078462776956,0.01928541406075812,0.020518496066911862,0.0889455333482105,0.031892870718607115,0.4143636322483284
2240.0,0.520134078440091,0.5012882892856726,0.5172847156613136,0.4970029845126548,0.01884578915441837,0.020281731148658833,0.08856779131301311,0.03190851525994036,0.4058881707172673
2238.0,0.5207790983647997,0.5022523587048744,0.5180243753597337,0.49789695401501666,0.01852673965992535,0.02012742134471701,0.08826945497973147,0.031943805517952235,0.3996581764400004
2236.0,0.521259585609486,0.5029298248664124,0.5185857287296929,0.4985273797711705,0.018329760743073686,0.020058348958522376,0.08806275813382568,0.03199979463665502,0.39569364758122094
2234.0,0.5216110360427222,0.5033938999003764,0.5190061675918196,0.4989559866749459,0.01821713614234577,0.020050180916873717,0.08793719646773239,0.032074081009844685,0.39323640044516306
2232.0,0.5218911348852223,0.5037461308179632,0.5193459712679738,0.4992882889251288,0.018145004067259163,0.020057682342844996,0.08786692969808603,0.032158675466632584,0.39145421990941137
2230.0,0.5221403183481029,0.5040603953651395,0.5196465485789548,0.49959987347745155,0.01807992298296346,0.02004667510150321,0.0878185645368078,0.03224220242407976,0.3897721365892031
2228.0,0.5223561505676662,0.50434068121811,0.5198991250175005,0.49988725761727965,0.018015469349556112,0.020011867400220817,0.0877841522113938,0.032322717500817014,0.3880828950296855
2226.0,0.5225198804187192,0.5045309817296474,0.5200819357661395,0.5000985945164635,0.01798889868907183,0.019983341249675934,0.08779065567456802,0.03240863081446492,0.3870774531423
2224.0,0.5226010930556492,0.5045538090773447,0.520173034920742,0.5001576337301855,0.018047283978304463,0.020015401190556448,0.08787173940276195,0.03251076542209676,0.3876255523433803
2222.0,0.5225643690951822,0.5043628369643209,0.5201488098065346,0.5000085255521102,0.018201532130861287,0.02014028425442438,0.08804214210836434,0.032636326480268735,0.38987768966432745
2220.0,0.5224056916706421,0.5039657239340539,0.5199930989209285,0.4996661093344084,0.01843996773658818,0.020326989586520072,0.08828871043524308,0.03278365475774037,0.39360782925760823
2218.0,0.5221672744923542,0.5034213859242369,0.5197320023100735,0.49919926820446875,0.01874588856811732,0.0205327341056048,0.08859976518910959,0.03294993343327199,0.3984819336706572
2216.0,0.5219155543171932,0.5028290705972487,0.5194409782811601,0.49886259957817175,0.01908648371994448,0.020578378702988342,0.0889386981819391,0.03312675702956679,0.40392221310217735
2214.0,0.5216953097598664,0.5022827359196672,0.5191829078731767,0.4985969367931719,0.019412573840199232,0.02058597108000476,0.08926015708277267,0.03330432628350444,0.40905205310096626
2212.0,0.5215300187839317,0.5018478620500736,0.5189987708710352,0.4984212698274834,0.01968215673385809,0.02057750104355177,0.08953035515951951,0.033475828198245405,0.4131219346978506
2210.0,0.5214225736388385,0.501546190188294,0.5188899567150635,0.498371893738657,0.019876383450544433,0.02051806297640657,0.08974567078414877,0.03363866394824338,0.41577776401370126
2208.0,0.5213760413965963,0.5013680417953822,0.5188582857166932,0.4984305032576964,0.020007999601214133,0.020427782458996846,0.08992673725668716,0.0337886543370721,0.4172684497708635
2206.0,0.5213873602872166,0.5013002601919682,0.518893470911481,0.4985666639141099,0.02008710009524839,0.02032680699737105,0.09006587686140963,0.03392663224082319,0.41783275959354865
2204.0,0.5214507888084583,0.5013286418797738,0.5189912524371146,0.49876833800446974,0.020122146928684526,0.0202229144326449,0.09014244467895347,0.034057077525811254,0.4176870831956022
2202.0,0.5215592661238468,0.5014483830060188,0.5191400556193642,0.499049414878585,0.02011088311782805,0.020090640740779153,0.09016629793101474,0.0341817328244111,0.41675305368175336
2200.0,0.5217064031363591,0.5016537550484246,0.5193412698728552,0.4994076734823776,0.0200526480879345,0.019933596390477648,0.09014340188296073,0.03429469757548903,0.41503344757038274
2198.0,0.5218948635896365,0.5019545561729004,0.519602488702418,0.4998542702202738,0.019940307416736136,0.019748218482144198,0.09007678309127222,0.034393447497141724,0.41238591367051114
2196.0,0.5221345069217945,0.5023582403805269,0.5199260240353952,0.5003841128189639,0.01977626654126763,0.01954191121643134,0.08996765541566272,0.03447797599775201,0.4088555464255831
2194.0,0.5224167204862822,0.5028667161249163,0.5202979876627551,0.500997201278448,0.01955000436136589,0.0193007863843071,0.08980935015383276,0.034548865995548454,0.404235287294306
2192.0,0.5227329406510726,0.5034681736199514,0.5207156022460344,0.5016875135661729,0.01926476703112112,0.0190280886798615,0.08959270420235979,0.034610453488595185,0.39858702540809415
2190.0,0.523087824183303,0.5041431824466878,0.5211865123865698,0.5024436185571688,0.018944641736615253,0.018742893829400975,0.08932783677651386,0.03466240125650536,0.39237534482659886
2188.0,0.5234827529900026,0.5048802821486861,0.5217137638448854,0.5032621801935173,0.0186024708413165,0.01845158365136812,0.08903857684448695,0.03470369518532779,0.3858027981467821
2186.0,0.5239060840979565,0.5056684802329583,0.5222773546222212,0.5041342587412043,0.018237603864998175,0.018143095881016924,0.08873624392641372,0.034737368954710454,0.37880714900939644
2184.0,0.524352354421289,0.5064965260834466,0.5228665472178003,0.5050468905139202,0.017855828337842383,0.017819656703880193,0.08842357864409318,0.03476611104326649,0.37148429760249524
2182.0,0.5248219156369426,0.5073541783642229,0.523478565291339,0.5059854921416016,0.017467737272719663,0.01749307314973736,0.08810823795471025,0.03478954614071044,0.3640346630716785
2180.0,0.5253179597234393,0.5082410932606325,0.5241104437817279,0.5069457164274491,0.017076866462806817,0.017164727354278764,0.08778853448745214,0.034804602589996965,0.3565474502914453
2178.0,0.5258386107701023,0.5091621788655815,0.5247637150637021,0.5079303413969852,0.01667643190452084,0.01683337366671689,0.08746436206819481,0.03481217098032113,0.3488741005305855
2176.0,0.5263952677390835,0.510122435491811,0.5254536636055815,0.5089471487184407,0.016272832247272495,0.016506514887140833,0.08715068333485687,0.03481783798503187,0.34108818025493126
2174.0,0.5269924806780883,0.5111186921468841,0.5261764768137059,0.509984363264904,0.015873788531204247,0.0161921135488019,0.08684754133463689,0.034821978756365245,0.3333507317696335
2172.0,0.5276272412737035,0.5121456838269896,0.5269279967565634,0.5110318086566832,0.015481557446713978,0.01589618809988025,0.08653906254773043,0.034822526404899946,0.3257525011759484
2170.0,0.5282930903357532,0.5131983266674229,0.5277022479128857,0.5120867109800362,0.015094763668330291,0.01561553693284945,0.08623253334311544,0.0348197907061452,0.3182474966334923
2168.0,0.5289847472887099,0.5142793394325477,0.5285007143144189,0.5131524009598083,0.014705407856162256,0.015348313354610621,0.08593201814296127,0.03481242719506873,0.31066410562026203
2166.0,0.5296996445345111,0.5153953858872912,0.5293214937762833,0.5142248456710103,0.014304258647219958,0.015096648105273003,0.08562887866016125,0.0348033389144752,0.3028114632650061
2164.0,0.530433475354678,0.516553968254637,0.5301593081511115,0.515309332917641,0.013879507100041044,0.014849975233470425,0.08530624132921265,0.03478760441767797,0.29448724806497695
2162.0,0.5311964362350986,0.5177647531473457,0.5310178678681988,0.5164280964967773,0.013431683087752888,0.014589771371421478,0.08496278495604484,0.03475963721342748,0.2857175867846646
2160.0,0.5319993135017449,0.5190402202031945,0.5319207986930323,0.517597706104713,0.012959093298550384,0.01432309258831932,0.08459734724123309,0.03471994570961297,0.2764555136379546
2158.0,0.5328431640359654,0.5203862225006285,0.532864487927208,0.5188259605861518,0.01245694153533694,0.01403852734105615,0.084204986282482,0.03467530058399341,0.2665706022259375
2156.0,0.533717345136271,0.5217904674852607,0.5338357287167295,0.5200909781580081,0.011926877651010304,0.013744750558721375,0.08378934272958642,0.034623999095701054,0.25608509316804035
2154.0,0.5346030643959034,0.5232290959618874,0.5348130590484832,0.5213843489110707,0.011373968434016057,0.013428710137412536,0.08335358982144686,0.034566414283394645,0.24508835450019084
2152.0,0.5354833179922582,0.5246723924137027,0.5357702532330659,0.5226681542810252,0.010810925578555564,0.01310209895204073,0.08290647356459283,0.034505636278559425,0.23381986538471136
2150.0,0.5363538127103308,0.5260990940212587,0.5367100979836765,0.523907048103199,0.010254718689072129,0.012803049880477535,0.08244781029822236,0.03444701950607784,0.22262527876197652
2148.0,0.537232031626748,0.5275186044998793,0.537655061686224,0.525111478660987,0.009713427126868734,0.01254358302523706,0.08198145007462988,0.03439314015376513,0.2116672356489286
2146.0,0.538131846649097,0.5289614836486458,0.5386273321048374,0.5263136601184333,0.009170363000451154,0.012313671986404096,0.0815061266622721,0.03434324789717657,0.20058756101505998
2144.0,0.5390499917196436,0.5304496334313796,0.539619376040311,0.5275299602931797,0.008600358288263998,0.012089415747131294,0.08101000788101197,0.03429628817876951,0.1888494342020384
2142.0,0.5399756582154098,0.5319563184458144,0.5406212362199314,0.5287490522346268,0.008019339769595457,0.011872183985304652,0.08048983175449702,0.03425281478596517,0.17679526689196712
2140.0,0.5408690104731113,0.5333945324523532,0.5415751005374616,0.5299148910946794,0.0074744780207580686,0.011660209442782232,0.07998576777764145,0.034217367617982795,0.16540757922634425
2138.0,0.5416503817681786,0.5346270792550013,0.5423962228546909,0.5309154107575278,0.0070233025131772875,0.011480812097163118,0.0795533925093851,0.03420256610004496,0.155895014540618
2136.0,0.5422376378622615,0.5355089535711832,0.5429989753942163,0.5316301964210712,0.006728684291078313,0.011368778973145033,0.0792462213882322,0.03422254533420362,0.14961329928301415
2134.0,0.5425835635500389,0.5359454610181165,0.5433247666126524,0.5319779327456573,0.00663810253192243,0.011346833866995087,0.07910027694078176,0.03428558166326227,0.14760842801189883
2132.0,0.5426809708110146,0.5359422835334986,0.5433713832440589,0.5319655258463788,0.006738687277516031,0.011405857397680075,0.07910149825614306,0.03438961695648402,0.1496238128478595
2130.0,0.5425985055917523,0.5356339994177823,0.5432208463010303,0.5316956760659783,0.006964506173969931,0.011525170235051951,0.0791994075724803,0.034519751868982367,0.1542559232572493
2128.0,0.5424528719646255,0.5352244708892812,0.5429947088425779,0.5313337105200387,0.007228401075344393,0.011660998322539196,0.07933292093373447,0.03465712229436015,0.15965326101938607
2126.0,0.5423484256239273,0.5348868188434659,0.5428044272521273,0.5310305048846,0.007461606780461372,0.011773922367527279,0.07945007763648194,0.034789205288968034,0.16437384740502778
2124.0,0.5423334085317163,0.5347118935400581,0.5427117392507688,0.5308653235528984,0.007621514991658196,0.011846415697870372,0.0795063978681241,0.03490958060936781,0.16755195286628924
2122.0,0.542418076876708,0.5347222348949123,0.5427355037373414,0.5308592328403794,0.007695841981795626,0.011876270896961971,0.079486297436985,0.03501070030257873,0.16896727964133174
2120.0,0.5425950724425852,0.5348987523633855,0.5428664265417343,0.5310028047884118,0.007696320079199737,0.011863621753322562,0.07940680110968384,0.03509227820916962,0.1688695249847282
2118.0,0.5428414582339475,0.5352124529162086,0.5430841337353709,0.5312649937322078,0.007629005317738913,0.011819140003163087,0.0792796079351168,0.03515908208918671,0.16737049872796697
2116.0,0.5431202012704174,0.5356418558076225,0.5433551280852994,0.5316268054900181,0.007478345462794911,0.011728322595281337,0.07908567036975277,0.03521271356240137,0.16414319985372
2114.0,0.5434000177889925,0.5361730998858899,0.543646637967913,0.5320852892518059,0.007226917903102592,0.011561348716107145,0.07879271550842178,0.035253672563465385,0.15882761203261897
2112.0,0.5436595285252604,0.5367905645250414,0.5439473072151557,0.53263831166289,0.00686896400021908,0.011308995552265722,0.07838082008489221,0.03528031632522437,0.151298175882216
2110.0,0.5438837400408865,0.5374785560435905,0.5442493538729382,0.5332530412403876,0.006405183997295949,0.01099631263255052,0.07784109141631455,0.035293318140497826,0.14153978328816458
2108.0,0.544068617485131,0.5382342306317442,0.5445444438646936,0.533918182722672,0.005834386853386775,0.010626261142021587,0.07717928532629939,0.03530095542836406,0.12945379649189717
2106.0,0.5442247380490638,0.5390491020083187,0.5448338893692539,0.5346281800586982,0.005175636040745113,0.010205709310555755,0.07640173021705239,0.03530534382502181,0.11539676086437822
2104.0,0.5443652289072911,0.5399128885836735,0.5451217480853094,0.5353750386632685,0.004452340323617632,0.009746709422040922,0.07554777218171294,0.035302639734468795,0.09981200311548571
2102.0,0.5445060813659249,0.5408206049683435,0.5454271142747509,0.5361646171720654,0.003685476397581433,0.009262497102685452,0.07465660386384537,0.035291776687381454,0.08310114038596612
2100.0,0.5446717577657103,0.5417577850362778,0.5457524310024319,0.5369913321618762,0.0029139727294325013,0.008761098840555648,0.0737674065469811,0.035273158730751764,0.06609418507605327
2098.0,0.5448790934729064,0.5427128381157635,0.5460940736453201,0.5378293573891626,0.0021662553571428766,0.008264716256157545,0.07290310923655076,0.035250977958198405,0.04942058745942968
2096.0,0.5451223075554443,0.5436695998076235,0.5464444932810824,0.5386602974770678,0.0014527077478208028,0.007784195804014571,0.07206138642316498,0.03522702438768613,0.03333096910867497
2094.0,0.5453960478782842,0.5446182100113883,0.5468147574811641,0.539476925054835,0.0007778378668958918,0.007337832426329127,0.07124182235303209,0.03520198646364464,0.017946417615530202
2092.0,0.5456870209092771,0.5455465908338886,0.547197385909329,0.5402590393944029,0.00014043007538855345,0.006938346514926086,0.0704476728210193,0.03517518989158533,0.003257699988349562
2090.0,0.5460066595033213,0.5464650220361186,0.5475967059802646,0.5410297553746157,-0.0004583625327972962,0.006566950605648825,0.06968018713761126,0.035147038015844914,-0.01068955385813768
2088.0,0.5463801159541564,0.5473966920170884,0.5480262349948926,0.5418272492947924,-0.0010165760629320397,0.006198985700100135,0.0689353949374623,0.035117241776877396,-0.023830883322225924
2086.0,0.5468102629005035,0.5483507167596355,0.5484921866039066,0.5426289011594443,-0.0015404538591320405,0.005863285444462352,0.06819710707451025,0.03508526889005605,-0.036299224486498465
2084.0,0.5472815847046424,0.5493256649855328,0.5489880887381968,0.5434287742415128,-0.0020440802808904257,0.005559314496684009,0.067455180372173,0.03504817058397601,-0.04842198880910188
2082.0,0.5477869554960825,0.5503301640150622,0.5495167936062038,0.5443064665791206,-0.0025432085189797116,0.005210327027083128,0.06671079057063474,0.03500290817762176,-0.06057448623725476
2080.0,0.5483334450803734,0.5513771896892015,0.5500852218693285,0.5452262213507908,-0.0030437446088280584,0.004859000518537715,0.0659562762560406,0.03494857987735276,-0.07290799593252506
2078.0,0.5489261588285774,0.5524791775442895,0.5506901701313449,0.5461991493367937,-0.0035530187157121196,0.004491020794551215,0.06517788853295088,0.034889297422786215,-0.08561088031645367
2076.0,0.5495744486676242,0.5536560194577032,0.5513338905100311,0.5472389627160348,-0.004081570790078981,0.004094927793996339,0.06436256590210741,0.034829600600309346,-0.09895361498795188
2074.0,0.5502814158988026,0.5549240150896935,0.5520295883285542,0.5483588462789926,-0.004642599190890828,0.003670742049561637,0.063499570363813,0.03476775336344076,-0.11328929749476639
2072.0,0.5510532539304955,0.5562960230347846,0.5527992345320999,0.5495670360472593,-0.005242769104289113,0.003232198484840576,0.06258771461631814,0.034696318556434,-0.12883146369565732
2070.0,0.5518926993248674,0.5577806085259798,0.5536469132322364,0.5508736365704612,-0.0058879092011123735,0.0027732766617751814,0.0616241291306767,0.03461370790300763,-0.14577667390051452
2068.0,0.5527884842702397,0.55937654041932,0.5545595705103941,0.5522836230820686,-0.006588056149080201,0.0022759474283254866,0.060598140985822224,0.034523157854407925,-0.16443290504071081
2066.0,0.5537489703449814,0.5611029758539299,0.555535295811274,0.5538119988747789,-0.007354005508948491,0.001723296936495089,0.05950007263828121,0.03442595726970893,-0.1851469342765988
2064.0,0.5548323781734343,0.5630178687245916,0.5566209848471099,0.5555815500502979,-0.008185490551157248,0.001039434796812011,0.05832922461677703,0.03432409070264446,-0.20798979665101655
2062.0,0.556057077760162,0.5651486797668601,0.5578408142620469,0.5575839270019342,-0.009091602006698118,0.0002568872601127481,0.05707840836120027,0.034212382082757016,-0.23331775644272737
2060.0,0.5573877096221158,0.5674850835826096,0.5591788929219601,0.5597883284742029,-0.010097373960493816,-0.0006094355522427986,0.05571771140427928,0.034084368383557266,-0.2619796906841483
2058.0,0.5588243466328927,0.5700578902891674,0.5606340241365095,0.562222377703512,-0.011233543656274714,-0.0015883535670024873,0.05423143274315523,0.03394365173376242,-0.2949750033416867
2056.0,0.560407623294668,0.5729159028286412,0.5622529934055308,0.5652516808702057,-0.012508279533973266,-0.0029986874646749095,0.052611945669595615,0.03379930920298697,-0.33271754581094826
2054.0,0.5621824461177282,0.5761170497025553,0.5640881091814406,0.5690838801134036,-0.013934603584827121,-0.004995770931963017,0.050832125140516604,0.03365114026469178,-0.3758816990821353
2052.0,0.5641896427617692,0.5797403463570965,0.5661847303553,0.5723425439199171,-0.015550703595327287,-0.006157813564617087,0.04885508401913763,0.03349764299885597,-0.42594598305383485
2050.0,0.5664791084827148,0.5838904749602674,0.5685932717162474,0.5756471019854708,-0.017411366477552592,-0.007053830269223349,0.04664421741172171,0.033345241333014905,-0.4849226462159237
2048.0,0.5691268227446317,0.5887142516089167,0.5714078772601643,0.5802296928457717,-0.019587428864284995,-0.008821815585607462,0.04414004429293504,0.03320198622212496,-0.5554919070699992
2046.0,0.5721801696290139,0.5943006090817844,0.5746895428984033,0.5857066102586967,-0.022120439452770535,-0.011017067360293398,0.04130337089958159,0.03307812459409448,-0.6395942586379214
2044.0,0.5756855089713042,0.600718644841905,0.5784879962121015,0.5920373445302329,-0.025033135870600742,-0.013549348318131482,0.03811286690919725,0.03299111898272347,-0.738472701293764
2042.0,0.5796451427663987,0.607972607288696,0.582792421506352,0.5992295522167488,-0.028327464522297285,-0.016437130710396763,0.03458423687551859,0.032968635170470384,-0.8521241133477319
2040.0,0.5839977134225387,0.6159050980825224,0.5875089688217847,0.607133951327709,-0.03190738465998366,-0.01962498250592426,0.030808513643979442,0.03303184965448598,-0.9766031399927149
2038.0,0.588537640409565,0.6240966808386075,0.5924143223654532,0.6153425684660698,-0.035559040429042454,-0.02292824610061661,0.026949672145715378,0.03317193909828109,-1.1036855082670207
2036.0,0.5929882211817673,0.6320668047895464,0.5972262183110277,0.6233460374654527,-0.03907858360777905,-0.02611981915442496,0.023193775526674985,0.0333688870172404,-1.2250636317488464
2034.0,0.5971084619213796,0.6393983986349887,0.6016815989870417,0.6307129627730732,-0.042289936713609144,-0.02903136378603155,0.01972552661305818,0.033588245884407536,-1.3340001777594155
2032.0,0.6007108694147294,0.6457726879892054,0.6052948437135404,0.6371200998374391,-0.045061818574476,-0.03182525612389875,0.01670220680348654,0.033800741091697506,-1.4260004664138068
2030.0,0.6037021637721609,0.6510535312867836,0.6077205177637139,0.6424044258261559,-0.047351367514622655,-0.034683908062441926,0.014196327921254553,0.03399279532296329,-1.49999819607208
2028.0,0.606106931390685,0.6553162920321258,0.6096225969206798,0.6466120989390775,-0.04920936064144077,-0.03698950201839768,0.012172576132813667,0.034162940561646836,-1.5582541468511084
2026.0,0.6080794491310649,0.658842978030967,0.6111402048343022,0.6500453427386947,-0.0507635288999021,-0.03890513790439254,0.010515744824101864,0.03430636832418818,-1.605924166708335
2024.0,0.6098539383264197,0.6620534303214936,0.6124822368421053,0.6531637971221158,-0.0521994919950739,-0.040681560280010465,0.009090600698407239,0.0344336954902535,-1.649176885185436
2022.0,0.6116845426488584,0.6654160880769026,0.6138736540710186,0.6564550571555242,-0.05373154542804415,-0.04258140308450564,0.007856731528813622,0.03457212550161549,-1.6938012432933731
2020.0,0.613794466822832,0.6693634731646776,0.6153976828095264,0.6603516276296206,-0.055569006341845584,-0.04495394482009418,0.006986466255757448,0.03475797873696491,-1.7442998458000645
2018.0,0.6164306896840047,0.6743158676168712,0.6157690912025345,0.6652831382777377,-0.057885177932866516,-0.04951404707520313,0.006914591278316753,0.03502146782005327,-1.80358763474594
2016.0,0.6197933022223117,0.6805294557504887,0.6191313057295529,0.671552116167404,-0.06073615352817707,-0.05242081043785107,0.0080947987680659,0.03536702555137173,-1.8714408829927134
2014.0,0.6238191202955911,0.6878242919517532,0.6237269323791426,0.6790546939800677,-0.06400517165616215,-0.05532776160092512,0.010500251953634335,0.035779565580958884,-1.9429521858989134
2012.0,0.6281951418906304,0.6956982809218645,0.6286810309448745,0.6870349623478746,-0.06750313903123406,-0.05835393140300016,0.013710246438311122,0.0362410873363533,-2.011801911257249
2010.0,0.6325486766532191,0.7035483425400307,0.6336120698816701,0.6948633408110403,-0.07099966588681161,-0.061251270929370216,0.01722241153075438,0.03671589031411588,-2.0732010076181213
2008.0,0.6365522305011382,0.7107813336704891,0.6381571851455268,0.7020540020015451,-0.07422910316935094,-0.06389681685601833,0.02060929180249019,0.037149103986457405,-2.1244443336555956
2006.0,0.6399865619798445,0.7169837372181115,0.6420767201751612,0.7082215505493878,-0.07699717523826699,-0.06614483037422669,0.023590921343058745,0.03750583562435401,-2.1648628379132466
2004.0,0.6427931441696915,0.7220403169310669,0.6453067573956444,0.7132469811770807,-0.07924717276137538,-0.06794022378143638,0.026072785471233203,0.037778122131408055,-2.1957092486195693
2002.0,0.6450265422560683,0.7260788350446071,0.6479061935380164,0.7172305686384827,-0.08105229278853887,-0.0693243751004663,0.028100732496565698,0.03798615880406698,-2.2190993304981546
2000.0,0.6468061586114411,0.7293330403151268,0.6500006830013846,0.7204192727416505,-0.08252688170368572,-0.07041858974026594,0.029761819563257654,0.0381526990893445,-2.2372885804804783
1998.0,0.6482357138347739,0.7319594410224733,0.6516947610136841,0.7229845324045505,-0.08372372718769949,-0.07128977139086645,0.0311082029252335,0.038281373910668826,-2.2517230993855897
1996.0,0.6492780995853016,0.7339332125481589,0.6529562599947629,0.7248560587513158,-0.08465511296285733,-0.07189979875655284,0.03215653801760645,0.038364302332638406,-2.263427294735822
1994.0,0.6498104041364836,0.735135141799887,0.6536823444848614,0.7258849677795294,-0.08532473766340343,-0.07220262329466798,0.03290938650355025,0.03841183382324541,-2.272248584938634
1992.0,0.6499938078717508,0.7357268015973147,0.6540229685288124,0.726356618983049,-0.08573299372556398,-0.07233365045423668,0.033365099074003604,0.038427058943181096,-2.2782717367301277
1990.0,0.6501517144421082,0.7360818310209373,0.6542836585952367,0.7267515430954468,-0.0859301165788291,-0.07246788450021002,0.033544693855509615,0.03839476868043189,-2.283562004470254
1988.0,0.650369136404589,0.736423259778487,0.6545813745981333,0.7272002035908737,-0.08605412337389795,-0.07261882899274041,0.03361549718451656,0.0383319639565314,-2.2894645861904688
1986.0,0.6506231806809403,0.736849225792354,0.654918796920939,0.7276980288862904,-0.08622604511141374,-0.07277923196535141,0.03373575247611948,0.03827850977599506,-2.2957150951609133
1984.0,0.6509428067393999,0.7374246715834051,0.6553210228362829,0.7282961315147445,-0.08648186484400522,-0.07297510867846158,0.033948900876533024,0.03824880278230696,-2.302110062867412
1982.0,0.6513019202907945,0.738116488702742,0.6557637501620421,0.7289660840623071,-0.08681456841194757,-0.07320233390026498,0.03421829992741459,0.038237099638387145,-2.309073545656925
1980.0,0.651658587225371,0.7388334411119206,0.6562029055851408,0.7296336710206326,-0.08717485388654966,-0.07343076543549176,0.034472986675782157,0.038231690081593335,-2.316550522920518
1978.0,0.6519673829763653,0.7394746652038037,0.6565903725155691,0.7302134444597124,-0.08750728222743842,-0.0736230719441433,0.03466517222526875,0.038220659979662536,-2.324144061056212
1976.0,0.6521515135227455,0.7399141859477979,0.656842099340942,0.7306498790387398,-0.08776267242505242,-0.07380777969779784,0.034757500574310006,0.038199064200211026,-2.3311795182270325
1974.0,0.6521091388753493,0.7399743519170889,0.6568425813062935,0.730809042926923,-0.08786521304173966,-0.07396646162062948,0.03467726327383543,0.038161639940130734,-2.3366333023184116
1972.0,0.651741980803833,0.7394690165399713,0.656488618130059,0.7303551498955152,-0.08772703573613827,-0.07386653176545621,0.034343408412239505,0.038101749864663616,-2.339292467449251
1970.0,0.650942255594993,0.7382593271862085,0.6556695860145916,0.7291465574134954,-0.08731707159121549,-0.07347697139890386,0.03371780065439431,0.03801831680575747,-2.338684373736294
1968.0,0.6497364492870106,0.736378539240342,0.6544081852735286,0.7272929856753954,-0.08664208995333145,-0.07288480040186673,0.03280200923113876,0.03790264463295699,-2.335286542127153
1966.0,0.6484003184226423,0.7341772046805239,0.6529733413166123,0.7252795075083872,-0.0857768862578816,-0.07230616619177488,0.031645752549495476,0.037750473379311957,-2.3306778339873553
1964.0,0.6471875541447801,0.7320961780710885,0.6516557418615926,0.7234978518649113,-0.08490862392630838,-0.07184211000331875,0.030439500933689835,0.03758426727914571,-2.3268533602169725
1962.0,0.646156272805819,0.7303610919262151,0.6505520436437976,0.72200582587075,-0.08420481912039612,-0.07145378222695242,0.029414038085157166,0.03744168964170627,-2.324334884551678
1960.0,0.6454064479151003,0.7291628084392227,0.6497661418400734,0.7209322580450711,-0.08375636052412239,-0.07116611620499769,0.02870014515995298,0.03735325594978398,-2.3229794629671274
1958.0,0.645074672347434,0.7287025676639607,0.6494362803148545,0.7205002554886933,-0.0836278953165267,-0.07106397517383889,0.02835620676853081,0.03733150672044497,-2.3235527326312773
1956.0,0.6451803177064159,0.7290147618433402,0.6495873790063313,0.720804080747572,-0.08383444413692431,-0.07121670174124062,0.02837303276277925,0.03736090829270831,-2.3275052317398077
1954.0,0.6456538546338884,0.7299643250488719,0.6501391302547044,0.7217840540948712,-0.08431047041498352,-0.07164492384016685,0.028670291739402522,0.037415481830874606,-2.335124143978283
1952.0,0.646332706561672,0.7312619299768668,0.6509054518643926,0.7231476869513251,-0.08492922341519482,-0.0722422350869325,0.02913000431706164,0.03747742217599351,-2.3448137866450947
1950.0,0.6469962384463912,0.7325487375673122,0.6516592750361678,0.7244867487140331,-0.085552499120921,-0.07282747367786524,0.029616567191394886,0.037537736524306455,-2.354376144086891
1948.0,0.6474586724786103,0.73354008490245,0.6522213851763028,0.7254895175654653,-0.08608141242383971,-0.07326813238916252,0.030026762776364232,0.037583175223230354,-2.362746638318268
1946.0,0.6476217354168503,0.7341113602437893,0.6524948652781162,0.7259979850700801,-0.086489624826939,-0.07350311979196389,0.030340682265005307,0.03760912457221016,-2.369684263520555
1944.0,0.6475308672530866,0.7343131379115224,0.6525136683696222,0.726097673534231,-0.0867822706584358,-0.07358400516460883,0.030581831880050866,0.037619965681975606,-2.3749154708009224
1942.0,0.6475619052273518,0.7345185914968033,0.6526207988097029,0.7263911779171486,-0.08695668626945152,-0.07377037910744566,0.03069506353388472,0.03762147882967075,-2.378574355955421
1940.0,0.6480133942136675,0.7350734570447197,0.6531067186130743,0.7272570798893965,-0.08706006283105217,-0.07415036127632213,0.03067886203295389,0.03760767503768277,-2.3823212119629624
1938.0,0.6485584853721267,0.7357486382727143,0.6537070019924709,0.7281673658744315,-0.08719015290058763,-0.07446036388196065,0.030714946242057253,0.037589937797322184,-2.3865443366633325
1936.0,0.6489982239267621,0.7363617806063681,0.6542458493020518,0.72886533780613,-0.08736355667960605,-0.07461948850407829,0.030856055192343742,0.03757990552814372,-2.390556844242064
1934.0,0.6494320358074369,0.7369660698050243,0.6548064955004123,0.7294945308100554,-0.08753403399758741,-0.07468803530964319,0.031055682169990658,0.03757711790805216,-2.3935328988536115
1932.0,0.6499592493388644,0.7376314755428444,0.6554759036686544,0.7301963141495982,-0.08767222620397996,-0.0747204104809438,0.0312702809484932,0.03757344514711836,-2.3955219196384463
1930.0,0.6506137987552566,0.7383938239066365,0.6562833604959268,0.7310029209726681,-0.08778002515137995,-0.07471956047674122,0.03150639439817156,0.03756766689076038,-2.3965817386576256
1928.0,0.6514368545859237,0.7393560048390663,0.6572861913860959,0.7319612071106709,-0.08791915025314256,-0.07467501572457502,0.03183522447663537,0.03756631893748732,-2.397355730219169
1926.0,0.6524839959670938,0.7406943232453422,0.6585724582773747,0.7331987082773748,-0.0882103272782484,-0.07462625000000012,0.03239939790796516,0.03758337669875944,-2.3989644182868735
1924.0,0.6539463850135597,0.7427269416398541,0.6603448619983822,0.7350683024459297,-0.08878055662629436,-0.07472344044754753,0.03333256241116269,0.0376401074121207,-2.4022620681592457
1922.0,0.6561440737376265,0.7458712103458435,0.6629097457817175,0.7380654506328721,-0.08972713660821696,-0.07515570485115464,0.03470428708176202,0.03775378174163291,-2.407950404008076
1920.0,0.6592092105919857,0.7503763387675264,0.66640580908966,0.7424045760457558,-0.09116712817554073,-0.07599876695609586,0.0366311152871123,0.037943842387719515,-2.416417002656559
1918.0,0.6634002895305183,0.7566356091935938,0.6711221310169508,0.7485559329482346,-0.09323531966307552,-0.0774338019312838,0.03923562945361473,0.038241593693488694,-2.4274308442267065
1916.0,0.6689031889839823,0.764772443192056,0.6771939172664387,0.7567708867856529,-0.09586925420807368,-0.07957696951921411,0.04247210916088255,0.03861729885582078,-2.4402878883525725
1914.0,0.6752987009919574,0.7742446326130663,0.6841723338678564,0.7663013600136892,-0.09894593162110887,-0.08212902614583284,0.04630692605223345,0.03902844791000351,-2.4532346416147415
1912.0,0.6822676717915477,0.7847879403001036,0.6918088036427275,0.7766910631578947,-0.10252026850855589,-0.08488225951516726,0.050816489215297106,0.039517890162695524,-2.463566788947494
1910.0,0.6898956432524334,0.7964308750311122,0.7002018843563167,0.7880735723887873,-0.10653523177867885,-0.08787168803247059,0.05588700364856562,0.040111271981428075,-2.469349600691026
1908.0,0.698092460873291,0.8087874682567439,0.7091399391499139,0.8002151448268355,-0.11069500738345284,-0.09107520567692162,0.06119552518877965,0.04074505101318216,-2.4705170179734437
1906.0,0.7064376504756267,0.8211515890028123,0.7180572566644718,0.8124212488138518,-0.11471393852718559,-0.09436399214937996,0.06645156396600865,0.04133755465303905,-2.4682721540425936
1904.0,0.7146079367490963,0.8331254893763512,0.7267901208640348,0.8243120267071469,-0.11851755262725494,-0.09752190584311204,0.07154914868058301,0.04187399115771803,-2.4635585931283397
1902.0,0.7225187901086848,0.8446106136886441,0.7352270435141637,0.8360736310026909,-0.12209182357995929,-0.10084658748852726,0.07645351716606669,0.042370601141913336,-2.456498068142742
1900.0,0.7301351063807032,0.8555443418980195,0.7433167574578301,0.8472390171103598,-0.1254092355173163,-0.10392225965252966,0.08113463437967462,0.0428277884556469,-2.4474326084581373
1898.0,0.737377804059222,0.8658964365721467,0.7510377275072466,0.8577674724204181,-0.1285186325129246,-0.10672974491317144,0.08561189082968602,0.04324606234270954,-2.437457873724093
1896.0,0.7443521686204637,0.8758645292447282,0.7585121186174821,0.8678611470448692,-0.13151236062426452,-0.10934902842738703,0.08991528339423667,0.04363405590261655,-2.427903561290192
1894.0,0.7510583995009078,0.8853725494312294,0.7656778319937779,0.8774740748638843,-0.13431414993032165,-0.11179624287010637,0.09395602595581794,0.0439760549025568,-2.419047383308351
1892.0,0.7571297734163938,0.8938829564380335,0.7721946440775518,0.8860239417283288,-0.13675318302163975,-0.11382929765077698,0.09760717131379132,0.044254850463186175,-2.409981961142758
1890.0,0.7626405129056887,0.9015792383797918,0.7781209797006495,0.893750049429352,-0.13893872547410313,-0.11562906972870246,0.10089936447780411,0.044502253764729806,-2.40151524398454
1888.0,0.767893898258889,0.9087301365715953,0.783586072810097,0.9010695467809345,-0.1408362383127063,-0.11748347397083758,0.10369736042796167,0.044682961959447626,-2.395674334050335
1886.0,0.772644672120575,0.9149918684267584,0.7883967451944767,0.9075159894750352,-0.14234719630618342,-0.11911924428055853,0.10596492499057683,0.04478400544354086,-2.3915399059546316
1884.0,0.7767795110797975,0.9204362564760167,0.7926314889214991,0.9130295883804078,-0.1436567453962192,-0.12039809945890867,0.10792766527868279,0.04486050616888175,-2.3881669021527725
1882.0,0.7805056480715683,0.9253483064281169,0.7964970476948526,0.9179535694720278,-0.14484265835654864,-0.12145652177717514,0.10965488955035639,0.04491941822203645,-2.385880119068345
1880.0,0.7839066711606368,0.9298346424806261,0.8000325058788909,0.9224692031672118,-0.14592797131998925,-0.12243669728832096,0.11117882808666597,0.04496479633314152,-2.3845895451016994
1878.0,0.7870206795531265,0.9339663077040369,0.8032836267701489,0.9266857698689661,-0.1469456281509104,-0.12340214309881725,0.1124999433636327,0.04501197086315624,-2.384472365526974
1876.0,0.7898637423839773,0.9377736054924487,0.8062936046214675,0.9305890679997407,-0.14790986310847143,-0.12429546337827324,0.11361584532831476,0.045067158946226586,-2.385653070114291
1874.0,0.792292569558234,0.9410683543026741,0.808941020340833,0.9339049971999109,-0.1487757847444401,-0.1249639768590779,0.11452391843487791,0.045126513514168666,-2.3875418181028425
1872.0,0.7939203454707262,0.9434098525156727,0.8109055006909479,0.9360842498353652,-0.14948950704494646,-0.1251787491444173,0.11517763289492702,0.04519689409621835,-2.3896825793230696
1870.0,0.7944801063288497,0.9443480379444493,0.8118803750369457,0.936767418810377,-0.14986793161559964,-0.1248870437734313,0.11527780287242892,0.04526256344627488,-2.393043433310688
1868.0,0.7943515553166693,0.9439251769727665,0.8118592623903946,0.9363394333708408,-0.1495736216560971,-0.12448017098044617,0.11432193207232859,0.04521022677577707,-2.4007788894667024
1866.0,0.7937171393556425,0.9422095873498193,0.8108191699485614,0.9348888659703606,-0.14849244799417682,-0.12406969602179918,0.11220302948567963,0.04498236865805191,-2.4138154296086944
1864.0,0.7919314337072404,0.9386834261165355,0.8084063287395451,0.9315455990959343,-0.14675199240929515,-0.12313927035638916,0.10916448166274749,0.04467587162154746,-2.4292475262454922
1862.0,0.7884692109290332,0.9327729740544513,0.8042924561448993,0.9256224159130623,-0.14430376312541804,-0.12132995976816296,0.10519370922888474,0.04433424020963492,-2.4453967934776824
1860.0,0.7834338778350901,0.9244648387242608,0.7985135129063367,0.9168286737883128,-0.14103096088917066,-0.11831516088197613,0.10018733867976941,0.04392047757857792,-2.4623482099115037
1858.0,0.7771882699086078,0.9141816281266205,0.7913693512704174,0.9056276106170599,-0.13699335821801273,-0.11425825934664247,0.09423999091263284,0.04342258508523709,-2.479964304068431
1856.0,0.7701313812088091,0.9025118779888688,0.7833011820848741,0.8932596328966409,-0.1323804967800597,-0.1099584508117668,0.08760035912840686,0.04285984786485712,-2.4974003077118447
1854.0,0.7627126873272632,0.8901591334704321,0.7748461908481161,0.8806775404133245,-0.1274464461431689,-0.10583134956520834,0.08062826739011622,0.042268599433352615,-2.512828451543144
1852.0,0.7554270835321051,0.8779278167058052,0.7665759766996282,0.8682212738590933,-0.12250073317370014,-0.10164529715946513,0.0737456013123287,0.04169496210968477,-2.5242450094811875
1850.0,0.7486739365429786,0.8665177974746369,0.7589688639545554,0.85657833915821,-0.11784386093165822,-0.0976094752036546,0.06733454815343615,0.041178887256144756,-2.5304812990425734
1848.0,0.7426148598853517,0.8563485149537398,0.7523029322443231,0.8461037778258859,-0.11373365506838806,-0.09380084558156276,0.06168936552916578,0.0407544468503634,-2.531564044012522
1846.0,0.7371635286438755,0.8473119849707484,0.7465341649187717,0.8366859075918718,-0.11014845632687298,-0.09015174267310011,0.05672209653893518,0.040415866145070825,-2.528686620879796
1844.0,0.7328392133434622,0.8395801009612022,0.7418378212130091,0.8288373335243273,-0.10674088761773992,-0.0869995123113182,0.05195569722536556,0.040071780748314544,-2.524319778147428
1842.0,0.7307197420417836,0.8345947692154502,0.7390061039805342,0.8240377851683425,-0.10387502717366659,-0.08503168118780824,0.047744305333153186,0.03972757003811907,-2.5229387283307254
1840.0,0.7300559510353848,0.8320200345109372,0.7377252317333071,0.8215041245313739,-0.10196408347555241,-0.08377889279806683,0.044638236534314805,0.03945741906463625,-2.52592107423013
1838.0,0.7298652285973555,0.8305999696736452,0.7372876025797251,0.8198582197044335,-0.10073474107628977,-0.08257061712470837,0.04229717698501279,0.03925410622708923,-2.5324581876326104
1836.0,0.7303831936832061,0.830419696474707,0.7377798291491877,0.8193116080549232,-0.10003650279150089,-0.08153177890573549,0.04048464692873061,0.03908864192074796,-2.543855971341893
1834.0,0.7316950932261175,0.8316240914974513,0.7392113012831149,0.8200222421778989,-0.09992899827133384,-0.08081094089478402,0.03931293647243801,0.038942138826808796,-2.5620072002254006
1832.0,0.7334052165369896,0.8338109638812801,0.741337591139014,0.8214791484228756,-0.10040574734429042,-0.08014155728386163,0.03880493867509895,0.03883287004891976,-2.5858964724935696
1830.0,0.7359197047299468,0.8372614260418342,0.7440471417376627,0.8240669590901784,-0.10134172131188735,-0.08001981735251562,0.03861240858188463,0.038819428603004684,-2.612910044620427
1828.0,0.7396851842257753,0.8421107168406567,0.7477031528226454,0.8282131652026694,-0.10242553261488141,-0.08051001238002398,0.03850321577141313,0.03889320645328443,-2.6378970423684454
1826.0,0.7440586279206487,0.8475630072131466,0.7519405236296417,0.8331514192692806,-0.1035043792924979,-0.0812108956396389,0.03860844109419832,0.039006083612647645,-2.6580414782440274
1824.0,0.7489685254127539,0.8535374177352272,0.7567275945548637,0.8401976931931908,-0.10456889232247324,-0.0834700986383271,0.03884629730560155,0.03917309855166776,-2.673109488711562
1822.0,0.7542792581546114,0.859764950960359,0.7618894780815239,0.847501397711186,-0.1054856928057476,-0.08561191962966219,0.03915699063344522,0.039335678520621954,-2.6837077617121023
1820.0,0.7596177470184079,0.8658965117967331,0.7670865067085816,0.8542670900635208,-0.10627876477832521,-0.08718058335493917,0.0396445486818369,0.039463813342468505,-2.6910108550848078
1818.0,0.7651286791324649,0.8721601077305146,0.7725027869896967,0.8607999271717542,-0.1070314285980497,-0.08829714018205759,0.040266006075639904,0.03959792058531578,-2.6953235272493012
1816.0,0.7709402452897574,0.8786668809064382,0.778241278830548,0.8673782963790699,-0.10772663561668083,-0.08913701754852199,0.040934311758917694,0.03973835839706743,-2.697200165397648
1814.0,0.7769296630494529,0.8852574453293931,0.784172946089209,0.8741185740675446,-0.10832778227994022,-0.08994562797833561,0.04164602717559477,0.039871262698321426,-2.696565480227624
1812.0,0.7831999944451935,0.8920201063264191,0.7904153806241605,0.8809986834654733,-0.10882011188122565,-0.09058330284131277,0.04234528427894133,0.040029885872993276,-2.6919015970347187
1810.0,0.7901135125498439,0.899236975065108,0.797313706352313,0.8880265607126743,-0.10912346251526417,-0.09071285436036125,0.04282418352275799,0.04024563577122913,-2.682039714568223
1808.0,0.7975216090206947,0.9067099118790218,0.80469141362373,0.8951727356093562,-0.10918830285832715,-0.0904813219856262,0.04297967413805142,0.04052444617771502,-2.6667798095090305
1806.0,0.8049550523655569,0.9140356700534026,0.8121148371735174,0.9022341300667354,-0.10908061768784572,-0.09011929289321796,0.042846585244488665,0.04091469888491468,-2.6448296976967636
1804.0,0.8122337272946473,0.9210787679583268,0.8194402360954832,0.9091509475968496,-0.1088450406636795,-0.08971071150136634,0.0423942585879375,0.04152540463290907,-2.6119797617126186
1802.0,0.8196933029913147,0.9280055183448926,0.8269328002009337,0.9160504902838995,-0.10831221535357793,-0.08911769008296577,0.04142158732164087,0.04240688244233851,-2.563950911328047
1800.0,0.8276497039002912,0.9348222922400264,0.8347242876560146,0.9228718242192162,-0.1071725883397352,-0.08814753656320162,0.03980006898666211,0.043286386899564926,-2.5084225287364963
1798.0,0.8355825470084417,0.9409124609875306,0.8421940202215699,0.929030146097246,-0.10532991397908886,-0.08683612587567613,0.037804390621001514,0.04365402323595146,-2.46473827322295
1796.0,0.8426277450823431,0.9455974196594779,0.8485838969593104,0.9338634596722338,-0.1029696745771348,-0.08527956271292347,0.0358016966390469,0.04336470350519715,-2.440129999729156
1794.0,0.8490118653876567,0.948862703836122,0.854106934900519,0.9373145344398007,-0.09985083844846532,-0.0832075995392817,0.03351443845740402,0.04249695017454079,-2.4273169082394204
1792.0,0.8562695712233798,0.9514610830260474,0.8600066394846281,0.9400518471060559,-0.0951915118026676,-0.08004520762142786,0.03009218421994985,0.0410357686196484,-2.4145962056461996
1790.0,0.8643849333941751,0.9539449920915306,0.8663586789477371,0.9425777783431251,-0.0895600586973555,-0.07621909939538796,0.02595033786467806,0.039467348202932406,-2.3848396497846114
1788.0,0.8718125126392912,0.9559144825992605,0.8721496998719216,0.9445899399017894,-0.08410196995996932,-0.07244024002986782,0.02213692922076262,0.038293689364700324,-2.3292749399200754
1786.0,0.8786408699591912,0.9572075377947223,0.8776023271593094,0.9478292831577226,-0.07856666783553112,-0.07022695599841322,0.01835111614779895,0.0374858216588333,-2.242825462541829
1784.0,0.8856194230811609,0.9582128770422178,0.884813912275539,0.9505059910695304,-0.07259345396105688,-0.06569207879399142,0.014229019862487013,0.03687923421180845,-2.124885492545252
1782.0,0.8927314055677986,0.9590745919740085,0.8928527806326159,0.952518784404978,-0.06634318640620984,-0.059666003772362086,0.010092236067776435,0.03636350841691221,-1.9833594741898615
1780.0,0.9000899771293642,0.9597095260970582,0.9011829077046529,0.9541607469626809,-0.05961954896769395,-0.052977839258028014,0.006693284344194634,0.035867633075705806,-1.8145521963970705
1778.0,0.907304664413848,0.9599444142749778,0.9059675023074809,0.9553231946554595,-0.052639749861129737,-0.04935569234797854,0.006942217870444772,0.03538774899418232,-1.6232541517768746
1776.0,0.9134652487185706,0.9592424015326276,0.9107508446028283,0.9553148592436647,-0.04577715281405703,-0.04456401464083637,0.010657221586086058,0.035034192186380556,-1.4182908591525225
1774.0,0.9190279123811904,0.9570968361220257,0.9159592583004492,0.9530905419728185,-0.03806892374083526,-0.037131283672369286,0.016116464917388093,0.03484334595001014,-1.172042054286517
1772.0,0.9259619381510853,0.9541915545048381,0.9222155970412389,0.9488533063608693,-0.028229616353752762,-0.026637709319630387,0.023967011581855463,0.03462173275486854,-0.8532428163704938
1770.0,0.9347637560765825,0.9523640072630553,0.9296584915815838,0.9460009243275898,-0.017600251186472793,-0.016342432746005997,0.03299287242175299,0.034242491872146244,-0.5170855302195676
1768.0,0.9441454780828206,0.9517267333013893,0.9375892761121281,0.9448061470902406,-0.007581255218568783,-0.007216870978112522,0.04159316110300131,0.03391353808590978,-0.21470769770287945
1766.0,0.9537572671765625,0.9516137539943609,0.9460252131190048,0.9449849779621468,0.0021435131822016285,0.001040235156858027,0.04978887818284575,0.033795758605059414,0.058018676378053954
1764.0,0.9635407266587936,0.95198575175913,0.9550313829005295,0.9456977425706893,0.011554974899663617,0.009333640329840187,0.05750708323258061,0.03394983829973973,0.29719428653113666
1762.0,0.9748500427337681,0.9532749456081053,0.9657729654694552,0.9488332350298934,0.021575097125662746,0.016939730439561873,0.06565342601418188,0.034362034127651424,0.5229111733491673
1760.0,0.9880739163330754,0.9561051943558433,0.9783229094417448,0.950579450728801,0.031968721977232106,0.027743458712943814,0.07414120586766841,0.034877118162301775,0.727722242740541
1758.0,1.0022648993296637,0.9604259672695824,0.9917901499732954,0.9548236683890672,0.04183893206008127,0.03696648158422822,0.08212558168937273,0.035430509168541804,0.8981118839992752
1756.0,1.0175180397398773,0.9659672704080807,1.0063616958947583,0.9606201666312335,0.051550769331796586,0.045741529263524816,0.08987961143297196,0.03609226341802328,1.0453441407532729
1754.0,1.032750963862646,0.9721463979186007,1.0211051365886106,0.9667246191295354,0.060604565944045286,0.05438051745907513,0.09692481140737769,0.0368918062712889,1.166355361823047
1752.0,1.0482179353847012,0.9789686234774515,1.036369105403913,0.9729484768746339,0.0692493119072497,0.0634206285292791,0.10349504849045671,0.03790800048008682,1.2679711440138302
1750.0,1.0658730484156156,0.9875088159260578,1.0536504174725558,0.9810366979170445,0.07836423248955782,0.07261371955551132,0.11057658068467742,0.03900894498720915,1.3629191124917128
1748.0,1.0845581356720988,0.9975865350897517,1.0714594843169074,0.9914236055037307,0.0869716005823471,0.08003587881317675,0.11732801443129044,0.039907459413844264,1.4452211934349104
1746.0,1.1020003261699507,1.0079665920412562,1.0879227570197045,1.0023457384236454,0.09403373412869453,0.08557701859605915,0.12260666339258336,0.04068727097470327,1.5086597401000876
1744.0,1.1178699288634752,1.0181534515830877,1.1031010953598894,1.0127178118793787,0.09971647728038757,0.09038328348051072,0.12653852953511113,0.04157700483088539,1.5555643081681152
1742.0,1.1326664436598726,1.0283638610037675,1.1174539166441972,1.0227875056455507,0.10430258265610504,0.09466641099864659,0.12946336173928075,0.042625063256793876,1.5892066909712
1740.0,1.1472676972118367,1.039218739532884,1.1315023087772422,1.0335530143932359,0.10804895767895273,0.09794929438400635,0.13168148042508634,0.04372219715653149,1.6137448934152365
1738.0,1.1602360815474118,1.049580159473019,1.1439326896412254,1.0437339406782953,0.11065592207439279,0.10019874896293013,0.13288251371873833,0.044768671308702476,1.62920457670237
1736.0,1.1705448086670538,1.058579148930878,1.154180167551633,1.0517416544832539,0.11196565973617578,0.10243851306837914,0.13287336298613267,0.045996318511305145,1.6322138321327628
1734.0,1.1822593586564238,1.0695998228028052,1.1654019351208966,1.0618495595757866,0.11265953585361865,0.10355237554510999,0.13265787691866396,0.047263381450431276,1.6270257294644865
1732.0,1.1962934680044441,1.0829813827935817,1.1776534748134573,1.0760394627912224,0.11331208521086245,0.10161401202223486,0.13301163273265934,0.047818048086875384,1.6263704074353083
1730.0,1.208992159922039,1.095360171534631,1.1885846605475217,1.0895746029771693,0.11363198838740796,0.0990100575703523,0.13326967547888968,0.048026278679688145,1.6262644384333955
1728.0,1.2206454715298334,1.1072227397592564,1.1989348528980919,1.1019808942331122,0.11342273177057693,0.09695395866497969,0.13320673959653898,0.048343542678003115,1.6195117155640182
1726.0,1.2317675436865763,1.1187547534317293,1.209073947581293,1.113493718045278,0.113012790254847,0.09558022953601508,0.13308452568012255,0.048798317615332806,1.6085194314005544
1724.0,1.2427046457595499,1.1303445789673763,1.2192358743537755,1.1247365544124737,0.11236006679217359,0.09449931994130178,0.13295880618089093,0.049251685038213734,1.594155800482526
1722.0,1.2530267041427061,1.141452727996614,1.2290614041669476,1.1351649680582419,0.1115739761460921,0.0938964361087058,0.132744502904263,0.04972634048021284,1.578298195177711
1720.0,1.2619176555475473,1.1513074892638944,1.2380698314242604,1.1438313364203454,0.11061016628365294,0.09423849500391501,0.13213904940314994,0.050412375868855726,1.5599083788963832
1718.0,1.271879325865565,1.1625572323362663,1.2482341084308612,1.1554434614546985,0.10932209352929867,0.0927906469761628,0.13169292427936327,0.05105575166337219,1.5364374205474225
1716.0,1.2855079469156232,1.1774960522712477,1.2608601872883725,1.1717920302526292,0.10801189464437555,0.08906815703574322,0.13247358726916222,0.05086237657066431,1.515340068021014
1714.0,1.2999048449547834,1.1928358717076262,1.2735017746407846,1.1896865176029676,0.10706897324715725,0.083815257037817,0.13383897749135779,0.05014523411301551,1.5020760773769297
1712.0,1.312891991848629,1.2065960747270559,1.285126752991947,1.2059437650699243,0.10629591712157316,0.07918298792202272,0.1349210504261696,0.049617575350957295,1.4905559014922025
1710.0,1.3248240845735029,1.2194864517921962,1.2962790868421055,1.2208445119782216,0.1053376327813067,0.07543457486388383,0.13562968274025758,0.04932376094458089,1.4759971012146875
1708.0,1.336509629915064,1.2323339480641793,1.3076229759633087,1.235263792895811,0.10417568185088477,0.07235918306749767,0.1362128100931202,0.0491832342231748,1.457587570997829
1706.0,1.3491440544124744,1.2462977807372988,1.3200636544469568,1.2505642596291962,0.10284627367517563,0.06949939481776068,0.13700030710365013,0.04901560393906963,1.4358784077785083
1704.0,1.3618985952756275,1.2603690732377264,1.3327977984233943,1.265807987481268,0.10152952203790111,0.0669898109421263,0.1378684018932034,0.04890393112386054,1.4132784469089552
1702.0,1.374069372183706,1.2739138407809003,1.3454971014150816,1.280146823836796,0.10015553140280575,0.06535027757828571,0.13844507225206265,0.04908595997897898,1.3885914685228318
1700.0,1.3891525972512455,1.2904460762810406,1.360963058552976,1.2976503938856938,0.09870652097020494,0.06331266466728214,0.13952555623048785,0.049121407151867975,1.361589195505407
1698.0,1.4070378796972793,1.309540186069816,1.3783025948595031,1.318633231413112,0.09749769362746341,0.05966936344639118,0.1413172856802937,0.04871677825909454,1.3384512285439563
1696.0,1.4257534863184538,1.329376035893644,1.3959456322303234,1.3409919850104493,0.09637745042480983,0.05495364721987417,0.143122328809984,0.04813300793984414,1.3183040092006084
1694.0,1.4444900991212126,1.3491074262489235,1.4135254408325595,1.3624914364392715,0.09538267287228908,0.05103400439328798,0.14469858786963238,0.047741201744201565,1.2993219832883915
1692.0,1.460463648046289,1.3659609523957283,1.4289026642330085,1.3794747616877792,0.09450269565056058,0.04942790254522933,0.14555296858063366,0.047765968414501134,1.2821936465238473
1690.0,1.4743650941470052,1.3810706184210522,1.4430010732758616,1.3944165716878398,0.09329447572595306,0.048584501588021745,0.14570685350477605,0.04789969638196284,1.2636936275568056
1688.0,1.4862351601527861,1.3944944957084742,1.4557050052631304,1.4074529256135562,0.09174066444431195,0.04825207964957423,0.14516787830136632,0.04810531269343216,1.2437517465517876
1686.0,1.4959085231960167,1.405966224573959,1.4669524341201239,1.4183336682594334,0.08994229862205771,0.04861876586069047,0.14371878202487331,0.04857280365301732,1.222984777827273
1684.0,1.5077634837646683,1.4199459229072904,1.4801678385709698,1.4326120292155606,0.08781756085737791,0.04755580935540915,0.14214700228899163,0.04878052680414267,1.2005521013367026
1682.0,1.5214274849365579,1.4349402341631305,1.4936837743970741,1.4490275230424015,0.08648725077342734,0.04465625135467266,0.14171294121201214,0.048740708482975216,1.1850007299416474
1680.0,1.5321846539524036,1.4463680172856892,1.5040497412315723,1.4616897489188543,0.08581663666671435,0.04235999231271803,0.1414483262674504,0.049000305576334925,1.1748581349102534
1678.0,1.5399204434349576,1.454865690829643,1.5120850647455808,1.470989467548781,0.0850547526053147,0.04109559719679989,0.14057402186723186,0.04947599616349871,1.1646524024082947
1676.0,1.5466787350759135,1.462570356782892,1.519675361360584,1.4793903816677125,0.08410837829302142,0.04028497969287148,0.13922086206715267,0.05007854083192034,1.1531121298717066
1674.0,1.5536887203495187,1.4704900878641414,1.5275594041189833,1.4876774448408359,0.08319863248537729,0.039881959278147416,0.13777687251808474,0.05071792335909045,1.1420312004240654
1672.0,1.559885618728967,1.4774010090051712,1.5345899133852043,1.4940036448151686,0.08248460972379568,0.04058626857003578,0.13648055821493166,0.05129416077461733,1.1333269653673423
1670.0,1.5656010543243233,1.484087296543867,1.541284508850097,1.5000049115703318,0.08151375778045633,0.04127959727976527,0.13490890044698384,0.051829166143836855,1.1226518859456494
1668.0,1.5727756453946309,1.4922819255296185,1.5488759857221377,1.5076418169726884,0.08049371986501241,0.041234168749449296,0.13339519343117004,0.05237600791615092,1.1107336170004942
1666.0,1.5790358682674706,1.4994749444794815,1.5553065240652109,1.5145028534075529,0.07956092378798907,0.040803670657658,0.13169396069647601,0.05287795749472299,1.1011309637817768
1664.0,1.5835038081407407,1.5052932694581893,1.5604896833695443,1.5198981984731734,0.07821053868255134,0.04059148489637088,0.12924674908347836,0.05323523480688074,1.0902841965419923
1662.0,1.5878029569136276,1.5114422667669924,1.5657216402689125,1.525072745526339,0.07636069014663516,0.04064889474257338,0.1262471603232361,0.05346302751741367,1.0757904255190844
1660.0,1.5920815370772,1.517563177406878,1.5706080557852957,1.5296177424086472,0.07451835967032183,0.04099031337664849,0.1233688323887131,0.05359557038293974,1.0612629007120544
1658.0,1.594909677001286,1.522189004656607,1.574203223557306,1.5335834136392865,0.07272067234467916,0.0406198099180195,0.12050461665321792,0.053610998133512784,1.0479589472332576
1656.0,1.5947192138555155,1.5242806741060781,1.5759272362471544,1.5366507022066256,0.07043853974943737,0.03927653404052878,0.1168000695607316,0.05348185979894935,1.0321509454197704
1654.0,1.5926617236453202,1.5253662383345217,1.5768887410681878,1.537885754537205,0.06729548531079854,0.039002986530982664,0.11186685107322848,0.05332964090330647,1.0081518823540994
1652.0,1.593803578225547,1.5294712031665638,1.5795967371442203,1.5415145633351655,0.06433237505898326,0.038082173809054876,0.1075894328765824,0.05324085309348071,0.9820415169626238
1650.0,1.597919875584,1.5350368397428584,1.5832713212013423,1.54502108695314,0.06288303584114163,0.038250234248202286,0.10542407109181194,0.053220989639356946,0.9688348842896337
1648.0,1.6000333055117681,1.5385843485482318,1.5857171168674262,1.547261613940296,0.06144895696353636,0.03845550292713029,0.10295074600913966,0.053064180989643224,0.9581557399266812
1646.0,1.601932902755884,1.542497262100177,1.5883336503570114,1.550619089906197,0.059435640655707056,0.03771456045081445,0.09981554074001968,0.05279733671553618,0.9417055263844067
1644.0,1.60521063264191,1.5474983747126991,1.591728945131215,1.5554579948639105,0.057712257929210864,0.03627095026730465,0.09712038719892448,0.05259059063763647,0.9268883849425306
1642.0,1.6079732540374432,1.5516609646631339,1.5946312517954273,1.5594738929406642,0.05631228937430932,0.03515735885476312,0.09460472932185057,0.052308865329315564,0.9169076084738486
1640.0,1.6089233851749538,1.554189904453438,1.5963433623885797,1.561908216226517,0.05473348072151585,0.03443514616206267,0.09172199634810102,0.051793191508003496,0.907497874198798
1638.0,1.6078426258387304,1.5550547185869854,1.5967246933383805,1.5628181222550053,0.05278790725174498,0.03390657108337525,0.08831271101245831,0.051009708892854326,0.8963622496194638
1636.0,1.6063607842558982,1.5558189511116154,1.596673166061706,1.5635593402903813,0.050541833144282844,0.0331138257713246,0.08459012324596221,0.04999460314697713,0.8831093861331041
1634.0,1.6071199945845498,1.558325811026064,1.5976331255347391,1.565742194608791,0.04879418355848575,0.03189093092594808,0.08181886486733106,0.04908297939023541,0.8730892570689577
1632.0,1.6086403585054003,1.5609496426507705,1.5988429017155732,1.56799510414128,0.047690715854629806,0.030847797574293123,0.0800384120375909,0.04838227834789522,0.8680520853051326
1630.0,1.608309984200886,1.5618434749309376,1.5986939869445842,1.5686073969476435,0.04646650926994833,0.030086589996940694,0.07810550031169528,0.04755585019259287,0.8626565929459263
1628.0,1.6063659275489885,1.5613612490147835,1.5972680032317697,1.5679100919362616,0.04500467853420509,0.02935791129550802,0.07588201507211699,0.04648853571993525,0.8565459746819896
1626.0,1.603951466280963,1.5602576194088962,1.5954163718427699,1.5662480570557062,0.0436938468720669,0.02916831478706361,0.07383190761440366,0.045325220181312326,0.8535477201064126
1624.0,1.6013883652340406,1.5587201237232695,1.5934765399907183,1.5637379851608233,0.04266824151077109,0.02973855482989496,0.07203001828118442,0.04417703311588686,0.8548943275085462
1622.0,1.599322128255752,1.5574359685691614,1.5918277007962107,1.5615533472084668,0.041886159686590485,0.030274353587743885,0.07055015826715884,0.043225455464937404,0.8573968148684027
1620.0,1.5974458749014784,1.5561973246808742,1.590259807189229,1.5612138781494522,0.04124855022060414,0.029045929039776874,0.06934450571917111,0.04254730068982376,0.858227281329987
1618.0,1.5940636960493908,1.5534023885378858,1.58768583441146,1.5594681152514909,0.040661307511504985,0.028217719159969068,0.0680102814462516,0.04198970000854516,0.8590926361165686
1616.0,1.590149932554796,1.5494957304181725,1.5846849711046351,1.5569691774349108,0.04065420213662363,0.02771579366972432,0.06700325000981654,0.04169610722858727,0.8673334439032139
1614.0,1.5884311937357078,1.5469959603560521,1.5831193712373801,1.555577964361087,0.04143523337965571,0.02754140687629314,0.06707539744362971,0.04159554874898866,0.885078093192528
1612.0,1.5868213545431447,1.5442819708714566,1.581537194569901,1.553259310510446,0.04253938367168808,0.028277884059455083,0.0676213356276312,0.04155186629635341,0.906756120273068
1610.0,1.5839732683522514,1.5400050820152285,1.5789245133419065,1.5498169812381062,0.04396818633702293,0.02910753210380035,0.06836191821340978,0.041649417243342014,0.9322381578197829
1608.0,1.5805525537818057,1.5348980285792209,1.5757367735453798,1.5457165587033517,0.04565452520258484,0.030020214842028103,0.06927556862523535,0.041900514376577186,0.9597356565472664
1606.0,1.5769009812854224,1.5297060895498664,1.572229037313781,1.5415601398877892,0.04719489173555602,0.03066889742599188,0.07011778239635177,0.04219175552445108,0.9834679494138437
1604.0,1.5727483680470933,1.524386387098233,1.5682501992794955,1.5371748228554687,0.04836198094886024,0.0310753764240268,0.07070114209383795,0.042490155503783426,1.0002697943799277
1602.0,1.5680083205946558,1.518712314504624,1.5637324285782805,1.531411879086704,0.04929600609003182,0.03232054949157659,0.07110525656061069,0.04282528284246761,1.0123862452617678
1600.0,1.563074162183499,1.5128668171379722,1.5589320812764775,1.525367684002157,0.05020734504552671,0.03356439727432048,0.07154088716198494,0.04318141604687799,1.0233876173812788
1598.0,1.5580042742416387,1.5068276007065082,1.5538678674487947,1.5191368115374644,0.051176673535130446,0.0347310559113303,0.07207444578216644,0.04356260642858291,1.0345152348570366
1596.0,1.5526260572864543,1.5004190981217365,1.5483751949497282,1.5122092346682154,0.05220695916471785,0.036165960281512755,0.07265816281823698,0.04399005979159213,1.0457146787149922
1594.0,1.5469711444133036,1.4937257700771907,1.5424845087528714,1.5052209571508575,0.05324537433611298,0.03726355160201389,0.07322019456079096,0.04441214930037815,1.0570652492070542
1592.0,1.5412625736773469,1.4870212261870888,1.5364720281331183,1.4984289695542155,0.05424134749025811,0.03804305857890289,0.07372291951791603,0.04476979896643866,1.068678561281275
1590.0,1.5355084172204188,1.4803573574239308,1.5303465472113182,1.4918323036631906,0.05515105979648793,0.0385142435481276,0.07417350674880915,0.045125368028279274,1.0787283720416319
1588.0,1.5296609210835046,1.4736992583506825,1.5240623529240187,1.4854207934947183,0.055961662732822104,0.038641559429300365,0.0745707238124507,0.045557424136952726,1.085792335255741
1586.0,1.523743724685768,1.4670088039649134,1.517711894811279,1.4792200859795903,0.05673492072085451,0.03849180883168879,0.07489042209905186,0.046078641571299414,1.0910298953656303
1584.0,1.5177748853356996,1.46022187484606,1.5113109853008282,1.473143006654101,0.05755301048963957,0.038167978646727274,0.07519339121789206,0.04668114005830643,1.0958440041303363
1582.0,1.511874019495621,1.453469878700882,1.504949474017506,1.467199753831974,0.0584041407947391,0.03774972018553191,0.07554875234609701,0.04735461238507915,1.0998165054372706
1580.0,1.5060080588216231,1.44685670846999,1.4987792378402904,1.4613783204044595,0.059151350351633214,0.03740091743583096,0.07581648118909308,0.04808532770999772,1.1012923872473974
1578.0,1.499454752849998,1.439598571436789,1.492256787137479,1.45496025808785,0.05985618141320903,0.03729652904962899,0.0759227468721387,0.04907908352132799,1.0986933646822767
1576.0,1.4927550197108126,1.4317354318400277,1.4853156731881088,1.4482769579558827,0.061019587870784875,0.037038715232226016,0.0763670585595776,0.0505018724516134,1.0964121936783073
1574.0,1.4885679555459914,1.4262039965399134,1.480150594967099,1.4441265080359968,0.06236395900607805,0.03602408693110215,0.07731316824997116,0.05162696896992293,1.0994744337018927
1572.0,1.485397639952606,1.422078717464357,1.4762142596486407,1.440988858276597,0.06331892248824911,0.03522540137204366,0.07810656250502082,0.05237338695266477,1.101809964069083
1570.0,1.4809805465748167,1.4166833954281737,1.4715498111884304,1.4360025419689295,0.06429715114664303,0.03554726921950091,0.07878375930512567,0.05326936104933883,1.1028220716101416
1568.0,1.4770547352133252,1.4114681257202777,1.4671909830257557,1.4315470920944149,0.06558660949304751,0.035643890931340794,0.0797136776635454,0.054137447572004824,1.1083894633705835
1566.0,1.4744575567504186,1.4077319285541363,1.4639625995846532,1.4288105325354805,0.06672562819628225,0.03515206704917273,0.08059330166528202,0.054716195680932514,1.1155961104592833
1564.0,1.4716760137943279,1.4041193058630754,1.4608498232443696,1.425465768164282,0.06755670793125246,0.035384055080087684,0.08113155363345807,0.055264318538996736,1.1194070522420025
1562.0,1.4674068485869851,1.3996544180021715,1.4571345120884112,1.419648924196267,0.06775243058481362,0.03748558789214407,0.08093219702192554,0.055844231045020516,1.115278026562227
1560.0,1.4600724722778209,1.3926533384946476,1.4516548823897726,1.4092537030790613,0.06741913378317332,0.0424011793107113,0.07995450800926827,0.05686075885593443,1.0995225438656375
1558.0,1.4545468093826321,1.3865910556247114,1.4467953173369597,1.4027945687797834,0.06795575375792073,0.044000748557176284,0.08008883930859069,0.05792524276804482,1.0930578372506998
1556.0,1.4560504596262143,1.3871142054592989,1.4462495452512563,1.4072583011431106,0.0689362541669154,0.038991244108145695,0.08165622480325718,0.057653569974093176,1.1065287808031181
1554.0,1.4573533325501293,1.3879870606655202,1.4460353209926315,1.4108795308489457,0.06936627188460909,0.03515579014368586,0.08252364417663526,0.057273555162833424,1.1152515111975134
1552.0,1.4568101795719235,1.387526800684207,1.4447324997925861,1.4117047800179932,0.06928337888771652,0.033027719774592956,0.08270920949015234,0.05690042933471127,1.1183200985079502
1550.0,1.4553957089443406,1.3866097473956578,1.4428533303820048,1.4113447707362161,0.06878596154868277,0.03150855964578869,0.08256025020206526,0.056361874957295006,1.1183230993763247
1548.0,1.4535136660556596,1.3855711964466737,1.4407352027083085,1.409946524272625,0.06794246960898587,0.030788678435683448,0.08215054736790264,0.05566383868308212,1.1159366322604252
1546.0,1.450832546687598,1.3840764172194469,1.4382725818118651,1.4075880840908264,0.06675612946815113,0.03068449772103876,0.08130140174734497,0.05488318384188517,1.110784804585488
1544.0,1.446721725832901,1.3816005160698082,1.435051041107078,1.4047973403487166,0.06512120976309288,0.030253700758361424,0.0798059073709997,0.05407840490956483,1.1009760633752486
1542.0,1.441676216123458,1.378728242380938,1.4312517027847922,1.402681864723284,0.06294797374252004,0.028569838061508257,0.07784233944890026,0.05313218697726669,1.0855633414751378
1540.0,1.4387798454409102,1.3783847739551844,1.4285068556878109,1.4034999627821478,0.06039507148572576,0.025006892905663047,0.07635603167888622,0.05143325483561788,1.071638329756548
1538.0,1.4401223413639284,1.3818164824535848,1.4283258019209129,1.404831407731876,0.058305858910343566,0.02349439418903687,0.07597449735451407,0.04923800065974871,1.0676619584740472
1536.0,1.4421190232063874,1.3854312766178616,1.4290489634290204,1.4061073317353814,0.05668774658852582,0.022941631693639053,0.0755625397262448,0.0475326396954604,1.0647751362667146
1534.0,1.4424589415760096,1.3878491072033914,1.4291748149866996,1.4063907248730887,0.05460983437261824,0.022784090113610933,0.07431566967569526,0.04591242682396058,1.055453055102084
1532.0,1.442639573942448,1.3901489431664538,1.4293250406401836,1.4063225,0.05249063077599425,0.0230025406401837,0.07300476797157442,0.04409455407297629,1.048020473323949
1530.0,1.4429327624662305,1.3918156840011848,1.4295692203177583,1.4065203106543391,0.05111707846504565,0.023048909663419215,0.07214745839510449,0.04244091060168699,1.0503234495018046
1528.0,1.442229062718757,1.3917806149906533,1.4292909391576916,1.4052781700898622,0.05044844772810375,0.024012769067829343,0.07155867131180298,0.04093903188371912,1.0635204639605902
1526.0,1.4407837575641298,1.390242276480612,1.4286827023323707,1.402373447026461,0.05054148108351786,0.026309255305909662,0.07146113365598906,0.0394566657863012,1.0903929831159425
1524.0,1.4392651291353382,1.387764814567669,1.4281853233082709,1.3988507996240602,0.051500314567669125,0.029334523684210634,0.07213957725874934,0.03812246165343173,1.1296387608501879
1522.0,1.4383593315597274,1.3847459229615742,1.4283897813337756,1.395179886862137,0.05361340859815322,0.03320989447163858,0.07408446972719442,0.03685645580374147,1.1850618410555678
1520.0,1.4392615208794615,1.382701365437242,1.4297150815201891,1.3932033403767676,0.056560155442219484,0.03651174114342148,0.07729899207755639,0.03561999915965949,1.2482383085469055
1518.0,1.440617235407776,1.3816434613234438,1.4308007893075483,1.3950835481861645,0.05897377408433213,0.03571724112138375,0.08022018803531557,0.034609330124052595,1.295980467122854
1516.0,1.4407974377887591,1.3805224710333366,1.4306521067754379,1.3919612095024139,0.06027496675542254,0.038690897273023994,0.08212993220596307,0.0338652673049176,1.3216368616651093
1514.0,1.4395494104127022,1.3793060266086254,1.429187997826042,1.3888424818318286,0.06024338380407679,0.04034551599421343,0.08278072961815247,0.03342176988974356,1.3231666551333645
1512.0,1.43655158043321,1.377489176428629,1.426338030662273,1.3855362731072174,0.05906240400458107,0.04080175755505566,0.08214925565635713,0.03324645722676578,1.3057908174143258
1510.0,1.4314120255274796,1.3742035911881127,1.422079548304131,1.381159747804004,0.05720843433936684,0.040919800500127,0.08057327031379981,0.033344826598290925,1.2764865131507501
1508.0,1.423572855650217,1.3689849982070028,1.4159092678803842,1.3749437157377973,0.05458785744321415,0.0409655521425869,0.07807213222956633,0.033903844600737656,1.228705883310084
1506.0,1.4168914904556649,1.36564040414101,1.409606762192118,1.3696799153940886,0.051251086314654914,0.03992684679802938,0.07556148864797159,0.034818645735967664,1.157091745956269
1504.0,1.4157255704436327,1.3671517245778477,1.4068613771447904,1.3704847998454768,0.04857384586578495,0.03637657729931365,0.07410627410820149,0.03535670108449698,1.0980016249248106
1502.0,1.414673796172304,1.3686734976046924,1.4049289696384775,1.3717954621119417,0.046000298567611564,0.033133507526535766,0.0721047760371146,0.035651871090057685,1.0482454466802504
1500.0,1.4114576020638991,1.3689798397775355,1.4018528237538308,1.3714050126198465,0.042477762286363685,0.030447811133984315,0.06894495776038778,0.03596321125194417,0.9822850549407913
1498.0,1.4074147721783916,1.3693336338206048,1.3983097581228514,1.3709292341172719,0.038081138357786815,0.027380524005579554,0.06502701413566149,0.036394431359684384,0.8954574368909343
1496.0,1.404694342594801,1.3710412212358893,1.3956746240685813,1.3719507655391987,0.03365312135891174,0.023723858529382635,0.06128354977122825,0.036857977137551075,0.8026223823428429
1494.0,1.403638889032206,1.3734879392850567,1.394368288918647,1.3740189868084687,0.03015094974714927,0.02034930211017838,0.05841196179893371,0.0371824497515888,0.7268409224108291
1492.0,1.4025575868805449,1.3751078381480388,1.393429809263369,1.3753736419308171,0.027449748732506052,0.018056167332551887,0.055984839839570456,0.037411551474846205,0.6679705848360935
1490.0,1.4013778924273144,1.3762066110251567,1.3926927897768224,1.3758460393516239,0.02517128140215763,0.016846750425198564,0.05369428858991776,0.037676036055982444,0.6171701422093464
1488.0,1.4019782278714026,1.37831147466214,1.3933423092558983,1.377514033938294,0.02366675320926248,0.015828275317604223,0.052154954317561834,0.03789252188069377,0.5826541587656298
1486.0,1.4047806987292002,1.3816839632726494,1.395785711695817,1.3811824522169966,0.023096735456550777,0.014603259478820352,0.05155948702717911,0.037958771136364,0.5696758699484361
1484.0,1.4085712246079876,1.3854247451862123,1.3993422980630124,1.3851971539167545,0.02314647942177528,0.014145144146257893,0.05136719561318975,0.037925589673868276,0.5718423135281172
1482.0,1.4130793135665618,1.3893711001806446,1.4038985180787242,1.389184964927587,0.02370821338591722,0.014713553151137315,0.05145577779280145,0.037812227958049116,0.5867303291696655
1480.0,1.418549763240144,1.393681107440135,1.409632724175659,1.394346721925217,0.024868655800009076,0.015286002250441966,0.05195567131999898,0.037626681784121915,0.6160243280545488
1478.0,1.4249938824208843,1.3983006341691577,1.4165819966321147,1.4012575096771598,0.026693248251726587,0.015324486954954919,0.052867584052024984,0.037406826848628595,0.6607787950104753
1476.0,1.4326417790677777,1.4034498622827665,1.4250315815059293,1.4064760493399047,0.029191916785011207,0.01855553216602468,0.05415612635583286,0.0371931979929482,0.7204932438423042
1474.0,1.4426273707130117,1.4101904188077843,1.4358150458449788,1.4132678293604908,0.03243695190522744,0.022547216484487986,0.0560135860771516,0.03701311164202962,0.7950418785602872
1472.0,1.4557648644517016,1.4195036574803868,1.4489603151720762,1.4233522101000258,0.03626120697131485,0.02560810507205047,0.058471987585276844,0.03689010290288479,0.8784575976936628
1470.0,1.4685461980525116,1.42895776200522,1.4610537385727838,1.4335909490422654,0.039588436047291564,0.027462789530518394,0.060379755401291466,0.03688022795879087,0.9487661252419357
1468.0,1.477942251827845,1.4363327412577778,1.4699689137412493,1.4412684282603054,0.04160951057006734,0.028700485480943838,0.06107526010498919,0.03693652040494853,0.9922168580594845
1466.0,1.4848836520487319,1.4425799518045987,1.4767599343923545,1.4478537172350672,0.0423037002441331,0.02890621715728736,0.06088613161993872,0.03703512435389437,1.0081303707492284
1464.0,1.490944096442979,1.4490248313651148,1.482402822230634,1.4549600774367257,0.04191926507786414,0.02744274479390829,0.06012183319642953,0.03715404137235177,1.0012638473956001
1462.0,1.4957647635642282,1.4547658338100076,1.4866646353661634,1.4610846174961498,0.04099892975422059,0.025580017870013627,0.05882332586609404,0.037288756727472325,0.9841739772415172
1460.0,1.4984767255906115,1.4587678753853361,1.489480712259724,1.4649780181007617,0.03970885020527537,0.024502694158962335,0.05683686190178749,0.037515308546147645,0.9599138492019191
1458.0,1.5004608024167623,1.4627260269894249,1.4921738861608187,1.469110482231101,0.037734775427337386,0.02306340392971773,0.054021838349052685,0.03790843322080287,0.9195581612144017
1456.0,1.5054950101017104,1.4699390514624955,1.4968602880202848,1.477995999774437,0.0355559586392149,0.01886428824584785,0.051416948803331704,0.038195058364671824,0.8736514311074699
1454.0,1.5115282217845643,1.4774260126559815,1.5017568406049229,1.4870154612045048,0.03410220912858275,0.014741379400418086,0.04967952492494883,0.03830055428706923,0.8436938729660869
1452.0,1.5154697562289343,1.4828495404637674,1.5051079185895775,1.4933197428441793,0.03262021576516694,0.011788175745398144,0.04775930989965749,0.03848947959247812,0.811786800095089
1450.0,1.5180517060450818,1.487276891124819,1.507539730523824,1.498521461322472,0.030774814920262683,0.00901826920135207,0.04528665676704767,0.038863197700451775,0.7692653290383901
1448.0,1.5204371915267487,1.4917547831292037,1.509855434182348,1.5039868158708019,0.02868240839754499,0.00586861831154617,0.04248398863199015,0.039381659896646944,0.7185788780497667
1446.0,1.5234100611385217,1.4967455704144652,1.5126177900944253,1.5102195024008174,0.026664490724056522,0.002398287693607948,0.039881160675236685,0.03999750531918812,0.6669768033030343
1444.0,1.5268799809341147,1.5018502517844083,1.5158008172630681,1.514460902756532,0.02502972914970636,0.001339914506536255,0.03775791327722739,0.040698140128406675,0.6222735800499276
1442.0,1.5304771191068494,1.506709895498986,1.5192503603688858,1.5175353256853734,0.02376722360786343,0.0017150346835124175,0.03596806661879757,0.041533500584341854,0.58455205737993
1440.0,1.533806995057065,1.5110495457754627,1.5228146393459199,1.5227464264250639,0.022757449281602282,6.821292085601449e-05,0.03431887257232416,0.04260732929908161,0.5504749601506911
1438.0,1.5370019996979534,1.515132939211328,1.5266150671373238,1.5277763529486497,0.021869060486625402,-0.0011612858113259072,0.03270386846771841,0.04400678024653543,0.5165953458288142
1436.0,1.5413479065087816,1.5201716494048518,1.5313648967791198,1.5337913057360346,0.021176257103929785,-0.002426408956914816,0.031494517305566405,0.04561977755762451,0.48586513576241797
1434.0,1.5466345710516152,1.5257397488183881,1.5365386580378115,1.5407951373469675,0.02089482223322703,-0.004256479309155958,0.030955560363422518,0.04709568439153137,0.46628566632229107
1432.0,1.5513463596707282,1.5305218267678893,1.5410583829401086,1.5467547173321232,0.02082453290283892,-0.005696334392014668,0.03055119556452353,0.048503899753510424,0.45269801972051416
1430.0,1.5554650579819393,1.534815132362549,1.5450749278977034,1.5522060469092718,0.020649925619390386,-0.0071311190115683765,0.03002174204751353,0.050087516029481215,0.4362265328978509
1428.0,1.5592480416649381,1.538956886103131,1.5487755389264248,1.5577243858082146,0.02029115556180705,-0.008948846881789763,0.029514005712907822,0.05166101900775286,0.41687241109282025
1426.0,1.5623942890917082,1.5427395476632544,1.5518903552937242,1.5628761845025436,0.019654741428453804,-0.010985829208819409,0.028987215615799818,0.052984734494427706,0.3947142539947022
1424.0,1.5647798043599723,1.5462201155693065,1.5543224862653036,1.5670674876329396,0.01855968879066583,-0.01274500136763601,0.028336753080886474,0.0539846253534259,0.36664300784877346
1422.0,1.5662644724230104,1.5493288372094907,1.5560603388950538,1.5708392021431052,0.016935635213519706,-0.014778863248051444,0.02754905558219868,0.05456993637451453,0.3316217261572085
1420.0,1.5669058682091357,1.5521925626860245,1.5586399557171078,1.574358499942961,0.01471330552311123,-0.01571854422585317,0.026686758244856654,0.05476355206568948,0.2875633287035391
1418.0,1.5678257000060927,1.5556142539731126,1.5620248592890364,1.5782274086730168,0.012211446032980078,-0.016202549383980358,0.026259310006035617,0.0547690011220479,0.23881529056741413
1416.0,1.5692805657832993,1.5591201090633118,1.5656633350034483,1.58212468051112,0.010160456719987554,-0.016461345507671643,0.026483959196370997,0.05484768192952552,0.19835752373464743
1414.0,1.5702121789084782,1.5616636415551268,1.5684252739240343,1.5863994427015817,0.008548537353351371,-0.017974168777547428,0.026853809006479566,0.05522832007429704,0.1656869414365695
1412.0,1.570346542777844,1.5631547827459735,1.5702369912328689,1.5886935387099368,0.007191760031870498,-0.01845654747706793,0.027177100782628534,0.05599054021932658,0.13750322640049933
1410.0,1.5702940006079824,1.5641283446668348,1.5717470772578312,1.5902912074282738,0.006165655941147596,-0.01854413017044254,0.027540604739005353,0.057009317007827943,0.11580255056883387
1408.0,1.5703956510725896,1.564988403278308,1.5732505571788582,1.5915815107258973,0.0054072477942817,-0.018330953547039064,0.027802995900472863,0.05794801630826445,0.09994340916047635
1406.0,1.5707668002110438,1.5660741447898896,1.5749201129887842,1.5929596094070033,0.004692655421154157,-0.018039496418219114,0.02783513557562896,0.05853711343758715,0.08589613472989212
1404.0,1.5717426168615927,1.567763423762873,1.577165646937273,1.5944847139760747,0.0039791930987196356,-0.017319067038801705,0.027825692208382803,0.0588268801349762,0.07249434297246166
1402.0,1.572937506961333,1.5695389765836059,1.5795311192773178,1.59588165681018,0.0033985303777270826,-0.016350537532862086,0.02784291890372766,0.05926004377851135,0.061480623293147046
1400.0,1.5736446048309318,1.570645785766926,1.5813315523188889,1.5964662564492795,0.0029988190640057866,-0.015134704130390642,0.027771754670503357,0.06046162542504715,0.053221394660554394
1398.0,1.5740911813232756,1.571199642453079,1.582342429031999,1.5966056568088836,0.0028915388701966638,-0.014263227776884602,0.02779315312955317,0.06254233208820503,0.049674567222335916
1396.0,1.574806137963443,1.5717111632502592,1.5824737125615762,1.5969470692636765,0.0030949747131838734,-0.01447335670210026,0.028026369141589125,0.06517447123415132,0.05108392720989391
1394.0,1.5760931019802853,1.5725447126132996,1.5832535951719204,1.598017311136577,0.0035483893669856492,-0.014763715964656532,0.028365169018674127,0.06802935253360891,0.056169891270610166
1392.0,1.5778701945024913,1.5737051043843435,1.5845957804211541,1.5997201267882977,0.004165090118147807,-0.015124346367143549,0.028735564113790545,0.07064831713061392,0.06353962116960031
1390.0,1.5793382192469836,1.5746416262717071,1.5854727328870477,1.6009711428576985,0.00469659297527647,-0.015498409970650773,0.029047790303060466,0.07300932451094304,0.06937884975445609
1388.0,1.580309452057547,1.5753563134443822,1.5856094605615216,1.6015410563206829,0.004953138613164709,-0.015931595759161254,0.0292306338527288,0.07545143288016792,0.07085677073865036
1386.0,1.58145945095566,1.5764776042271622,1.5859214642327495,1.6031890130074515,0.004981846728497885,-0.017267548774702046,0.029390798131990692,0.07789543408813535,0.06908322406890498
1384.0,1.5829500222289488,1.5780118607329947,1.5867153534594065,1.6052887621207563,0.004938161495954052,-0.01857340866134982,0.029697457742540675,0.08011025048034578,0.0666162409054133
1382.0,1.584253588570321,1.579419071691844,1.587365540546847,1.6065757805443062,0.004834516878477135,-0.01921023999745919,0.030164282156241916,0.08218674685172075,0.06358712420971291
1380.0,1.5849528527334575,1.5803605709532553,1.5874118345121362,1.6078082754302545,0.004592281780202212,-0.02039644091811832,0.03069150482891941,0.08414421984455896,0.05900549650230428
1378.0,1.5848609636584718,1.580663053407326,1.5866829169151313,1.6083735936940955,0.004197910251145798,-0.02169067677896419,0.031274234065519574,0.08589005785626332,0.05284426869947581
1376.0,1.583945461890718,1.5802090137380087,1.585142880094633,1.6081720961757844,0.0037364481527093485,-0.023029216081151382,0.03198632669977769,0.08745258560161044,0.04618951536807846
1374.0,1.5825744329560125,1.5792922358930923,1.5832755815305597,1.6068044981229033,0.0032821970629202113,-0.023528916592343574,0.032846254018317575,0.08891056463337818,0.039898278969543094
1372.0,1.581191358548828,1.578326196580359,1.5816567462769187,1.605523910181954,0.0028651619684689766,-0.023867163905035405,0.03376610473512771,0.090258211107497,0.03429718073511146
1370.0,1.579620430422969,1.5771857031205438,1.579960586553868,1.604120747669185,0.0024347273024252214,-0.024160161115317047,0.034730195482985456,0.09155945965149345,0.028719522157686472
1368.0,1.5775536264655097,1.5756705004640887,1.577716497956972,1.6022372634767255,0.0018831260014209317,-0.024520765519753462,0.03580093963393276,0.09289021114841968,0.02188481751838213
1366.0,1.575103338289664,1.5739151475094437,1.5750741526683811,1.6000805415126185,0.0011881907802202551,-0.025006388844237337,0.03689605941339768,0.09420295782270134,0.01360975337294283
1364.0,1.5724141645622787,1.5719980359067685,1.5722480561093797,1.5977392844929503,0.00041612865551021727,-0.025491228383570652,0.037947335335715475,0.09551115211606473,0.004699099710878408
1362.0,1.5699759138013287,1.5702740030459075,1.5698831560181177,1.595534626466806,-0.0002980892445787475,-0.02565147044868832,0.03895384494291895,0.09678428470848603,-0.003320538071971278
1360.0,1.5683088438872497,1.5691571299223561,1.5685391625464735,1.5940402988771125,-0.0008482860351064492,-0.025501136330638996,0.03972622273557123,0.09785073816772492,-0.009343852607654666
1358.0,1.5670626365115374,1.5682982945472514,1.567616563196785,1.5929685738721804,-0.0012356580357140157,-0.025352010675395276,0.040159653352245556,0.09867882156371145,-0.013495483015882945
1356.0,1.5658864582501515,1.5674164643129604,1.5665899787465452,1.5919188961037278,-0.001530006062808953,-0.02532891735718268,0.04040584611394205,0.09938244849755698,-0.01659248259304606
1354.0,1.5648718944807132,1.5666814548853456,1.5655652424216104,1.5909617312458841,-0.0018095604046324265,-0.0253964888242737,0.04057250551615514,0.0999609352791626,-0.01951165480677164
1352.0,1.5641693849623541,1.5662812096903824,1.5647659845230255,1.5903389803138173,-0.0021118247280282887,-0.025572995790791753,0.040537770211783744,0.10035445820113563,-0.022684986095892087
1350.0,1.563833762694386,1.5662334289911644,1.564309552069992,1.5900765504067909,-0.0023996662967784577,-0.025766998336798963,0.0401664402463032,0.10055042952586857,-0.025735681622522513
1348.0,1.563911238867701,1.5665393276099489,1.5642429053712452,1.5900843628176675,-0.002628088742247847,-0.0258414574464223,0.03953482699645506,0.10057655924582522,-0.02819194507221465
1346.0,1.564321357301103,1.5670848868475533,1.5643595308683906,1.5903081789049578,-0.0027635295464503162,-0.025948648036567157,0.03881116117179377,0.10055454205250065,-0.02966727819468327
1344.0,1.5648214107231748,1.5675504563578226,1.5644008543772134,1.5904983598996116,-0.00272904563464782,-0.0260975055223982,0.038052319804492404,0.100556109078952,-0.0293130645126777
1342.0,1.5650779256621692,1.5676507153709338,1.5641272881136212,1.5903828982219432,-0.0025727897087646223,-0.026255610108322003,0.03718895025212157,0.10057135267586682,-0.027647893558952273
1340.0,1.5650081012509722,1.5673983742286755,1.563517932408608,1.5899795591651542,-0.0023902729777032228,-0.026461626756546286,0.03618786914696639,0.10054023144800459,-0.02571245241053272
1338.0,1.5649804860974275,1.5671175983806795,1.5630982787423968,1.5894574174557041,-0.002137112283252085,-0.026359138713307306,0.035199269607859046,0.10046046400509481,-0.023022662160949506
1336.0,1.5649434450657502,1.5667536445802073,1.5629159623232445,1.588664892203048,-0.0018101995144570449,-0.025748929879803484,0.03433375423656122,0.1004011481006759,-0.01952352367701492
1334.0,1.5644224834814184,1.5659837558124536,1.5623548757849326,1.587457357888992,-0.0015612723310352017,-0.025102482104059298,0.03358846051119708,0.10044498316924036,-0.0168398498786298
1332.0,1.563351951208446,1.564836944177435,1.5612243954335212,1.5859704807792026,-0.001484992968989074,-0.024746085345681346,0.03295129909176268,0.10058856589148708,-0.016001298104792228
1330.0,1.5620716529795025,1.5636286422143908,1.5598307535415943,1.5843807183071386,-0.0015569892348883396,-0.024549964765544274,0.032435428128507617,0.1007304085656459,-0.016759408503833853
1328.0,1.560836994839928,1.562643295120812,1.5584326302041474,1.58301230646328,-0.0018063002808839101,-0.0245796762591326,0.03205256493761665,0.10080670640702223,-0.019433197942111086
1326.0,1.5596654326235022,1.5619729481625388,1.5570594301170333,1.5820519039245324,-0.002307515539036631,-0.024992473807499138,0.03180764092937004,0.10081174468685454,-0.024828084075384914
1324.0,1.5584808322228043,1.5615616236409522,1.555605629676538,1.5812138202161252,-0.003080791418147877,-0.025608190539587294,0.03170947858326324,0.10075206471983701,-0.033169519267031114
1322.0,1.5571619397459164,1.561260335516593,1.553934563080114,1.5806820185247603,-0.0040983957706766105,-0.026747455444646295,0.03171593360437401,0.10062575934343597,-0.044179748841846535
1320.0,1.5556089151728536,1.5608994992653007,1.5520275654520848,1.5800888854024608,-0.005290584092447093,-0.028061319950376085,0.031746932269098395,0.10044288145193929,-0.05713197750125923
1318.0,1.5538362915281745,1.560290377169421,1.550014221691876,1.5793342062136053,-0.006454085641246499,-0.029319984521729348,0.0317383436878303,0.10020778773663504,-0.0698570719088127
1316.0,1.5518016785497613,1.559165080118524,1.5478604655796444,1.5780143494848355,-0.007363401568762695,-0.030153883905191137,0.03164019855481214,0.09990732717853071,-0.0799390676503464
1314.0,1.549324498693292,1.5572703754153145,1.5453087105848557,1.5757887057430349,-0.007945876722022627,-0.03047999515817912,0.031355691524905444,0.09952444694709237,-0.08660323343048591
1312.0,1.5464387066828795,1.554584031391949,1.5423727181606526,1.5727846203351292,-0.00814532470906948,-0.030411902174476646,0.030819412014373427,0.09904721806660073,-0.08922614009610003
1310.0,1.5432985776908081,1.5512284649969406,1.5392137145386853,1.5691985653820826,-0.007929887306132422,-0.029984850843397304,0.03010011420237346,0.09844757352211968,-0.08742391526943154
1308.0,1.5399632372012593,1.547432079968797,1.535834167854976,1.5651063683750666,-0.007468842767537787,-0.029272200520090497,0.029308735812366926,0.09770384885659059,-0.08299635360018705
1306.0,1.5366587784935002,1.5436158359424828,1.5324221244250742,1.5608151254141798,-0.006957057448982562,-0.028393000989105577,0.028538978928178898,0.09688567344621195,-0.07798672861657839
1304.0,1.533701686075001,1.5401564165656063,1.5293346179044962,1.5567605310900645,-0.006454730490605298,-0.027425913185568307,0.027805356390999326,0.09610543627507584,-0.07296515920367078
1302.0,1.5311794953331608,1.5371532072287402,1.526654189525538,1.5530695089447761,-0.005973711895579381,-0.026415319419238026,0.027102472143059175,0.09543366667773409,-0.06802343645707894
1300.0,1.529046645447781,1.534402281429381,1.5242619412460918,1.5498162652514118,-0.005355635981600049,-0.025554324005319984,0.026499259602059597,0.09485916585766946,-0.061370460231325724
1298.0,1.5272337752008027,1.5316059403162932,1.522082604037573,1.5470947440770335,-0.004372165115490434,-0.025012140039460506,0.026054897759980617,0.09432412914948796,-0.05039363325094149
1296.0,1.525679214234694,1.5285856995434621,1.5220589615752576,1.5444540953961865,-0.0029064853087681364,-0.022395133820928947,0.025834950419075305,0.09375774935491189,-0.0337037996813488
1294.0,1.5243682409865646,1.525401142919274,1.5238235562817928,1.5418353038031951,-0.0010329019327093292,-0.018011747521402333,0.026011446076379268,0.09312166168970609,-0.01205692692226397
1292.0,1.5232898044604384,1.5222963849876328,1.5260316625399923,1.5392386339648225,0.0009934194728056234,-0.013206971424830183,0.026726754829964144,0.09244606058804437,0.011674410075978449
1290.0,1.522533040005626,1.519534988038045,1.5286224301792575,1.5355993961594705,0.0029980519675809614,-0.0069769659802130235,0.028035666190168205,0.09177270054160339,0.035456887181452366
1288.0,1.5222386599077786,1.5173203389047762,1.529239204930231,1.5315459063668326,0.004918321003002379,-0.0023067014366016103,0.029881912212318076,0.09111458018528018,0.058505673267608464
1286.0,1.5222872011293695,1.5156133819470732,1.5297687896355219,1.5282613368611,0.00667381918229637,0.0015074527744218802,0.03209784625858117,0.09047492566327031,0.07980651801222365
1284.0,1.5222735335753177,1.5139685235480944,1.5302380914700544,1.5251860392014518,0.00830501002722328,0.005052052268602614,0.03456631665011189,0.0898806470899492,0.09975495193520911
1282.0,1.521776371298308,1.5116604759260384,1.5302070662972969,1.5213781940656257,0.010115895372269534,0.00882887223167117,0.03735808608485649,0.08932073125735812,0.12194821212393299
1280.0,1.52055516308575,1.508071459620218,1.529323500649465,1.5169303438340997,0.012483703465531848,0.012393156815365236,0.04067209623410681,0.08872635349748324,0.15098790546767044
1278.0,1.5184980296511297,1.5029139817487014,1.5274059873360781,1.5113083209641123,0.015584047902428289,0.016097666371965857,0.044622814528898276,0.08802541418606104,0.18913839449260253
1276.0,1.515502116666494,1.4962186796542412,1.5243776270994187,1.5038033005792037,0.01928343701225277,0.02057432652021496,0.049137986872556334,0.08720783821359374,0.23488289829591225
1274.0,1.5114791935743137,1.4880969971117597,1.520167712709553,1.4964560859484783,0.023382196462554017,0.023711626761074633,0.054121452194382184,0.0862864128755784,0.2858159637518243
1272.0,1.5064778793116187,1.4785887821710475,1.514825955822111,1.488784895729086,0.027889097140571195,0.026041060093025203,0.059489739585138375,0.08523489394870658,0.34215259216352645
1270.0,1.5006157015163257,1.467769730594312,1.5084282810628409,1.4798415840532324,0.03284597092201369,0.028586697009608475,0.06507569861694663,0.08408176211923477,0.4043899028038171
1268.0,1.4939645004660331,1.4557615635232959,1.5009335219742184,1.4698026638570707,0.03820293694273724,0.031130858117147664,0.07069691951092408,0.08294241800999227,0.47146590606529915
1266.0,1.4866003741379312,1.4425927996986005,1.4923682441275605,1.458709281241898,0.04400757443933068,0.0336589628856625,0.07630468912325274,0.08192018117135522,0.5432275932800348
1264.0,1.4786594414729508,1.4282657530360228,1.4829502546395923,1.4464877638889613,0.05039368843692804,0.036462490750631016,0.08195939189181972,0.08107091712008553,0.6204616159653513
1262.0,1.470298100949697,1.4128292569376748,1.4728598973819167,1.4331233847698481,0.057468844012022124,0.039736512612068564,0.08768893826977509,0.08041355974184936,0.703661568055711
1260.0,1.4617814610372772,1.3964924892371569,1.462276459170551,1.4187772164196708,0.06528897180012039,0.04349924275088024,0.09347443839353135,0.07993022178634032,0.7928956865507942
1258.0,1.4534474390624106,1.3797629927768063,1.4515432600945803,1.4039253048726732,0.07368444628560433,0.04761795522190715,0.09925556248881195,0.07960790450796768,0.8855736602686135
1256.0,1.4454364436307048,1.363081915649906,1.4409630119237133,1.3890554974047324,0.08235452798079868,0.0519075145189809,0.10495095556933164,0.0794317475034415,0.9778079066173736
1254.0,1.4377115338169106,1.3466146164096573,1.4305928942551507,1.3744245227662812,0.09109691740725334,0.05616837148886944,0.11050706339743799,0.07938297708185213,1.067182638986852
1252.0,1.4301686302735015,1.3303727720550775,1.420265421102302,1.3601262318447922,0.09979585821842396,0.06013918925750983,0.11599467735655647,0.0794638111356471,1.1519945464004027
1250.0,1.422615584573712,1.3141698648673392,1.4097479647499882,1.344772018455958,0.10844571970637285,0.06497594629403025,0.1216426399854445,0.07968365770721336,1.2312734547143098
1248.0,1.4147216436555938,1.2975841986988979,1.3987729307859431,1.3281538537847868,0.11713744495669598,0.07061907700115633,0.127592162960236,0.08004534072225396,1.3053461508400748
1246.0,1.406076723431423,1.2801387508563968,1.3869722211368933,1.3106811032343781,0.12593797257502626,0.0762911179025152,0.1338330645708465,0.0805528593640871,1.3747083482434606
1244.0,1.3963883790627225,1.2614658962829475,1.3740052893166235,1.291958489371329,0.13492248277977503,0.08204679994529451,0.1405155791592416,0.08121464380799567,1.4393185667312227
1242.0,1.3855211344412268,1.2413975458595634,1.3597200398234912,1.2718044654876053,0.1441235885816634,0.08791557433588593,0.147821690350968,0.08202226001263951,1.4986673850891608
1240.0,1.3734120800838472,1.2199567859545715,1.3440997455418953,1.2502469466971915,0.15345529412927572,0.09385279884470377,0.15568641493126295,0.0829390105749677,1.5523430905070805
1238.0,1.3601435830479232,1.1973377198588546,1.3272393564007965,1.227133726484436,0.16280586318906853,0.10010562991636052,0.16388311931500496,0.08390952663680487,1.6007877871618792
1236.0,1.3459659006402607,1.1739272851709344,1.3093979613341382,1.2028283794548633,0.1720386154693263,0.1065695818792749,0.1722474765069504,0.08488892495971528,1.6440665922887154
1234.0,1.331063921554075,1.1500454108053295,1.2907784710216688,1.1779896449266523,0.18101851074874542,0.1127888260950165,0.18070803176282277,0.08584761037777809,1.6818695021927887
1232.0,1.3156249639391298,1.1259575275884957,1.2716097347434037,1.1528694736286056,0.1896674363506341,0.11874026111479807,0.189192221357635,0.08676318383822244,1.7144424861388798
1230.0,1.3000294538339388,1.1022511316016341,1.252393513203267,1.1280266975045379,0.19777832223230463,0.1243668156987292,0.19749512474292114,0.087612063947232,1.7415244961239649
1228.0,1.2849774119948822,1.080023109047756,1.2339695112353581,1.104620141825814,0.20495430294712635,0.12934936940954422,0.20524365902400474,0.08833704724670922,1.762420217499548
1226.0,1.271267418269156,1.0605041643783606,1.2172680998478098,1.0839354762031308,0.2107632538907953,0.13333262364467902,0.21201959500494932,0.08884874671844478,1.7768085050864315
1224.0,1.2594776862934336,1.0445560155638285,1.2029936530728382,1.0668222437464672,0.2149216707296051,0.13617140932637106,0.21747604283107014,0.08908784911515881,1.7850422278341127
1222.0,1.2498154932921013,1.032432730595771,1.1914268458226818,1.0534865207271418,0.21738276269633028,0.13794032509554,0.2214435089216011,0.08906106239385846,1.7879166258144568
1220.0,1.2421548332261696,1.0237929709100229,1.182423301117184,1.0435258248271986,0.21836186231614674,0.1388974762899855,0.22403501193705924,0.08881005507717599,1.7866151313482217
1218.0,1.2362847393000296,1.0180533941221137,1.175643479532126,1.0363076224974204,0.21823134517791587,0.13933585703470563,0.22556009337259036,0.08838152094152468,1.7825069415609271
1216.0,1.2320231472710796,1.014689197621318,1.17075203931403,1.0313635107544168,0.21733394964976172,0.13938852855961326,0.2263018392753812,0.08784864233571274,1.7765047708315147
1214.0,1.229148749316182,1.0132725413426362,1.167489522241264,1.0283681732140355,0.21587620797354568,0.1391213490272285,0.22642151286573262,0.08729666962196567,1.76882119605087
1212.0,1.2273855655985708,1.0133900394799613,1.1655990516318298,1.0269358044422896,0.2139955261186095,0.13866324718954015,0.22603045042309025,0.0867835189625914,1.7595609278649027
1210.0,1.2264568195099819,1.014604110741833,1.1647562364791288,1.026632226860254,0.21185270876814877,0.13812400961887494,0.22527560313127604,0.08633818150975779,1.7491123966057205
1208.0,1.226096519534511,1.0165042128662478,1.1646192939756599,1.0271099170603213,0.20959230666826323,0.1375093769153386,0.22433281341839886,0.08598564669377466,1.7376471019882709
1206.0,1.2261093683562698,1.0187614015515862,1.164912680411302,1.0281183863708252,0.2073479668046836,0.13679429404047672,0.22337117604806392,0.08574098223652186,1.7253827553891692
1204.0,1.2263376648779367,1.0211313261954826,1.1654377493764616,1.029435073281964,0.20520633868245408,0.13600267609449768,0.22246236190095553,0.08559343706011277,1.7128236844652152
1202.0,1.226628031718788,1.0234405664290374,1.1660761527033823,1.0319522968185284,0.20318746528975073,0.13412385588485387,0.22160889155903604,0.0855358096717111,1.7002056273974613
1200.0,1.2269589355253538,1.0255964513414826,1.1668023812943673,1.0359319520705106,0.20136248418387126,0.13087042922385672,0.22095037435481102,0.08557428602846398,1.687482085658138
1198.0,1.227397979421289,1.0275646168496015,1.167600339258028,1.0396848043567313,0.1998333625716875,0.1279155349012968,0.22066532302599304,0.08571090881259245,1.6747545555129306
1196.0,1.227979284768422,1.0293405147059778,1.1684900808460936,1.0430599694388412,0.19863877006244435,0.12543011140725246,0.2207875967412319,0.08592708447628371,1.6624142227936223
1194.0,1.2287840504942935,1.0309394788066628,1.1695997307506831,1.0458268300916251,0.1978445716876307,0.123772900659058,0.22135571703470816,0.08619831303952534,1.6511038628564627
1192.0,1.2299210932395643,1.0324350009673968,1.1710370486388384,1.048297745644283,0.1974860922721675,0.12273930299455538,0.22245158341289095,0.08652031537679093,1.640848341376745
1190.0,1.2314166581940202,1.0339017894319968,1.1727648806267532,1.0499142564466868,0.1975148687620234,0.12285062418006643,0.22407536165564376,0.08688637630390422,1.6313334249917828
1188.0,1.2332457207831433,1.0353297549289995,1.1747404896850417,1.0514076420591545,0.19791596585414384,0.12333284762588725,0.2261722903584948,0.0872719103642696,1.6228814846802722
1186.0,1.2352944859211257,1.0366477599748316,1.1769135005263132,1.0527045740493959,0.19864672594629407,0.12420892647691728,0.22864814636235728,0.08763917413189852,1.6158232762756073
1184.0,1.23742448524703,1.037768777463722,1.1791713725363102,1.0537253015151595,0.19965570778330788,0.12544607102115068,0.23142039426563277,0.08796162061009943,1.6102520679740664
1182.0,1.239606423475896,1.038659476368738,1.1814429087935765,1.0544808805502695,0.20094694710715788,0.12696202824330705,0.2344519282684273,0.08821818263167756,1.606462616084113
1180.0,1.241809788016396,1.0393806900907308,1.1836689723089329,1.0550657676133388,0.20242909792566532,0.12860320469559405,0.23766332565004514,0.08839282856225812,1.6041039148401741
1178.0,1.2439405364893106,1.0400970000941465,1.1858379351481196,1.0556200081280367,0.20384353639516406,0.13021792702008295,0.2407983662387041,0.08847355333006052,1.6021915223096177
1176.0,1.2459608419582995,1.0410346337903031,1.188063319680738,1.0563831892367683,0.20492620816799634,0.13168013044396965,0.2435411855207915,0.08843906567250429,1.6000450833996718
1174.0,1.2479694927728802,1.0424992652725564,1.1904742737555094,1.0577154081540057,0.20547022750032373,0.13275886560150374,0.24566856203609685,0.088264911727222,1.5971130380066323
1172.0,1.2501715696282363,1.04495798848755,1.1933159856249125,1.0601026620162717,0.20521358114068633,0.1332133236086408,0.2468620785199275,0.08791844415606687,1.5928530511198233
1170.0,1.2529984667405145,1.0491650631478446,1.1971820737836463,1.0642724539800155,0.20383340359266988,0.1329096198036308,0.24666702180045216,0.08735258010893049,1.5868650513964362
1168.0,1.2573752649908478,1.056408327122526,1.2031470543061742,1.0715047719807003,0.20096693786832187,0.13164228232547392,0.24467164120665666,0.0864894260964567,1.5784070300040531
1166.0,1.2647439932318216,1.0685951723100025,1.2128309524451524,1.083432441807406,0.19614882092181918,0.12939851063774643,0.2403475711494836,0.08516363173654914,1.5668426824482913
1164.0,1.276264333283857,1.0872202842471335,1.227589910325848,1.102241251970434,0.18904404903672356,0.12534865835541398,0.233180789423232,0.08320190578493558,1.5523070564189996
1162.0,1.2904387224495857,1.1099648715191717,1.245607197441289,1.1257009149356239,0.18047385093041401,0.11990628250566515,0.22402387484130984,0.08079951512922222,1.536021795839191
1160.0,1.3011134613963629,1.1276360640962775,1.2594116396985235,1.1437150441014041,0.17347739730008538,0.11569659559711942,0.21636390444493284,0.07887977082252393,1.5222447730101838
1158.0,1.301193835765695,1.1295019656990695,1.260420671775101,1.1456915544384008,0.17169187006662545,0.11472911733670021,0.21431594726673406,0.07855097620348327,1.5177279647278206
1156.0,1.290227405367356,1.1149438869767008,1.2481992301375153,1.130659509128809,0.17528351839065515,0.11753972100870635,0.2182311788132919,0.07982491438445075,1.522910227170634
1154.0,1.2746286822660096,1.093872097136699,1.2305670677339897,1.1081474817733985,0.18075658512931048,0.12241958596059122,0.2245516579720993,0.08160791973342697,1.5301997077581768
1152.0,1.260488737717201,1.0753984246929942,1.2147543334426574,1.0881342104007752,0.18509031302420675,0.1266201230418822,0.2300723120095983,0.08299437683516381,1.5338016332412658
1150.0,1.249775598687588,1.0621711218991607,1.2030300024824867,1.0734738446261622,0.1876044767884273,0.12955615785632446,0.23391833937445544,0.0837999956894466,1.5332329968382008
1148.0,1.2418197902525787,1.0530768042588583,1.1946730157284642,1.0630941333464698,0.1887429859937204,0.13157888238199433,0.2363713092625603,0.08419204966565606,1.5299610482293746
1146.0,1.2355743576938933,1.0465438226637729,1.1884476235993073,1.054992498677736,0.18903053503012046,0.1334551249215714,0.23794498398869748,0.08437397247938559,1.5247980700485346
1144.0,1.2305068439138247,1.0415558648038186,1.183572797386324,1.048200090808448,0.18895097911000613,0.13537270657787603,0.23920391544188135,0.08448878555057182,1.5184233363445099
1142.0,1.2263249748542915,1.0375041630293593,1.1796455349661135,1.042614285329088,0.18882081182493216,0.1370312496370254,0.24047022671424223,0.08459338169393475,1.5117268894654807
1140.0,1.2227000310829341,1.0339579230727347,1.1762936368686185,1.0386061898953076,0.18874210801019942,0.13768744697331092,0.2418980601002261,0.08470417092644113,1.5048199117513885
1138.0,1.2193576873726348,1.0306134815171426,1.173232351037848,1.0347845113974001,0.18874420585549223,0.13844783964044782,0.24353068435768,0.08483030310179326,1.497717586240928
1136.0,1.2160832263157895,1.0273854029718694,1.1703253842105263,1.03096192831216,0.18869782334392005,0.1393634558983663,0.2451448148830216,0.0849832445887561,1.490183558319946
1134.0,1.212746351256929,1.0243658696999238,1.1675128164813768,1.027244410127508,0.18838048155700515,0.14026840635386884,0.24643298793881224,0.0851728385860837,1.4815721169463145
1132.0,1.2094223114801064,1.021704340252481,1.164843453171101,1.0238299366998356,0.18771797122762535,0.14101351647126537,0.2473424422662685,0.08541204460333426,1.4714165432809065
1130.0,1.2061750891264498,1.0194659485707231,1.1623154490383767,1.0208270679047553,0.18670914055572663,0.1414883811336214,0.24793723477144555,0.08569632828867614,1.4594955101304257
1128.0,1.2029259637978282,1.0176156473812685,1.1599135055431393,1.0182380447210542,0.1853103164165597,0.14167546082208515,0.2481160225631302,0.08599603421294255,1.4460157398788707
1126.0,1.1996377247330843,1.0160977877764117,1.1576601038107142,1.0160011044148074,0.1835399369566726,0.14165899939590676,0.24780259640597138,0.08630719331677851,1.4313832504278288
1124.0,1.1963672459696866,1.0148737915759771,1.1555267455185612,1.0140456246402665,0.18149345439370945,0.14148112087829467,0.2470753910915306,0.08664009026076346,1.4159401061039294
1122.0,1.1932705188493966,1.0138874412913013,1.1535592420443763,1.0122836259080845,0.17938307755809535,0.1412756161362918,0.24613802492119924,0.08696930479855379,1.4007306500040688
1120.0,1.190454752143494,1.013017574861065,1.1518330212832704,1.0106621474091395,0.17743717728242903,0.14117087387413085,0.24513664409588926,0.08725085048447201,1.387275963444063
1118.0,1.1878864463961627,1.012122385301076,1.1502522722647135,1.0091506518278455,0.1757640610950868,0.14110162043686802,0.24414643935555022,0.08745512469654708,1.3763422670005674
1116.0,1.1854909993984992,1.0110456841672781,1.148638679129224,1.00762516661827,0.1744453152312211,0.14101351251095395,0.24322512383299025,0.08755723060440747,1.3685331991218985
1114.0,1.183192872703538,1.0096312669536651,1.1468605413829849,1.0059269846150656,0.17356160574987278,0.1409335567679193,0.24237805457104555,0.08752922577493936,1.3646544038624169
1112.0,1.1809458251966545,1.0077617648048234,1.1448491490062276,1.003976853172916,0.1731840603918311,0.1408722958333115,0.24160577684691145,0.0873498280792553,1.3654236828171427
1110.0,1.178755932274139,1.0054082999537206,1.1426432394957764,1.0017273774636897,0.1733476323204184,0.14091586203208673,0.24090156142283026,0.0870125985097564,1.371222587190023
1108.0,1.1766215196479406,1.0026613916216403,1.1403061409067106,0.9992069022652202,0.17396012802630034,0.14109923864149032,0.24023618028086582,0.08655225739719168,1.3812604072734347
1106.0,1.1745894869581956,0.9996703330761182,1.1378813905813296,0.9965245320545394,0.17491915388207746,0.14135685852679025,0.2396915655178216,0.08603333707841374,1.394078927828964
1104.0,1.1727679140923564,0.9965179848926439,1.1354962403033948,0.993726693716911,0.1762499291997125,0.14176954658648377,0.2393955413413965,0.08549061314772297,1.4092221339256594
1102.0,1.1710930105917263,0.9931992873878347,1.1331947080842206,0.9907744025180063,0.17789372320389163,0.14242030556621432,0.23928094147895898,0.08492085366904797,1.4264773521907186
1100.0,1.1694008667520093,0.9897149496799652,1.1308576800362977,0.987665703189007,0.17968591707204407,0.14319197684729068,0.23925013080939136,0.08435452743345605,1.4446781046739638
1098.0,1.1676755187067998,0.9861027936083103,1.128439678164749,0.9844214432644891,0.18157272509848943,0.1440182349002599,0.23934302909923635,0.08384510859198614,1.4628769157132593
1096.0,1.166023311562424,0.9824757483764992,1.1260607680216852,0.981129185511094,0.1835475631859247,0.14493158251059124,0.2395997252732352,0.08338914743258612,1.4808582418417953
1094.0,1.1645228891184127,0.9789957757616307,1.1238462287789537,0.9779448429357379,0.18552711335678207,0.14590138584321577,0.24001827436032286,0.08297108076631568,1.4980242252285736
1092.0,1.1631736884077601,0.9757713955082227,1.1218248722264854,0.9749444044625123,0.18740229289953747,0.14688046776397312,0.24052237634808596,0.08259972471325365,1.5137014085903169
1090.0,1.1619608602172145,0.9727900264866075,1.1199965138565524,0.9720676169296505,0.18917083373060695,0.14792889692690192,0.24103156656035954,0.08225167848653668,1.5283327620321527
1088.0,1.1608936108640868,0.969986512183467,1.1183573328307865,0.9692787256871886,0.19090709868061984,0.14907860714359789,0.2415374691123381,0.08189144755150003,1.5427926013375235
1086.0,1.1599911789185693,0.9673741974908737,1.116911567868458,0.9666832537619717,0.19261698142769557,0.1502283141064863,0.2420484035278386,0.08153622048885464,1.5569768242056938
1084.0,1.159250444835002,0.9650519494907986,1.1157126844947653,0.9644110252669158,0.19419849534420341,0.15130165922784955,0.2424239952037618,0.08121107642356849,1.5704672758911837
1082.0,1.1586695699432463,0.9631171250683817,1.114818672381787,0.9624776359922944,0.19555244487486467,0.1523410363894926,0.24245079492987343,0.08089059849825211,1.583547513630576
1080.0,1.1583313159385533,0.9616608151445423,1.1142754325900959,0.9609476414441276,0.19667050079401105,0.15332779114596828,0.24212548864971423,0.08054509725692584,1.5964139117622087
1078.0,1.1585696306669397,0.961015147906447,1.1144391700522682,0.9601960277234756,0.1975544827604927,0.15424314232879266,0.241469938832284,0.08014597748556095,1.6092338824803343
1076.0,1.1599406100759135,0.9618616025527803,1.1160082259555304,0.9609174447760187,0.19807900752313323,0.1550907811795117,0.24028557490912805,0.07965224550870181,1.6221861944790348
1074.0,1.163088220543321,0.9650619608734529,1.1196984206719178,0.9639515435621283,0.1980262596698682,0.15574687710978952,0.23833614906585607,0.07902333964009536,1.6348920249096963
1072.0,1.1685179249913147,0.9713268185647533,1.1260349386054518,0.9706750690947936,0.19719110642656135,0.15535986951065817,0.2353915116549989,0.07821722462953971,1.647087477064468
1070.0,1.1763067047973568,0.9808665827366403,1.135135504210505,0.9821458779187047,0.19544012206071648,0.15298962629180024,0.23127471610931494,0.07724647985901938,1.6584663842138876
1068.0,1.186238790345267,0.993451773998288,1.1468229527070126,0.9978024964869259,0.19278701634697892,0.14902045622008675,0.22596325470937756,0.07621938251620317,1.668475745948764
1066.0,1.1978354517088317,1.008528993474074,1.1605453478786725,1.01312733261689,0.18930645823475767,0.14741801526178255,0.21962217715249685,0.07528333168113448,1.675739955629514
1064.0,1.2101339811758818,1.0249800949170278,1.1751950134883922,1.0326830032771412,0.18515388625885398,0.14251201021125093,0.21261906122176374,0.07457532377121655,1.6784353351832597
1062.0,1.2217986083452166,1.0410991027271843,1.1892884520871143,1.051683255606689,0.18069950561803227,0.13760519648042524,0.20552351358115503,0.07417752554192089,1.6759304707926272
1060.0,1.2317939550579204,1.055437623621183,1.2015833771020115,1.0684186630870465,0.17635633143673735,0.133164714014965,0.19889528109465462,0.0740689795207151,1.6690155807778677
1058.0,1.2398376735698804,1.0675247126999927,1.2115965257374866,1.0824327625602153,0.17231296086988768,0.1291637631772713,0.19305720750371344,0.07416663011215978,1.658408188215422
1056.0,1.2461881018571332,1.077605610842373,1.219552675050946,1.0940758794224559,0.1685824910147602,0.12547679562849012,0.1880368258415872,0.07440322556803948,1.6447131292926476
1054.0,1.2512516177320832,1.086047113608757,1.225977933929562,1.103729319643144,0.1652045041233261,0.12224861428641809,0.18369318149011055,0.07474798334439287,1.6293977860936677
1052.0,1.2553533259161216,1.0931805281530496,1.231312106503207,1.111762250338344,0.16217279776307203,0.11954985616486313,0.1798865647052854,0.07515998372772853,1.613622509600194
1050.0,1.2587170473189147,1.099392771299961,1.235812628279086,1.1186522799337313,0.15932427601895371,0.11716034834535471,0.17647691509029206,0.07556664050246782,1.597298560754137
1048.0,1.2616022650096448,1.1050879003576597,1.239737831538338,1.1248690238707604,0.1565143646519851,0.11486880766757768,0.17331201778305125,0.0759174588212007,1.5803035417642004
1046.0,1.26428752054371,1.110531901779094,1.2433816001472642,1.130726361685965,0.15375561876461608,0.1126552384612991,0.17031872010681104,0.076209936074696,1.5631911908328542
1044.0,1.2667489998541612,1.1156853872504535,1.246738798807363,1.1354338738008813,0.1510636126037077,0.1113049250064817,0.16747933907458296,0.07646357072152479,1.5460505376634375
1042.0,1.268686903558317,1.1203323597152073,1.2495309265248817,1.139356215705389,0.14835454384310975,0.11017471081949282,0.1647103574761623,0.07667188775230974,1.5285026809097484
1040.0,1.2700311944098035,1.124514075110124,1.2517363108889765,1.1428333508511752,0.1455171192996796,0.10890296003780131,0.16188240802945833,0.07679783758283326,1.510357798588203
1038.0,1.2711283035672618,1.128657594514353,1.2537195491726774,1.1463398272694982,0.1424707090529087,0.10737972190317913,0.15892836979609193,0.07681905970150865,1.4912599924623904
1036.0,1.272334388174031,1.133182700276055,1.2558380975468109,1.150258204864118,0.13915168789797594,0.10557989268269297,0.15582354223169748,0.07676050038732628,1.4703062523922428
1034.0,1.2737985572896955,1.1382279471465344,1.2583099072794544,1.1546656157927626,0.13557061014316107,0.10364429148669174,0.15249886378957242,0.07664610383641667,1.447533070787751
1032.0,1.2755816408619869,1.1437374966821856,1.2612459345751383,1.1594713367898013,0.13184414417980128,0.10177459778533704,0.14898608840003869,0.07644834021580774,1.4242176207480923
1030.0,1.277640194758518,1.1495784885554454,1.2645036304258208,1.1645373642021557,0.12806170620307267,0.09996626622366511,0.14544851854228716,0.07611767958727803,1.4010985415736754
1028.0,1.2797849165126185,1.1555394652761393,1.267778596137692,1.169688712548807,0.12424545123647923,0.09808988358888504,0.14201763921463748,0.07565097602949204,1.3778940150085084
1026.0,1.2817481672606055,1.1612739703725286,1.270825812849039,1.1747116418893344,0.12047419688807692,0.09611417095970465,0.13868999836071944,0.07512137881507568,1.3547116737677731
1024.0,1.2833168455180424,1.1664218096864614,1.2734714490785632,1.179299590512883,0.116895035831581,0.09417185856568033,0.13547006065506773,0.07461895268900616,1.3322567964031509
1022.0,1.2843615135843214,1.1707205341753477,1.275534042900996,1.1830099253374367,0.11364097940897366,0.09252411756355938,0.1325013322067038,0.07417914620780183,1.3112033014818627
1020.0,1.2848004423816832,1.174055383255726,1.2768552458763502,1.1856323400513866,0.11074505912595733,0.09122290582496362,0.12989814274814165,0.07378380448132515,1.2918477593283726
1018.0,1.2846274490863412,1.1765076353732935,1.2773634223766015,1.1873008175677078,0.10811981371304769,0.09006260480889372,0.12759777965208868,0.07343256126472798,1.2735720373200174
1016.0,1.284081411180134,1.1784037486258823,1.2773583079099928,1.188372934201793,0.1056776625542517,0.08898537370819981,0.1254817211869702,0.07314190232819731,1.255721180803779
1014.0,1.2835674953007763,1.180180536951941,1.2773855573603456,1.1893121470785737,0.10338695834883538,0.08807341028177196,0.12351744376747321,0.07289577349357974,1.2382851601295117
1012.0,1.283257263048934,1.1821574914401207,1.2776304739021316,1.1904809416401783,0.10109977160881334,0.08714953226195332,0.12159622167558283,0.07263995380162472,1.2205160990723327
1010.0,1.283118945529839,1.1845025585588096,1.2780247765502901,1.1920701048024123,0.09861638697102948,0.08595467174787785,0.1195777227419436,0.07231840035227312,1.2010830421589906
1008.0,1.283151058730879,1.187302800756741,1.2785967494555353,1.1941329135856882,0.09584825797413798,0.08446383586984707,0.11743952258812014,0.07187665251914577,1.1794634511271025
1006.0,1.2834042128605763,1.1905883438938933,1.279412190933674,1.1966408363062675,0.09281586896668292,0.08277135462740648,0.11515826373939242,0.0712566413569268,1.1564554197095518
1004.0,1.2838593815951174,1.194293637046865,1.280448075897973,1.1995100587629828,0.08956574454825228,0.08093801713499027,0.11270634797308952,0.0704496628603146,1.132647722936446
1002.0,1.2844271286835434,1.1982457327613028,1.2816138954425957,1.202585863088602,0.08618139592224061,0.0790280323539938,0.11018746967646875,0.06949588391193301,1.1081477084265974
1000.0,1.284983364877548,1.20224690499077,1.282740266027918,1.2056921223898243,0.08273645988677791,0.07704814363809365,0.107781224194518,0.06843234667955857,1.0827839576666787
998.0,1.2853883138407372,1.2061497564440942,1.2836419041319465,1.2087169015716797,0.07923855739664298,0.0749250025602668,0.10556159607959263,0.06729563202890261,1.0559391825533817
996.0,1.285582823701977,1.2098560208820541,1.2842831685666654,1.2118624873542267,0.07572680281992294,0.07242068121243861,0.10349866527350046,0.0661369327790616,1.0276220719641302
994.0,1.2855832280426338,1.2133237805093051,1.2846853801834057,1.2154549608830132,0.07225944753332869,0.06923041930039253,0.10148573600716772,0.06500297433688974,0.9984440173957682
992.0,1.2853399181265588,1.216566288243579,1.284764874832124,1.2176173429681463,0.06877362988297975,0.06714753186397782,0.09937965911322694,0.06386467276165243,0.9682618154673222
990.0,1.2847977588948203,1.2195948510978034,1.2844852361473365,1.2196548812749222,0.06520290779701687,0.06483035487241429,0.09714669123921335,0.06265737205760148,0.936787113066319
988.0,1.2840106349494427,1.2224389390369783,1.2839278956442832,1.2217274145449832,0.061571695912464364,0.06220048109929999,0.09482492020446487,0.06141890262683354,0.9036898384510439
986.0,1.283058191615548,1.225154512991085,1.2831505687421898,1.2240180687616347,0.057903678624462884,0.05913249998055514,0.09239101050066324,0.060235228105250796,0.8683786068987697
984.0,1.2819768326130019,1.2277973386440504,1.2822005053772083,1.2263628536473754,0.0541794939689515,0.055837651729832904,0.08985471860852348,0.0591069924175791,0.8303910638271952
982.0,1.28084596457239,1.230409123122417,1.2812021202508672,1.228802514434719,0.05043684144997296,0.05239960581614822,0.08732244997195725,0.05799901800957015,0.7901902696242348
980.0,1.2797776002004138,1.232993215285862,1.2802441614251419,1.2312099590940675,0.046784384914551724,0.04903420233107436,0.08490305552811035,0.056902509496911904,0.7491816268886533
978.0,1.2788455856529133,1.2355161733921203,1.279310716142255,1.2334832406365535,0.04332941226079301,0.04582747550570154,0.08264572490336942,0.05583844016926279,0.7088280285891789
976.0,1.2780550123476155,1.2379469219849455,1.2783492490770076,1.2354549830568677,0.040108090362670046,0.042894266020139904,0.08059675989173298,0.05484826233460914,0.6694374339751549
974.0,1.2773165963554765,1.2402492180070364,1.2773385140147058,1.2377176867568744,0.037067378348440094,0.03962082725783134,0.07873143887186725,0.053980116935249706,0.6300444005337275
972.0,1.2765729658194669,1.2424038482526665,1.2763738948397987,1.2396533786770618,0.03416911756680041,0.03672051616273686,0.07697234086816739,0.053256439563797484,0.5902645923805697
970.0,1.2758423809249109,1.2444209149145586,1.2754874536105594,1.2414678729303972,0.03142146601035223,0.0340195806801622,0.07534728327690565,0.05267720739015059,0.5504404199925463
968.0,1.275082315997843,1.2462783040063958,1.2744740381369555,1.2432357160450296,0.02880401199144722,0.031238322091925896,0.07386436113681034,0.05224125972195294,0.5104964339402835
966.0,1.2742444968492515,1.2479898822325914,1.2732628695858461,1.2449898478877475,0.02625461461666001,0.028273021698098644,0.07244994946503439,0.05194538327020736,0.4697744779145854
964.0,1.2733625853735528,1.2496377500359732,1.2720082238749086,1.246663986575128,0.02372483533757963,0.025344237299780747,0.07104968116498872,0.05178839945338053,0.42774366327021895
962.0,1.272536831089805,1.25134309043964,1.2708644067764752,1.2483328567456222,0.021193740650164994,0.022531550030852943,0.06960636358960588,0.05175504077202403,0.38441030995059927
960.0,1.2718701336912954,1.2532263829005295,1.2699198449645062,1.2501824423713126,0.018643750790765967,0.019737402593193565,0.06806086659605318,0.051815036261862346,0.33985594902361427
958.0,1.2713935408164851,1.2553228279053517,1.2692176754463291,1.2522432873695235,0.01607071291113349,0.016974388076805624,0.06642968570875543,0.051942992075642166,0.29420125666518643
956.0,1.271040880952134,1.2575263915049701,1.2686983992434573,1.2543884830387189,0.013514489447163935,0.014309916204738427,0.06477259570031349,0.05216249390729666,0.24812117431057576
954.0,1.2707951563123863,1.2597660910212094,1.2683369712498251,1.2565157921270829,0.011029065291176865,0.011821179122742276,0.06311947190385336,0.05249902976435556,0.2026908152281549
952.0,1.2707994501555613,1.2622067880865957,1.2683251426367643,1.2588088294918331,0.008592662068965584,0.009516313144931177,0.061441644784104674,0.052920416498909766,0.15785661450690291
950.0,1.2711863127168126,1.2650139442545671,1.2688153286669501,1.2615314621586093,0.006172368462245448,0.007283866508340786,0.059723052448254946,0.053394021919286834,0.11325462328318567
948.0,1.2719241543827877,1.2680814373556204,1.2696849529429457,1.2654395941491101,0.0038427170271673194,0.004245358793835585,0.058027365210550505,0.05393410190926288,0.07033098424203285
946.0,1.2728727787417486,1.2711702883257345,1.2707320201087886,1.2700860764074338,0.001702490416014113,0.0006459437013548452,0.05646468281001321,0.05456001505218385,0.031020896800082885
944.0,1.2739089592742583,1.2741463708996843,1.2718855887057883,1.2744057838434852,-0.00023741162542600946,-0.002520195137696968,0.05509822673176176,0.05522745082021119,-0.004300472905154549
942.0,1.2749618167393482,1.2769442674752787,1.273084541990967,1.2784460217992129,-0.0019824507359305077,-0.00536147980824575,0.05393081550733698,0.055882880459606,-0.035679782283845746
940.0,1.2760171848765367,1.2794826770505467,1.2742581351406006,1.2821413686084076,-0.003465492174010043,-0.00788323346780695,0.05296224747672169,0.05654170720696854,-0.06192688056976135
938.0,1.2770770600262638,1.281757159072937,1.2754213743382197,1.2855923643382714,-0.004680099046673325,-0.010170990000051727,0.05221071243029339,0.057208831236995474,-0.08297080669520039
936.0,1.2781236316346558,1.2838734837873536,1.2765893745041508,1.287765494585198,-0.005749852152697743,-0.01117612008104718,0.051664338833811205,0.05781965646205218,-0.10115841295511145
934.0,1.279215319051366,1.285970543956215,1.2778132757284122,1.2894823520295462,-0.006755224904849033,-0.011669076301134007,0.05122170779500496,0.05833461829342588,-0.1180765004109622
932.0,1.2804972069872957,1.2881576040421638,1.279239563222712,1.2913876650246305,-0.0076603970548680955,-0.012148101801918498,0.05078886453835528,0.058815751699142105,-0.13309529944759915
930.0,1.2820426866304817,1.2904840453640376,1.2809379326850783,1.293619383267393,-0.008441358733555893,-0.012681450582314735,0.05041129220647716,0.05933184083688272,-0.14569003239542883
928.0,1.2837992867907089,1.292941151342228,1.2828462994293521,1.2961166086642018,-0.009141864551519108,-0.01327030923484962,0.05013366798592265,0.059872688054312964,-0.15663939627652795
926.0,1.285719741160274,1.2954725561873222,1.2849433887690498,1.298812396519852,-0.009752815027048056,-0.013869007750802131,0.04988476295728969,0.06038668203620079,-0.16595780227270812
924.0,1.2877616824452558,1.2979466554757626,1.2872166947799077,1.3016411466948576,-0.010184973030506805,-0.014424451914949898,0.04962085713657175,0.06082008934756326,-0.17233133818272844
922.0,1.2898152244608534,1.3002157265226784,1.2895687478804883,1.304441244056292,-0.010400502061824968,-0.014872496175803773,0.049385330030316005,0.06112289735808277,-0.17530476878459267
920.0,1.2917234799534354,1.3021782553013725,1.2917977998428838,1.3069967899959036,-0.01045477534793715,-0.015198990153019842,0.04921059716854664,0.061240055011316,-0.1759928330753608
918.0,1.2932943970669064,1.3036794285849245,1.2935887067995497,1.309048620768106,-0.010385031518018062,-0.015459913968556283,0.049133108192695035,0.06110970740703943,-0.17518055169717064
916.0,1.2941988009625356,1.3043564475912304,1.2945282024565725,1.3101961843725694,-0.010157646628694783,-0.01566798191599683,0.04927361454654015,0.06072214026178746,-0.17225515234802719
914.0,1.2940083336390529,1.3037604630647497,1.2941742190019756,1.3099230381810312,-0.00975212942569681,-0.015748819179055573,0.049764089108912724,0.06015491532898052,-0.16655698769624502
912.0,1.2924874348687587,1.30168349006973,1.292210412539992,1.308006040447029,-0.009196055200971331,-0.015795627907037035,0.05073201109823287,0.059492418234703984,-0.15821411280296543
910.0,1.2897649658739132,1.2982764704964909,1.2887514368022464,1.3045754408390415,-0.00851150462257766,-0.01582400403679518,0.05221906021086557,0.05884122987454646,-0.14728269534744642
908.0,1.2862830077689513,1.2939927660109036,1.2844093070751512,1.2999857778349606,-0.0077097582419523025,-0.015576470759809391,0.05407409093064638,0.05831041222025777,-0.133789602118139
906.0,1.2825283888597934,1.2893933551525851,1.2797611554386545,1.2948017417462185,-0.006864966292791763,-0.015040586307563997,0.0561593709589572,0.057933645941652186,-0.11909716699089615
904.0,1.2789542208492568,1.2849741364617309,1.2752023369077683,1.2897366082104837,-0.006019915612474058,-0.014534271302715451,0.05840417264280806,0.05769879276235578,-0.10412024893865066
902.0,1.2758912822496382,1.2810795981604646,1.2710820127391094,1.285713856092268,-0.005188315910826358,-0.014631843353158702,0.06062265256558722,0.05762208258077391,-0.08924916677278208
900.0,1.2734651929630907,1.2779588413650629,1.2676771264279156,1.2822709978623394,-0.0044936484019721945,-0.01459387143442381,0.06252377051873168,0.05776461180248653,-0.0767034999116198
898.0,1.2716910242622543,1.2758077428753287,1.2651386268479294,1.2783020230774018,-0.004116718613074388,-0.01316339622947238,0.0638376528073783,0.058113666918987804,-0.06964955573579132
896.0,1.2705432802048224,1.2747317877916775,1.263453173489759,1.275687025369458,-0.0041885075868550725,-0.012233851879699165,0.06452057402343424,0.058537132780209784,-0.07030514283985685
894.0,1.2700260453471852,1.274725390695083,1.2625596318984607,1.2745962386181562,-0.004699345347897843,-0.01203660671969553,0.06475011871586445,0.05894595834237508,-0.0783846688247844
892.0,1.270207699399407,1.2757192693606398,1.2624864387661978,1.2749569094210038,-0.0055115699612329205,-0.012470470654805998,0.06466482260692807,0.05932695491351588,-0.0914791750473449
890.0,1.2711269224783641,1.2775991840486631,1.2632584583175612,1.2766713317989018,-0.006472261570299009,-0.01341287348134057,0.06433095525963546,0.059613713967631564,-0.10711142770846585
888.0,1.2727761872507792,1.2802347523233608,1.2648142699350795,1.2799209967150806,-0.00745856507258158,-0.015106726780001134,0.06389214551214356,0.05972009029382988,-0.12341376944132125
886.0,1.2751292443518571,1.2835031115164688,1.266993315649128,1.284698911659779,-0.008373867164611637,-0.017705596010650915,0.06353218344174394,0.059661069596357516,-0.13881598231629605
884.0,1.2780627430989469,1.2871731833846143,1.2695048399541617,1.2879066307537945,-0.009110440285667432,-0.018401790799632778,0.06335023612493378,0.05955345500618626,-0.15132897120051705
882.0,1.2813567683762332,1.2910020026706177,1.2720767000948918,1.2900548492100117,-0.009645234294384464,-0.017978149115119857,0.06338062782468533,0.05950457593328609,-0.16030524477216226
880.0,1.2848894291804294,1.2948922543334944,1.2747416104596294,1.2916951296272772,-0.010002825153065054,-0.016953519167647757,0.0636622959937408,0.059566881201527755,-0.16597026279747853
878.0,1.2885637858763288,1.298616229947174,1.277611721350791,1.2932229990795956,-0.010052444070845157,-0.015611277728804662,0.06427880561860277,0.05977061186519191,-0.16603180138210968
876.0,1.2918922657064262,1.3014741997521724,1.2802627341704218,1.2946656093888547,-0.009581934045746143,-0.014402875218432865,0.06523494889974053,0.059811841838929326,-0.1577290699500596
874.0,1.2940801225978864,1.3026998582179374,1.2817321506305386,1.295560436632426,-0.008619735620051028,-0.013828286001887458,0.06613587333630179,0.05901991813623983,-0.14303222875200108
872.0,1.2950811747573256,1.302467407102828,1.2818459597370508,1.2970238609146438,-0.007386232345502286,-0.01517790117759299,0.06647025170619927,0.057578268871336234,-0.1248662298040137
870.0,1.2960448513781366,1.3019211900468173,1.281936470189421,1.2996135383728888,-0.005876338668680647,-0.017677068183467926,0.06652569737673487,0.056574669224555806,-0.10070649007246504
868.0,1.2979598375656596,1.301944158765219,1.2831520592581838,1.3009887820973187,-0.003984321199559382,-0.017836722839134955,0.0671206860449855,0.056259362620611215,-0.06844679188373512
866.0,1.3006660533196612,1.3025670681972414,1.2852165596367144,1.2988540349674098,-0.0019010148775802094,-0.01363747533069537,0.0684742005231485,0.056058497520588176,-0.03260094414697262
864.0,1.3035754299498057,1.3035810275233535,1.2874191218998086,1.2994923421579352,-5.59757354778867e-06,-0.012073220258126627,0.07011358876024365,0.055735754351346686,-9.588418228814329e-05
862.0,1.3064347928873845,1.3050883185901938,1.2896295579683277,1.300510037386376,0.0013464742971907029,-0.010880479418048372,0.07134090333044911,0.055380549208464414,0.02307796113154212
860.0,1.3095388158834589,1.307401607872051,1.2923666575512058,1.3024197060928184,0.0021372080114079317,-0.010053048541612597,0.07178043473332978,0.055019092585441444,0.036753906971917515
858.0,1.3133772655087348,1.3108873474964158,1.2961396183906229,1.3055989156330536,0.0024899180123190146,-0.009459297242430775,0.07149816593176302,0.0545641998621759,0.0431285349043241
856.0,1.318321655562455,1.3159273702406584,1.3011795159929167,1.3103428191907223,0.002394285321796641,-0.009163303197805561,0.07065042255421153,0.05393963978544473,0.04195670821344647
854.0,1.3244967166199553,1.3224834357021418,1.3075170538654195,1.3166483520956596,0.002013280917813498,-0.00913129823024006,0.06929783990454959,0.053374758134848724,0.0357332275481445
852.0,1.331849043649631,1.3301842824439272,1.3150046560038582,1.324404765278635,0.001664761205703913,-0.009400109274776858,0.06754219818418539,0.0532903990586979,0.0297711986029437
850.0,1.3403589333280614,1.3390195930229167,1.3235096760711638,1.3335707773553156,0.0013393403051447095,-0.01006110128415183,0.06559095149879225,0.053628797186104256,0.024002146754324136
848.0,1.3500127631046768,1.3491157602063897,1.3330410643061223,1.344149590700852,0.0008970028982870915,-0.0111085263947297,0.06355061742692791,0.054008175554772705,0.016100654444808005
846.0,1.3607809648089715,1.360349520644338,1.3437515341442356,1.3560178881169915,0.0004314441646335876,-0.012266353972755883,0.06127647061383763,0.05434236217519734,0.007765628262871001
844.0,1.3725588476822779,1.3726186688468365,1.3557311102159182,1.3694285483028348,-5.982116455860442e-05,-0.013697438086916591,0.058522326072395985,0.05457436942771831,-0.0010826976858757731
842.0,1.385034933471955,1.3858162324459689,1.3686513819282762,1.3839676523261482,-0.0007812989740139109,-0.015316270397871978,0.05527161468134246,0.05451401596427134,-0.014298764741095182
840.0,1.3979012662043035,1.3997125083128075,1.3819919912496754,1.3991375720767434,-0.0018112421085039188,-0.017145580827067963,0.05177483775444859,0.054127092831001866,-0.03370241802817172
838.0,1.4110195268562258,1.4141019856343109,1.395577062077718,1.414657459437597,-0.0030824587780851065,-0.019080397359878987,0.04813870987530003,0.053440178452091945,-0.05860887098895543
836.0,1.4242361092857958,1.4288419851190168,1.4094139506600951,1.4304732229285824,-0.004605875833221029,-0.02105927226848725,0.044276645238984745,0.05244216588100582,-0.09000806870562378
834.0,1.437424998966171,1.4438237254181987,1.4233756349785587,1.4464391026880856,-0.00639872645202777,-0.02306346770952694,0.040293425692975296,0.05114848422859536,-0.12925446504522767
832.0,1.4506070885521722,1.4590754109625113,1.4374249238466486,1.4625849580894057,-0.008468322410339013,-0.025160034242757146,0.03644041933233701,0.04955680161749016,-0.17782271452119028
830.0,1.4638608572648057,1.474867712946945,1.456286851429342,1.4793170979279342,-0.011006855682139216,-0.02303024649859209,0.032967837483319745,0.04762466261363781,-0.24185128330621475
828.0,1.4773325079497903,1.4915319860329346,1.476276311232506,1.496313185153305,-0.014199478083144257,-0.020036873920799003,0.030511871223213936,0.045430775649481704,-0.3279119525358127
826.0,1.49119037048356,1.5092955319391654,1.4970468623574678,1.5118255640235208,-0.018105161455605367,-0.014778701666052996,0.029940117091291133,0.0431595733757875,-0.4388962505352614
824.0,1.505542259458079,1.5283594315276106,1.511456497704186,1.529102845149882,-0.0228171720695316,-0.017646347445696042,0.03183485514777446,0.040913389203812434,-0.5769881977359917
822.0,1.5205142862198597,1.548893505822206,1.5240232222323047,1.5493106750194447,-0.02837921960234624,-0.025287452787140063,0.036407821057036174,0.03875483211036601,-0.7395499723325175
820.0,1.536145370434947,1.5709128527366982,1.537048701562346,1.5696521828834178,-0.034767482301751196,-0.032603481321071826,0.04310950818353828,0.03676984210058453,-0.9173437660438963
818.0,1.5522218238692047,1.5939995672646892,1.5502605765007702,1.590594928144008,-0.04177774339548446,-0.04033435164323773,0.05120202990061948,0.035054879538770824,-1.0930073226115369
816.0,1.5679047118241543,1.6166236486960786,1.5628919019800258,1.6125913758095622,-0.0487189368719243,-0.049699473829536434,0.059795573738423244,0.03382367149555393,-1.2377474541399656
814.0,1.5808224230007881,1.6349184799007719,1.5729134961187654,1.630828485404535,-0.05409605689998376,-0.05791498928576955,0.06671992032356631,0.033444347148835034,-1.3221606203309537
812.0,1.5866120063838145,1.6414949057052142,1.5765460577336907,1.636819730381227,-0.05488289932139967,-0.06027367264753636,0.06837402247837004,0.03480751183361268,-1.2976444717777327
810.0,1.5804787091686068,1.6279047949882615,1.5696657293260083,1.6271308761686485,-0.047426085819654684,-0.05746514684264015,0.061661572578758976,0.0402198673177723,-1.0653585725631607
808.0,1.5617936265497714,1.5933653277684257,1.5520212969922373,1.5973940158205036,-0.03157170121865427,-0.04537271882826621,0.04915429222972289,0.05042716690775972,-0.6287021659193033
806.0,1.5375059251378003,1.5503172005468264,1.5300465830550527,1.5556050630279326,-0.012811275409026157,-0.025558479972879855,0.041968738684448885,0.060643002854404014,-0.2210744812556969
804.0,1.515506161343013,1.5123173904435119,1.5205022841651545,1.518658639791289,0.003188770899501092,0.0018436443738656383,0.045583719245217855,0.06668742894239299,0.050092333209064394
802.0,1.4991849628858551,1.4851287119476304,1.5023308626478473,1.4943249271717542,0.014056250938224712,0.008005935476093073,0.05266689178349778,0.0682752235401664,0.2131965837208138
800.0,1.4887829597396436,1.468998210854818,1.4908416938983984,1.4800887468693447,0.01978474888482551,0.010752947029053717,0.05777469719622057,0.06692723581732649,0.30210013208157105
798.0,1.4844871073263814,1.4634965268588185,1.486176055030827,1.4748367274087246,0.02099058046756297,0.011339327622102324,0.059664960746084836,0.06398798902558267,0.33166765263946085
796.0,1.4863926163722252,1.4679175860411662,1.4884517857763249,1.4783674984443949,0.018475030331059017,0.010084287331930009,0.0586761985896378,0.060390352770928,0.30736363472268186
794.0,1.492336064520018,1.4783250933460286,1.4953889678106413,1.487218816677124,0.014010971173989528,0.008170151133517267,0.05628249506343078,0.05718859816981213,0.2456402496220307
792.0,1.4974401046533334,1.486792472310229,1.501490220539432,1.4939765417861457,0.010647632343104396,0.007513678753286346,0.0547701935299381,0.05574223928140582,0.19156822253440964
790.0,1.4967516652331334,1.4854707886204892,1.500956066017288,1.4913327593258525,0.011280876612644208,0.009623306691435518,0.055995413640127785,0.057035345843778396,0.19838573865494266
788.0,1.4886970813834255,1.4721424352673826,1.491906761735744,1.4773041618075613,0.016554646116042848,0.014602599928182691,0.060752182201450934,0.06067817990715358,0.2727715324615849
786.0,1.4758062750518541,1.451252884151381,1.4772146974656473,1.4565334227378794,0.02455339090047315,0.020681274727767818,0.06841996365423303,0.0649160164054196,0.37478641118785067
784.0,1.462271117546707,1.4297731111227059,1.461714779356861,1.436086129323934,0.032498006424001025,0.025628650032927025,0.07692340480602126,0.06789345443052557,0.4677318656569352
782.0,1.4513168260729787,1.4130959828604728,1.449301004058833,1.4188076402507637,0.03822084321250596,0.03049336380806933,0.08386555065761188,0.0687419720621899,0.5346686065466015
780.0,1.4446859133540921,1.404149815394236,1.442101316988245,1.4092935611106503,0.04053609795985613,0.03280775587759477,0.08768094415609942,0.06758794028917943,0.5682823239290977
778.0,1.4430342940923304,1.4038334249457807,1.4408089813379241,1.408129457126227,0.039200869146549744,0.032679524211697064,0.08820531930567688,0.06512562466488701,0.5639886129897721
776.0,1.44559953885383,1.4105838857565232,1.4443831440723667,1.4135221928457722,0.03501565309730692,0.03086095122659449,0.08651670669031054,0.062265087558505766,0.5232452157580184
774.0,1.4500584271276789,1.420378859774677,1.4499334155254575,1.4215298954244466,0.029679567353001923,0.028403520101010882,0.08422716342087244,0.059824619718009966,0.4598937738458009
772.0,1.4539126222835246,1.4289616600680384,1.45446139169618,1.4282023838675975,0.024950962215486205,0.02625900782858248,0.08266993318780738,0.05825629571122411,0.3961360426052641
770.0,1.4560149995657268,1.434309478869859,1.456602988511856,1.4323135959950948,0.02170552069586784,0.02428939251676132,0.08239154472769314,0.057578056529418456,0.3478302211150288
768.0,1.4565498446890344,1.436669177887819,1.4565518928667727,1.434757728343384,0.019880666801215474,0.02179416452338856,0.08317371895894385,0.057552448864355385,0.3178074675123916
766.0,1.4562445366282084,1.4370896378743194,1.4552508985610577,1.4346734530593725,0.019154898753888983,0.020577445501685165,0.08452932687060183,0.05791852936123532,0.3033843474050183
764.0,1.4556958160088618,1.4365425199190374,1.4535307195386593,1.4338929664093003,0.019153296089824412,0.019637753129359004,0.08606553450081891,0.058514405653606674,0.2995693204672389
762.0,1.455283268935603,1.435862587455795,1.451867645974094,1.43304364082893,0.01942068147980791,0.018824005145164024,0.08754375839287924,0.05926084423207382,0.2995300831988579
760.0,1.455359064549834,1.435565542865671,1.4506564999079603,1.4324767879217635,0.01979352168416293,0.018179711986196834,0.0888807602890488,0.0601391254498598,0.3007814355543762
758.0,1.456101708981286,1.4358538250773911,1.4501549640331137,1.4324550679864245,0.02024788390389487,0.0176998960466892,0.09003707320500405,0.06112463574459664,0.3030308927099128
756.0,1.4573698069040346,1.4367761572697313,1.4503361467207845,1.433116507595242,0.020593649634303324,0.017219639125542585,0.09097944013574165,0.06208231528673163,0.3039214294507158
754.0,1.4589479698672811,1.4381700775064041,1.451038363879368,1.434309089141358,0.020777892360877015,0.016729274738010114,0.09178631479582063,0.06284552771766741,0.3032244362175057
752.0,1.4607640873945433,1.4397600369431907,1.4521686766791462,1.4357690606867477,0.021004050451352674,0.016399615992398475,0.09249417282155666,0.06338256374988831,0.30400282703899273
750.0,1.4628282315335752,1.4414321269963704,1.4538205760435572,1.43741106415608,0.021396104537204863,0.01640951188747719,0.0930130532295056,0.06373393551452596,0.30796389581783395
748.0,1.465124465348248,1.4432841761888067,1.4559747729983252,1.4394432252943985,0.02184028915944136,0.01653154770392673,0.0932687142685325,0.06388582668238188,0.3135756951406234
746.0,1.4675622083985822,1.4454331641882852,1.4583325867703563,1.4420407852176034,0.022129044210297044,0.016291801552752894,0.09323949740141092,0.06386556906646339,0.3178219593415299
744.0,1.470128989981255,1.4480013352115104,1.4607861556266237,1.4450951983266873,0.022127654769744654,0.015690957299936414,0.09305219251528779,0.06380341860089266,0.3182101345749365
742.0,1.4729286674038509,1.4510973841933021,1.4636169731359963,1.4485483924052769,0.021831283210548724,0.015068580730719372,0.09285433842486679,0.06382259497786771,0.31408100372795694
740.0,1.4761043409290073,1.454763840719325,1.467086089241176,1.4523850764515092,0.021340500209682256,0.014701012789666734,0.09254043613201043,0.06398996998720778,0.30676231211077515
738.0,1.4796527737929799,1.4588999175464479,1.471050061251951,1.4555511147984714,0.020752856246532003,0.0154989464534796,0.09204611011130905,0.06428284977510347,0.29782017456731924
736.0,1.4834003744147035,1.4633786002600453,1.4751433872782613,1.4591096559908945,0.020021774154658223,0.016033731287366848,0.09151809644507178,0.06460835151497905,0.2867737015521045
734.0,1.4873267038769566,1.468215823206776,1.4792659881203623,1.4631692927506208,0.01911088067018074,0.016096695369741454,0.09094810631910728,0.0649033473015118,0.27332056322398746
732.0,1.4915438081439816,1.4733693257002816,1.4836745235959368,1.467765908531716,0.018174482443700013,0.0159086150642207,0.09018718536233784,0.06520816886890606,0.25966083535206763
730.0,1.4959696586433755,1.4785397497674684,1.4884820523139746,1.472837924228675,0.01742990887590712,0.01564412808529947,0.08922554599254374,0.06557541111254545,0.2487371086276409
728.0,1.5003545313901665,1.4833173724914248,1.4933653681858015,1.4780260845678788,0.01703715889874169,0.015339283617922694,0.08819864927899201,0.06591354660483122,0.24296695895903522
726.0,1.504510800673188,1.487623441678258,1.4979171799990667,1.483058876697554,0.01688735899492988,0.01485830330151261,0.08726283012362439,0.06610465459523049,0.2409861238788602
724.0,1.5084445107524722,1.4918199154966139,1.502113757538203,1.4880182964309232,0.016624595255858354,0.014095461107279883,0.08643380717259908,0.06616799184769973,0.23764858304777767
722.0,1.5125498280246148,1.4966040486113632,1.5066259496709895,1.4932863701380859,0.015945779413251593,0.013339579532903656,0.08538880410243599,0.06617024307073897,0.22863925963240622
720.0,1.5174760031222294,1.5027729305785293,1.5122528878577244,1.4995752686594832,0.014703072543700069,0.012677619198241175,0.0837507005920849,0.06614997066826309,0.21187775131760722
718.0,1.5234629636254153,1.5106177495255404,1.5189132464765545,1.5072901342292755,0.012845214099874935,0.011623112247278966,0.0815700779291212,0.06609407507613183,0.1863916524409971
716.0,1.5302334131596413,1.5199369563946066,1.526176187898948,1.516376326451509,0.010296456765034767,0.009799861447438829,0.0789797611836375,0.06590691434963787,0.1508421552338419
714.0,1.537627213742734,1.53058193958921,1.5343431012024826,1.5269755422191227,0.007045274153524073,0.007367558983359945,0.07570878055474183,0.06547288877531898,0.10470469302047881
712.0,1.5458114003297885,1.542574402005953,1.5439902598573512,1.539324052422596,0.003236998323835394,0.00466620743475521,0.07151524330565187,0.06476117826754144,0.049093839566249194
710.0,1.5552453221415605,1.5563289131125224,1.5555178679673318,1.5536742690562613,-0.0010835909709618896,0.0018435989110705542,0.06667642432731576,0.0638242248013886,-0.016849919493917075
708.0,1.5665048279954474,1.572649749370952,1.5692720032045466,1.5704716881685858,-0.006144921375504486,-0.001199684964039216,0.06141293836734878,0.06251378286404138,-0.09858427450522235
706.0,1.5800606203040173,1.592323816074327,1.5855711291554102,1.590269098507397,-0.012263195770309654,-0.004697969351986853,0.05558037352884722,0.060535785206825746,-0.20528150053480973
704.0,1.5962687161785523,1.615691854284525,1.6049620010461443,1.6135926055931777,-0.019423138105972848,-0.00863060454703346,0.04973388829050098,0.05776750057336316,-0.3437240828520144
702.0,1.61401621647671,1.6410656955183343,1.6265879978325235,1.6390705161562553,-0.027049479041624247,-0.012482518323731817,0.04586323546563497,0.054588270487071315,-0.5081288916501066
700.0,1.6282595186212412,1.6610653872816645,1.6329713546014797,1.6594615583857488,-0.03280586866042334,-0.02649020378426914,0.045698997170588694,0.05241856322143227,-0.6387469873121696
698.0,1.6315618456249903,1.6636878896474807,1.6345636766532192,1.6632584891768776,-0.03212604402249042,-0.028694812523658353,0.04753153256807925,0.052785139539455794,-0.6184454308970417
696.0,1.6219633259258441,1.646101077406424,1.631029510917755,1.6474527580424783,-0.02413775148057984,-0.016423247124723206,0.0498886187531241,0.055153307800054945,-0.44443323106814114
694.0,1.6057984011991182,1.6201228642597871,1.6213716119652577,1.6219817516722839,-0.014324463060668924,-0.0006101397070261694,0.05377427417871453,0.0577755603042456,-0.25074266232137415
692.0,1.5903332238975947,1.597799772512199,1.6028534872064446,1.5987616672716245,-0.007466548614604385,0.004091819934820107,0.05837827156983,0.05996819159488775,-0.125054943618874
690.0,1.5780667097947378,1.5817074918841165,1.5875028200009333,1.5824656009043252,-0.00364078208937868,0.005037219096608148,0.06271258291724191,0.06197737331051374,-0.05862724687539368
688.0,1.5689825948238538,1.5699579889323558,1.5755821416015472,1.56917019503399,-0.0009753941085020035,0.00641194656755717,0.06656760856684554,0.06404270397978312,-0.015129334985909295
686.0,1.5629496488642785,1.5613256997387235,1.567124408980249,1.5594182355289834,0.0016239491255549687,0.007706173451265563,0.06970833527866335,0.06618457780956083,0.02431615473744738
684.0,1.5592975229743429,1.5553079837753632,1.561501602098252,1.5530180238629823,0.003989539198979708,0.008483578235269684,0.07215776531216049,0.06819852898076686,0.05792500945469427
682.0,1.5571138672375304,1.5514908406951804,1.5577652567072506,1.5493417711082649,0.005623026542350029,0.008423485598985758,0.07414137795860327,0.06990033283097342,0.0796182308013319
680.0,1.5560751725198472,1.5496051527012757,1.5555735686423717,1.547528588884683,0.006470019818571426,0.008044979757688697,0.07560590287550245,0.07132644891341845,0.08978987490953387
678.0,1.556280034126087,1.5494593332644115,1.5549748771331235,1.5472615743566278,0.0068207008616754106,0.007713302776495734,0.07642969717547025,0.0725589413109354,0.0931557110960291
676.0,1.5577284263304314,1.5508285161957935,1.5558216806757548,1.54860072276654,0.0068999101346378655,0.007220957909214842,0.0767259866388998,0.07355383096815553,0.09312630611615239
674.0,1.5596842141431164,1.5530723452359343,1.5574395554835365,1.5509501333938291,0.006611868907182128,0.006489422089707375,0.07636775851947743,0.07426362251473147,0.08860905674573998
672.0,1.5602089149913663,1.5545660305073605,1.5584003871447387,1.552548013673769,0.005642884484005739,0.005852373470969674,0.07497685148055357,0.07480437990350902,0.0754062106843364
670.0,1.5581980404301765,1.5545858943789508,1.5580639381763643,1.5527507385753767,0.0036121460512257286,0.005313199600987639,0.07238754164829175,0.07548729871931845,0.048175068795431944
668.0,1.5587308321871547,1.5573422686912433,1.55998792059673,1.5559836580896649,0.0013885634959114324,0.004004262507065093,0.06972418704127852,0.07647107094681363,0.018418762577788
666.0,1.564395424735288,1.5635866074715712,1.5653103388756087,1.5627466521887363,0.0008088172637168434,0.0025636866868723462,0.06850322545932089,0.07713943957051962,0.010674854141432098
664.0,1.5694472246352105,1.5682349243279137,1.5697749737167555,1.5677550210071507,0.0012123003072967986,0.0020199527096047554,0.06801234651040944,0.07738944262600383,0.015970846371736153
662.0,1.5717555225050688,1.5701986524036045,1.5721374740926932,1.57010542409036,0.001556870101464325,0.0020320500023331967,0.06728714828351341,0.07758291331674144,0.02049486267887548
660.0,1.573163697183966,1.5710668494799744,1.573908706507874,1.5715394469175685,0.0020968477039915445,0.002369259590305539,0.06633171512065557,0.07789028426059663,0.027558955169896055
658.0,1.5747318047060943,1.5717738760461444,1.5758846580196628,1.5730933756501133,0.0029579286599499266,0.002791282369549508,0.06529247311526874,0.07824051194731328,0.038799948313319454
656.0,1.5764822307168784,1.572777000652223,1.5779487155172414,1.5751773146551722,0.003705230064655396,0.0027714008620691732,0.06434650476620347,0.07835495659553068,0.04862553488269925
654.0,1.5783999758816392,1.5744132891706226,1.5802799462927337,1.5778248368623964,0.0039866867110165405,0.002455109430337332,0.06349653990220429,0.07803870719263205,0.05258858058547749
652.0,1.5806611400187192,1.5768197722586026,1.5832614660800306,1.5808431412009791,0.0038413677601165652,0.00241832487905147,0.06260126654099647,0.07742258959341386,0.05111218079881487
650.0,1.5837674255934633,1.5802109023117261,1.5869827072325267,1.5845020742503277,0.0035565232817371673,0.002480632982198916,0.061545187386567515,0.07675268195712398,0.04778078273420921
648.0,1.5880841169251134,1.5849108302612833,1.5913909162643698,1.5893164129885249,0.0031732866638300994,0.002074503275844908,0.05999122355531278,0.07605799666351738,0.043101199549612536
646.0,1.592829277531618,1.5906110269100244,1.5960608527308648,1.5948168034583694,0.0022182506215935316,0.00124404927249544,0.05792349489999781,0.07532321010608548,0.030506943153620642
644.0,1.597146307495813,1.596456341616228,1.6005461953593707,1.6008610341273832,0.0006899658795849195,-0.0003148387680125264,0.05585276306886552,0.07469141801406101,0.009596820099115649
642.0,1.6012931674032025,1.6020869725858633,1.6049554634730958,1.6067748444265262,-0.0007938051826608117,-0.0018193809534303718,0.05399601413069485,0.07421754606083339,-0.01114159811121211
640.0,1.6053452805015271,1.607428934301125,1.6091289020344721,1.6125884673206257,-0.002083653799597851,-0.003459565286153543,0.05222624330229311,0.07383665353932163,-0.029473781137640445
638.0,1.6089814545242418,1.61251996780853,1.6127095450479647,1.6180218572724916,-0.003538513284288225,-0.005312312224526883,0.05041368628829205,0.07352991287875064,-0.05040059838980395
636.0,1.6124288205272466,1.6174672585798104,1.6160953474119917,1.6231949429352195,-0.005038438052563876,-0.0070995955232278085,0.04855634052153283,0.07323826997402866,-0.07225230119342176
634.0,1.615874987726924,1.6219630991307734,1.6197681025441923,1.6280859986919953,-0.00608811140384935,-0.008317896147802983,0.04673883083549306,0.07286506327417218,-0.0879796129987829
632.0,1.6190100025051724,1.6254589166693132,1.623310084579546,1.6320761575970566,-0.00644891416414084,-0.008766073017510534,0.04512062049981886,0.07251468834022956,-0.09385469957101589
630.0,1.621553142406573,1.6274291554214784,1.625958618525442,1.634382447472401,-0.005876013014905368,-0.008423828946958922,0.04383672495925512,0.07231324958370533,-0.08591224107986094
628.0,1.6232435042921738,1.627678165447353,1.6275306331896127,1.6346801447620183,-0.00443466115517932,-0.00714951157240562,0.042758981224265864,0.07211010367540095,-0.06511749388662202
626.0,1.6238752312504214,1.6265605891740904,1.6282312074347551,1.6335095933972341,-0.002685357923668974,-0.005278385962478982,0.041823217302532835,0.07175674476509787,-0.039669452449023986
624.0,1.6237458137856429,1.6245966604399251,1.6282775944122663,1.6315849770483428,-0.0008508466542822557,-0.00330738263607655,0.04135441406201736,0.07140633984494663,-0.012635907308889997
622.0,1.6230651770343425,1.6220115526802428,1.627671178280123,1.6302710556789957,0.0010536243540997248,-0.0025998773988726853,0.04141933620708157,0.07112554233033705,0.015703662048318044
620.0,1.6215572767176563,1.6187848864920926,1.6261414526056521,1.628889268226601,0.002772390225563637,-0.0027478156209488347,0.04155710733069775,0.07061051533462925,0.0415940033189612
618.0,1.6195073242133822,1.6151873240246033,1.6238556669656885,1.6271178229306564,0.004320000188778872,-0.0032621559649679277,0.04149319633510655,0.06967311694285708,0.06563384298376028
616.0,1.6177380356013191,1.6117564109613771,1.6217001040505363,1.6242890456751584,0.005981624639942007,-0.0025889416246220875,0.04126839965715601,0.06847145922999218,0.09239975575716444
614.0,1.6161631793262672,1.6082640284841017,1.6200136444781204,1.6199925313195163,0.007899150842165525,2.1113158604091353e-05,0.0410712138129019,0.06718251620010621,0.12424006975518195
612.0,1.6138028526686403,1.6035971686901414,1.6178393118975272,1.614539785773732,0.01020568397849897,0.003299526123795138,0.04135288526952404,0.06595319821890969,0.1632154627839856
610.0,1.609973595884906,1.597109474310802,1.614270860995017,1.6072926424610192,0.012864121574103882,0.006978218533997715,0.042239191474195054,0.06492887133006157,0.20839616065993335
608.0,1.6049504428483647,1.5892540189211815,1.6096287802694826,1.5987566223211185,0.01569642392718329,0.010872157948364158,0.04328764072686035,0.06404309476885461,0.2569997053393815
606.0,1.6000263874895644,1.5811846316740321,1.60512774434019,1.5902260585179748,0.01884175581553227,0.014901685822215072,0.04407211934791181,0.06315930325123086,0.31195758328525214
604.0,1.5960598411532738,1.5738921702400752,1.6014470776856227,1.583046808870579,0.0221676709131986,0.018400268815043752,0.04460702946680389,0.06221668263080035,0.37166705857265947
602.0,1.5925329431854125,1.5677704696460932,1.5982144797862081,1.5776769145609824,0.024762473539319263,0.020537565225225762,0.04503313708624351,0.06109515404421526,0.4216752844917231
600.0,1.5891495790219081,1.5628712845248898,1.5953967526834325,1.5734583122310086,0.02627829449701835,0.02193844045242388,0.04509659852019335,0.05975691445643037,0.4564315287538888
