wavenumber_cm1,mean_delta,median_delta,hydric_lower_count,hydric_higher_count,269180_minus_269142,242130_minus_247323,242114_minus_269150,242107_minus_247270,242125_minus_247310
4000.0,-0.04627171727483485,-0.05966061949894064,4,1,-0.08159922118803631,-0.05966061949894064,-0.07034457322416876,0.019399158006728534,-0.03915333046975711
3998.0,-0.04623028958467694,-0.05956037313928442,4,1,-0.08166240768692878,-0.05956037313928442,-0.07032733037945227,0.019003592479876596,-0.03860492919759584
3996.0,-0.046201491839740115,-0.05943086161914257,4,1,-0.08169789919924919,-0.05943086161914257,-0.07037173949429043,0.018472725961550474,-0.03797968484756886
3994.0,-0.04614856795669651,-0.0593065920069622,4,1,-0.08171312645212492,-0.0593065920069622,-0.07036365615976647,0.01804974863297537,-0.03740921379760431
3992.0,-0.046122234456752856,-0.05923546064730889,4,1,-0.08175625837100076,-0.05923546064730889,-0.0703450804536947,0.01770757161119585,-0.03698194442295577
3990.0,-0.04606753660813769,-0.059215109647452246,4,1,-0.08178476176715965,-0.059215109647452246,-0.07027763712813528,0.017487327550678833,-0.03654750204862012
3988.0,-0.046000086054581855,-0.05918814426166308,4,1,-0.08176716596531963,-0.05918814426166308,-0.07026971495205947,0.01733929351360608,-0.036114698607473184
3986.0,-0.04595743482392831,-0.05910035393546287,4,1,-0.08173812061411034,-0.05910035393546287,-0.07043444409720245,0.017038476858947327,-0.03555273233181322
3984.0,-0.04595068842250667,-0.059002347910895425,4,1,-0.08175436021498195,-0.059002347910895425,-0.07058871151692592,0.016546257947158916,-0.03495428041688897
3982.0,-0.045889945532575104,-0.05899696058575388,4,1,-0.08174223005278236,-0.05899696058575388,-0.07040384021176971,0.01628043401523316,-0.03458713082780274
3980.0,-0.045790630931977286,-0.05894675685889439,4,1,-0.08169486159724237,-0.05894675685889439,-0.07013068894153629,0.016160716276887754,-0.034341563539101116
3978.0,-0.04575104179893432,-0.05878907284198864,4,1,-0.08170181132927112,-0.05878907284198864,-0.07013782344183994,0.01576355098752691,-0.03389005236909881
3976.0,-0.04575371252885909,-0.05861950808025229,4,1,-0.08175013806405462,-0.05861950808025229,-0.07022808332639907,0.015096582526966218,-0.03326741570055569
3974.0,-0.04569769422367433,-0.05852799358694227,4,1,-0.08178271377740809,-0.05852799358694227,-0.07007881913041225,0.014674020201949745,-0.032772964825558804
3972.0,-0.04558259658085637,-0.0584759635380121,4,1,-0.08175321040077432,-0.0584759635380121,-0.06980166211076533,0.01464297340554821,-0.03252512026027832
3970.0,-0.045478652967166286,-0.05842619591076037,4,1,-0.08169437448809069,-0.05842619591076037,-0.06956174303891705,0.014723381654585754,-0.03243433305264909
3968.0,-0.04539014916407909,-0.05838648251577272,4,1,-0.08162147182524859,-0.05838648251577272,-0.06935142349905421,0.01477033784070425,-0.032361705821024156
3966.0,-0.045357983124415927,-0.05837937719236752,4,1,-0.08161214988746623,-0.05837937719236752,-0.06923847346032952,0.014595934057085813,-0.03215584913900216
3964.0,-0.045417879924346274,-0.05836516160141225,4,1,-0.08173276232285631,-0.05836516160141225,-0.06926576073132629,0.013982481794098778,-0.031708196760235285
3962.0,-0.04544922501411484,-0.05827837827028137,4,1,-0.08185982841826722,-0.05827837827028137,-0.06924648420753043,0.013357567988514285,-0.031219002163009435
3960.0,-0.045374909880685356,-0.05816370863987452,4,1,-0.08182606678154958,-0.05816370863987452,-0.06906129177623987,0.01320005382619982,-0.031023536031962617
3958.0,-0.04529473940844979,-0.05808170632435994,4,1,-0.08174205359632647,-0.05808170632435994,-0.0688478464494584,0.013237126428792045,-0.031039217100896188
3956.0,-0.04526994224108436,-0.05802310299623281,4,1,-0.08172833298846216,-0.05802310299623281,-0.06873048765732426,0.013140083173144967,-0.031007870736547538
3954.0,-0.04533406574812178,-0.05796668238788483,4,1,-0.08177034709396547,-0.05796668238788483,-0.06872759964338093,0.012577934483165798,-0.030783634098543455
3952.0,-0.04558647184639568,-0.05790943485226707,4,1,-0.08198532322553254,-0.05790943485226707,-0.06896307873909091,0.011060331889827468,-0.03013485430491536
3950.0,-0.045893142178082026,-0.057781186212297,4,1,-0.08237417479858178,-0.057781186212297,-0.06934065205162954,0.009250254913981237,-0.02921995274188305
3948.0,-0.0459308747886773,-0.05764452696141853,4,1,-0.08255394049504727,-0.05764452696141853,-0.0693615471662199,0.008846657193924523,-0.02894101651462533
3946.0,-0.0458711868599095,-0.057619239235912945,4,1,-0.0824980784087519,-0.057619239235912945,-0.06911828333665637,0.009175547866791867,-0.029295881185018136
3944.0,-0.04603438375648463,-0.05759282620346018,4,1,-0.08266302409180804,-0.05759282620346018,-0.06906884406483838,0.00841552758516606,-0.02926275200748263
3942.0,-0.04599093410623878,-0.057456225407827466,4,1,-0.08276095883998114,-0.057456225407827466,-0.06876893479431256,0.008470460550392023,-0.02943901203946475
3940.0,-0.045568411442174474,-0.05746229305835904,4,1,-0.08226527162119668,-0.05746229305835904,-0.06794962396214221,0.010586692274200171,-0.030751560843374603
3938.0,-0.04536434163659484,-0.057631406898613236,4,1,-0.08174022010201276,-0.057631406898613236,-0.06749465056062265,0.011998013591588252,-0.03195344421331381
3936.0,-0.045711676217526254,-0.057743602134135985,4,1,-0.0817875007273996,-0.057743602134135985,-0.0678755625504448,0.010812211277265504,-0.03196392695291639
3934.0,-0.04642805729504902,-0.057726589403277906,4,1,-0.08239653372958422,-0.057726589403277906,-0.06869477056272966,0.007537344105009058,-0.03085973688466237
3932.0,-0.04680790062167093,-0.057420169326940274,4,1,-0.0829688525256631,-0.057420169326940274,-0.06895124764769545,0.005228978245046756,-0.02992821185310257
3930.0,-0.046476306479775034,-0.057144771333127675,4,1,-0.0827741315658499,-0.057144771333127675,-0.0681763793279555,0.006428183425024159,-0.03071443359696624
3928.0,-0.04622816942378272,-0.05730828515626363,4,1,-0.08225578292856928,-0.05730828515626363,-0.06744310148961707,0.00803216352292302,-0.032165841067386625
3926.0,-0.0464842423738808,-0.057519189159632944,4,1,-0.08228629944887222,-0.057519189159632944,-0.06740422066078877,0.007261363884720762,-0.03247286648483083
3924.0,-0.046700684405998595,-0.05744977129422435,4,1,-0.0825644376135608,-0.05744977129422435,-0.06746132807532423,0.006221824131250164,-0.032249709178133745
3922.0,-0.04681410049065904,-0.05747469694818208,4,1,-0.08264004430871297,-0.05747469694818208,-0.06732925704794579,0.005908984506703963,-0.03253548865515832
3920.0,-0.04725143776877121,-0.05770884207411764,4,1,-0.08290470555181506,-0.05770884207411764,-0.06751095591335443,0.004408779146670927,-0.03254146445123984
3918.0,-0.047598629204577844,-0.05772539569222079,4,1,-0.08330385816473784,-0.05772539569222079,-0.06772727344149798,0.0030160446521569906,-0.03225266337658961
3916.0,-0.047150328698316014,-0.057502543569168285,4,1,-0.0829636672744094,-0.057502543569168285,-0.06705553250635132,0.004998937391223146,-0.0332288375328742
3914.0,-0.04627520573265742,-0.057390790968005145,4,1,-0.08187633155514362,-0.057390790968005145,-0.06574572079569196,0.009038995308595865,-0.03540218065304224
3912.0,-0.04577478717017578,-0.05747149856913647,4,1,-0.08103403076229188,-0.05747149856913647,-0.06483158134037792,0.011482369730038577,-0.03701919490911121
3910.0,-0.045873971468074745,-0.0576476355621538,4,1,-0.08091911611915514,-0.0576476355621538,-0.0646869216757524,0.011126827903568115,-0.037243011886880506
3908.0,-0.04681608022038777,-0.057934522257921284,4,1,-0.08174796643348836,-0.057934522257921284,-0.06561130102345003,0.00683505381720928,-0.035621665204288444
3906.0,-0.04874485019977111,-0.05807663076422731,5,0,-0.08387561351945183,-0.05807663076422731,-0.06790063828964676,-0.002501030110301228,-0.0313703383152284
3904.0,-0.050620432587435316,-0.05769111444536379,5,0,-0.08646395636731197,-0.05769111444536379,-0.07037623592229392,-0.012589444028357155,-0.02598141217384975
3902.0,-0.05115959647032882,-0.05726985469748591,5,0,-0.0877085623011431,-0.05726985469748591,-0.07108397173712655,-0.016270099671764182,-0.023465493944124338
3900.0,-0.05016435895013771,-0.0571265173488964,5,0,-0.08696508927455171,-0.0571265173488964,-0.0695900345260041,-0.011743983973006022,-0.025396169628230325
3898.0,-0.04824422045321355,-0.0570435443735513,5,0,-0.08482408980461709,-0.0570435443735513,-0.0668940360089918,-0.002415510055107317,-0.03004392202380024
3896.0,-0.04687141563451345,-0.05714380116640827,4,1,-0.08274758861789677,-0.05714380116640827,-0.06501263128186552,0.004341646910826169,-0.03379470401722284
3894.0,-0.04720914457714227,-0.05749595226577253,4,1,-0.08252837232701737,-0.05749595226577253,-0.0653323499013434,0.00310904159394787,-0.033798089985525914
3892.0,-0.04810756296525467,-0.05746300248938385,5,0,-0.0837629378253546,-0.05746300248938385,-0.06643685666876031,-0.0014960700185790987,-0.03137894782419548
3890.0,-0.04797912800756663,-0.057267863917475736,5,0,-0.08408336611275291,-0.057267863917475736,-0.06609331723741652,-0.0012920584100999388,-0.031159034360088045
3888.0,-0.04821058887184271,-0.05758545884464028,5,0,-0.08397641557981861,-0.05758545884464028,-0.06616772747476696,-0.0018543450082357804,-0.03146899745175191
3886.0,-0.04928887680433447,-0.05762782716923498,5,0,-0.08506473767225242,-0.05762782716923498,-0.06767805651388814,-0.006918555034951979,-0.029155207631344826
3884.0,-0.04916431112488682,-0.056999735756113834,5,0,-0.08548212108809161,-0.056999735756113834,-0.06765358909000474,-0.00782338395933313,-0.02786272573089077
3882.0,-0.048651045284701544,-0.056897239563248325,5,0,-0.08496596294507075,-0.056897239563248325,-0.06656861644392786,-0.006410796061376622,-0.02841261140988416
3880.0,-0.04819433582210997,-0.05701195398380743,5,0,-0.0845937319003629,-0.05701195398380743,-0.06549356370566706,-0.004511126128922571,-0.029361303391789884
3878.0,-0.04718756234865049,-0.0571521220709863,4,1,-0.083448126601678,-0.0571521220709863,-0.06381888228178667,0.0004086004576695501,-0.03192728124647104
3876.0,-0.047129758455523606,-0.05739623140208239,4,1,-0.08285532245656757,-0.05739623140208239,-0.06346105091342569,0.0006875837087647607,-0.03262377121430715
3874.0,-0.04818560207159499,-0.057381221598426846,5,0,-0.08391006468742646,-0.057381221598426846,-0.06474382843100268,-0.0050395824409767975,-0.029853313200142173
3872.0,-0.04950458924532599,-0.0571909954574239,5,0,-0.08572928989643036,-0.0571909954574239,-0.0665052744810477,-0.012172950646712755,-0.02592443574501524
3870.0,-0.050272129989802974,-0.057054603061365006,5,0,-0.0871432964820742,-0.057054603061365006,-0.06737330634789784,-0.016217018818434514,-0.0235724252392433
3868.0,-0.04972492671010378,-0.05695034838661517,5,0,-0.08689128435701732,-0.05695034838661517,-0.0664436592521167,-0.013729799451044133,-0.024609542103725568
3866.0,-0.0491202664079355,-0.056978344070673925,5,0,-0.0860435752090174,-0.056978344070673925,-0.06545777939509323,-0.011058875082504693,-0.026062758282388243
3864.0,-0.04881555107287503,-0.05679665291878444,5,0,-0.0857584317460911,-0.05679665291878444,-0.06495591847474103,-0.010325985599618503,-0.026240766625140077
3862.0,-0.047831851768441555,-0.0566224833390534,5,0,-0.08484935964341855,-0.0566224833390534,-0.06360794991353136,-0.006104389235273899,-0.02797507671093058
3860.0,-0.046926565681307555,-0.05684405195335818,5,0,-0.08349505285375525,-0.05684405195335818,-0.06228408465211177,-0.0015317517830679694,-0.0304778871642446
3858.0,-0.04800017053454755,-0.05758655565130155,5,0,-0.08395324735795895,-0.05758655565130155,-0.06332512913770771,-0.005696871476532639,-0.029439049049236887
3856.0,-0.05230074143473033,-0.05872259191095219,5,0,-0.08844597290388934,-0.05872259191095219,-0.06822671501511857,-0.02495513349981393,-0.021153293843877652
3854.0,-0.0564779995765448,-0.058382457172592606,5,0,-0.0945649104786963,-0.058382457172592606,-0.07339626572116376,-0.04679344200612556,-0.009252922504145777
3852.0,-0.05443936024022929,-0.05706107304076924,5,0,-0.09406545528712296,-0.05706107304076924,-0.07092464839131507,-0.039399802615304846,-0.010745821866634309
3850.0,-0.04907453947219933,-0.05639477994740805,5,0,-0.08784481075538797,-0.05639477994740805,-0.06433945929043272,-0.014093357118679428,-0.022700290249088484
3848.0,-0.04616171065570836,-0.05635456463730559,4,1,-0.0833614966363827,-0.05635456463730559,-0.061036537187187934,0.00010142321810335808,-0.0301573780357689
3846.0,-0.04612325326564073,-0.05666989358894603,4,1,-0.08247505283203505,-0.05666989358894603,-0.06110433287553896,0.0007636825483889886,-0.0311306695800726
3844.0,-0.047296702489160666,-0.056809891713367255,5,0,-0.08362525520533803,-0.056809891713367255,-0.062350271538702984,-0.0052858911989293045,-0.028412202789465768
3842.0,-0.048729688466465505,-0.05651646290249279,5,0,-0.08551413353618331,-0.05651646290249279,-0.06388491143061259,-0.013685764929494137,-0.024047169533544688
3840.0,-0.05045328752554248,-0.05597231562870353,5,0,-0.08795876283521964,-0.05597231562870353,-0.06623590666562129,-0.023536132949929067,-0.018563319548238866
3838.0,-0.05145920240812609,-0.05547398088781219,5,0,-0.08991179297342788,-0.05547398088781219,-0.06799286764149626,-0.02908180796488047,-0.014835562573013661
3836.0,-0.05044435422171265,-0.05563501510087576,5,0,-0.08918774025508025,-0.05563501510087576,-0.06659117402897663,-0.023674305394455253,-0.01713353632917536
3834.0,-0.04869236401836648,-0.05612917124043504,5,0,-0.08693408094864519,-0.05612917124043504,-0.06364330393551199,-0.014880175581334587,-0.021875088385905572
3832.0,-0.04745716178475319,-0.056470924028637626,5,0,-0.08527745889308425,-0.056470924028637626,-0.061375112335976034,-0.008908439316876349,-0.025253874349191685
3830.0,-0.046530577211729,-0.05645186971772831,5,0,-0.08411219432421713,-0.05645186971772831,-0.059920363668866106,-0.004716511603021223,-0.027451946744812217
3828.0,-0.04611701345822774,-0.05626026355465186,5,0,-0.08343366726130608,-0.05626026355465186,-0.05937454527236974,-0.0033498833284302254,-0.028166707874380803
3826.0,-0.046309586840101426,-0.05608589678884335,5,0,-0.08358450011496332,-0.05608589678884335,-0.05961558083791507,-0.004926241769521722,-0.027335714689263657
3824.0,-0.04760890260197472,-0.05615545335392946,5,0,-0.08493130372527191,-0.05615545335392946,-0.06133349286919465,-0.011307742313376501,-0.02431652074810109
3822.0,-0.04973611120081052,-0.05566411968651841,5,0,-0.08778339655230183,-0.05566411968651841,-0.06448271242982617,-0.022674581986439346,-0.018075745348966832
3820.0,-0.05009883364361323,-0.05443312590286409,5,0,-0.08937215610399041,-0.05443312590286409,-0.06562019153109477,-0.02686078255659874,-0.01420791212351813
3818.0,-0.04927336593427452,-0.05456386530339241,5,0,-0.08867097266560142,-0.05456386530339241,-0.06432627429533078,-0.02273761987950018,-0.016068097527547787
3816.0,-0.04858001195342787,-0.0552808355424268,5,0,-0.08782887221246272,-0.0552808355424268,-0.06267651041567812,-0.01826682609190744,-0.018847015504664277
3814.0,-0.04675517786624352,-0.05539783020969735,5,0,-0.08590529870354935,-0.05539783020969735,-0.05984110710261681,-0.00938043672362232,-0.023251216591731794
3812.0,-0.04506252682658092,-0.05537762335064689,5,0,-0.08347147580082281,-0.05537762335064689,-0.05759617830122665,-0.0015579488870089975,-0.027309407793199236
3810.0,-0.045427165425315996,-0.055773940008045475,5,0,-0.08315423866983584,-0.055773940008045475,-0.05792630208763194,-0.0030207065543883527,-0.027260639806678366
3808.0,-0.046951416304921126,-0.05592701590092508,5,0,-0.08494449594168763,-0.05592701590092508,-0.0596543070769302,-0.010565944681213857,-0.02366531792384885
3806.0,-0.04773426226359181,-0.05533954575346556,5,0,-0.08649494048110484,-0.05533954575346556,-0.06074639609284871,-0.015957309209220893,-0.020133119781319042
3804.0,-0.04828620191976243,-0.054863025353934614,5,0,-0.08739484293475708,-0.054863025353934614,-0.06167633626837832,-0.020072283050793338,-0.017424521990948794
3802.0,-0.04909781243422753,-0.054464812060634804,5,0,-0.08875733699524968,-0.054464812060634804,-0.06279593688437757,-0.02522357156612509,-0.014247404664750496
3800.0,-0.04841439850181493,-0.053894161978217836,5,0,-0.08873603940137742,-0.053894161978217836,-0.06194658940173303,-0.023162812240196118,-0.014332389487550223
3798.0,-0.04677958429496818,-0.05370169025737215,5,0,-0.08690296676695053,-0.05370169025737215,-0.059877732617354296,-0.015788325224749267,-0.01762720660841466
3796.0,-0.04555696174214674,-0.053880318542518735,5,0,-0.08524970488408545,-0.053880318542518735,-0.058200639407592236,-0.00984259108936092,-0.020611554787176356
3794.0,-0.04449965680463972,-0.05402559516426941,5,0,-0.08396592336625797,-0.05402559516426941,-0.05675868099567527,-0.0046840257319840095,-0.02306405876501194
3792.0,-0.04378751369235734,-0.05398118134660401,5,0,-0.0830275447902955,-0.05398118134660401,-0.05598326500128881,-0.0014194419332431707,-0.024526135390355197
3790.0,-0.04362423951075374,-0.053887701407353106,5,0,-0.08277226535805493,-0.053887701407353106,-0.05583630589950439,-0.0010181617350790706,-0.02460676315377719
3788.0,-0.04376956818340645,-0.05381949065935432,5,0,-0.0830074527453315,-0.05381949065935432,-0.05586886237163258,-0.002404896215643104,-0.023747138925070743
3786.0,-0.04398729655677887,-0.05355825314148843,5,0,-0.08353250808013923,-0.05355825314148843,-0.056027356849259746,-0.004509266051574867,-0.022309098661432047
3784.0,-0.044090696472799215,-0.05316344280317331,5,0,-0.08402136263246018,-0.05316344280317331,-0.05620768971974721,-0.0060078816756992115,-0.021053105532916172
3782.0,-0.04454999046269017,-0.05311250167188053,5,0,-0.08457829524768878,-0.05311250167188053,-0.05690720324793719,-0.008455972118159627,-0.01969598002778472
3780.0,-0.045229458378639634,-0.053065964645980346,5,0,-0.08549292098056682,-0.053065964645980346,-0.05784093600481821,-0.012131547443556823,-0.017615922818275953
3778.0,-0.04486107063105602,-0.05280693198748043,5,0,-0.08563237318105288,-0.05280693198748043,-0.05717981803460037,-0.011247716300701427,-0.017438513651444998
3776.0,-0.04377332986888329,-0.052771939635557485,5,0,-0.08460113184607265,-0.052771939635557485,-0.05539454113889275,-0.006674045887869129,-0.019424990836024447
3774.0,-0.04355853338881408,-0.052907710295799104,5,0,-0.08414560001459193,-0.052907710295799104,-0.05488875404279603,-0.00607053955302006,-0.019780063037863282
3772.0,-0.04453237160878731,-0.05303312106048064,5,0,-0.08515899218680811,-0.05303312106048064,-0.05593940467453762,-0.0112851591293186,-0.017245180992791598
3770.0,-0.045478607054348565,-0.0526227469000784,5,0,-0.08680307971866719,-0.0526227469000784,-0.05706929298991614,-0.017311488658125374,-0.013586427004955715
3768.0,-0.045388104727061764,-0.05205764797273815,5,0,-0.0874793788685575,-0.05205764797273815,-0.05687797584777465,-0.01846107598295066,-0.012064444963287846
3766.0,-0.04477108240355969,-0.051798894376969384,5,0,-0.08717941026987286,-0.051798894376969384,-0.05590815293320417,-0.016493144255777636,-0.012475810181974412
3764.0,-0.04419625871694133,-0.05163043889145835,5,0,-0.08668425764588195,-0.05163043889145835,-0.05510931298818034,-0.014622271535960296,-0.012935012523225708
3762.0,-0.04424813239181473,-0.05154034026243992,5,0,-0.08673088090765169,-0.05154034026243992,-0.055200445112372654,-0.015737832362689108,-0.01203116331392029
3760.0,-0.04490151159714277,-0.05126177354360406,5,0,-0.08775688772426626,-0.05126177354360406,-0.05597260749532973,-0.020257426809099588,-0.009258862413414226
3758.0,-0.04507080272535195,-0.05073804899761836,5,0,-0.08867368797916142,-0.05073804899761836,-0.05600549622014661,-0.022984503881561924,-0.006952276548271463
3756.0,-0.045241499891890725,-0.050577856050178616,5,0,-0.08918367318487919,-0.050577856050178616,-0.056116821955725094,-0.024777874786072962,-0.005551273482597763
3754.0,-0.047158662441021806,-0.05076195307711284,5,0,-0.09139126285871146,-0.05076195307711284,-0.05845648728902919,-0.03449325012531479,-0.0006903588549407313
3752.0,-0.05003777135448515,-0.051385914761840956,4,1,-0.09572248214105317,-0.05001026562421318,-0.061990247656579456,-0.051385914761840956,0.008920053411261009
3750.0,-0.05062760100828778,-0.05890951034122516,4,1,-0.09841264571849684,-0.048288695124916625,-0.062411390037850234,-0.05890951034122516,0.014884236181049948
3748.0,-0.04937053804154936,-0.05517408839586113,4,1,-0.09803525150134385,-0.0472069211554651,-0.060339916538451055,-0.05517408839586113,0.013903487383374324
3746.0,-0.049333242876259176,-0.05636738507582417,4,1,-0.0983874127287514,-0.04667816024960758,-0.059522375498737956,-0.05636738507582417,0.01428911917162523
3744.0,-0.048184946354205095,-0.05391349746755236,4,1,-0.09859322613195376,-0.04539247356149079,-0.05694978050059629,-0.05391349746755236,0.013924245890567732
3742.0,-0.044360851174276794,-0.04343591279290537,4,1,-0.09552955278214803,-0.04343591279290537,-0.052197292430437026,-0.03938763302057713,0.008746135154683587
3740.0,-0.04219483267092579,-0.04232696150050885,4,1,-0.0928360838784894,-0.04232696150050885,-0.05075055632115477,-0.03135708990038122,0.0062965282459053196
3738.0,-0.04358981741058869,-0.04202191519372711,4,1,-0.09410701971149638,-0.04202191519372711,-0.05392482078313887,-0.03995552897155186,0.012060197606970746
3736.0,-0.04568178082766661,-0.05427233785714791,4,1,-0.09729180922688418,-0.04152316227740438,-0.0571264906168607,-0.05427233785714791,0.021804895839964145
3734.0,-0.04550318631329135,-0.055155203165695,4,1,-0.09810677898161568,-0.042608730432943664,-0.05523220964381115,-0.055155203165695,0.02358699065760872
3732.0,-0.04316159953508154,-0.04562375148185671,4,1,-0.09558848598507841,-0.04562375148185671,-0.04969605818043665,-0.04081061469126146,0.01591091266322553
3730.0,-0.040621441841192985,-0.045534102229359386,4,1,-0.09228064884656662,-0.0480173308848475,-0.045534102229359386,-0.026265444901407697,0.008990317656216273
3728.0,-0.039522540632106876,-0.04428686922408498,4,1,-0.09049325351437987,-0.04984041372745507,-0.04428686922408498,-0.02055399005320324,0.007561823358588793
3726.0,-0.039403310753050966,-0.04406926422645441,4,1,-0.09034490227396064,-0.05196265639267961,-0.04406926422645441,-0.02039767658378544,0.009757945711625249
3724.0,-0.038788464553191515,-0.04333703154542756,4,1,-0.09018519189221008,-0.0544460539552023,-0.04333703154542756,-0.017985041799629675,0.012010996426512044
3722.0,-0.0373441201508943,-0.04204293922486335,4,1,-0.08925134041418059,-0.05775582520856304,-0.04204293922486335,-0.010951782337768723,0.013281286430904204
3720.0,-0.03507047023247627,-0.04061581646371559,4,1,-0.08786286345207084,-0.061718742719969244,-0.04061581646371559,-1.231278430702254e-05,0.01485738425768135
3718.0,-0.03233447049470626,-0.040307588641009806,3,2,-0.08660345698159788,-0.06580236911294901,-0.040307588641009806,0.012551019878151992,0.018490042383873417
3716.0,-0.03016488611959236,-0.0429034743190273,3,2,-0.08665097568834534,-0.06960737531634553,-0.0429034743190273,0.021963213417347083,0.026374181308409295
3714.0,-0.029360821999980267,-0.04840489028670514,3,2,-0.08926446289050483,-0.07339003354834261,-0.04840489028670514,0.024391024788127158,0.039864251937524076
3712.0,-0.028804991818265104,-0.05206949234432834,3,2,-0.09388073202225855,-0.07872251236777883,-0.05206949234432834,0.02483182887756985,0.05581594876547036
3710.0,-0.026019809112916837,-0.04914071677519305,3,2,-0.0970416553093979,-0.08629001110668888,-0.04914071677519305,0.03753264186980387,0.06484069575689178
3708.0,-0.020620496688059077,-0.045195413152913755,3,2,-0.09749696482200676,-0.09156985374741378,-0.045195413152913755,0.06295889603601212,0.06820085224602679
3706.0,-0.014999684650805367,-0.04453235476148065,3,2,-0.0978756695686247,-0.09305999443941937,-0.04453235476148065,0.08630526802608118,0.0741643274894167
3704.0,-0.01067311142490902,-0.044166787886910086,3,2,-0.09987155462416653,-0.0935106810548264,-0.044166787886910086,0.10145738397981008,0.08272608246154783
3702.0,-0.007470570419169398,-0.039901421533314,3,2,-0.10269895833369136,-0.09451047012367542,-0.039901421533314,0.11118731851873953,0.08857067937609425
3700.0,-0.005994189962533125,-0.03324357284327606,3,2,-0.1043099557490581,-0.09588938933551938,-0.03324357284327606,0.11699223939280756,0.08647972872238036
3698.0,-0.008479689608776774,-0.029863963289757378,3,2,-0.10440198685433644,-0.09764092098690125,-0.029863963289757378,0.11258092163819078,0.07692750144892041
3696.0,-0.01595584231539703,-0.02995915090836515,3,2,-0.10405716233605566,-0.10130726709876914,-0.02995915090836515,0.0925280716128376,0.0630162971533672
3694.0,-0.026664058837971814,-0.03132398133209491,3,2,-0.1038497584496868,-0.10674301919840246,-0.03132398133209491,0.05936559644330236,0.04923086834702273
3692.0,-0.038466125376647065,-0.033572775621310724,3,2,-0.10420512183885111,-0.11173593569662787,-0.033572775621310724,0.01703207766120063,0.04015112861235376
3690.0,-0.04925885283467847,-0.03455743289364571,4,1,-0.10435633090991803,-0.11509244888451853,-0.03455743289364571,-0.026417098418479612,0.03412904693316954
3688.0,-0.0556587723813161,-0.05316278439184974,4,1,-0.10158711213198834,-0.11839908769929663,-0.029009338656434847,-0.05316278439184974,0.023864460972989054
3686.0,-0.057376411574456575,-0.06147867519586586,4,1,-0.09614991461571143,-0.12190570294747316,-0.018764327139163484,-0.06147867519586586,0.011416562025931054
3684.0,-0.05810432523311302,-0.06750263143241236,4,1,-0.09142574293239158,-0.12521926194405475,-0.009932129371876597,-0.06750263143241236,0.0035581395151702
3682.0,-0.05983275358193456,-0.0790726660476187,4,1,-0.08890379708704965,-0.1290330094977255,-0.003548442828493037,-0.0790726660476187,0.0013941475512141144
3680.0,-0.06243911015624233,-0.08826192035825442,3,2,-0.08826192035825442,-0.13339807179006696,0.0011220507111881495,-0.09563631262555311,0.003978703281474705
3678.0,-0.06601088406664639,-0.08957983061187108,3,2,-0.08957983061187108,-0.13778230225009114,0.0037421983699794104,-0.11830825013395352,0.011873764292704342
3676.0,-0.06961866150099776,-0.09143726117986994,3,2,-0.09143726117986994,-0.14403061275696338,0.009930788404528768,-0.14349296429548192,0.020936742322797658
3674.0,-0.07043152090525505,-0.08979073444182856,3,2,-0.08979073444182856,-0.1529473534361605,0.02253004464374536,-0.1528188353641166,0.020869274072085046
3672.0,-0.06986051520107497,-0.08629162036478372,3,2,-0.08629162036478372,-0.15946466697268105,0.030713694327183738,-0.15319719018248237,0.018937207187388533
3670.0,-0.07103686146504193,-0.08322648180915815,3,2,-0.08322648180915815,-0.16746331509840573,0.039005509341750594,-0.1600834322168722,0.01658341245747584
3668.0,-0.07145620688492704,-0.07779588568789458,3,2,-0.07779588568789458,-0.17718568389607697,0.05191744168535879,-0.16162824388073901,0.007411337354716552
3666.0,-0.0703202726444189,-0.0711253801585168,3,2,-0.0711253801585168,-0.18293970473916416,0.06025289751570788,-0.15836462810151808,0.0005754522613967417
3664.0,-0.07030538346489434,-0.06593064578544233,4,1,-0.06593064578544233,-0.18799498714974233,0.0648779357999289,-0.16195839936695702,-0.000520820822258905
3662.0,-0.07119615539359977,-0.062079725721655724,3,2,-0.062079725721655724,-0.19359481293676267,0.06844012904752521,-0.17061782974767956,0.0018714623905738414
3660.0,-0.07233930542082331,-0.05905139134479881,3,2,-0.05905139134479881,-0.19932735876668606,0.07106131719790239,-0.18106636159301615,0.0066872674024821
3658.0,-0.07378360057892713,-0.056810891561659686,3,2,-0.056810891561659686,-0.20590568933446474,0.07368126719932797,-0.19332571202233895,0.013443022824499773
3656.0,-0.07485999489178982,-0.05425502189934618,3,2,-0.05425502189934618,-0.21356536372874513,0.07822519903193362,-0.20463236397347628,0.019927576110684908
3654.0,-0.07553981850350736,-0.0512206363285619,3,2,-0.0512206363285619,-0.22000472588118491,0.08204643159948162,-0.2139171381796352,0.025396976272363647
3652.0,-0.07744531022257577,-0.04994099952421806,3,2,-0.04994099952421806,-0.22392384580709224,0.08136864562348249,-0.22936662686887402,0.034636275463822974
3650.0,-0.07999678944012009,-0.049645189073104536,3,2,-0.049645189073104536,-0.2277507062050455,0.08128183158155192,-0.25048732792730777,0.0466174444233054
3648.0,-0.0798329247628254,-0.04556517065694392,3,2,-0.04556517065694392,-0.234064586908014,0.08882215798545204,-0.2568609683179377,0.0485039440833166
3646.0,-0.07647772020835131,-0.03733065419766081,3,2,-0.03733065419766081,-0.24069193356527802,0.09990498801784078,-0.2432370299793119,0.03896602868265342
3644.0,-0.07290072839409292,-0.02958125993164601,3,2,-0.02958125993164601,-0.2446886157160963,0.10792630938954004,-0.22934787583914867,0.031187800126886378
3642.0,-0.07050421233795572,-0.023870887953096664,3,2,-0.023870887953096664,-0.24769136177965556,0.11357757995229967,-0.22238099281828028,0.027844600908954242
3640.0,-0.06870456530601987,-0.01922298665612715,3,2,-0.01922298665612715,-0.2506333358828262,0.11888134965930047,-0.219266436667084,0.026718583016637543
3638.0,-0.06689048604622885,-0.015224104770204028,3,2,-0.015224104770204028,-0.2531024658003199,0.12410690314413053,-0.21704585341024318,0.026813090605492307
3636.0,-0.06496106991123175,-0.012026341336396962,3,2,-0.012026341336396962,-0.2546717141282517,0.12884718366321868,-0.21476846026133417,0.027813982506605384
3634.0,-0.06290185150906205,-0.009488342810000217,3,2,-0.009488342810000217,-0.2552426045214321,0.1327257861498835,-0.21261696284131876,0.030112866477557287
3632.0,-0.06136558539579253,-0.008143643063551476,3,2,-0.008143643063551476,-0.2552240598082807,0.13494035306374114,-0.21428382029503473,0.03588324312416313
3630.0,-0.05921813766404138,-0.007754314418331798,3,2,-0.007754314418331798,-0.25379901553000794,0.13722669576156044,-0.21789015624223135,0.046126102108803746
3628.0,-0.05263168813249245,-0.004126372383277677,3,2,-0.004126372383277677,-0.2502464526710438,0.14554226403388565,-0.20536896685665496,0.05104108721462852
3626.0,-0.0433080882911653,0.003444466057982931,2,3,0.003444466057982931,-0.24603619547142247,0.15678914706354352,-0.17860855471016246,0.04787069560423196
3624.0,-0.03579248028626436,0.009993437706373731,2,3,0.009993437706373731,-0.24237967497961355,0.16492141763627,-0.15826111502001372,0.046763533225661735
3622.0,-0.03139148567897432,0.013039249280863918,2,3,0.013039249280863918,-0.239059586826736,0.16989956153313984,-0.1505061583571522,0.04966950597501285
3620.0,-0.029621078380663135,0.01376230503301945,2,3,0.01376230503301945,-0.2346086212126144,0.1728471281000507,-0.151563266833186,0.05145706300941455
3618.0,-0.02945378830651766,0.015016470054731612,2,3,0.015016470054731612,-0.2298094536821535,0.17535566790955576,-0.15400920337541102,0.046177577560688854
3616.0,-0.029859421028474543,0.017587945504785096,2,3,0.017587945504785096,-0.22714218708120876,0.17867323062250462,-0.1557486594281169,0.03733256523966322
3614.0,-0.03002400034827969,0.020036524663432254,2,3,0.020036524663432254,-0.22511844309575413,0.18192697112443762,-0.15891240100380805,0.031947346570293855
3612.0,-0.02941539874233135,0.022122205817216634,2,3,0.022122205817216634,-0.22254646925702512,0.18475972489550324,-0.1608334382134921,0.029420983046140603
3610.0,-0.028373856474448435,0.024087003451056493,2,3,0.024087003451056493,-0.21985692906774582,0.18727836314308688,-0.16104992026855508,0.027672200369915356
3608.0,-0.02627963764542795,0.02618704199260735,2,3,0.026787915022158465,-0.216127272272412,0.19022524131190918,-0.15847111428140276,0.02618704199260735
3606.0,-0.022855424466986463,0.02421635554242063,2,3,0.03086860814883885,-0.21177109642009456,0.19403727356153117,-0.1516282631676284,0.02421635554242063
3604.0,-0.019723976080618644,0.023069661643316475,2,3,0.03488896171413963,-0.20803989033857465,0.19731825311020804,-0.14585686653218272,0.023069661643316475
3602.0,-0.017282538491695566,0.02428002020127451,2,3,0.0377223921863965,-0.20401121377927395,0.1993097447024198,-0.1437136357692947,0.02428002020127451
3600.0,-0.014768171299852657,0.0265985777951826,2,3,0.03996552982732257,-0.19905955820934607,0.20097401753133748,-0.14231942344375986,0.0265985777951826
3598.0,-0.012127377423635117,0.02863070100165932,2,3,0.04236626660483947,-0.19409752854668658,0.20269534954917515,-0.14023167572716294,0.02863070100165932
3596.0,-0.009618617501255205,0.030417675906080466,2,3,0.044926596409065406,-0.1893008318308513,0.20429317959899326,-0.13842970758956386,0.030417675906080466
3594.0,-0.006884874465421975,0.03175775357546928,2,3,0.04782580722565194,-0.18415239318084442,0.2059451687547056,-0.13580070870209227,0.03175775357546928
3592.0,-0.004343351446011917,0.03290158644929553,2,3,0.05075118071932461,-0.17959399121077868,0.20743938283271532,-0.13321491602061636,0.03290158644929553
3590.0,-0.0027317807510874427,0.0360212539927206,2,3,0.05267501001112479,-0.17573464723055984,0.20785917330048506,-0.13447969382920782,0.0360212539927206
3588.0,-0.0006799661801585921,0.04083742581960703,2,3,0.05460848985626782,-0.17061104497499635,0.2078582233398618,-0.13609292494153324,0.04083742581960703
3586.0,0.003158756530830209,0.04229699571969969,2,3,0.05884841509169761,-0.16498358121299428,0.20985439894022032,-0.1302224458844723,0.04229699571969969
3584.0,0.00746513931162347,0.04006794443025474,2,3,0.06452250708411125,-0.16105670080329643,0.2136484936008601,-0.11985654775381233,0.04006794443025474
3582.0,0.010881676500831355,0.0387924563167138,2,3,0.06917964662253678,-0.1580905020012892,0.2168175146121741,-0.1122907330459787,0.0387924563167138
3580.0,0.013653583367656014,0.03952304171270826,2,3,0.07281035311629816,-0.15500054871078847,0.2186335835466485,-0.10769851282658638,0.03952304171270826
3578.0,0.016202485187778264,0.04068834825512424,2,3,0.07650027448500663,-0.15187782085256946,0.21983237682248322,-0.1041307527711533,0.04068834825512424
3576.0,0.018617059222715504,0.041544828063395434,2,3,0.08044156873475611,-0.14870230859124917,0.22092837368040763,-0.10112716577373249,0.041544828063395434
3574.0,0.020905548992224177,0.042520024407752155,2,3,0.08429492241431152,-0.1453880872227889,0.22185299327453556,-0.09875210791268946,0.042520024407752155
3572.0,0.022689237902475706,0.044580131594789574,2,3,0.08774594647130679,-0.1424912988940914,0.22217506017149521,-0.09856364983112165,0.044580131594789574
3570.0,0.023390787935366274,0.048949974940890595,2,3,0.09021487653072421,-0.14025190623080827,0.2211830612096104,-0.10314206677358556,0.048949974940890595
3568.0,0.02401865928421739,0.05541552696487728,2,3,0.09226569839987936,-0.13767088388228668,0.21952005494999702,-0.10943710001138002,0.05541552696487728
3566.0,0.026382596218703046,0.058874615741079106,2,3,0.09627515798927208,-0.1349474884519133,0.21981357895580164,-0.1081028831407243,0.058874615741079106
3564.0,0.02930155455612793,0.05688726053351023,2,3,0.10214946564211577,-0.13343664814096876,0.22157438382793088,-0.10066668908194848,0.05688726053351023
3562.0,0.031243590887209717,0.05442481662492238,2,3,0.10752012669437075,-0.13232320133570993,0.22205231989029323,-0.09545610743782784,0.05442481662492238
3560.0,0.03258425395433669,0.05378031897752522,2,3,0.11188674097319443,-0.13111998723278506,0.22142780611063118,-0.09305360905688231,0.05378031897752522
3558.0,0.033764198507247545,0.054171303720435326,2,3,0.11589966200135052,-0.12998657929023497,0.2204348323636145,-0.09169822625892765,0.054171303720435326
3556.0,0.03439505464704711,0.05464810884414684,2,3,0.11962140744636279,-0.1289060042605445,0.21885921858920473,-0.0922474573839343,0.05464810884414684
3554.0,0.03445549910300164,0.05513642070366109,2,3,0.12289366538311433,-0.12772190771948413,0.21678089498255482,-0.0948115778348379,0.05513642070366109
3552.0,0.034491444886629384,0.055525251505426865,2,3,0.12601194114921463,-0.12638184624048035,0.21477025352928308,-0.0974683755102973,0.055525251505426865
3550.0,0.034509670863997824,0.05560100334595186,2,3,0.12926355900626635,-0.125214594476372,0.21289878273703733,-0.10000039629289442,0.05560100334595186
3548.0,0.03403100376934047,0.05606875490678648,2,3,0.13240917992582235,-0.12416306912307037,0.210272145859075,-0.10443199272191112,0.05606875490678648
3546.0,0.03332796444903922,0.05665278624101433,2,3,0.1353400400836033,-0.12304341624368728,0.20722521638425956,-0.10953480421999384,0.05665278624101433
3544.0,0.033109746930136116,0.05561135356047586,2,3,0.1383719714062929,-0.12224037584310651,0.20532763753624944,-0.11152185200923109,0.05561135356047586
3542.0,0.03331877087792239,0.05323685342790685,2,3,0.14137533627685359,-0.12188288472882525,0.20467079687282824,-0.11080624745915146,0.05323685342790685
3540.0,0.03337703032105078,0.05138546437614622,2,3,0.1440035588759913,-0.12147652658673505,0.20393735463716622,-0.11096469969731482,0.05138546437614622
3538.0,0.03310632951820912,0.05080818904147577,2,3,0.146636481270995,-0.12066147008882719,0.20246896120349836,-0.11372051383609633,0.05080818904147577
3536.0,0.03290532163403558,0.0510912643751632,2,3,0.14955424616083932,-0.11957925692192786,0.20088369467547726,-0.117423340119374,0.0510912643751632
3534.0,0.03302777678927342,0.051602363790833605,2,3,0.1522149627301614,-0.11852579643822692,0.19989426959775172,-0.12004691573415271,0.051602363790833605
3532.0,0.03318674688525074,0.052312952401105506,2,3,0.15435275808037974,-0.11734360075304262,0.19916295189209024,-0.12255132719427919,0.052312952401105506
3530.0,0.03314449716300079,0.05337700803331202,2,3,0.1564678719698212,-0.11585418808827683,0.1981149333865784,-0.12638313948643087,0.05337700803331202
3528.0,0.03305498417510652,0.05439688244143659,2,3,0.15901634596041905,-0.11437720507486962,0.197008748165201,-0.13076985061665442,0.05439688244143659
3526.0,0.03315389103787038,0.05520255614181907,2,3,0.16207602839918475,-0.11330528786935784,0.1962860898460461,-0.1344899313283402,0.05520255614181907
3524.0,0.03353077292651192,0.055795207511223854,2,3,0.1654745712852935,-0.11266471161145569,0.1960927023158346,-0.13704390486833662,0.055795207511223854
3522.0,0.03424123392742345,0.05578483895619013,2,3,0.16892389125317933,-0.11211000303623492,0.19664606662273965,-0.13803862415875695,0.05578483895619013
3520.0,0.03514624780373913,0.05536078581498538,2,3,0.17228732984885456,-0.11133351474605727,0.197538558423215,-0.13812192032230203,0.05536078581498538
3518.0,0.035977973258476,0.05521868719373624,2,3,0.17560371754643675,-0.11052354264950287,0.19846537468732905,-0.13887437048561913,0.05521868719373624
3516.0,0.03661958983508029,0.05546662303093364,2,3,0.17899436685020192,-0.11000620910018732,0.19971751733049858,-0.14107434893604537,0.05546662303093364
3514.0,0.03712818606305797,0.05622489331666336,2,3,0.18237559720041507,-0.1096533760836847,0.20089989791747392,-0.14420608203557783,0.05622489331666336
3512.0,0.03772431620394998,0.05768467060397919,2,3,0.1854024921659675,-0.10898610973234152,0.20157222460206775,-0.147051696619923,0.05768467060397919
3510.0,0.03861631278425692,0.05910757711794956,2,3,0.1882168665560787,-0.10789226790167905,0.20254425650267466,-0.14889486835373922,0.05910757711794956
3508.0,0.039765101651634785,0.05991120176326026,2,3,0.19124403160587866,-0.10676091019735118,0.20434105153651377,-0.1499098664501276,0.05991120176326026
3506.0,0.040740219557424864,0.06107394324370696,2,3,0.19416671804503985,-0.10600107066447018,0.20596854913679846,-0.15150704197395082,0.06107394324370696
3504.0,0.04158390921320533,0.06299791051962889,2,3,0.19713837957117272,-0.10527249892015256,0.20708682629782635,-0.15403107140244876,0.06299791051962889
3502.0,0.04292742673898461,0.06433809321839523,2,3,0.2006897457115909,-0.10444809538523703,0.20885603435628072,-0.15479864420610678,0.06433809321839523
3500.0,0.04462344780875662,0.06484319942789651,2,3,0.20456026573583963,-0.10388893885568523,0.2113521771711928,-0.15374946443546061,0.06484319942789651
3498.0,0.04611746029532423,0.06550546717618877,2,3,0.20838352896643808,-0.10353589440233929,0.2138359380522626,-0.153601738315929,0.06550546717618877
3496.0,0.04744396195627927,0.0663169142494946,2,3,0.21185495750602543,-0.10320170247619936,0.21647596588564585,-0.15422632538357017,0.0663169142494946
3494.0,0.04884419627154283,0.06700158962963088,2,3,0.21480579609629086,-0.10276293655639823,0.21943723148395317,-0.15426069929576253,0.06700158962963088
3492.0,0.05020703089543479,0.06773577382743279,2,3,0.21759135931457535,-0.10235826871143944,0.22224922923295967,-0.1541829391863544,0.06773577382743279
3490.0,0.05138797835691787,0.0687697243376475,2,3,0.22061072478885874,-0.10208186100034955,0.22465856303355516,-0.1550172593751225,0.0687697243376475
3488.0,0.05250152556722779,0.06995800669938124,2,3,0.22395397696165736,-0.10187174123042242,0.22712064349547115,-0.1566532580899484,0.06995800669938124
3486.0,0.053781056151129256,0.07092110982395616,2,3,0.2275629256797943,-0.10166832271050275,0.230113628331432,-0.15802406036903344,0.07092110982395616
3484.0,0.05524700603920848,0.07181097580327367,2,3,0.2312813227392507,-0.10132693758335792,0.2332569864052057,-0.15878731716832978,0.07181097580327367
3482.0,0.056727334813132656,0.07274322854963977,2,3,0.23518739139693134,-0.10086569320289202,0.236246828805561,-0.1596750814835768,0.07274322854963977
3480.0,0.058123611704313315,0.0733528281462531,2,3,0.23899907731946365,-0.10054309509289094,0.23932666978099093,-0.1605174216322502,0.0733528281462531
3478.0,0.059488177558455514,0.0738661814859416,2,3,0.24215516840934467,-0.10037528586347433,0.24237826162632364,-0.160583437865858,0.0738661814859416
3476.0,0.06086629312658163,0.07482282601293921,2,3,0.24505361609707368,-0.10028748879436938,0.2450793504935652,-0.16033683817630057,0.07482282601293921
3474.0,0.06223234291665567,0.07587959465558813,2,3,0.2484978070231361,-0.10024561485184497,0.2477409323132341,-0.160711004556835,0.07587959465558813
3472.0,0.06358458049518642,0.07656164438191293,2,3,0.2528572058866172,-0.10018204820269633,0.2507800992563393,-0.16209399884624098,0.07656164438191293
3470.0,0.06487381258232174,0.0772006251126347,2,3,0.25761769156177006,-0.10020459287095901,0.253911248083774,-0.1641559089756111,0.0772006251126347
3468.0,0.06611879618841024,0.07817335875368214,2,3,0.2614657076126865,-0.1002211334370714,0.25657351959199237,-0.1653974715792384,0.07817335875368214
3466.0,0.06749298687010322,0.07922766961378935,2,3,0.26403104868091665,-0.10008560740630956,0.258971109763086,-0.1646792863009664,0.07922766961378935
3464.0,0.06897056607989131,0.07998937494157565,2,3,0.2662536918642318,-0.09993750573689464,0.26173420240581546,-0.1631869330752717,0.07998937494157565
3462.0,0.07032594932995444,0.08041509781491052,2,3,0.2688898915888305,-0.09980296785462078,0.2646630995238859,-0.1625353744232339,0.08041509781491052
3460.0,0.0714987536350983,0.0806108001940894,2,3,0.271832996983724,-0.0998862649237065,0.26743046059742265,-0.16249422467603797,0.0806108001940894
3458.0,0.07275113676168025,0.0808493298001558,2,3,0.2746385714512414,-0.1002800842382312,0.27042835970755563,-0.16188049291232032,0.0808493298001558
3456.0,0.07412999557558672,0.08109550328709647,2,3,0.2772364458555441,-0.10061468791168326,0.27374635309122397,-0.16081363644424762,0.08109550328709647
3454.0,0.07538142305811077,0.08129593271342861,2,3,0.2798894577022072,-0.10075217206757442,0.2767115057587071,-0.16023760881621463,0.08129593271342861
3452.0,0.07644916463637533,0.08174781959860877,2,3,0.28267153163116787,-0.1009747361886375,0.27911018574330404,-0.16030897760256657,0.08174781959860877
3450.0,0.07733522961150825,0.08275044205618032,2,3,0.28525885471786494,-0.10130570444707088,0.2812689690677429,-0.16129641333717604,0.08275044205618032
3448.0,0.0781210002322386,0.08379538985934432,2,3,0.28755812264937514,-0.10139970733234704,0.28354614467725764,-0.16289494869243704,0.08379538985934432
3446.0,0.07918660263948084,0.08404313894438731,2,3,0.2901223265321829,-0.10139036687770897,0.28637872311742707,-0.1632208085188841,0.08404313894438731
3444.0,0.08065084363319555,0.08398767078887359,2,3,0.2932483436849749,-0.10141765558148724,0.289286475464929,-0.16185061619131247,0.08398767078887359
3442.0,0.08223005596451574,0.08453674128367161,2,3,0.2967649604251828,-0.10125399337054225,0.29170462374106243,-0.1606020522567959,0.08453674128367161
3440.0,0.08369919524152278,0.085507660341677,2,3,0.3006884590936725,-0.10115189012464226,0.29416938096988277,-0.16071763407297612,0.085507660341677
3438.0,0.0849173988744522,0.0863336297827666,2,3,0.30466812126570053,-0.1015458786062311,0.29712059332974583,-0.16198947139972086,0.0863336297827666
3436.0,0.08597347228064897,0.08686570174692654,2,3,0.3079082538215089,-0.10208134406013958,0.30020089476023315,-0.1630261448652841,0.08686570174692654
3434.0,0.08718062502804187,0.08739893231382134,2,3,0.31028624710383645,-0.10221718166133692,0.3029353264148221,-0.1625001990309337,0.08739893231382134
3432.0,0.0886179839025171,0.0880469032143183,2,3,0.3127567690419718,-0.10199741298853254,0.3054365122885333,-0.16115285204370533,0.0880469032143183
3430.0,0.09002425014818109,0.08835373432411098,2,3,0.3157263274524344,-0.10183046079224523,0.3080576158841467,-0.16018596612754143,0.08835373432411098
3428.0,0.09127495860405802,0.08807343599204331,2,3,0.31850833725059136,-0.10196041426934443,0.31081725737231874,-0.159063823325319,0.08807343599204331
3426.0,0.0924555219777623,0.08757768664210952,2,3,0.3207005638024196,-0.10212469742200653,0.3135209814250559,-0.15739692455876708,0.08757768664210952
3424.0,0.09353610744396298,0.08727902963506984,2,3,0.32287377075114587,-0.10213629915552075,0.3159857276379524,-0.15632169164883236,0.08727902963506984
3422.0,0.09458400480442823,0.08738707030612936,2,3,0.3255186555615729,-0.1021964707220619,0.3182560295326442,-0.15604526065614344,0.08738707030612936
3420.0,0.09577646231182062,0.08774455698735428,2,3,0.32832524487192893,-0.10241045419032674,0.32071879356231936,-0.1554958296721728,0.08774455698735428
3418.0,0.0970736950500644,0.0880370033920117,2,3,0.3309730004974909,-0.10266907751680554,0.3234231070418087,-0.15439555816418382,0.0880370033920117
3416.0,0.09834635204179684,0.08829243819488264,2,3,0.3337205419549212,-0.10285789744780716,0.32599375478552917,-0.1534170772785416,0.08829243819488264
3414.0,0.09957425451432474,0.08844752330196859,2,3,0.3365310550669498,-0.10273941225814748,0.32839346934236663,-0.15276136288151387,0.08844752330196859
3412.0,0.10079569685037486,0.08825999610633661,2,3,0.33919255194361986,-0.10226465856272232,0.3307528455399652,-0.151962250775325,0.08825999610633661
3410.0,0.10199655582254949,0.08812474152679828,2,3,0.3419106505900217,-0.10201621254920401,0.33288659519414876,-0.15092299564901723,0.08812474152679828
3408.0,0.10310204725679539,0.08827646719763538,2,3,0.3442352012983767,-0.10208258874431342,0.334696131949547,-0.14961497541726876,0.08827646719763538
3406.0,0.10410677125647927,0.08843598459434354,2,3,0.34565487377215615,-0.10184907703679813,0.3365224689383919,-0.14823039398569704,0.08843598459434354
3404.0,0.10513475045683518,0.08877659319844111,2,3,0.34735488625160765,-0.10146724177462818,0.3388449453550759,-0.14783543074632066,0.08877659319844111
3402.0,0.10617681013998706,0.08926276891587814,2,3,0.35035369607255673,-0.10157210921002452,0.34155126538783553,-0.14871157046631056,0.08926276891587814
3400.0,0.10699846723146245,0.08929922607467311,2,3,0.3531540548862411,-0.10173273101294594,0.343337858721977,-0.14906607251263293,0.08929922607467311
3398.0,0.10759911243735942,0.08895355705976882,2,3,0.35450011718227853,-0.1011484735458657,0.3435957140548914,-0.14790535256427595,0.08895355705976882
3396.0,0.10819850523172633,0.08871848450408348,2,3,0.3556243012324232,-0.10031622922825473,0.3441195570153697,-0.14715358736498996,0.08871848450408348
3394.0,0.10889231884157335,0.08871651298092276,2,3,0.35766036333995477,-0.10006214583577844,0.3459247483076455,-0.14777788458487784,0.08871651298092276
3392.0,0.1096867659422373,0.08897556376303595,2,3,0.3599186617558312,-0.10025074483038776,0.3479235540297869,-0.14813320500707983,0.08897556376303595
3390.0,0.11056867991186552,0.08914127887182455,2,3,0.36127973369572125,-0.10006721378149935,0.34937110011292793,-0.14688149933964678,0.08914127887182455
3388.0,0.11137721629131529,0.08895823301731332,2,3,0.36188125277410277,-0.099430212303043,0.350690330098286,-0.14521352213008265,0.08895823301731332
3386.0,0.1119754457702232,0.08857411772944312,2,3,0.36254154447048687,-0.09885809271796642,0.3520712320172902,-0.1444515726481378,0.08857411772944312
3384.0,0.11238927449385575,0.0880187768102847,2,3,0.36351787390117113,-0.09845587069865591,0.3531849234157405,-0.14431933095926175,0.0880187768102847
3382.0,0.1127668248254597,0.08741542703369742,2,3,0.3647470321050479,-0.09812547609356986,0.35414572779709863,-0.14434858671497564,0.08741542703369742
3380.0,0.1133356597343415,0.08717436523900401,2,3,0.36617117319140724,-0.09780183155077077,0.3551870995980744,-0.14405250780600742,0.08717436523900401
3378.0,0.1140610166681348,0.08726491712674278,2,3,0.3676175717147493,-0.09745447979456323,0.3562521397334192,-0.14337506543967404,0.08726491712674278
3376.0,0.1146821185328406,0.08722779465364427,2,3,0.3689437964968944,-0.09699684007766957,0.35710445315553757,-0.1428686115642036,0.08722779465364427
3374.0,0.11507931158335136,0.08674471556106622,2,3,0.37036619509102386,-0.09641554896607396,0.35765317668282115,-0.14295198045208046,0.08674471556106622
3372.0,0.11538410745309571,0.08622270269893928,2,3,0.37215952130868585,-0.09578764606703444,0.3582283095275705,-0.14390235020268272,0.08622270269893928
3370.0,0.1157666982766995,0.08616674094395915,2,3,0.3738447561161337,-0.09499850727006537,0.3591620844756304,-0.14534158288216048,0.08616674094395915
3368.0,0.11618278321694323,0.08639426328328359,2,3,0.3745495178566036,-0.09392536975082977,0.3598581543090174,-0.1459626496133587,0.08639426328328359
3366.0,0.11654368905472282,0.08646005095253195,2,3,0.3743209159218055,-0.09288669028221702,0.3598523584683434,-0.14502818978684973,0.08646005095253195
3364.0,0.11687458979745724,0.0863793526813933,2,3,0.373970233745458,-0.09220968324285889,0.35964012696649533,-0.14340708116320156,0.0863793526813933
3362.0,0.11716995672168198,0.08654271889791798,2,3,0.3739492352133527,-0.09172339092087073,0.359474497216975,-0.14239327679896507,0.08654271889791798
3360.0,0.1174082399902638,0.08675333928692441,2,3,0.3739494496241591,-0.09112953086828701,0.35936276826159863,-0.14189482635307615,0.08675333928692441
3358.0,0.1175591165383432,0.08645721863646305,2,3,0.3734934816855604,-0.09039410936617598,0.3595015507954511,-0.14126255905958263,0.08645721863646305
3356.0,0.11762490036763876,0.0858729343669038,2,3,0.3729242644670609,-0.08964929126862153,0.35972520045160217,-0.1407486061787515,0.0858729343669038
3354.0,0.1177247454782506,0.08547675636705321,2,3,0.37320291404668615,-0.08910137713983246,0.3598050308168102,-0.14075959669946414,0.08547675636705321
3352.0,0.11788457314014586,0.08524352840644556,2,3,0.3742239308715621,-0.08876326398997647,0.35992619543967874,-0.14120752502698064,0.08524352840644556
3350.0,0.11796803164045366,0.08483203656194649,2,3,0.3744295443447746,-0.08814519144881278,0.3599181406986816,-0.1411943719543216,0.08483203656194649
3348.0,0.11794536588367936,0.08416961954539937,2,3,0.3734129459956951,-0.08705542447025255,0.35934814579936764,-0.1401484574518127,0.08416961954539937
3346.0,0.11796764872573359,0.08382864188486217,2,3,0.372590089335435,-0.08609124538030827,0.3583999377764463,-0.13888917998776718,0.08382864188486217
3344.0,0.1180469960609413,0.08409807283599269,2,3,0.3723939508412403,-0.08561965096860191,0.3575981537689109,-0.1382355461728355,0.08409807283599269
3342.0,0.11793236519518199,0.08416772388690363,2,3,0.3721072891750907,-0.08524975343534119,0.3570586464116763,-0.13842208006241952,0.08416772388690363
3340.0,0.11763029940119749,0.08382824263387223,2,3,0.3718413043570064,-0.08468386406058226,0.3563973512760123,-0.13923153720032122,0.08382824263387223
3338.0,0.11739628020055456,0.08354671402399638,2,3,0.3715456715890501,-0.08405805653695059,0.35541503834752514,-0.13946796642084824,0.08354671402399638
3336.0,0.11731408025901287,0.08335089518689531,2,3,0.3704906684112561,-0.08356593656272315,0.35442915316113127,-0.13813437890149532,0.08335089518689531
3334.0,0.11729450215390642,0.08294175887778266,2,3,0.36888273389246834,-0.08307110177499372,0.35387839683281996,-0.13615927705854514,0.08294175887778266
3332.0,0.11724064626645077,0.08232960504835118,2,3,0.367398550690783,-0.0823903123303728,0.3534859341538486,-0.13462054623035613,0.08232960504835118
3330.0,0.1170147983295969,0.08187039133534879,2,3,0.3661381861935201,-0.08161319871973566,0.35254898529993084,-0.13387037246107963,0.08187039133534879
3328.0,0.11661252457450669,0.08200297653340927,2,3,0.36534657189463354,-0.08103703712466725,0.35095823086187666,-0.13420811929271875,0.08200297653340927
3326.0,0.11612736444158114,0.08219518137390447,2,3,0.36484861906633004,-0.08053132437302807,0.34918417936896595,-0.13505983322826676,0.08219518137390447
3324.0,0.1156009487305941,0.08138387138910608,2,3,0.3637908205004957,-0.07983528510786853,0.34757923762998394,-0.1349139007587466,0.08138387138910608
3322.0,0.11510901840370166,0.07992710968835826,2,3,0.3621400374339303,-0.07913914777308823,0.3461287831165345,-0.13351169044722644,0.07992710968835826
3320.0,0.11462597325629087,0.07895909812269264,2,3,0.3605265269614113,-0.07871162407542731,0.34466190781858885,-0.13230604254581113,0.07895909812269264
3318.0,0.11401948858782478,0.07867408415750876,2,3,0.35906930301940493,-0.07839549971726179,0.34299823218239417,-0.13224867670292212,0.07867408415750876
3316.0,0.11338408125591415,0.07870814590760944,2,3,0.35764536173726524,-0.07787189988754106,0.34117435429616927,-0.1327355557739321,0.07870814590760944
3314.0,0.11288007783404477,0.07886236851233563,2,3,0.3562688452514658,-0.07716383720866199,0.33932820821244203,-0.13289519559735768,0.07886236851233563
3312.0,0.11236513941630903,0.07892344346348035,2,3,0.3551445495133573,-0.07666860910122891,0.337488371230896,-0.13306205802495952,0.07892344346348035
3310.0,0.1117017232658469,0.07887998390798034,2,3,0.3542815646837036,-0.07647660381007088,0.33575989640960596,-0.13393622486198442,0.07887998390798034
3308.0,0.11100466418373416,0.0788069241861783,2,3,0.3533338738501857,-0.07628066615874468,0.33430555021854713,-0.13514236117749562,0.0788069241861783
3306.0,0.11038700870653502,0.07866302713158102,2,3,0.3518188737787332,-0.07594979216586933,0.33280568496681223,-0.1354027501785821,0.07866302713158102
3304.0,0.109773060749577,0.0782304450848117,2,3,0.3492093786484553,-0.07552302498146118,0.3307462457002986,-0.1337977407042194,0.0782304450848117
3302.0,0.10905672231232669,0.07734015882609813,2,3,0.34591732778523643,-0.07509747443953352,0.3283984399119392,-0.1312748405221068,0.07734015882609813
3300.0,0.10827601806216647,0.07643836383812452,2,3,0.34321457787456183,-0.07460231788533211,0.3261074158594436,-0.12977794937596548,0.07643836383812452
3298.0,0.10745579325882888,0.07609589476984857,2,3,0.34129510992872497,-0.0739477201321122,0.32376559818716694,-0.12992991645948387,0.07609589476984857
3296.0,0.10663087953639827,0.0762046203596124,2,3,0.3394555826068435,-0.07314288541636449,0.3213681359508469,-0.13073105581894695,0.0762046203596124
3294.0,0.10581281543822066,0.07617913435371704,2,3,0.33738732913302394,-0.0724341525335101,0.31905017774426614,-0.13111841150639375,0.07617913435371704
3292.0,0.10495291663333876,0.0755412647608441,2,3,0.3348613991461711,-0.07192543860108508,0.3168534384992301,-0.13056608063846636,0.0755412647608441
3290.0,0.10408576789030397,0.07441872459238086,2,3,0.331775026066531,-0.0714864524958343,0.3148928114969853,-0.1291712702085429,0.07441872459238086
3288.0,0.10322605889638747,0.0735502570867611,2,3,0.32863062698251483,-0.07115505572573483,0.3129356422067233,-0.12783117606832706,0.0735502570867611
3286.0,0.10242831956734828,0.07338463966948394,2,3,0.32596536923887365,-0.07099918453174009,0.310758824346554,-0.12696805088643015,0.07338463966948394
3284.0,0.10164829666525685,0.0733820851393644,2,3,0.32353788173047604,-0.07088634997073534,0.30869537561195076,-0.12648750918477164,0.0733820851393644
3282.0,0.10076105213509023,0.07320301253535438,2,3,0.3209632311791517,-0.07089273354741299,0.30692254618753934,-0.12639079567918127,0.07320301253535438
3280.0,0.09986557602565829,0.073082875350101,2,3,0.3184360030946093,-0.07085119753366315,0.30518706764525244,-0.1265268684280081,0.073082875350101
3278.0,0.09899501510720822,0.07312567267381964,2,3,0.31614710136812746,-0.07045738459173095,0.30297258738468485,-0.12681290129885997,0.07312567267381964
3276.0,0.09809985266386322,0.07341559331138292,2,3,0.3141582716393063,-0.06984655507849569,0.3000830317441042,-0.12731107829698168,0.07341559331138292
3274.0,0.09723655476417223,0.07393275004056565,2,3,0.31243332826523634,-0.06957022511413335,0.29744573404479663,-0.12805881341560416,0.07393275004056565
3272.0,0.09643757594344202,0.07436327283832278,2,3,0.3107139752330125,-0.06978177674247565,0.2956275090865066,-0.12873510069815614,0.07436327283832278
3270.0,0.09568269196924051,0.0741967365657556,2,3,0.3086513997674372,-0.06997287158710369,0.2940952124351473,-0.12855701733503394,0.0741967365657556
3268.0,0.09496671736385459,0.07343472918670324,2,3,0.30608266385356164,-0.06976355062346595,0.29246229873539237,-0.1273825543329184,0.07343472918670324
3266.0,0.09432089811800212,0.07284735174337065,2,3,0.3033122745851874,-0.06932357652592575,0.2908652855130653,-0.126096844725687,0.07284735174337065
3264.0,0.09378617296031315,0.07287553912866623,2,3,0.3006415401071944,-0.06882628628885973,0.2895103254971084,-0.12527025364254357,0.07287553912866623
3262.0,0.09322601120002155,0.07306435896029845,2,3,0.2982281423627422,-0.06837887998580655,0.28822509856612205,-0.12500866390324838,0.07306435896029845
3260.0,0.09251007274215059,0.07310824945659794,2,3,0.29624233957081036,-0.06802173000261269,0.2864992612329713,-0.125277756547014,0.07310824945659794
3258.0,0.0917317509921671,0.07333987787772223,2,3,0.2945190345742768,-0.06765097277244075,0.28421852488529087,-0.12576770960401362,0.07333987787772223
3256.0,0.0911121169557125,0.07376983127765396,2,3,0.2925709830302687,-0.06711022660998578,0.2821042387766937,-0.12577424169606805,0.07376983127765396
3254.0,0.09073512084459306,0.07385309357114628,2,3,0.2904198910447149,-0.06647535806625188,0.2807807298227006,-0.12490275214934454,0.07385309357114628
3252.0,0.09043982859761038,0.07365441648662807,2,3,0.2887547108257934,-0.06606437555262606,0.27975032705288494,-0.12389593582462838,0.07365441648662807
3250.0,0.09002159528557123,0.07384873154247534,2,3,0.2877262909671751,-0.0659561545725259,0.2783072211769147,-0.12381811268618309,0.07384873154247534
3248.0,0.08946462943883406,0.0744887737732256,2,3,0.2865702453242937,-0.06580072903218209,0.27648021261271777,-0.12441535548388472,0.0744887737732256
3246.0,0.08895870494263272,0.07487956836982806,2,3,0.2848609355355274,-0.06539484710430765,0.2748008068819022,-0.12435293896978644,0.07487956836982806
3244.0,0.08862056088446055,0.07475666464039304,2,3,0.2829032317865074,-0.06490960001133911,0.2739072857161287,-0.12355477770938728,0.07475666464039304
3242.0,0.08831824344631149,0.07471216320397123,2,3,0.2809413482768811,-0.06440208009812876,0.2736057532640327,-0.1232659674151988,0.07471216320397123
3240.0,0.08791602223224843,0.07498343275492675,2,3,0.2792139369419219,-0.06380569797058666,0.272837808698636,-0.12364936926365588,0.07498343275492675
3238.0,0.08734650102264735,0.0753211090000458,2,3,0.277865511488942,-0.0633000402900517,0.2710601326803277,-0.12421420776602704,0.0753211090000458
3236.0,0.08662529098354851,0.07575600206034572,2,3,0.2768683498222065,-0.06296298431593511,0.2688048967520803,-0.1253398094009548,0.07575600206034572
3234.0,0.08597156069497518,0.07624907377457468,2,3,0.2759837640758682,-0.06265113501855507,0.2670201491081872,-0.12674404846519916,0.07624907377457468
3232.0,0.08557493215292185,0.07629271020109407,2,3,0.2748474970891175,-0.06223946803731445,0.26580601949806937,-0.12683209798635725,0.07629271020109407
3230.0,0.08532470355194896,0.07574635559893828,2,3,0.2734148530654853,-0.06174412938410062,0.26483430435736066,-0.12562786587793878,0.07574635559893828
3228.0,0.08505293624900419,0.07512361304703752,2,3,0.27191200019861306,-0.061186086881893975,0.26398608880269253,-0.1245709339214282,0.07512361304703752
3226.0,0.08478294262436664,0.07498772343196275,2,3,0.27048708718046843,-0.06063454136891555,0.26315564112504686,-0.12408119724672928,0.07498772343196275
3224.0,0.08450124436863303,0.07529395542309253,2,3,0.26930893041038423,-0.06017696428051611,0.2620870586053206,-0.1240067583151161,0.07529395542309253
3222.0,0.08414404073504558,0.07570346929549593,2,3,0.2683956237203444,-0.05964480215803303,0.2605835490356015,-0.12431763621818093,0.07570346929549593
3220.0,0.08375909496535772,0.07587775015745218,2,3,0.26750740438556647,-0.05883786476020553,0.258850267129135,-0.12460208208515955,0.07587775015745218
3218.0,0.08335549703556983,0.07565080134959173,2,3,0.2664270001273607,-0.057984200089208626,0.2573423887279672,-0.1246585049378619,0.07565080134959173
3216.0,0.08295267265840757,0.07512877694278913,2,3,0.2654341605720908,-0.05733128466673745,0.25620853563203444,-0.12467682518813905,0.07512877694278913
3214.0,0.08264120580763198,0.07450544358340577,2,3,0.26473017156396456,-0.05675891876748643,0.2553231227198129,-0.12459379006153687,0.07450544358340577
3212.0,0.08239763561190458,0.0739282092885784,2,3,0.2639207441787389,-0.056167141405454535,0.2545764175749697,-0.12427005157730953,0.0739282092885784
3210.0,0.08216684815406346,0.07359985148556986,2,3,0.2628477118197686,-0.05544102311652224,0.253725076330847,-0.12389737574934595,0.07359985148556986
3208.0,0.08194297016045356,0.07339429970484723,2,3,0.2618405962881948,-0.05455887359835182,0.25252716696010985,-0.12348833855253227,0.07339429970484723
3206.0,0.08165865053134473,0.07292568891323054,2,3,0.26097336654593617,-0.053776440207592646,0.25116028905481086,-0.12298965164966125,0.07292568891323054
3204.0,0.08133067498797568,0.07230456801722895,2,3,0.2600941035489629,-0.05308583397446309,0.249911539436064,-0.12257100208791438,0.07230456801722895
3202.0,0.08104999187747068,0.07180837726569911,2,3,0.25930277075914315,-0.052269209603327704,0.24880047362917834,-0.12239245266333948,0.07180837726569911
3200.0,0.08079587133073954,0.07129723229930601,2,3,0.2587435004879573,-0.05138808460855673,0.24772299636311546,-0.12239628788812429,0.07129723229930601
3198.0,0.08058303568461703,0.07064047858930506,2,3,0.2584148391028103,-0.050592445267315156,0.24668694298727642,-0.12223463698899151,0.07064047858930506
3196.0,0.08049061021429381,0.07002278962437947,2,3,0.2581572687328478,-0.04983828661690534,0.24575552284298235,-0.12164424351183517,0.07002278962437947
3194.0,0.08045364506654246,0.06952885743608167,2,3,0.2575737188058857,-0.04899458291729791,0.2449202382146049,-0.12076000620656208,0.06952885743608167
3192.0,0.0804018849865347,0.06902233717353884,2,3,0.2567170409042285,-0.047974676491746554,0.24403383166673137,-0.11978910832007861,0.06902233717353884
3190.0,0.08028611866462271,0.06829593304800147,2,3,0.25595956511479256,-0.0468522337135987,0.2430126945986028,-0.11898536572468457,0.06829593304800147
3188.0,0.08007410754035131,0.06735914130292653,2,3,0.2554334872962959,-0.04583683564450894,0.24198153111608395,-0.1185667863690408,0.06735914130292653
3186.0,0.07983801351192993,0.06639725707842153,2,3,0.2550844035836492,-0.04500296218310035,0.24102181383352528,-0.11831044475284602,0.06639725707842153
3184.0,0.0797005275385018,0.06557535720157512,2,3,0.2549164897063588,-0.04421945049976855,0.2401367524819499,-0.11790651119760623,0.06557535720157512
3182.0,0.0795571619511115,0.06469972666717733,2,3,0.25470265056468677,-0.04337653043685294,0.2392376517600105,-0.11747768879946419,0.06469972666717733
3180.0,0.07927976739463548,0.06342919150517728,2,3,0.2543836850020252,-0.042479410781347815,0.23823567593807254,-0.11717030469074982,0.06342919150517728
3178.0,0.0790248623684707,0.0619187072981498,2,3,0.2541621298833129,-0.04161117253454283,0.23738897802381187,-0.11673433082837825,0.0619187072981498
3176.0,0.07904637920745643,0.0606353242286746,2,3,0.25414580728032954,-0.040618846612465065,0.23688814061355104,-0.11581852947280794,0.0606353242286746
3174.0,0.07921210240815942,0.05962677426745419,2,3,0.2543233763499399,-0.039450356145342924,0.2364669477721475,-0.11490623020340163,0.05962677426745419
3172.0,0.0792391251970396,0.0585737395348927,2,3,0.2543805945828437,-0.03832238408281399,0.23598142640114048,-0.1144177504508648,0.0585737395348927
3170.0,0.0791302573151917,0.05733313361448231,2,3,0.25419505206296605,-0.037331773607077234,0.23550688516668328,-0.11405201066109594,0.05733313361448231
3168.0,0.07903837551356693,0.05597738440752986,2,3,0.25397615674695606,-0.03634960134264607,0.23500743016602477,-0.11341949241002991,0.05597738440752986
3166.0,0.0789849500159365,0.05463527046094155,2,3,0.2538564733127239,-0.035297811399041853,0.23445297763484726,-0.11272215992978826,0.05463527046094155
3164.0,0.07888872069335208,0.053399657744347795,2,3,0.25378662795560214,-0.034390958995453275,0.23377365782963166,-0.11212538106736789,0.053399657744347795
3162.0,0.07878046849666764,0.05215844649132437,2,3,0.2537845163879523,-0.033670729436051386,0.2331187726582529,-0.11148866361814,0.05215844649132437
3160.0,0.07875774905890151,0.05080070421492458,2,3,0.2539340393927275,-0.03275611003825217,0.23260415311353086,-0.11079404138842322,0.05080070421492458
3158.0,0.07877717677492795,0.04948965130373992,2,3,0.25413610974578993,-0.03155313026652448,0.23203797166051127,-0.11022471856887697,0.04948965130373992
3156.0,0.07873738778863928,0.048401093112776405,2,3,0.25431768597846527,-0.030320918236472136,0.23126744824360004,-0.1099783701551732,0.048401093112776405
3154.0,0.07869506039489732,0.0475159342492381,2,3,0.2546367356521432,-0.029117343827231718,0.23045672655119098,-0.1100167506508539,0.0475159342492381
3152.0,0.07875575846647026,0.04648479570928682,2,3,0.25494828733318836,-0.027956801710592394,0.2298609497524962,-0.1095584387520277,0.04648479570928682
3150.0,0.07891371454352318,0.04489022068522108,2,3,0.25497050795405996,-0.026994859535354944,0.229649874875948,-0.10794717126225814,0.04489022068522108
3148.0,0.07906931735070756,0.04288875070612268,2,3,0.254916241596992,-0.02628962967161507,0.22971840458911935,-0.10588718046708119,0.04288875070612268
3146.0,0.07916143873281278,0.04095590814525123,2,3,0.2550020775681448,-0.025573624398830853,0.2296961899241208,-0.10427335757462208,0.04095590814525123
3144.0,0.07919537541258644,0.03935936343408081,2,3,0.2551189071333257,-0.024603028633168197,0.22944868457671067,-0.10334704944801681,0.03935936343408081
3142.0,0.07921090873979149,0.0381704302732678,2,3,0.2553813721309865,-0.023460644757056524,0.2291091584367216,-0.10314577238496198,0.0381704302732678
3140.0,0.0791949398015277,0.0370536474254374,2,3,0.25565785643935707,-0.022354402764111523,0.22870331679794814,-0.10308571889099266,0.0370536474254374
3138.0,0.07914527209074863,0.03525126961019314,2,3,0.2555419545102398,-0.021322251253453862,0.22833914988586085,-0.1020837622990968,0.03525126961019314
3136.0,0.07912702833243798,0.032761496862622655,2,3,0.25530376342354866,-0.02030899691484184,0.22811973186686743,-0.10024085357600705,0.032761496862622655
3134.0,0.07913560700076858,0.030444221450893205,2,3,0.2553006417250887,-0.01919268927776053,0.22778385248788857,-0.0986579913822671,0.030444221450893205
3132.0,0.07918844547217323,0.028841940924868158,2,3,0.25539047306911633,-0.017882647552375536,0.22717106836923534,-0.09757860744997812,0.028841940924868158
3130.0,0.07926769967662774,0.027421538629351015,2,3,0.2554216580916567,-0.01661512810763552,0.22654672502304238,-0.09643629525327589,0.027421538629351015
3128.0,0.07928237483248637,0.02552567848972321,2,3,0.2551859264322125,-0.01560003844000384,0.22613721952028337,-0.09483691183978338,0.02552567848972321
3126.0,0.07924364325839581,0.0235419252322075,2,3,0.25489772928249016,-0.014668068500777613,0.22574265441085875,-0.09329602413279979,0.0235419252322075
3124.0,0.07910420734334414,0.02197665368406234,2,3,0.25489671825688476,-0.01362786820714755,0.22500366249576792,-0.09272812951284672,0.02197665368406234
3122.0,0.07882543717838641,0.0206344893185407,2,3,0.25524418256241543,-0.012698861006491815,0.22410684443476503,-0.09315946941729723,0.0206344893185407
3120.0,0.07847863727171675,0.019113807637392233,2,3,0.255580643897122,-0.011989870252959157,0.22327984333351603,-0.09359123825648731,0.019113807637392233
3118.0,0.07816505992599455,0.017243312697205877,2,3,0.25545161244511505,-0.011177091639737513,0.22235935951917302,-0.09305189339178366,0.017243312697205877
3116.0,0.07797703665558528,0.014912800943537363,2,3,0.25481971340996135,-0.009938880355604487,0.22123495531808074,-0.09114340603804863,0.014912800943537363
3114.0,0.07797122134326212,0.012315682527982975,2,3,0.2538674484980275,-0.00827730414408017,0.2201446719831775,-0.08819439214879722,0.012315682527982975
3112.0,0.07793960422904644,0.009840961980936133,2,3,0.2529129278798069,-0.006675884453693409,0.21919830334851714,-0.08557828761033454,0.009840961980936133
3110.0,0.07768296772707255,0.007667344193900222,2,3,0.2522191227653665,-0.005480699228368878,0.21818055365670566,-0.08417148275224079,0.007667344193900222
3108.0,0.07735600187010748,0.005437382733837169,2,3,0.2515080313405459,-0.004434717338680193,0.2171239478765335,-0.08285463526169887,0.005437382733837169
3106.0,0.07713927410352005,0.0030070724584064165,2,3,0.25054230261644184,-0.003280524169280298,0.21620835480420447,-0.08078083519217219,0.0030070724584064165
3104.0,0.07688646992166023,0.0007687694890581159,2,3,0.24953727900392764,-0.002102683600954794,0.21511143867693297,-0.07888245396066279,0.0007687694890581159
3102.0,0.0764510413904885,-0.0009214994688615391,3,2,0.2485621687072731,-0.0009214994688615391,0.21347490488374746,-0.07775292875187,-0.0011074384178464264
3100.0,0.07595912936713949,0.0002715766435236744,2,3,0.2474349365164482,0.0002715766435236744,0.21167797901887786,-0.07660310738633702,-0.002985737956815296
3098.0,0.07552572902811112,0.0014266678073224653,2,3,0.2460688101566068,0.0014266678073224653,0.21020992510520223,-0.07487285400116987,-0.005203903927406078
3096.0,0.07504608919081418,0.0025632297323795877,2,3,0.2445036387028252,0.0025632297323795877,0.20881047502277084,-0.07301980544195379,-0.007627092061950946
3094.0,0.07443165877050316,0.0037527513967454545,2,3,0.24294401018670853,0.0037527513967454545,0.2069774302471118,-0.07158557408253424,-0.009930323895515722
3092.0,0.07372553653499124,0.005001899297730553,2,3,0.24158080708846455,0.005001899297730553,0.20460688964117835,-0.0706539035500585,-0.011908009802358746
3090.0,0.0730314993691063,0.0062770840787911425,2,3,0.2402060988087697,0.0062770840787911425,0.20207626955242045,-0.06981079765554425,-0.013591157938905515
3088.0,0.07234503205579905,0.007360783915786651,2,3,0.23857762459440265,0.007360783915786651,0.19975300312062333,-0.068783453980872,-0.015182797370945383
3086.0,0.07152378418177152,0.008097460739295806,2,3,0.23671492961637453,0.008097460739295806,0.19752745329940824,-0.06788404555555205,-0.016836877190668897
3084.0,0.07059301032620667,0.00874657573586908,2,3,0.23466779722146008,0.00874657573586908,0.19522202163733082,-0.06709348739712923,-0.01857785556649738
3082.0,0.06965520279540527,0.009586743961843724,2,3,0.23248885751299259,0.009586743961843724,0.19285487137720161,-0.06635270133883873,-0.020301757536172832
3080.0,0.06870420596850252,0.010527385724670907,2,3,0.2303603795703112,0.010527385724670907,0.1903296261260308,-0.06564616890238906,-0.022050192676111247
3078.0,0.0678517810264499,0.011607660150862897,2,3,0.2280139987331026,0.011607660150862897,0.18773947602348223,-0.06409642315347364,-0.024005806621724635
3076.0,0.06721307689217151,0.012868932958231993,2,3,0.22519830242034491,0.012868932958231993,0.1854516870785767,-0.06122025549235012,-0.026233282503945965
3074.0,0.06656955860380374,0.014034299525866684,2,3,0.22223971936650208,0.014034299525866684,0.18341741974502748,-0.05836131691615225,-0.028482328702225224
3072.0,0.06573032929505661,0.015030651894878705,2,3,0.2196306264673792,0.015030651894878705,0.18104670909263726,-0.05683196278819934,-0.030224378191412715
3070.0,0.06468477400900183,0.015868056252669432,2,3,0.2172861170105614,0.015868056252669432,0.17817870017168624,-0.05657502117195792,-0.03133398221795003
3068.0,0.0634942549795235,0.016619420034144072,2,3,0.2147452874977288,0.016619420034144072,0.17495971878547312,-0.056664062582274105,-0.032189088837454444
3066.0,0.06239851773367022,0.017547834161135006,2,3,0.21172422658326348,0.017547834161135006,0.17186158186978767,-0.055772180674850874,-0.03336887327098417
3064.0,0.061493938533191995,0.018556220068248364,2,3,0.20851298542817157,0.018556220068248364,0.16929446239383386,-0.05385251440257996,-0.03504146082171383
3062.0,0.06060449522061913,0.019402329082404968,2,3,0.20543176204170474,0.019402329082404968,0.16701688797736108,-0.05207178035924362,-0.03675672263913157
3060.0,0.05959419199212703,0.02021039498491703,2,3,0.20251525442125903,0.02021039498491703,0.1642863171326241,-0.05102851942859293,-0.03801248714957209
3058.0,0.058489454130272026,0.02116636328738078,2,3,0.19967168917030467,0.02116636328738078,0.16087581371589993,-0.050522564133452935,-0.03874403138877233
3056.0,0.05736890183968744,0.02210809496834884,2,3,0.19677600182651386,0.02210809496834884,0.15732916503312988,-0.050025312186666226,-0.039343440442889205
3054.0,0.056271547763440365,0.02282528302539813,2,3,0.19382881513958386,0.02282528302539813,0.15403903035883448,-0.049249471962902025,-0.04008591774371259
3052.0,0.05518137636407085,0.023353425823390034,2,3,0.19093012318144384,0.023353425823390034,0.1508711895454618,-0.048434894886269425,-0.04081296184367206
3050.0,0.0541004429538523,0.023910738802412457,2,3,0.18793529810795181,0.023910738802412457,0.1477296408624913,-0.04760345205963773,-0.04147001094395636
3048.0,0.05303511596204783,0.024627650911126592,2,3,0.18479048555150812,0.024627650911126592,0.14455451971724925,-0.04670020257108645,-0.042096873798558365
3046.0,0.05195862833524266,0.025415116673259686,2,3,0.18174652322386275,0.025415116673259686,0.14125981624332218,-0.046089942681437734,-0.04253837178279357
3044.0,0.050946427196882374,0.026173720876517204,2,3,0.1789447859254763,0.026173720876517204,0.13797772140326287,-0.04572053677409951,-0.042643555446744974
3042.0,0.050141019664206934,0.026910224393869253,2,3,0.17615750018717397,0.026910224393869253,0.1348884041183579,-0.04484161987361093,-0.042409410504755496
3040.0,0.049605132700302645,0.027719479559571852,2,3,0.1730592625539008,0.027719479559571852,0.13199400035913678,-0.04309475774127969,-0.04165232122981655
3038.0,0.04927980021783144,0.02860168350694342,2,3,0.16984824100101004,0.02860168350694342,0.12904993500115514,-0.041373515836065716,-0.039727342583885716
3036.0,0.04914811476795835,0.02945978491649598,2,3,0.1669820993515232,0.02945978491649598,0.12580983824677344,-0.04055288369250809,-0.03595826498249277
3034.0,0.049339843158716624,0.030303746326549363,2,3,0.1642498184269357,0.030303746326549363,0.12246321245358865,-0.0398061895276452,-0.030511371885845406
3032.0,0.049851030730756404,0.031163134233916923,2,3,0.1612596607495051,0.031163134233916923,0.11941247875406014,-0.038269126638025674,-0.024310993445674445
3030.0,0.05038740644759169,0.03191788155696146,2,3,0.15814346130787627,0.03191788155696146,0.11678516548282103,-0.03637659918032615,-0.018532876929374165
3028.0,0.05066848349185703,0.032600352452779535,2,3,0.1552632033147559,0.032600352452779535,0.11429515531596729,-0.03482655230103743,-0.01398974132318015
3026.0,0.05058648148355055,0.03334650930490307,2,3,0.15270279672036735,0.03334650930490307,0.11148507890713188,-0.0338147413815964,-0.010787236133053157
3024.0,0.050151881013578384,0.03410158577291161,2,3,0.15018703271952327,0.03410158577291161,0.10843209665500375,-0.032940110626863806,-0.009021199452682926
3022.0,0.0493427274296929,0.03474870700194871,2,3,0.14764116700703728,0.03474870700194871,0.1052313951646286,-0.032049683576042154,-0.008857948449107922
3020.0,0.048121130849087215,0.03540514232569908,2,3,0.14509157858755534,0.03540514232569908,0.10173771520496772,-0.0315385801537198,-0.010090201719066272
3018.0,0.046546422810198676,0.035970565910252605,2,3,0.14251155955610006,0.035970565910252605,0.09822755572953717,-0.03154220327658136,-0.012435363868315119
3016.0,0.04483785747718129,0.03637335507273487,2,3,0.140032058608708,0.03637335507273487,0.09500709437301569,-0.03171436178202436,-0.015508858886527754
3014.0,0.04327137228527963,0.03686538785344895,2,3,0.13776519567525586,0.03686538785344895,0.09204934655957514,-0.03154947487699766,-0.018773593784884135
3012.0,0.042006582721971567,0.037737849778845145,2,3,0.1354151872400784,0.037737849778845145,0.08934917390285546,-0.030427569791600106,-0.022041727520321075
3010.0,0.04096812197261237,0.03884561040199791,2,3,0.13274253908468264,0.03884561040199791,0.08692429962326553,-0.028290436955214993,-0.02538140229166924
3008.0,0.03995949080226095,0.03973483302188008,2,3,0.13000636394583082,0.03973483302188008,0.08453604003614462,-0.025912639999565668,-0.028567142992985073
3006.0,0.03890684030688628,0.04031054065630563,2,3,0.12746724619420452,0.04031054065630563,0.08182148531653222,-0.024073944450549334,-0.030991126182061624
3004.0,0.037935187199203434,0.04085824565755347,2,3,0.12510077265675035,0.04085824565755347,0.0788842898687298,-0.022713743586820045,-0.032453628600196405
3002.0,0.037166247718475674,0.04153414385623527,2,3,0.1228551874452607,0.04153414385623527,0.0760789526859526,-0.02149971277823831,-0.03313733261683188
3000.0,0.03657107188180829,0.0423209870228724,2,3,0.12084904783440453,0.0423209870228724,0.07327973332022081,-0.020523723715121733,-0.03307068505333455
2998.0,0.03611327074979781,0.04311846486604676,2,3,0.11901636844129149,0.04311846486604676,0.07036278279618757,-0.019648841110255888,-0.03228242124428088
2996.0,0.03579309990072993,0.04381057671398292,2,3,0.11709014843771037,0.04381057671398292,0.06756876476259072,-0.018516737877530387,-0.03098725253310397
2994.0,0.03558587338564473,0.044424206122265386,2,3,0.11508172001211953,0.044424206122265386,0.06501917181318317,-0.017171395160286096,-0.029424335859058348
2992.0,0.0355491204532277,0.04515009189219804,2,3,0.11320388492953842,0.04515009189219804,0.06285442106081762,-0.015369202470281673,-0.02809359314613391
2990.0,0.035630354111551354,0.04603548469688351,2,3,0.11158351584676207,0.04603548469688351,0.06114536652747349,-0.01285749652894086,-0.02775509998442144
2988.0,0.03549606393464212,0.046912841419190277,2,3,0.11025518252025862,0.046912841419190277,0.05954440626806701,-0.010246850812998531,-0.028985259721306778
2986.0,0.034904370250686045,0.04769737506779831,2,3,0.10920283903917333,0.04769737506779831,0.05767873386837724,-0.00809601678336258,-0.03196107993855607
2984.0,0.03391302933818054,0.048418498465412074,2,3,0.10847391066729423,0.048418498465412074,0.05551001362089236,-0.006414772972850702,-0.03642250308984524
2982.0,0.03272602444711973,0.04903398904491224,2,3,0.10810402223022941,0.04903398904491224,0.05335429006832021,-0.005012291890816867,-0.041849887217046355
2980.0,0.031575219333306724,0.0496218663601099,2,3,0.10783819360931868,0.0496218663601099,0.05174156086258008,-0.003332389272051983,-0.04799313489342305
2978.0,0.030583519770485124,0.050201710365615326,2,3,0.10755426474792745,0.050201710365615326,0.05084080014917475,-0.0009449686957213044,-0.054734207714570604
2976.0,0.02974547325058611,0.0502293891356953,1,4,0.10759287927901867,0.05075160003690671,0.0502293891356953,0.0018339203917243085,-0.06168042259041445
2974.0,0.029087642292613725,0.0499413946281112,1,4,0.10800681074302204,0.05122012933573655,0.0499413946281112,0.004841350308612435,-0.06857147355241361
2972.0,0.028614510224836843,0.05025681750643357,1,4,0.10851241331000183,0.051628488793056426,0.05025681750643357,0.00809103963289548,-0.0754162081182031
2970.0,0.028225850019552003,0.05085680796761938,1,4,0.10917379994722798,0.05189949761354795,0.05085680796761938,0.01118300115366233,-0.08198385658429763
2968.0,0.027901331774873438,0.051201981284076936,1,4,0.11019292210184628,0.05207782996462934,0.051201981284076936,0.014001595512868947,-0.08796766998905431
2966.0,0.02763008471232976,0.0510391300452932,1,4,0.111336549689377,0.052331936443093474,0.0510391300452932,0.016735929573249486,-0.09329312218936436
2964.0,0.027306400235475002,0.050299690069723624,1,4,0.11226923728991889,0.05268196038687478,0.050299690069723624,0.01920103698321174,-0.09791992355235402
2962.0,0.026873065526148487,0.049169677340740015,1,4,0.11278526413215695,0.05302398227904487,0.049169677340740015,0.021266442080270842,-0.10188003820147024
2960.0,0.026331091092321214,0.04763988925863921,1,4,0.11284187850876987,0.053344140765137826,0.04763988925863921,0.02293233669880662,-0.10510278976974746
2958.0,0.025639557697799787,0.04526804027024095,1,4,0.11253075085951625,0.053865475655249684,0.04526804027024095,0.02397202039582086,-0.10743849869182881
2956.0,0.024721723719429267,0.04190069599539731,1,4,0.11192177255455449,0.0546226821384207,0.04190069599539731,0.02421708208245854,-0.1090536141736847
2954.0,0.023521726002597287,0.037827139661764264,1,4,0.11114821421819748,0.055333548837837365,0.037827139661764264,0.023843331986438787,-0.11054360469125146
2952.0,0.022168693095557558,0.03364942480529992,1,4,0.11033157043049757,0.05589523008676278,0.03364942480529992,0.02351994984787764,-0.11255270969265013
2950.0,0.020881361404605937,0.02987552054558701,1,4,0.10975618279108867,0.05641934921312308,0.02987552054558701,0.023623025869678238,-0.11526727139644732
2948.0,0.019811177811168968,0.02666982455679834,1,4,0.10993342305805237,0.056971654369666336,0.02666982455679834,0.023949714529031385,-0.1184687274577036
2946.0,0.019159671997825388,0.02483897568795579,1,4,0.11106072716881105,0.057576421825722424,0.02439605050879534,0.02483897568795579,-0.12207381520215765
2944.0,0.019136247935550042,0.02712784362364129,1,4,0.11285732156062595,0.05830177404399767,0.023572353314551375,0.02712784362364129,-0.12617805286506606
2942.0,0.019744859468580345,0.030971775882338348,1,4,0.11513437211546462,0.059069895622877344,0.024293897694973532,0.030971775882338348,-0.13074564397275212
2940.0,0.020820370783281326,0.03565121382059577,1,4,0.11800653044942672,0.05987376675803613,0.026029376785570435,0.03565121382059577,-0.13545903389722241
2938.0,0.02221200914946948,0.04050980738075999,1,4,0.12162358155406644,0.06077135724193672,0.028133542594795835,0.04050980738075999,-0.13997824302421158
2936.0,0.023781582213011097,0.04538084483918858,1,4,0.1257817207049653,0.061687675850370216,0.03031197998936025,0.04538084483918858,-0.14425431031882885
2934.0,0.025375180624734095,0.05004355746781025,1,4,0.13014499170385246,0.06245986147687893,0.032427084300707454,0.05004355746781025,-0.14819959182557862
2932.0,0.026859790104202363,0.05427080758256847,1,4,0.1345201599313403,0.06299348133325511,0.03413808911781424,0.05427080758256847,-0.1516235874439663
2930.0,0.028168308620008797,0.05843469640331567,1,4,0.1385655378819915,0.06329073242425687,0.035289200234760065,0.05843469640331567,-0.1547386238442801
2928.0,0.02915376098362027,0.0629255572125263,1,4,0.14168225225235564,0.06333201518135967,0.03579738991653897,0.0629255572125263,-0.15796840964467923
2926.0,0.029414611330899697,0.06299694345624207,1,4,0.1434759603214933,0.06299694345624207,0.03489444302139255,0.06697760869837038,-0.1612718988429998
2924.0,0.028610679303408548,0.06227774503988398,1,4,0.14373882325185522,0.06227774503988398,0.03163435202475323,0.06953924521203736,-0.16413676901148705
2922.0,0.02670653665788536,0.06127732363691929,1,4,0.14226968783842797,0.06127732363691929,0.02574983458373531,0.07023594993960436,-0.16600011270926013
2920.0,0.023939029933871526,0.06001734549028054,1,4,0.13901174445050785,0.06001734549028054,0.017908083198812652,0.06879827069453454,-0.16604029416477795
2918.0,0.02090335613626152,0.058821775850584124,1,4,0.13370145113870102,0.058821775850584124,0.009821755439786695,0.06502978935206488,-0.16285799109982912
2916.0,0.01837620784898116,0.058248019734894296,1,4,0.12614373976006804,0.058248019734894296,0.003391613597448273,0.05923350268071359,-0.15513583652821838
2914.0,0.016787585883265222,0.0526095746745362,2,3,0.11705118146414989,0.05853552655605193,-0.0009813247548817183,0.0526095746745362,-0.1432770285235302
2912.0,0.016070910713496044,0.04696906368086762,2,3,0.10792894920080404,0.05940409709419875,-0.0041689009045207115,0.04696906368086762,-0.12977865550386947
2910.0,0.015769946585954698,0.042968713420042715,2,3,0.10005089874309248,0.06018539528289424,-0.0069782538671957495,0.042968713420042715,-0.11737702064906019
2908.0,0.015483051648933942,0.039907292172626785,2,3,0.09372589359545619,0.06048304858493214,-0.009680442191479344,0.039907292172626785,-0.10702053391686606
2906.0,0.015119485271085942,0.03742305388889733,2,3,0.08869304284943169,0.0604940215689353,-0.012637700029163201,0.03742305388889733,-0.0983749919226714
2904.0,0.014677516700417581,0.03547903281372844,2,3,0.08450952169130588,0.06043321065377577,-0.0158164411170717,0.03547903281372844,-0.09121774053965048
2902.0,0.014112363690060525,0.03384764998795298,2,3,0.08083416392028248,0.06033978445259097,-0.018867200863529776,0.03384764998795298,-0.08559257904699402
2900.0,0.013353610653258463,0.032255990284405955,2,3,0.07749862380507588,0.06026102080268414,-0.02185568764177881,0.032255990284405955,-0.08139189398409485
2898.0,0.012388174485693949,0.03064254621188578,2,3,0.074369180357302,0.060186596668228176,-0.025002604029945474,0.03064254621188578,-0.07825484677900074
2896.0,0.011311870913106259,0.029156360650014035,2,3,0.07134946691336519,0.06010505647471687,-0.02801139798405583,0.029156360650014035,-0.07604013148850897
2894.0,0.010286248388397834,0.028055986659421217,2,3,0.06843356491352393,0.06000204407036441,-0.030509537782441032,0.028055986659421217,-0.07455081591887935
2892.0,0.0094289050627842,0.027266345057871177,2,3,0.06562261681503512,0.05986808660213816,-0.03255224647807975,0.027266345057871177,-0.07306027668304371
2890.0,0.008844618935702542,0.026646993323025003,2,3,0.06299855498946327,0.05978040515001626,-0.03434397242405651,0.026646993323025003,-0.07085888635993531
2888.0,0.00864763169134577,0.026288483600863,2,3,0.060694774477169644,0.05985526538073549,-0.03588330094875403,0.026288483600863,-0.06771706405328526
2886.0,0.008871776543832954,0.026301990608896264,2,3,0.05880873711068957,0.0600786530897498,-0.03710312651375902,0.026301990608896264,-0.06372737157641184
2884.0,0.009447192611758437,0.026703989375567838,2,3,0.05739145469828277,0.06042162859199263,-0.03790810928512556,0.026703989375567838,-0.059373000321925495
2882.0,0.010237930968254538,0.02751846063898067,2,3,0.05647723251188641,0.06090911240860253,-0.03823463650647274,0.02751846063898067,-0.055480514211724175
2880.0,0.0110624988996316,0.02875153204387748,2,3,0.055962525713935896,0.061522351531116515,-0.03814613531501021,0.02875153204387748,-0.05277777947576168
2878.0,0.011695804613664396,0.030152645347519824,2,3,0.05573408832815441,0.06213913322609488,-0.037826929503686824,0.030152645347519824,-0.05171991432976031
2876.0,0.011955670659363538,0.031289814468940524,2,3,0.05580376043335633,0.06268772505003462,-0.037534635158822494,0.031289814468940524,-0.05246831149669129
2874.0,0.011864938501873668,0.032309869909390665,2,3,0.0560447469203339,0.06320125250322794,-0.03725611031353737,0.032309869909390665,-0.0549750665100468
2872.0,0.011576496421432903,0.03381570609998741,2,3,0.056242705976145335,0.0637330306391849,-0.0367287637636875,0.03381570609998741,-0.05918019684446563
2870.0,0.011150161946769321,0.035641487387834014,2,3,0.05657236532834442,0.0642942135914717,-0.03605745886044276,0.035641487387834014,-0.06469979771336076
2868.0,0.010561362012712672,0.03718841655455962,2,3,0.0573817738785779,0.06489800890744735,-0.035553994733068084,0.03718841655455962,-0.07110739454395343
2866.0,0.00990685012550876,0.038743645092494394,2,3,0.05886709545692803,0.06557050001424236,-0.03503946929557933,0.038743645092494394,-0.07860752064054166
2864.0,0.009300726605643073,0.04081192917087717,2,3,0.06117892854643059,0.06628940119073745,-0.03414579413758678,0.04081192917087717,-0.08763083174224306
2862.0,0.00881833860693817,0.04352703801299995,2,3,0.06451043859559369,0.06704955189809036,-0.03282833909608951,0.04352703801299995,-0.09816699637590365
2860.0,0.00852366719687787,0.04710663139105764,2,3,0.06886369581890595,0.06781795828297577,-0.031159569430507572,0.04710663139105764,-0.11001038007804242
2858.0,0.008256205522134418,0.05165518269037139,2,3,0.07375944491517328,0.06841192372320448,-0.029395773211555842,0.05165518269037139,-0.12314975050652122
2856.0,0.007457075033156712,0.05655283565067604,2,3,0.07835694950240335,0.06843231113384851,-0.028802163205645437,0.05655283565067604,-0.1372545579154989
2854.0,0.005520936373537122,0.060627217715131465,2,3,0.08176208499004889,0.06755541835694523,-0.0307588836338597,0.060627217715131465,-0.15158115556058027
2852.0,0.0022808827260488496,0.06230120638911174,2,3,0.08264455052610553,0.0660186445745794,-0.03531088691445683,0.06230120638911174,-0.1642491009450956
2850.0,-0.0017287381140891124,0.06003838593263744,2,3,0.07937091401284291,0.06452504447670027,-0.04070411782560546,0.06003838593263744,-0.17187391716702072
2848.0,-0.005686092879894633,0.05397842022329635,2,3,0.07145033208744023,0.06374930168191739,-0.04485116926122179,0.05397842022329635,-0.17275734913090535
2846.0,-0.009277316809420521,0.0462732158012662,2,3,0.06076753788272682,0.0635142657039609,-0.04724397376873224,0.0462732158012662,-0.1696976296663243
2844.0,-0.012780534888699435,0.03893446590533012,2,3,0.05019550643191939,0.06315522169436294,-0.04921922325889849,0.03893446590533012,-0.16696864521621113
2842.0,-0.016343478001867907,0.03261098123418826,2,3,0.04145317307860186,0.06246355342690657,-0.05187907933829072,0.03261098123418826,-0.1663660184107455
2840.0,-0.019729012278547575,0.027450571259151735,2,3,0.034773163686693365,0.061628250965272025,-0.05495101173459971,0.027450571259151735,-0.1675460355692553
2838.0,-0.02262968599927364,0.023868825881660394,2,3,0.029602984633779306,0.060875598376079365,-0.057574972556774906,0.023868825881660394,-0.16992086633111236
2836.0,-0.024987298889979127,0.02184205120650251,2,3,0.025343475028756446,0.06027691311984129,-0.059459629611327225,0.02184205120650251,-0.17293930419366865
2834.0,-0.026936142138262786,0.02063230726796117,2,3,0.02175585681197767,0.05974539624876929,-0.06083576135988067,0.02063230726796117,-0.1759785096601414
2832.0,-0.028560852134824576,0.018802196061088794,2,3,0.018802196061088794,0.059227407380282315,-0.06188144847177923,0.019708523862172034,-0.1786609395058868
2830.0,-0.0299210660095115,0.016358864655980132,2,3,0.016358864655980132,0.05875639800372623,-0.06280059417003003,0.019001778923863455,-0.18092177746109728
2828.0,-0.03105240027910572,0.01425480460641182,2,3,0.01425480460641182,0.05838172801468622,-0.06378840374271211,0.01856216034100977,-0.1826722906149243
2826.0,-0.031970748410429614,0.012431733452735072,2,3,0.012431733452735072,0.05812698663762017,-0.06486895317576113,0.018292224256546086,-0.18383573322328828
2824.0,-0.032707067569748685,0.010846506720349258,2,3,0.010846506720349258,0.0579833263059899,-0.06594204045426233,0.018061725938837925,-0.18448485635965817
2822.0,-0.03330998648874488,0.009436864213251517,2,3,0.009436864213251517,0.05781850753933593,-0.0668788707222876,0.017846815549687145,-0.1847732490237114
2820.0,-0.033819959190794835,0.00820914181024901,2,3,0.00820914181024901,0.05760770833179796,-0.06760482055134376,0.01770430825367908,-0.18501613379835646
2818.0,-0.03430000514951925,0.007102143803061733,2,3,0.007102143803061733,0.057467855726030415,-0.068194810647206,0.017652575642333135,-0.18552779027181554
2816.0,-0.03483328336429063,0.0060103551443367875,2,3,0.0060103551443367875,0.05742660403658484,-0.06882458886459553,0.017709097202764812,-0.18648788434054409
2814.0,-0.0354825685395241,0.004872860310407012,2,3,0.004872860310407012,0.05743330021087312,-0.06969392517833128,0.017745804174258195,-0.18777088221482752
2812.0,-0.03620816056675078,0.0037672069400004338,2,3,0.0037672069400004338,0.05741666671262213,-0.07080939580209844,0.017621765847821713,-0.18903704653209974
2810.0,-0.0368694820620552,0.002762928873051851,2,3,0.002762928873051851,0.05731745263813093,-0.07171391422866036,0.01745365013683653,-0.19016752772963497
2808.0,-0.03738741691615999,0.0017301572628969364,2,3,0.0017301572628969364,0.05720531672675333,-0.07214913080782681,0.017557959916862154,-0.19128138767948555
2806.0,-0.03781998507872068,0.0006559743583630651,2,3,0.0006559743583630651,0.05720326617057958,-0.07254201994514642,0.017867749882986672,-0.19228489586038633
2804.0,-0.03823883452766359,-0.00035699938433608747,3,2,-0.00035699938433608747,0.05729068586534769,-0.07324555998291771,0.01810341348247213,-0.19298571261888398
2802.0,-0.03865034373878491,-0.0013224614643678745,3,2,-0.0013224614643678745,0.05740905309748323,-0.07412791037249755,0.01815392156542861,-0.19336432151997096
2800.0,-0.039051605519345965,-0.002162549525552948,3,2,-0.002162549525552948,0.057584626626524194,-0.07516271235101535,0.01802996473639351,-0.19354735708307924
2798.0,-0.03944827350919182,-0.0029486178456632484,3,2,-0.0029486178456632484,0.05771852734058802,-0.07614214043064271,0.018027755130524903,-0.19389689174076608
2796.0,-0.0398360817029902,-0.0037837190598566384,3,2,-0.0037837190598566384,0.057772591448519206,-0.07680668505474497,0.018285218760953015,-0.1946478146098216
2794.0,-0.04023363653757304,-0.004637114376385809,3,2,-0.004637114376385809,0.057848706496614555,-0.07734246906532916,0.01851107165182797,-0.19554837739459274
2792.0,-0.040687944941060115,-0.005427845605764925,3,2,-0.005427845605764925,0.05794599869648076,-0.07813530469599717,0.01847641122951804,-0.1962989843295373
2790.0,-0.04115022188572519,-0.006222065782949704,3,2,-0.006222065782949704,0.057980203212650516,-0.07897340848499634,0.018453368739941522,-0.19698920711327195
2788.0,-0.04152584447653438,-0.007133375065200065,3,2,-0.007133375065200065,0.05795843258036204,-0.07941954406036444,0.018753171384069067,-0.1977879072215385
2786.0,-0.04182003234351317,-0.008118419376826114,3,2,-0.008118419376826114,0.05792249327323418,-0.0795600745078695,0.019281814463577684,-0.1986259755696821
2784.0,-0.04210196095200132,-0.00897836418518072,3,2,-0.00897836418518072,0.057865467105251644,-0.07981498570215462,0.019695693794379188,-0.19927761577230207
2782.0,-0.04238837302319611,-0.009682654303179938,3,2,-0.009682654303179938,0.057828830959402944,-0.0802905828040279,0.019947169432808387,-0.19974462840098406
2780.0,-0.042677179145073296,-0.010346085185819032,3,2,-0.010346085185819032,0.057847319718837165,-0.080929333347187,0.020141775854773614,-0.20009957276597123
2778.0,-0.04299017125788738,-0.010974496127142297,3,2,-0.010974496127142297,0.05792438032696878,-0.0818033476392519,0.020198293698492575,-0.20029568654850405
2776.0,-0.04332490562006288,-0.011550846872518172,3,2,-0.011550846872518172,0.05801268089636347,-0.08284506892258148,0.02013608205571793,-0.20037737525729615
2774.0,-0.04361471221612019,-0.01217719867844047,3,2,-0.01217719867844047,0.058056218430081574,-0.0835952929637418,0.020249938272892565,-0.2006072261413928
2772.0,-0.043834615656615374,-0.012850309907902147,3,2,-0.012850309907902147,0.05802693911239243,-0.08388073752999847,0.020614751579276835,-0.2010837215368455
2770.0,-0.044042782824926574,-0.013462787759449535,3,2,-0.013462787759449535,0.05796435012527201,-0.08410194095494905,0.020959779920488697,-0.201573315455995
2768.0,-0.04425169528599897,-0.013992091067460244,3,2,-0.013992091067460244,0.057945541559747404,-0.08450270248449365,0.02121444378918491,-0.20192366822697327
2766.0,-0.04443710149110536,-0.014511757529845015,3,2,-0.014511757529845015,0.05796777985445123,-0.08493629616264298,0.021477239148223637,-0.20218247276571366
2764.0,-0.044602365718814305,-0.01508034969855021,3,2,-0.01508034969855021,0.05799729895597805,-0.0852933388654481,0.021769081546329616,-0.2024045205323809
2762.0,-0.04476965913309046,-0.015638521129126337,3,2,-0.015638521129126337,0.05802350540310297,-0.08568026661114192,0.022052956738542018,-0.202605970066829
2760.0,-0.04493537644595689,-0.016137758833413174,3,2,-0.016137758833413174,0.05807577467081049,-0.08616643400485091,0.02228778890295191,-0.20273625296528275
2758.0,-0.04510832385928172,-0.016651912691945325,3,2,-0.016651912691945325,0.05812297089911245,-0.08663597146749935,0.02246519451425255,-0.2028419005503289
2756.0,-0.045303061772901845,-0.01722454173238097,3,2,-0.01722454173238097,0.058108663030412844,-0.08701974565261794,0.022617465184936125,-0.20299714969485927
2754.0,-0.045488970328764644,-0.017805195158674625,3,2,-0.017805195158674625,0.05808612302604954,-0.08740030431687429,0.022790120812698156,-0.203115596007022
2752.0,-0.045678483825605395,-0.018343122995534533,3,2,-0.018343122995534533,0.05811801153414364,-0.0879705529948911,0.022818654727926768,-0.20301540939967178
2750.0,-0.045877874124115633,-0.018749948663994043,3,2,-0.018749948663994043,0.058134345383650476,-0.08872963821066393,0.022734186235052856,-0.20277831536462354
2748.0,-0.0460729206606957,-0.019121494232763325,3,2,-0.019121494232763325,0.05801357836888599,-0.08928037804197231,0.02277368598009788,-0.20274999537772675
2746.0,-0.046197070684511024,-0.019547395689914926,3,2,-0.019547395689914926,0.05783836783479601,-0.08943414895477697,0.023108029922517703,-0.20295020653517692
2744.0,-0.04627174765319812,-0.020044412187476435,3,2,-0.020044412187476435,0.05772017375441485,-0.08944903251997838,0.023610197523066145,-0.2031956648360168
2742.0,-0.046359155128312256,-0.020535397447976056,3,2,-0.020535397447976056,0.057704152206100034,-0.08961932072756873,0.02397246940511477,-0.2033176790772313
2740.0,-0.046501398424786955,-0.020999120906688873,3,2,-0.020999120906688873,0.0576782727151921,-0.09001517783004254,0.024084428123920976,-0.20325539422631644
2738.0,-0.04666540164938619,-0.021420263727601974,3,2,-0.021420263727601974,0.057627778538650976,-0.09052741616428206,0.024101111081345716,-0.20310821797504364
2736.0,-0.04679105639981314,-0.0218142170949992,3,2,-0.0218142170949992,0.05753502904996621,-0.09088870837755769,0.024250586917083705,-0.2030379724935587
2734.0,-0.04686756407438235,-0.02220076280133454,3,2,-0.02220076280133454,0.05743836045756601,-0.09108634371107993,0.02452080873199547,-0.20300988304905876
2732.0,-0.0469384202639078,-0.022621715943350718,3,2,-0.022621715943350718,0.05738746372248327,-0.09133079030139502,0.024740120884296113,-0.20286717968157264
2730.0,-0.04704009036835877,-0.023056179872083304,3,2,-0.023056179872083304,0.05735736616053577,-0.09178517361214034,0.02484198873612664,-0.2025584532542326
2728.0,-0.04716145087728696,-0.02346644743811499,3,2,-0.02346644743811499,0.057351732832570335,-0.09242907747906892,0.024798398971322966,-0.20206186127314418
2726.0,-0.04726086825174096,-0.02389412759238041,3,2,-0.02389412759238041,0.05736736051046942,-0.09299312136101823,0.024717206567239414,-0.201501659383015
2724.0,-0.04734041944390821,-0.02439669394634525,3,2,-0.02439669394634525,0.057291035670141155,-0.09327960683707093,0.024775565153437595,-0.20109239725970363
2722.0,-0.047404936330135025,-0.024916119297068495,3,2,-0.024916119297068495,0.05712743901143824,-0.09337605097393442,0.024965687354872923,-0.2008256377459834
2720.0,-0.047444651069644836,-0.025383623120918464,3,2,-0.025383623120918464,0.05694936941390538,-0.09343472859430846,0.025179574035139485,-0.20053384708204214
2718.0,-0.04747479925958527,-0.0258111850995274,3,2,-0.0258111850995274,0.05679421369235671,-0.09360032915528027,0.02534992791391888,-0.20010662364939424
2716.0,-0.047518503600102145,-0.026273228790833603,3,2,-0.026273228790833603,0.05668460265244635,-0.09392123066888947,0.025451732908329028,-0.19953439410156304
2714.0,-0.04755737448147366,-0.026743011374491643,3,2,-0.026743011374491643,0.056599742898444716,-0.09426156465272728,0.025514456485180137,-0.19889649576377422
2712.0,-0.047571548251718145,-0.02717837051150207,3,2,-0.02717837051150207,0.05654669851575922,-0.09460218402879494,0.025571326926883575,-0.1981952121609365
2710.0,-0.04756965202499277,-0.027585024584784956,3,2,-0.027585024584784956,0.05647680006241218,-0.09497389043036142,0.025660123854436723,-0.19742626902666638
2708.0,-0.04754863754546788,-0.02803233945796335,3,2,-0.02803233945796335,0.05638474970500529,-0.09526534473558446,0.025807337035472777,-0.19663759027426964
2706.0,-0.04749649532055451,-0.028480968660595574,3,2,-0.028480968660595574,0.056281526168079576,-0.09548711640068586,0.02603301195926555,-0.19582892966883625
2704.0,-0.04743587802918394,-0.02893080128906289,3,2,-0.02893080128906289,0.05620050426002532,-0.09572989403352272,0.026221495138454287,-0.1949406942218137
2702.0,-0.047357302694339,-0.029341301650948504,3,2,-0.029341301650948504,0.05617008596042827,-0.09597762148695899,0.026313834131756364,-0.19395151042597214
2700.0,-0.04730219611527582,-0.029729501918917323,3,2,-0.029729501918917323,0.056123276396921606,-0.09624163469559266,0.026315645565954338,-0.19297876592474505
2698.0,-0.04726322281390394,-0.03006999351737316,3,2,-0.03006999351737316,0.056071694218666535,-0.09650818539663042,0.026292673785690335,-0.19210230315987298
2696.0,-0.04719411868744596,-0.030392401434228722,3,2,-0.030392401434228722,0.056016469897341215,-0.09668428862688294,0.026363313443041214,-0.19127368671650058
2694.0,-0.04708484440876002,-0.030701747613532615,3,2,-0.030701747613532615,0.055997970572678746,-0.09686138878837525,0.02654997035858786,-0.19040902657315883
2692.0,-0.04697309032671313,-0.031056328793346855,3,2,-0.031056328793346855,0.05600134567410142,-0.0970646592802743,0.026756115918669554,-0.18950192515271547
2690.0,-0.04686913785368978,-0.03144540602528256,3,2,-0.03144540602528256,0.05603663996267638,-0.09729458543971425,0.02692067288953548,-0.18856301065566394
2688.0,-0.0467547584043948,-0.031808801198931036,3,2,-0.031808801198931036,0.056047920197444756,-0.09752563022489691,0.02702568321150589,-0.18751296400709672
2686.0,-0.046646080020516865,-0.0321190671019973,3,2,-0.0321190671019973,0.055988886040163166,-0.09784446311605366,0.02709633574760706,-0.1863520916723036
2684.0,-0.04652367324732567,-0.032391108786998024,3,2,-0.032391108786998024,0.055931625591476575,-0.098303964770588,0.027126076925552356,-0.18498099519607125
2682.0,-0.04638328007187849,-0.032691411393229175,3,2,-0.032691411393229175,0.05594681299695092,-0.09888637558409141,0.027065778170309418,-0.18335120454933218
2680.0,-0.046183876484841124,-0.0330069748542865,3,2,-0.0330069748542865,0.05600693229743481,-0.09939364799060602,0.027039698699573123,-0.18156539057632104
2678.0,-0.045889705859634124,-0.03336058473318615,3,2,-0.03336058473318615,0.05601486232280495,-0.09961921781743655,0.02719101359153231,-0.17967460266188517
2676.0,-0.04551233836645565,-0.03378872286450474,3,2,-0.03378872286450474,0.05594335560797692,-0.0996074937611412,0.02744732313053544,-0.17755615394514468
2674.0,-0.04505047036570346,-0.03423213193645802,3,2,-0.03423213193645802,0.055862954407153165,-0.09956516270150007,0.02763673931566779,-0.1749547509133802
2672.0,-0.044472627518902685,-0.03463589626190444,3,2,-0.03463589626190444,0.05580077480951118,-0.09956034496548372,0.027759987122617957,-0.1717276582992544
2670.0,-0.04376856302673578,-0.03502500771721684,3,2,-0.03502500771721684,0.05576931133053942,-0.09962092245539733,0.027885760068565135,-0.16785195636016925
2668.0,-0.042947423091137596,-0.0354247603226403,3,2,-0.0354247603226403,0.05575885890443211,-0.09977237656715077,0.028024530296041128,-0.16332336776637013
2666.0,-0.042010757364476944,-0.035807125238305426,3,2,-0.035807125238305426,0.05571832459283099,-0.09999117614936914,0.028201198750130496,-0.15817500877767166
2664.0,-0.04095564810282504,-0.0361510988092012,3,2,-0.0361510988092012,0.05566691649860256,-0.10024695678610673,0.02843425267159594,-0.15248135408901575
2662.0,-0.03981537691153551,-0.03649658685909807,3,2,-0.03649658685909807,0.055665227358587255,-0.10053323301537109,0.02869479501662653,-0.1464070870584222
2660.0,-0.03862195708017217,-0.03686421771202575,3,2,-0.03686421771202575,0.05569191040577104,-0.10077709249119371,0.02893492250387908,-0.14009530810729154
2658.0,-0.0373935635269111,-0.03723471402922318,3,2,-0.03723471402922318,0.05570575522013865,-0.1009725266429018,0.029123537088442175,-0.13358986927101135
2656.0,-0.03613654316828911,-0.0376280467353588,3,2,-0.0376280467353588,0.05571786332745754,-0.10118193546212417,0.029263704375023014,-0.12685430134644315
2654.0,-0.03484633135568651,-0.03800640207887407,3,2,-0.03800640207887407,0.055722175704481236,-0.101477761846967,0.02940227059463396,-0.11987193915170669
2652.0,-0.03348532452554291,-0.038358526384876024,3,2,-0.038358526384876024,0.05573319957921963,-0.10182313418677769,0.02963380833036755,-0.11261196996564804
2650.0,-0.03202464369670481,-0.03869573986896313,3,2,-0.03869573986896313,0.05575574310291298,-0.10211722859276862,0.029938216208440283,-0.10500420933314558
2648.0,-0.03048406531096659,-0.03906422145032917,3,2,-0.03906422145032917,0.05575654857894774,-0.10236200511622928,0.03021362946703099,-0.09696427803425323
2646.0,-0.028809202068364282,-0.03943217289127854,3,2,-0.03943217289127854,0.055741428116155234,-0.10257293061547179,0.030512382545811345,-0.08829471749703766
2644.0,-0.026949160766543856,-0.039766720136592326,3,2,-0.039766720136592326,0.05573708415279266,-0.10276962816562574,0.030854692334734146,-0.07880123201802802
2642.0,-0.02489463732082675,-0.04010092636073748,3,2,-0.04010092636073748,0.05579778796373036,-0.1030172390539481,0.031217904185776302,-0.06837071333895484
2640.0,-0.022650727006555592,-0.040431857304222385,3,2,-0.040431857304222385,0.05590009511425387,-0.10331977510049883,0.03160887567422388,-0.057010973416534494
2638.0,-0.020287945184722565,-0.040809401139769275,3,2,-0.040809401139769275,0.05593449177248133,-0.10361597867804484,0.03206184028133596,-0.04501067815961601
2636.0,-0.01784674733351079,-0.0326808584627849,3,2,-0.04124234954998873,0.05585610282159781,-0.10378417535200013,0.03261754387562199,-0.0326808584627849
2634.0,-0.015385860287485809,-0.020347260120377353,3,2,-0.041695451369150316,0.05578394501807482,-0.10389247585237382,0.03322194088639763,-0.020347260120377353
2632.0,-0.01301359081152067,-0.008500083929421143,3,2,-0.04212294951664819,0.055747117929158874,-0.10395712596462792,0.033765087423935025,-0.008500083929421143
2630.0,-0.010954659818282187,0.0017976743458976152,2,3,-0.04251183166087702,0.055753338933739904,-0.10401741413750254,0.03420493342733111,0.0017976743458976152
2628.0,-0.009577654388709722,0.008958481781658367,2,3,-0.04294021288019012,0.0557542535645279,-0.10410425113159649,0.034443456722051735,0.008958481781658367
2626.0,-0.009137524406380404,0.011765704213763106,2,3,-0.04341560045077464,0.05571160937994768,-0.10421920960553366,0.03446987443069549,0.011765704213763106
2624.0,-0.009530843201030504,0.01053877167986994,2,3,-0.04385611197321082,0.05563769155493037,-0.10432860507021013,0.03435403780346813,0.01053877167986994
2622.0,-0.010401496036146662,0.006912835800637396,2,3,-0.044287920678718784,0.05557964296644968,-0.1043933887903239,0.03418135052122229,0.006912835800637396
2620.0,-0.011402550986751626,0.002630137331186777,2,3,-0.04476869118661586,0.05556765608834224,-0.10444312329989247,0.034001266133221186,0.002630137331186777
2618.0,-0.012336418592050124,-0.0012180776452774822,3,2,-0.045311335306982725,0.05554615760077586,-0.10452572266824944,0.03382688505948317,-0.0012180776452774822
2616.0,-0.013084498078851325,-0.0041348917953478725,3,2,-0.045872027987612585,0.05551831367890614,-0.10462936172336179,0.03369547743315948,-0.0041348917953478725
2614.0,-0.013583533078613198,-0.005906149488985157,3,2,-0.04641474782457844,0.05551991502791154,-0.10471146516981644,0.03359478206240252,-0.005906149488985157
2612.0,-0.013821647325477393,-0.006409880208259722,3,2,-0.046957587494162345,0.05553388904886347,-0.10476622434680327,0.0334915663729749,-0.006409880208259722
2610.0,-0.01382180921646703,-0.005679723044330176,3,2,-0.047507694323698946,0.055517741562751466,-0.10484868553399762,0.03340931525694013,-0.005679723044330176
2608.0,-0.013625420828612978,-0.003905143783920595,3,2,-0.04805539255989233,0.055451633420493085,-0.1049691485655857,0.033350947345840654,-0.003905143783920595
2606.0,-0.013222379429611752,-0.0011819703722004693,3,2,-0.04858513341068682,0.05535873093258914,-0.10508548915819738,0.033381964860436764,-0.0011819703722004693
2604.0,-0.012530167142764536,0.0027342702924597617,2,3,-0.04903854891995718,0.055305438730446355,-0.10517934142073915,0.03352734560396753,0.0027342702924597617
2602.0,-0.011436763078788825,0.008464115324427146,2,3,-0.049409885427672995,0.0552881543277175,-0.1052705251613204,0.03374432554290463,0.008464115324427146
2600.0,-0.009837096011583935,0.016675094747580887,2,3,-0.049791586439258406,0.05524733687047512,-0.10536359257419314,0.03404726733747587,0.016675094747580887
2598.0,-0.007667519949626689,0.027607892819312863,2,3,-0.0501821288561457,0.055192579608639214,-0.10543171157427711,0.03447576825433729,0.027607892819312863
2596.0,-0.005015112740943817,0.0350327834071813,2,3,-0.0505383787130842,0.0551202473367689,-0.10545186076335589,0.0350327834071813,0.0407616450277708
2594.0,-0.002151603372504818,0.03566266947065899,2,3,-0.050830914729320664,0.05506685265665423,-0.1054700454209907,0.03566266947065899,0.05481342116047405
2592.0,0.0005733374286498449,0.03623696763452133,2,3,-0.051118269182913956,0.05503892722250825,-0.10552419590742179,0.03623696763452133,0.06823325737655539
2590.0,0.002884617558981972,0.036687960847650025,2,3,-0.05144865469954696,0.05503063615519732,-0.10567210118106085,0.036687960847650025,0.07982524667267032
2588.0,0.004695275586211256,0.036991108415788565,2,3,-0.05179177061387419,0.05499170667315245,-0.1058618296987921,0.036991108415788565,0.08914716315478155
2586.0,0.00609426329469902,0.03722169499286254,2,3,-0.05213491440389495,0.05491553415338357,-0.10604786985983039,0.03722169499286254,0.09651687159097433
2584.0,0.007196006315334058,0.037362861135251446,2,3,-0.05249363616235403,0.05474767630404109,-0.10625462469305647,0.037362861135251446,0.10261775499278825
2582.0,0.008170555677878033,0.037472074840842584,2,3,-0.052830567048256505,0.05462036023962957,-0.10649038383407983,0.037472074840842584,0.10808129419125434
2580.0,0.00910199383164927,0.037554738070782134,2,3,-0.053156267409662616,0.05459057414605373,-0.10671898426995363,0.037554738070782134,0.11323990862102673
2578.0,0.00997997926969547,0.03762981842868052,2,3,-0.05348075065078506,0.05460326582570385,-0.10688177533787213,0.03762981842868052,0.11802933808275018
2576.0,0.010704015942485778,0.03766660593187421,2,3,-0.0538195956763905,0.05455475764487727,-0.1070254801618622,0.03766660593187421,0.1221437919739301
2574.0,0.0112531813266608,0.037666629439317534,2,3,-0.05414616054816124,0.054487349134612284,-0.1071375809102546,0.037666629439317534,0.12539566951779002
2572.0,0.01171461255461228,0.03763457636918255,2,3,-0.054452821213457625,0.054435784189431846,-0.10720020082273685,0.03763457636918255,0.12815572425064148
2570.0,0.012286243304094713,0.03760734086643258,2,3,-0.05478917765876523,0.05438105784595271,-0.10725235604732619,0.03760734086643258,0.1314843515141797
2568.0,0.013227823128537652,0.03772561728546853,2,3,-0.055170448921781245,0.05426551135239022,-0.10729243160354707,0.03772561728546853,0.13661086753015783
2566.0,0.014744767324032671,0.03809463318495565,2,3,-0.05555486877001781,0.054117585170574856,-0.10734124652062582,0.03809463318495565,0.14440773355527647
2564.0,0.01687222461669897,0.03862305389828724,2,3,-0.05587933707270243,0.053961077357840725,-0.10740480579982181,0.03862305389828724,0.15506113469989113
2562.0,0.019495735568689998,0.039205883230662986,2,3,-0.056155226726641416,0.05381251969330991,-0.1074668513496495,0.039205883230662986,0.16808235299576801
2560.0,0.02244876871175445,0.03988532009336909,2,3,-0.056394430505230186,0.05370452914070345,-0.1075039935405222,0.03988532009336909,0.1825524183704521
2558.0,0.025547346567438466,0.04070426060534804,2,3,-0.05659667959840564,0.053627173014840546,-0.10751084312852388,0.04070426060534804,0.19751282194393327
2556.0,0.028552206277330773,0.041549632737985176,2,3,-0.05678837687230032,0.05353629287302519,-0.10752305006603735,0.041549632737985176,0.21198653271398116
2554.0,0.03120447217246545,0.04226548847301226,2,3,-0.05702485973307447,0.05342220655770502,-0.10755375402403389,0.04226548847301226,0.22491327958871832
2552.0,0.03338837796027401,0.042893946034539,2,3,-0.05736302949108407,0.05329572628972912,-0.10754704379533564,0.042893946034539,0.23566229076352163
2550.0,0.035198998182805495,0.04347103760932769,2,3,-0.05775096572635774,0.05316599776533737,-0.10747147807374446,0.04347103760932769,0.24458039933946463
2548.0,0.03682964647766542,0.04397695679984426,2,3,-0.058099052383953076,0.05306733449447942,-0.10740002473166887,0.04397695679984426,0.2526030182096254
2546.0,0.038430830284419536,0.044439971504717235,2,3,-0.05842240327296966,0.052969947678035645,-0.10737663815625464,0.044439971504717235,0.2605432736685691
2544.0,0.04013286462299468,0.0449463206510603,2,3,-0.05878968397013273,0.052813917477811057,-0.10733993444039802,0.0449463206510603,0.2690337033966328
2542.0,0.04216644517970156,0.04563661574393585,2,3,-0.05916949120474846,0.05263579800819862,-0.10723047029264254,0.04563661574393585,0.27895977364376434
2540.0,0.04481898515366822,0.04662426463325109,2,3,-0.05953851643295249,0.05256290974109179,-0.10704926966366779,0.04662426463325109,0.2914955374906185
2538.0,0.04817351122883724,0.04786715316795043,2,3,-0.0599490462049701,0.05261519006330162,-0.10679707809145778,0.04786715316795043,0.30713133720936203
2536.0,0.05200785704926556,0.049275835794483136,2,3,-0.060462395448058315,0.05271611103438767,-0.10648048385912157,0.049275835794483136,0.3249902177246369
2534.0,0.056024471443780956,0.05082228204001171,2,3,-0.06099869941513014,0.052825785858095164,-0.10614428086499283,0.05082228204001171,0.34361726960092087
2532.0,0.06006213659633412,0.052467639464019555,2,3,-0.06150027780662759,0.05302522937800802,-0.10583023853125151,0.052467639464019555,0.36214833047752215
2530.0,0.06400912180881169,0.053323776781942556,2,3,-0.06199726520155724,0.053323776781942556,-0.10555460528074723,0.05414494087302035,0.3801287618714
2528.0,0.06768386029749089,0.053630734346290065,2,3,-0.06250118849504216,0.053630734346290065,-0.10524344402283337,0.05572409040501625,0.3968091092540237
2526.0,0.07087148498665616,0.053840162727305074,2,3,-0.06300077148522965,0.053840162727305074,-0.10484330944925735,0.05707582987581983,0.4112855132646429
2524.0,0.07331014734593917,0.053962244118181735,2,3,-0.06346491150147249,0.053962244118181735,-0.10441175757741061,0.0580374671704833,0.4224276945199139
2522.0,0.07467271164226337,0.05405530730295616,2,3,-0.06387220174450903,0.05405530730295616,-0.10401738147529027,0.05852300261939969,0.4286748315087603
2520.0,0.07461949639125076,0.05411230683844259,2,3,-0.06422998354991383,0.05411230683844259,-0.10362312043549338,0.058419587545044616,0.4284186915581738
2518.0,0.0729786664510852,0.05408345816777804,2,3,-0.06458323181308034,0.05408345816777804,-0.10320222831624326,0.05768536717491002,0.4209099670420615
2516.0,0.06990717448033204,0.05398196674430178,2,3,-0.06500171880477534,0.05398196674430178,-0.10275185592734459,0.05638761426879113,0.4069198661206872
2514.0,0.06582708941946254,0.05385851080196291,2,3,-0.06547184665705896,0.05385851080196291,-0.10228968981666342,0.05475224049957528,0.3882862322694969
2512.0,0.06115078443641042,0.05294119628701921,2,3,-0.06587648500955834,0.053688689997180905,-0.10180029419744274,0.05294119628701921,0.3668008151048531
2510.0,0.056041765365494635,0.05094959832707069,2,3,-0.06614855987734458,0.05342743944622219,-0.10133675133542086,0.05094959832707069,0.34331710026694573
2508.0,0.050495837843622084,0.04879730825182915,2,3,-0.06632951811522014,0.05301620090326975,-0.10095322799419204,0.04879730825182915,0.3179484261724237
2506.0,0.04454919157123767,0.04655358902719087,2,3,-0.06642225175704475,0.05243436208712171,-0.10058411043737459,0.04655358902719087,0.2907643689362951
2504.0,0.03834804823358753,0.0442943589465663,2,3,-0.06642810209954852,0.05175725303022416,-0.10017390790408953,0.0442943589465663,0.26229063919478524
2502.0,0.03207915833226751,0.04209868693677499,2,3,-0.06637014261810426,0.05105427363422432,-0.09974778651729976,0.04209868693677499,0.23336076022574226
2500.0,0.025907660804622278,0.040014229107833144,2,3,-0.06625734879702438,0.050330252885515625,-0.0993217732201106,0.040014229107833144,0.2047729440468976
2498.0,0.019937775107018087,0.03806730810061665,2,3,-0.06613308375441562,0.04957688401158977,-0.0988793601104101,0.03806730810061665,0.17705712728770973
2496.0,0.014263500456536704,0.036279952284783645,2,3,-0.06605523068257724,0.04884023281404448,-0.09841116751623558,0.036279952284783645,0.1506637153826682
2494.0,0.00900129807665322,0.03467652955365241,2,3,-0.06601801207806801,0.04813681668872505,-0.09788401804921443,0.03467652955365241,0.12609517426817107
2492.0,0.004221310440595705,0.03322090533251787,2,3,-0.06599389823691881,0.047527200216047394,-0.09735322659880641,0.03322090533251787,0.10370557149013848
2490.0,-6.852547496718486e-05,0.0319090635569772,2,3,-0.06596145623618566,0.047046391868448056,-0.09684686666282016,0.0319090635569772,0.08351024009874464
2488.0,-0.003930968331500351,0.030696523805694875,2,3,-0.06590428203472154,0.046672136214740645,-0.0963034521603594,0.030696523805694875,0.06518423251714367
2486.0,-0.007472115913043309,0.02953482112521444,2,3,-0.06587037571876397,0.04632266600896218,-0.09568167315364362,0.02953482112521444,0.048333982173014434
2484.0,-0.010740754190050517,0.028451727742271116,2,3,-0.06581187257522259,0.04599159826714749,-0.0950447929545557,0.028451727742271116,0.032709568570107095
2482.0,-0.01374397463074346,0.01827947075219316,2,3,-0.06570440909301922,0.04565434026048343,-0.0943947998970538,0.027445524823679124,0.01827947075219316
2480.0,-0.016465151628760787,0.0050765286621121675,2,3,-0.0656094488876442,0.04531214919017601,-0.0936680572264903,0.026563070118042376,0.0050765286621121675
2478.0,-0.018921662419161843,-0.006987798324489702,3,2,-0.06559547077622918,0.045037581943822014,-0.09288864509643924,0.025826020157526886,-0.006987798324489702
2476.0,-0.02115269371747428,-0.017976241790278458,3,2,-0.06563614720479682,0.04478391574455998,-0.09214298538828669,0.025207990051430595,-0.017976241790278458
2474.0,-0.023144220058401686,-0.027790631200756533,3,2,-0.06569532546365764,0.04452001390518756,-0.09144440866811121,0.024689251135329382,-0.027790631200756533
2472.0,-0.02482734197195078,-0.03622103093586482,3,2,-0.06569371484643072,0.044312925802655334,-0.09079142989449762,0.02425654001438393,-0.03622103093586482
2470.0,-0.026195181425059298,-0.04321319630098586,3,2,-0.0656884440551202,0.04413930047709158,-0.090131570912658,0.023918003666375975,-0.04321319630098586
2468.0,-0.027293208919753953,-0.04892918862027207,3,2,-0.06572020798859501,0.043935366047691105,-0.08939506204828485,0.02364304801069106,-0.04892918862027207
2466.0,-0.028157986489473562,-0.05359483602570303,3,2,-0.06578224719196402,0.04379031182866,-0.08863305415968115,0.023429893101320376,-0.05359483602570303
2464.0,-0.028837780158867243,-0.057421254046677195,3,2,-0.06581804666765612,0.04366379328063297,-0.08788540933881261,0.02327201597817674,-0.057421254046677195
2462.0,-0.0293890429198314,-0.06063756178766089,3,2,-0.06581047322663114,0.04346595730283842,-0.0871281960962711,0.023165059208567707,-0.06063756178766089
2460.0,-0.02984289420766397,-0.06337569333358806,3,2,-0.06580023309158478,0.04318725307662108,-0.08629650521226728,0.02307070752249918,-0.06337569333358806
2458.0,-0.03022576565887376,-0.06572925645028782,3,2,-0.06580823728319674,0.04290374785321882,-0.08544118082738628,0.02294609841328321,-0.06572925645028782
2456.0,-0.030533189794373028,-0.06580148964188703,3,2,-0.06580148964188703,0.04267713424379749,-0.0845965963884463,0.02284118874758234,-0.06778618593291164
2454.0,-0.030766575123210727,-0.06577255681473937,3,2,-0.06577255681473937,0.04248678600815414,-0.08373424768586912,0.022780811066379636,-0.06959366818997892
2452.0,-0.03093616331480966,-0.06576789761565927,3,2,-0.06576789761565927,0.0423115480712577,-0.08283447477135164,0.022764965242171753,-0.07115495750046685
2450.0,-0.031036375929149963,-0.06580321084416707,3,2,-0.06580321084416707,0.04216457839106891,-0.08191446377312483,0.022811090078154184,-0.072439873497681
2448.0,-0.031060566529214028,-0.06583431710335663,3,2,-0.06583431710335663,0.04204972936744533,-0.08098613221831164,0.02289643769620997,-0.07342855038805718
2446.0,-0.03102032815175342,-0.06578901032599993,3,2,-0.06578901032599993,0.041911154243400306,-0.08004392264457794,0.02295903331528293,-0.07413889534687246
2444.0,-0.03094875867467799,-0.06570497190485214,3,2,-0.06570497190485214,0.04167790803528004,-0.07910034432532043,0.023006023933806352,-0.07462240911230378
2442.0,-0.030851496014417633,-0.06563345103285867,3,2,-0.06563345103285867,0.041444304295644496,-0.07820874606784112,0.02309228149729292,-0.0749518687643258
2440.0,-0.030711730542389227,-0.06559209038421376,3,2,-0.06559209038421376,0.04127534885387618,-0.07732380473210299,0.023208245087529278,-0.07512635153703484
2438.0,-0.03054790167925874,-0.06559462206763844,3,2,-0.06559462206763844,0.041137917376175004,-0.07641075022296118,0.023290274658874344,-0.07516232814074342
2436.0,-0.030379158991348597,-0.06562782197398076,3,2,-0.06562782197398076,0.040988411367228084,-0.07550229214597248,0.023341374282767724,-0.07509546648678556
2434.0,-0.030218209810506602,-0.06564399915933516,3,2,-0.06564399915933516,0.040781400171225446,-0.07467165622223138,0.023393171566417292,-0.07494996540860921
2432.0,-0.030031719187948357,-0.06562926587147389,3,2,-0.06562926587147389,0.040580560756633854,-0.07383755792537672,0.023456797692271714,-0.07472913059179676
2430.0,-0.029809710185247786,-0.06564138897941252,3,2,-0.06564138897941252,0.04041607640532119,-0.07294391371836251,0.02351605578593996,-0.07439538041972504
2428.0,-0.02955862086841976,-0.0656462030417182,3,2,-0.0656462030417182,0.040260897154442254,-0.07200999923574458,0.02355710919420506,-0.07395490841328334
2426.0,-0.02930933108044953,-0.06563901169164565,3,2,-0.06563901169164565,0.04006234710995216,-0.07111008811804798,0.02361690886878698,-0.07347681157129315
2424.0,-0.029055577191401748,-0.06560487678683602,3,2,-0.06560487678683602,0.03990134029683978,-0.07032252914974424,0.02371535021453819,-0.07296717053180646
2422.0,-0.028793489044003362,-0.06559426828778725,3,2,-0.06559426828778725,0.039799085334464746,-0.06956035256696991,0.02385518564674549,-0.07246709534646989
2420.0,-0.028511165013756213,-0.06558926896576911,3,2,-0.06558926896576911,0.03971843054006885,-0.0687511114388002,0.02400166397033776,-0.07193553917461837
2418.0,-0.028219979634935832,-0.06558481802892624,3,2,-0.06558481802892624,0.03964278451412362,-0.0678890375566854,0.02411288325180072,-0.07138171035499186
2416.0,-0.027927483103845276,-0.06558041634612422,3,2,-0.06558041634612422,0.039553668401834274,-0.06701010480857228,0.024182170160605976,-0.07078273292697013
2414.0,-0.02764752562358197,-0.06559066201806552,3,2,-0.06559066201806552,0.03940803798788517,-0.06615263631483659,0.024255830119568556,-0.07015819789246147
2412.0,-0.027362073815029576,-0.06533807790272284,3,2,-0.0655785469713539,0.0392662568977149,-0.06533807790272284,0.024360824133852654,-0.0695208252326387
2410.0,-0.02707429834081765,-0.06454549488343009,3,2,-0.0655062798671473,0.03916192506660665,-0.06454549488343009,0.024470636294857018,-0.06895227831497452
2408.0,-0.02681818904798101,-0.06372918651666915,3,2,-0.06545113880399667,0.039059573982668905,-0.06372918651666915,0.02455452671889513,-0.06852472062080328
2406.0,-0.026607189470046855,-0.06290549444663807,3,2,-0.06544056877239801,0.03892998097706046,-0.06290549444663807,0.024582564820645914,-0.06820242992890457
2404.0,-0.026427992933663623,-0.062129665871690554,3,2,-0.06542070951245083,0.03872772854434259,-0.062129665871690554,0.024557286470196615,-0.06787460429871595
2402.0,-0.026244907111098392,-0.061347130264936434,3,2,-0.06535463333996439,0.03845199016671219,-0.061347130264936434,0.024488007412875046,-0.06746276953017838
2400.0,-0.026032156057193445,-0.060506825217518045,3,2,-0.06525607765583974,0.03817697113692908,-0.060506825217518045,0.024395169218033086,-0.06697001776757161
2398.0,-0.025788196994872337,-0.0596425670187124,3,2,-0.06517735458119778,0.03799800742857795,-0.0596425670187124,0.024328312090064586,-0.06644738289309404
2396.0,-0.025510725346744235,-0.058790185378958304,3,2,-0.06512949915824162,0.037930572651381,-0.058790185378958304,0.024330485898040433,-0.06589500074594268
2394.0,-0.025211939030296282,-0.057969650187958965,3,2,-0.06509016963169612,0.037882506707735075,-0.057969650187958965,0.024388329124751973,-0.06527071116431338
2392.0,-0.024909533599485424,-0.05721235162348659,3,2,-0.06501258550946676,0.03779766125361461,-0.05721235162348659,0.024414950662958068,-0.06453534278104645
2390.0,-0.024647303819498978,-0.05652854850621747,3,2,-0.06492815207088265,0.03765568889880799,-0.05652854850621747,0.024246856548391538,-0.0636823639675943
2388.0,-0.024528515896639604,-0.05598259216457513,3,2,-0.06497617142082901,0.03738657557350522,-0.05598259216457513,0.02357276745195258,-0.06264315892325167
2386.0,-0.024668469591812812,-0.05574203193682181,3,2,-0.06524242776457867,0.03691904104511301,-0.05574203193682181,0.02190896380202867,-0.06118589310480527
2384.0,-0.025215101316346366,-0.056031597749772954,3,2,-0.06590395293748608,0.03625256694185963,-0.056031597749772954,0.018563158656275558,-0.05895568149260799
2382.0,-0.026349782461109906,-0.05556805203332149,3,2,-0.06710521178172058,0.035263203842623936,-0.05711342464359781,0.012774572310466414,-0.05556805203332149
2380.0,-0.028268094855560078,-0.0506664244127375,3,2,-0.06904506405818411,0.033770366416983055,-0.05912071765161975,0.0037213654277579167,-0.0506664244127375
2378.0,-0.031113623157032276,-0.043774214194846284,4,1,-0.0718957416936532,0.031566049832324694,-0.06212957973889677,-0.009334629990089827,-0.043774214194846284
2376.0,-0.03503698573812723,-0.03431925288163562,4,1,-0.07578779109319722,0.028554452856272672,-0.06640147661549323,-0.02723086095658278,-0.03431925288163562
2374.0,-0.04020546857217657,-0.05130280970907308,4,1,-0.08054213321117465,0.024563474980315636,-0.07215554723757633,-0.05130280970907308,-0.021590327683374433
2372.0,-0.04689867190854406,-0.07952684831119439,4,1,-0.08612558208242471,0.019261262310840133,-0.07952684831119439,-0.08355726905009053,-0.004544922409850827
2370.0,-0.055283714029986795,-0.08863147264755256,3,2,-0.09258943587843138,0.012406354379508322,-0.08863147264755256,-0.12496643237777083,0.01736241637431246
2368.0,-0.06517061708860021,-0.09926556024535205,3,2,-0.09960108668844336,0.004044683247499403,-0.09926556024535205,-0.174976102102667,0.04394498034596195
2366.0,-0.07570610839133414,-0.10639145144552486,4,1,-0.10639145144552486,-0.005160813932031161,-0.11049756380330278,-0.22990966747015618,0.0734289546943443
2364.0,-0.08517226164847451,-0.11211280024082426,4,1,-0.11211280024082426,-0.013593770284441531,-0.12041130516448795,-0.2811145832567954,0.10137115070417657
2362.0,-0.09143358021038624,-0.11577830031550462,4,1,-0.11577830031550462,-0.019360857852006808,-0.12685004777884945,-0.3164355769999794,0.12125688189440909
2360.0,-0.09240150267766647,-0.11647171369196019,4,1,-0.11647171369196019,-0.020522649594037157,-0.12777550155552553,-0.324136630491916,0.12689898194510651
2358.0,-0.08660206107083948,-0.11361300954520193,4,1,-0.11361300954520193,-0.015425833099302233,-0.12162981785165261,-0.29682965587021504,0.11448801101217443
2356.0,-0.07474296304273835,-0.10729845371076019,4,1,-0.10729845371076019,-0.004833330502889588,-0.10866839269815243,-0.23890566339257058,0.08599102509068102
2354.0,-0.059932578257881855,-0.09196533012543906,3,2,-0.09852359894370366,0.007990569797764469,-0.09196533012543906,-0.16756110429869375,0.050396572280662744
2352.0,-0.04611685463715447,-0.07619901029024523,3,2,-0.08927648902082419,0.01953639239589311,-0.07619901029024523,-0.10348210575399541,0.018836939483399373
2350.0,-0.03743199883308353,-0.06525989133846144,3,2,-0.08279507543783282,0.026864824155885758,-0.06639361139330235,-0.06525989133846144,0.000423759848293237
2348.0,-0.035894200861769886,-0.06037917853783248,4,1,-0.08173132947130601,0.028914482509641015,-0.06477230855001492,-0.06037917853783248,-0.0015026702593370356
2346.0,-0.04016924979129257,-0.06963190078030124,3,2,-0.08603216328891383,0.027292173446381796,-0.06963190078030124,-0.08396290835268161,0.011488550019052024
2344.0,-0.04547763552411532,-0.0757781832837463,3,2,-0.09224993911956259,0.026559847273664117,-0.0757781832837463,-0.11663911940126725,0.030719216910335412
2342.0,-0.04701828927880758,-0.07795872979564411,3,2,-0.0964514571086248,0.03071424625144581,-0.07795872979564411,-0.13423661573046552,0.042841109989250725
2340.0,-0.04548164018243983,-0.07659366410551494,3,2,-0.09788829544850075,0.03662432817508088,-0.07659366410551494,-0.1344988882885696,0.04494831875530525
2338.0,-0.04441212450565404,-0.07517298719516896,3,2,-0.09722667897387871,0.03683437369219389,-0.07517298719516896,-0.12901508010658191,0.042519750055165506
2336.0,-0.04510123631351241,-0.07516097310206127,3,2,-0.0952186862518416,0.029877628948844492,-0.07516097310206127,-0.12438967504345522,0.03938552388095151
2334.0,-0.04626419276262857,-0.0757002631791639,3,2,-0.09318134231984576,0.022088755434463092,-0.0757002631791639,-0.12139428358607396,0.0368661698374777
2332.0,-0.04644035808459006,-0.07547975775946658,3,2,-0.09182301500377599,0.01825488590441937,-0.07547975775946658,-0.11769848195285149,0.03454457838872438
2330.0,-0.04486392558369197,-0.07350871250804714,3,2,-0.09033539562801995,0.01810827095016765,-0.07350871250804714,-0.10890099924488883,0.030317208512328442
2328.0,-0.04194138095147308,-0.0701476776596619,3,2,-0.08808847791554264,0.01979560688289661,-0.0701476776596619,-0.09505975679049716,0.023793400725439673
2326.0,-0.03906338051911647,-0.06678537297037934,3,2,-0.08569556872968875,0.021654405911466723,-0.06678537297037934,-0.0816573295441283,0.01716696273714735
2324.0,-0.03679799353114528,-0.06383905055316652,3,2,-0.0837166499487052,0.02290374593509137,-0.06383905055316652,-0.0708079292685464,0.011469916179600359
2322.0,-0.03440771422444362,-0.059390405879334196,3,2,-0.08169149499335071,0.02403624011085914,-0.06062839390110275,-0.059390405879334196,0.005635483540710418
2320.0,-0.03140700945933572,-0.04551481169671123,4,1,-0.07920511071871239,0.02567958532117931,-0.0568125794485288,-0.04551481169671123,-0.001182130753905497
2318.0,-0.028377480212083216,-0.03179626326169571,4,1,-0.07658964795591605,0.027463034990528046,-0.053051367117955994,-0.03179626326169571,-0.007913157715376373
2316.0,-0.026022110773284444,-0.02144101484347183,4,1,-0.07440467978740828,0.028809141690026907,-0.05011906823068202,-0.02144101484347183,-0.012954932694887011
2314.0,-0.024382480256223228,-0.01618448009621143,4,1,-0.07279559123632451,0.029675493756355253,-0.048099865546116005,-0.014507958158819445,-0.01618448009621143
2312.0,-0.022976892369298917,-0.0184978684231214,4,1,-0.07145127213593128,0.030416004268438712,-0.04647279226844603,-0.008878533287434598,-0.0184978684231214
2310.0,-0.021492038097840192,-0.020696778098090007,4,1,-0.07014911210173835,0.031236423416303172,-0.04475648154737466,-0.0030942421583011193,-0.020696778098090007
2308.0,-0.020026456827132843,-0.02296189145913874,3,2,-0.06890745871475579,0.032034403550393,-0.042961370446329195,0.0026640329341665048,-0.02296189145913874
2306.0,-0.01877194808367628,-0.025050209056696193,3,2,-0.06781138466244552,0.032701061795698205,-0.041349609688368316,0.007650401193430412,-0.025050209056696193
2304.0,-0.017816375399745565,-0.02665527201270712,3,2,-0.06692046161602683,0.0331314008025867,-0.040069742123228336,0.01143219795064776,-0.02665527201270712
2302.0,-0.017102327752500958,-0.027699453396132112,3,2,-0.06623664255985107,0.033347841996362426,-0.0390033219437238,0.014079937140839771,-0.027699453396132112
2300.0,-0.016510031983473273,-0.028314690281970423,3,2,-0.06569092794648279,0.033465900525682324,-0.0381133068210977,0.016102864606502232,-0.028314690281970423
2298.0,-0.015930250363312436,-0.02852346474286893,3,2,-0.06519725785507302,0.033564883657516864,-0.037411166582443256,0.01791575370630616,-0.02852346474286893
2296.0,-0.015338974555141372,-0.028312459241522037,3,2,-0.06472990615677965,0.03358640100491428,-0.03681310641704294,0.01957419803472349,-0.028312459241522037
2294.0,-0.01475164161632785,-0.027750463952394444,3,2,-0.06432246224512927,0.033482730966181595,-0.036232193281884095,0.021064180431586976,-0.027750463952394444
2292.0,-0.014172146141504948,-0.026903313495947323,3,2,-0.06399758568985658,0.03328103172411434,-0.03564445454880261,0.02240359130296743,-0.026903313495947323
2290.0,-0.013586403286432791,-0.025814986103726234,3,2,-0.0637104453259485,0.033053347694033786,-0.03504911605013783,0.023589183353614818,-0.025814986103726234
2288.0,-0.012987246410123453,-0.024525535538488796,3,2,-0.06341374103948882,0.032841336315249325,-0.034448428573438994,0.02461013678555002,-0.024525535538488796
2286.0,-0.012387678452734141,-0.02303943328965774,3,2,-0.06310041776929887,0.03259826711183389,-0.03390833883535538,0.02551153051880739,-0.02303943328965774
2284.0,-0.011832520955790881,-0.021270675814908158,3,2,-0.0628363634336857,0.03224510117451973,-0.03351943217753228,0.026218765472652006,-0.021270675814908158
2282.0,-0.01135683020247109,-0.01917675704483779,3,2,-0.06266954553478277,0.031795043446843696,-0.033258511259755874,0.02652561938017728,-0.01917675704483779
2280.0,-0.010956245068732561,-0.01686315268863514,3,2,-0.06256065825168955,0.03131334549678555,-0.0330738195852498,0.02640305968512613,-0.01686315268863514
2278.0,-0.010587408786736741,-0.01446076505658711,3,2,-0.06249160984047053,0.030838199451452164,-0.03292123552160353,0.026098367033525305,-0.01446076505658711
2276.0,-0.010202899614115534,-0.012023026862723274,3,2,-0.06243360063453829,0.030339708955518185,-0.032764464833208495,0.0258668853043742,-0.012023026862723274
2274.0,-0.009781788000439606,-0.00959988940789347,3,2,-0.06232960546886657,0.029792080471304994,-0.032615175888558556,0.025843650291815567,-0.00959988940789347
2272.0,-0.009367836717811962,-0.007230608953444406,3,2,-0.062185877574702286,0.029177739872236375,-0.03252395759637794,0.02592352066322845,-0.007230608953444406
2270.0,-0.008959211652953391,-0.004949778455452858,3,2,-0.06200194212122756,0.028548900106572628,-0.032429223560273224,0.026035985765614056,-0.004949778455452858
2268.0,-0.008532290143799592,-0.002741395776576283,3,2,-0.06179503988879187,0.02796487949603188,-0.03225815134744359,0.026168256797781897,-0.002741395776576283
2266.0,-0.008089135818085968,-0.0005624296287545238,3,2,-0.06159953285126318,0.027430901616640524,-0.03204025766070795,0.02632563943365529,-0.0005624296287545238
2264.0,-0.007643322599935743,0.0015973444578183393,2,3,-0.06144415206436171,0.02691043484979394,-0.03176513999427333,0.02648489975134405,0.0015973444578183393
2262.0,-0.007200679978210367,0.0037406499279890593,2,3,-0.06128130367182705,0.026371648471842146,-0.03151075157766514,0.02667635695860915,0.0037406499279890593
2260.0,-0.006786097662092194,0.005792457925431371,2,3,-0.06115527410039878,0.025833136135736456,-0.03129906941820848,0.026898261146978464,0.005792457925431371
2258.0,-0.006413958446011447,0.007682213007000005,2,3,-0.06105988873375545,0.025320311099260806,-0.0311006099851604,0.027088182382597803,0.007682213007000005
2256.0,-0.006060822324343152,0.009375901223482863,2,3,-0.06098625612855091,0.024944435021573508,-0.03092941429183571,0.02729122255361449,0.009375901223482863
2254.0,-0.005726967763642033,0.010888980222085731,2,3,-0.06086634212126307,0.024648870103221254,-0.030828327878755668,0.027521980856501593,0.010888980222085731
2252.0,-0.005435724571720235,0.012294662498299358,2,3,-0.06071964342211933,0.024333839015786785,-0.030774357222293824,0.027686876271725835,0.012294662498299358
2250.0,-0.005204027406206712,0.013668694250227542,2,3,-0.06059413865672747,0.023918099025565298,-0.03073064427098582,0.027717852620886885,0.013668694250227542
2248.0,-0.004998597100521152,0.015018923448256505,2,3,-0.06049173768758054,0.023412951989707942,-0.030626303204221217,0.02769317995123155,0.015018923448256505
2246.0,-0.004780461498058264,0.016373433763592127,2,3,-0.06036195914462572,0.02286985525621399,-0.03044708082898251,0.027663443463510795,0.016373433763592127
2244.0,-0.004551681687391618,0.017753611172152017,2,3,-0.06021963977395395,0.022347009746136792,-0.03023769514456731,0.02759830556327436,0.017753611172152017
2242.0,-0.004368004701692607,0.01901984143370683,2,3,-0.060110625447088006,0.021863611828197405,-0.030084815760991535,0.02747196443771227,0.01901984143370683
2240.0,-0.00428961852722165,0.019963994121545925,2,3,-0.060056096219792354,0.021446147106802815,-0.030040842757024455,0.027238705112359818,0.019963994121545925
2238.0,-0.004331669489988732,0.020457741869360446,2,3,-0.06000193375788543,0.021143465058030664,-0.030108581446026572,0.02685096082657723,0.020457741869360446
2236.0,-0.004467297205224119,0.02056708656957129,2,3,-0.059953270453882546,0.020977455476525075,-0.03021998663585901,0.026292229017524593,0.02056708656957129
2234.0,-0.004669465526626171,0.02043662455832973,2,3,-0.05993300853446604,0.020919932266451835,-0.030351410969837178,0.025580535046390795,0.02043662455832973
2232.0,-0.004907594904488643,0.02024736917348291,2,3,-0.05991397280721189,0.02090076677068442,-0.03056730620790682,0.024795168548508162,0.02024736917348291
2230.0,-0.005141435809617789,0.020148844129431076,2,3,-0.05986418876461885,0.020875773445823476,-0.030897153498860908,0.024029545640136263,0.020148844129431076
2228.0,-0.005362431265175882,0.020139790020816006,2,3,-0.059810046571840525,0.020838250653423707,-0.03127443250131301,0.02329428207303441,0.020139790020816006
2226.0,-0.00559736140659457,0.020074873172925223,2,3,-0.05974321486064915,0.02080790100179708,-0.03165224997127536,0.02252588362422936,0.020074873172925223
2224.0,-0.005881074055391488,0.019838750707114272,2,3,-0.05963451260064501,0.020839788954781113,-0.032081085848816415,0.021631688510608593,0.019838750707114272
2222.0,-0.006250123061700097,0.0193574793240614,2,3,-0.059499467189659816,0.020905966815950472,-0.032556539943703666,0.020541945684851126,0.0193574793240614
2220.0,-0.006701517024838499,0.01861679250370485,2,3,-0.059412411429290435,0.02105621398295998,-0.03308172188228342,0.01931354170071653,0.01861679250370485
2218.0,-0.007209375396221018,0.017697329569714926,2,3,-0.05938401471533006,0.021302094770121127,-0.03370610607178115,0.018043819466170063,0.017697329569714926
2216.0,-0.007741044524438867,0.016660979486865624,2,3,-0.05935997407623761,0.021567287145299208,-0.03437727113648403,0.016803755958362476,0.016660979486865624
2214.0,-0.008292772738353582,0.01556746764770811,2,3,-0.05933386414960662,0.021781641256536588,-0.035060301640724933,0.01556746764770811,0.015581193194318943
2212.0,-0.008840510940741541,0.014300969974244682,2,3,-0.059270725183767525,0.021911871769811908,-0.03571965481114059,0.014300969974244682,0.014574983547143816
2210.0,-0.009343481842691936,0.013020182173082318,2,3,-0.05915313101194353,0.021983735096568258,-0.03631036213915839,0.013020182173082318,0.013742166667991662
2208.0,-0.00981598912597148,0.011735531705817093,2,3,-0.05899906233764218,0.021957462962097885,-0.03689721636461274,0.011735531705817093,0.013123338404482543
2206.0,-0.010267351995624629,0.010482126865356212,2,3,-0.05889167063330336,0.02185210043626562,-0.037495468627587014,0.010482126865356212,0.012716151981145396
2204.0,-0.010696901684446458,0.009198451489177306,2,3,-0.058830254284504946,0.021741187644265025,-0.03808660282948484,0.009198451489177306,0.012492709558315163
2202.0,-0.011104806161233261,0.007868023300847793,2,3,-0.05882398042244563,0.021647180584249637,-0.038641139932660606,0.007868023300847793,0.012425885663842506
2200.0,-0.011481026986439135,0.006529168909767402,2,3,-0.05877950974993895,0.02153175488173864,-0.03921400816635767,0.006529168909767402,0.012527459192594903
2198.0,-0.011829032788408921,0.005129260884524256,2,3,-0.058667205892441676,0.021366262880233355,-0.03981291258405262,0.005129260884524256,0.012839430769692073
2196.0,-0.012135681377308227,0.0036761798647546584,2,3,-0.05856030090706832,0.021145187359927098,-0.04037672903436984,0.0036761798647546584,0.013437255830215267
2194.0,-0.012418592017529328,0.0021514592565297086,2,3,-0.05848113162221058,0.020862685167742367,-0.04090996020773352,0.0021514592565297086,0.014283987318025382
2192.0,-0.012680404768774323,0.0005485683620837234,2,3,-0.05843370933902414,0.02058654508935953,-0.04144597104662395,0.0005485683620837234,0.015342543090333227
2190.0,-0.012902433395715862,-0.001057425501281406,3,2,-0.058396360682042125,0.020343841359196202,-0.04199132796076255,-0.001057425501281406,0.016589105806310567
2188.0,-0.013079543913271884,-0.0026269232323313796,3,2,-0.05833060149983138,0.020071975815818432,-0.042502850674925985,-0.0026269232323313796,0.017990680024910888
2186.0,-0.013213102680472821,-0.004176845311139599,3,2,-0.0582493666775491,0.01975262793422694,-0.04295290041581379,-0.004176845311139599,0.019560971067911437
2184.0,-0.013297801554448352,-0.005714223957932196,3,2,-0.05813964285082329,0.019388655349527162,-0.04337176564345668,-0.005714223957932196,0.02134796933044325
2182.0,-0.013335975559431446,-0.007182920403725368,3,2,-0.057997513879306295,0.018987340874453862,-0.04377855475495196,-0.007182920403725368,0.023291770366372533
2180.0,-0.013304431522081495,-0.008509550064914495,3,2,-0.057842773655082835,0.018591388754178984,-0.044107452840275396,-0.008509550064914495,0.02534623019568627
2178.0,-0.013219305478882393,-0.009759295035124627,3,2,-0.05770318160867505,0.018203407193604915,-0.04435399491504011,-0.009759295035124627,0.027516536970822902
2176.0,-0.013103952005014885,-0.010998055140229224,3,2,-0.05758415594194477,0.01781712726006346,-0.044597702582887866,-0.010998055140229224,0.029843026379923976
2174.0,-0.012961317159433583,-0.012167908295264152,3,2,-0.05751460578595857,0.01744252550588632,-0.04484863609897982,-0.012167908295264152,0.03228203887714831
2172.0,-0.012814279714562126,-0.013240356814521848,3,2,-0.057450776760403555,0.017069500958944883,-0.045107994999533774,-0.013240356814521848,0.03465822904270366
2170.0,-0.012682375936324309,-0.014212733656501775,3,2,-0.05740075700368319,0.016683633606085047,-0.045340073462276864,-0.014212733656501775,0.03685805083475524
2168.0,-0.012569567127025439,-0.015083280303096469,3,2,-0.0574025722039494,0.016272443907374923,-0.04550508956335486,-0.015083280303096469,0.038870662527898614
2166.0,-0.012476010732927057,-0.015912853863501164,3,2,-0.05742423963826049,0.015791208615752228,-0.04559472525165531,-0.015912853863501164,0.04076055647302945
2164.0,-0.01236799451571866,-0.016748926237052375,3,2,-0.057402279755084384,0.015233517076116754,-0.045577296633088404,-0.016748926237052375,0.042655012970515105
2162.0,-0.012211541372034507,-0.01748799225430342,3,2,-0.05734833184204946,0.014666614448179738,-0.04551415431383388,-0.01748799225430342,0.044626157101834485
2160.0,-0.011998435843945155,-0.018083971689849765,3,2,-0.05725121849192416,0.0140779943114967,-0.04545117080903083,-0.018083971689849765,0.04671618745958228
2158.0,-0.01173003241921795,-0.018604904852914883,3,2,-0.05713802180549421,0.013512245371658294,-0.04538589860638087,-0.018604904852914883,0.04896641779704192
2156.0,-0.011416134161025649,-0.019064804412565972,3,2,-0.05706722014054255,0.01293549255348414,-0.04525873112395273,-0.019064804412565972,0.051374592318448875
2154.0,-0.011082576472803796,-0.019419749087943416,3,2,-0.05703488109219501,0.012335422911794014,-0.04505436495997617,-0.019419749087943416,0.0537606898643016
2152.0,-0.010756400393297038,-0.019638102331873353,3,2,-0.057064751116430834,0.011706295051908677,-0.04483656954499504,-0.019638102331873353,0.05605112597490536
2150.0,-0.010478006720332566,-0.019809874047883147,3,2,-0.057081404542486,0.011101242526991406,-0.04464694071757547,-0.019809874047883147,0.05804694317929038
2148.0,-0.010266627589311295,-0.01994598123730451,3,2,-0.05705733359468812,0.010541156454667244,-0.04445152325911006,-0.01994598123730451,0.05958054368987897
2146.0,-0.01012861946749637,-0.01998338657572374,3,2,-0.05701960023664043,0.0099511706028943,-0.04420090027121726,-0.01998338657572374,0.060609619143205284
2144.0,-0.010059112509268008,-0.020002908085527626,3,2,-0.056983916721275896,0.009284435423186577,-0.04385306597466698,-0.020002908085527626,0.061259892811943883
2142.0,-0.01002879297492414,-0.020053038674427426,3,2,-0.05691746893107785,0.008619521754782533,-0.04342913429409456,-0.020053038674427426,0.06163615527019661
2140.0,-0.010024240154765685,-0.020098435783989066,3,2,-0.05686677411230556,0.00806953444079006,-0.043000433306519925,-0.020098435783989066,0.06177490798819607
2138.0,-0.010108854902517384,-0.02018698414042408,3,2,-0.05684651281290143,0.007623636599130901,-0.042689717847664954,-0.02018698414042408,0.061555303689272645
2136.0,-0.01035191890316951,-0.020440255221623738,3,2,-0.05685556137067782,0.007283615276723054,-0.042517891611451364,-0.020440255221623738,0.06077049841118232
2134.0,-0.010781609207600563,-0.020936877017618705,3,2,-0.05688992467292375,0.007111088852918224,-0.0424372303778372,-0.020936877017618705,0.05924489717745862
2132.0,-0.011401384121204661,-0.021693496015524505,3,2,-0.05695804028640017,0.007146691201758704,-0.042469791255252964,-0.021693496015524505,0.05696771574939563
2130.0,-0.012149947967769848,-0.02261114406216025,3,2,-0.05704928633769135,0.007305634224537116,-0.04258666575045977,-0.02261114406216025,0.05419172208692502
2128.0,-0.01292519837187427,-0.023476398594257875,3,2,-0.057183408247660106,0.007491204685803998,-0.04271621162100292,-0.023476398594257875,0.051258821917745556
2126.0,-0.013662871192833182,-0.024189671248152633,3,2,-0.057387010489737045,0.007642794358123761,-0.04282697743303798,-0.024189671248152633,0.04844650884863799
2124.0,-0.014319260995240168,-0.02474959678568167,3,2,-0.0576313440507189,0.007739617286099065,-0.04292824437079468,-0.02474959678568167,0.04597326294489534
2122.0,-0.014846837585629925,-0.025147105793013158,3,2,-0.05781578855250047,0.0077543224431829705,-0.04296263947321877,-0.025147105793013158,0.0439370234473998
2120.0,-0.015236923155194404,-0.025404764835864513,3,2,-0.05792927796852254,0.007662728191113577,-0.042856848236298095,-0.025404764835864513,0.04234354707359955
2118.0,-0.015534570570137518,-0.025614776422450802,3,2,-0.05802107849010729,0.0074458373522944266,-0.042662581503360664,-0.025614776422450802,0.04117974621293674
2116.0,-0.01575934888085062,-0.025872566717791146,3,2,-0.058126895132807666,0.0071782015240141606,-0.042428786770567606,-0.025872566717791146,0.04045330269289915
2114.0,-0.015929803643583474,-0.02626861077808673,3,2,-0.058223737774385276,0.006929337092082766,-0.042180741241138575,-0.02626861077808673,0.04009473448361045
2112.0,-0.01608490553418491,-0.026864677976543128,3,2,-0.05828535487141784,0.0067016328371359846,-0.04196354691971915,-0.026864677976543128,0.03998741925961957
2110.0,-0.016243725326807668,-0.02768167673303723,3,2,-0.05830258079787254,0.006499145528978012,-0.041852301115013923,-0.02768167673303723,0.04011878648290734
2108.0,-0.016421835425700925,-0.028732907614211323,3,2,-0.058379617469584866,0.006346046358431279,-0.04180615064425919,-0.028732907614211323,0.04046345224111947
2106.0,-0.016596237052734653,-0.03003160144384398,3,2,-0.05846962524819521,0.00625684570069307,-0.0417512604923328,-0.03003160144384398,0.04101445622000566
2104.0,-0.016753959255719784,-0.031466034779974894,3,2,-0.05853371553003006,0.006137208155260754,-0.04166664127147035,-0.031466034779974894,0.04175938714761562
2102.0,-0.01689782345351898,-0.032876986784518,3,2,-0.05853941082924663,0.005939664983493631,-0.04163279461326996,-0.032876986784518,0.04262040997594607
2100.0,-0.017002164189567882,-0.03420146889785869,3,2,-0.05858319494235609,0.005768631759135334,-0.04160786616299739,-0.03420146889785869,0.043613077296237424
2098.0,-0.017084249304997502,-0.035468419527855954,3,2,-0.058722805260174704,0.0056651442479564995,-0.04158822291079056,-0.035468419527855954,0.04469305692587722
2096.0,-0.017141614070602152,-0.036610070682763673,3,2,-0.0589357035609539,0.005614650342704697,-0.04155068504462578,-0.036610070682763673,0.0457737385926279
2094.0,-0.01717034152332948,-0.037564922344092144,3,2,-0.05915148015133853,0.005576394799381212,-0.04150954699231768,-0.037564922344092144,0.046797847071719745
2092.0,-0.017148348385302437,-0.03835391426869561,3,2,-0.05935171152822849,0.005628109719300056,-0.04150886681514132,-0.03835391426869561,0.04784464096625318
2090.0,-0.017084279752699327,-0.03896002833392198,3,2,-0.059559696837142906,0.005795237189910152,-0.041538812024223826,-0.03896002833392198,0.048841901241881924
2088.0,-0.01698541425013711,-0.03934805147952425,3,2,-0.05980369367735494,0.0060333810767695395,-0.04154683784908819,-0.03934805147952425,0.04973813067851229
2086.0,-0.016844675303621815,-0.03958804921478287,3,2,-0.060079923581665806,0.0063546196539771005,-0.041519552227825995,-0.03958804921478287,0.0506095288521885
2084.0,-0.01664707372609795,-0.03973034828074107,3,2,-0.06037476019273047,0.006766750598028448,-0.04145780770877405,-0.03973034828074107,0.051560796953727395
2082.0,-0.01641376335293081,-0.03979498080204147,3,2,-0.06072184543234471,0.0072491922457381675,-0.04139184742567581,-0.03979498080204147,0.05259066464966977
2080.0,-0.01615726194715881,-0.039826841173555505,3,2,-0.06112908453843269,0.00776688608032805,-0.0413370861294351,-0.039826841173555505,0.0537398160253012
2078.0,-0.01587051585892778,-0.03981923475708893,3,2,-0.06156230462953194,0.008316354105371238,-0.0412659061263807,-0.03981923475708893,0.05497851211299143
2076.0,-0.015552053789203745,-0.03975779580270067,3,2,-0.06202207911008395,0.008930882262112583,-0.04117599942624828,-0.03975779580270067,0.056264723130901584
2074.0,-0.015193665934162538,-0.03964577268912328,3,2,-0.0625328322413331,0.009622856098436161,-0.04107497163065843,-0.03964577268912328,0.05766239079186597
2072.0,-0.014779009066086934,-0.03946906716509113,3,2,-0.06309997747791207,0.010332906259548968,-0.04091636807530419,-0.03946906716509113,0.05925746112832375
2070.0,-0.014312358371281175,-0.03927636413127178,3,2,-0.0636967089431022,0.011033477497751631,-0.04071621005882242,-0.03927636413127178,0.06109401377903889
2068.0,-0.013799249620067799,-0.03910571130172047,3,2,-0.06431026949805696,0.011767083428921188,-0.040523607916021276,-0.03910571130172047,0.06317625718653852
2066.0,-0.01320827550729271,-0.038837493927306066,3,2,-0.06494166502227572,0.012523611623369235,-0.04030545489371673,-0.038837493927306066,0.06551962468346573
2064.0,-0.012505120259110481,-0.038318297142334146,3,2,-0.06554196509401367,0.013258687490241172,-0.03996481733564017,-0.038318297142334146,0.0680407907861944
2062.0,-0.011702717618523506,-0.0376041954111791,3,2,-0.06609920316569573,0.013955532501610746,-0.039520669111251294,-0.0376041954111791,0.07075494709389785
2060.0,-0.010822377471370626,-0.036804341688186026,3,2,-0.06668514476841891,0.014653516479018247,-0.03907577508339355,-0.036804341688186026,0.07379985770412711
2058.0,-0.009835039724579397,-0.035875849205682986,3,2,-0.06735843355787496,0.015332252682265346,-0.03858678906275137,-0.035875849205682986,0.07731362052114699
2056.0,-0.008715165578650286,-0.03488674295233307,3,2,-0.06803886312128682,0.01588325782447697,-0.03797897703736863,-0.03488674295233307,0.08144549739326012
2054.0,-0.007438742529249564,-0.03382160964412195,3,2,-0.0686477247694961,0.01630397784436044,-0.03726021007114255,-0.03382160964412195,0.08623185399415234
2052.0,-0.005975386933329973,-0.03256094517454544,3,2,-0.06921604207112708,0.01663812809379861,-0.03646036317343171,-0.03256094517454544,0.09172228765865575
2050.0,-0.0043005806618857225,-0.03102627077682274,3,2,-0.06980912420309127,0.01686411651924624,-0.03552731571001355,-0.03102627077682274,0.0979956908612527
2048.0,-0.0023801411953580766,-0.02924497113017377,3,2,-0.07040061947474407,0.01684093193070335,-0.03449521881894746,-0.02924497113017377,0.10539917151637157
2046.0,-0.00020080272484217508,-0.027260608639133932,3,2,-0.07088912324766872,0.01648895658823757,-0.03342704462821744,-0.027260608639133932,0.11408380630257164
2044.0,0.0022820851798140084,-0.025030659616657402,3,2,-0.07129029298044398,0.01579540045675798,-0.03227080240248903,-0.025030659616657402,0.12420678044190248
2042.0,0.005063043489738938,-0.022492503846939682,3,2,-0.07168053582088707,0.014705123716893254,-0.030962739096647374,-0.022492503846939682,0.13574587249627557
2040.0,0.00805020090318318,-0.01965656627036294,3,2,-0.0720897707218171,0.013294826777017543,-0.02959511355510458,-0.01965656627036294,0.14829762828618298
2038.0,0.011111148456681352,-0.016650850287946106,3,2,-0.07246592043491673,0.011851063149596053,-0.028333435092615544,-0.016650850287946106,0.1611548849492891
2036.0,0.014073159686427573,-0.013793387736148688,3,2,-0.07278806512678837,0.010624861353534687,-0.027217725067042675,-0.013793387736148688,0.1735401150085829
2034.0,0.016807981928294535,-0.011174155874773217,3,2,-0.07302539014202858,0.009726324533207875,-0.02622834481482683,-0.011174155874773217,0.18474147593989343
2032.0,0.019185225456274945,-0.008837262137918689,3,2,-0.07328778905146494,0.009208743383727791,-0.025430139152075926,-0.008837262137918689,0.1942725742391065
2030.0,0.021128799987725055,-0.006889823224689895,3,2,-0.07367809976153306,0.009097276098494533,-0.024873864130247725,-0.006889823224689895,0.20198851095660142
2028.0,0.02267814410244632,-0.005346919668746564,3,2,-0.07422561349640044,0.00940271319571162,-0.024460859590180628,-0.005346919668746564,0.2080214000718476
2026.0,0.02396203148195254,-0.0040448748597620154,3,2,-0.07488927680065316,0.009993110604121447,-0.024044780301095692,-0.0040448748597620154,0.21279597876715212
2024.0,0.02512046913674131,-0.002841302467804674,3,2,-0.07558475972901824,0.010626346197498915,-0.023604434227340154,-0.002841302467804674,0.2170064959103707
2022.0,0.026275028714633553,-0.00169264560977056,3,2,-0.07625365554434349,0.011066664677486293,-0.02317336724286667,-0.00169264560977056,0.2214281472926622
2020.0,0.027563467107173632,-0.000567933022896927,3,2,-0.07685212826479448,0.011100661400993195,-0.022741831054992168,-0.000567933022896927,0.22687856647755855
2018.0,0.029141706670928236,0.000787060135758022,2,3,-0.07734149753360142,0.010538527757253169,-0.022204721123574522,0.000787060135758022,0.23392916411880593
2016.0,0.031089950143710708,0.0027000935825270966,2,3,-0.07767986631324164,0.009247241639262604,-0.02146219704441954,0.0027000935825270966,0.24264447885442503
2014.0,0.03336556916439896,0.005054249864364868,2,3,-0.0778009054528217,0.007370439072761692,-0.02061455739513951,0.005054249864364868,0.25281861973282943
2012.0,0.035801906123847684,0.005204798340496253,2,3,-0.07779268522806537,0.005204798340496253,-0.019818577289875683,0.0074156829280963565,0.26400031186858686
2010.0,0.03815694466444024,0.002972459793361193,2,3,-0.07779669502482645,0.002972459793361193,-0.0191115634928799,0.009537813764554648,0.2751827082819917
2008.0,0.04022254014652208,0.0009270887635944858,2,3,-0.07785529135630298,0.0009270887635944858,-0.01854447778993923,0.011363969653654937,0.2852214114616032
2006.0,0.041894154241019124,-0.0007520547065179572,3,2,-0.07799728765846314,-0.0007520547065179572,-0.018156014147600152,0.012889306322578675,0.2934868213950982
2004.0,0.04318114433594374,-0.0019874570336985142,3,2,-0.07823307101154081,-0.0019874570336985142,-0.01790404584119154,0.01411441328799462,0.29991588227815497
2002.0,0.04413488624896901,-0.0028685299920857554,3,2,-0.07854941242390112,-0.0028685299920857554,-0.017689184414628578,0.014996138038929852,0.30478542003653064
2000.0,0.0448209174518974,-0.0034898387661890795,3,2,-0.07895569859004858,-0.0034898387661890795,-0.017487527977661232,0.015612948768279344,0.30842470382510656
1998.0,0.04531887561121203,-0.003915187054719715,3,2,-0.07939089678495181,-0.003915187054719715,-0.01734465327068402,0.016138574108187753,0.31110654105822794
1996.0,0.04556728126630895,-0.0041865769078549,3,2,-0.07987100841446931,-0.0041865769078549,-0.017332378184390484,0.016344883469410154,0.31288148636884927
1994.0,0.04550332162494207,-0.004247440052205953,3,2,-0.0805090396609503,-0.004247440052205953,-0.017426787262796728,0.015908225306025425,0.3137916497946379
1992.0,0.04535056892833271,-0.004033534382172799,3,2,-0.08121823312925425,-0.004033534382172799,-0.017381051647057888,0.015561344532801724,0.3138243192673468
1990.0,0.04521441238849953,-0.0037609373388514666,3,2,-0.0818283646318198,-0.0037609373388514666,-0.01714494984984255,0.01587677522716041,0.31292953853585104
1988.0,0.045056224183010175,-0.0035605032818225024,3,2,-0.082346222968462,-0.0035605032818225024,-0.01686976699346321,0.016392269748683685,0.3116653444101149
1986.0,0.04489365704347872,-0.0034688894602366016,3,2,-0.08279803131994895,-0.0034688894602366016,-0.016597468013289984,0.016663093636491377,0.31066958037437775
1984.0,0.044770929871372364,-0.003532372177880272,3,2,-0.08313871685340396,-0.003532372177880272,-0.016389794395299362,0.01672482615432691,0.3101907066291185
1982.0,0.044667749812378185,-0.0037786711669905992,3,2,-0.08351197198960703,-0.0037786711669905992,-0.016244023170344013,0.0166689458716619,0.3102044695171707
1980.0,0.04458433816313998,-0.004198615536782246,3,2,-0.08398621426989367,-0.004198615536782246,-0.01604881724320867,0.016622570730696062,0.3105327671348884
1978.0,0.044483689848720184,-0.004680873692353482,3,2,-0.08447473182479892,-0.004680873692353482,-0.015839503338112404,0.016587512528768333,0.3108260455700974
1976.0,0.044222383917980154,-0.0051593350112371095,3,2,-0.08496287162249,-0.0051593350112371095,-0.015683146923437086,0.016428052396306625,0.31048922075075835
1974.0,0.04367613844726419,-0.00552647722777494,3,2,-0.08551980473583787,-0.00552647722777494,-0.015535134433877773,0.016082895256186724,0.3088792133776248
1972.0,0.042834428882383736,-0.005662488959050527,3,2,-0.08612973248612316,-0.005662488959050527,-0.015347533582748318,0.015520309467237314,0.30579158997260336
1970.0,0.041730428354396755,-0.005572505342483602,3,2,-0.08681710005436805,-0.005572505342483602,-0.01519130193107937,0.014575026724955586,0.3016580223749592
1968.0,0.04048715449346625,-0.005243472739495769,3,2,-0.08760227311621432,-0.005243472739495769,-0.015141563847806905,0.01345352414068457,0.29696955803016367
1966.0,0.039289596113375035,-0.004812832745403228,3,2,-0.08837005428573008,-0.004812832745403228,-0.01503652775981279,0.012697686669998653,0.2919697086878226
1964.0,0.0381908540576642,-0.004546833311491694,3,2,-0.0890668824667949,-0.004546833311491694,-0.014755810238144318,0.012232244184148255,0.28709155212060367
1962.0,0.0371595284398216,-0.004473447275973652,3,2,-0.08973698236007882,-0.004473447275973652,-0.014430100371378929,0.011670487416645614,0.2827676847898938
1960.0,0.03621757004774856,-0.004522655554841104,3,2,-0.090375848317367,-0.004522655554841104,-0.014173359514440154,0.01108992880704801,0.27906978481834305
1958.0,0.035416874547388844,-0.004808706594752965,3,2,-0.09095862562772838,-0.004808706594752965,-0.01395638833585161,0.010632648378609388,0.2761754449166678
1956.0,0.03484930598626512,-0.005398283587229713,3,2,-0.09148115493272374,-0.005398283587229713,-0.01366408608052988,0.010349060530373766,0.2744409940014352
1954.0,0.034567289199321415,-0.006206465948248585,3,2,-0.0918973249612019,-0.006206465948248585,-0.013262419010410864,0.010337103686468396,0.27386555223000003
1952.0,0.03446674000169346,-0.007101209516646889,3,2,-0.09224297135239279,-0.007101209516646889,-0.012896502925050846,0.01054689553886673,0.2740274882636911
1950.0,0.03436890515680535,-0.007944546149311726,3,2,-0.09266630792048125,-0.007944546149311726,-0.012626012122792296,0.010690247957075294,0.27439114401953674
1948.0,0.03417036311113304,-0.008583339484897479,3,2,-0.09323186658291938,-0.008583339484897479,-0.012449259112364441,0.010568807412194459,0.27454747332365204
1946.0,0.03384845557407323,-0.008938950033990312,3,2,-0.09390525001879518,-0.008938950033990312,-0.012377448020339799,0.010073512693125175,0.2743904132503663
1944.0,0.03347548516794706,-0.009020700060376752,3,2,-0.09459615664792581,-0.009020700060376752,-0.012381046618591574,0.009363535224138908,0.27401179394249053
1942.0,0.03322882114241023,-0.009072753876540163,3,2,-0.09516497692025283,-0.009072753876540163,-0.012124968198491015,0.009407488108636897,0.27309931659869824
1940.0,0.03312547202589998,-0.00934199228870991,3,2,-0.09554360998271949,-0.00934199228870991,-0.01153240841442249,0.01039805713071823,0.2716473136846336
1938.0,0.03300137435590381,-0.009529132411153551,3,2,-0.09600445081761394,-0.009529132411153551,-0.011017154753462932,0.011161963342074754,0.27039564641967473
1936.0,0.03284738757369156,-0.00946797405281441,3,2,-0.09667511951713942,-0.00946797405281441,-0.01062847658432553,0.011387233372778416,0.2696212746499587
1934.0,0.032728884818161864,-0.009226547764753845,3,2,-0.0974099993060541,-0.009226547764753845,-0.010311678213649422,0.01150684892431414,0.26908580045095254
1932.0,0.032682444577790536,-0.00876994537464948,3,2,-0.09815367005928705,-0.00876994537464948,-0.010043489491690816,0.011776563076347946,0.2686027647382321
1930.0,0.03273584394988832,-0.008062642873038983,3,2,-0.09894748932903052,-0.008062642873038983,-0.009749762205569557,0.012216543014145598,0.2682225711429351
1928.0,0.032891098614225775,-0.007198678069398223,3,2,-0.09980635419586431,-0.007198678069398223,-0.009411248579074105,0.012659907201767295,0.26821186671369823
1926.0,0.03315103572027224,-0.006224707486003289,3,2,-0.10075559688297653,-0.006224707486003289,-0.009191333741557894,0.012889644495261865,0.26903717221663703
1924.0,0.03364742304650786,-0.005197936181687457,3,2,-0.1017521730358224,-0.005197936181687457,-0.009035189013090084,0.013102277327941558,0.2711201361351977
1922.0,0.03455782383312265,-0.004391232136689016,3,2,-0.10264830972947947,-0.004391232136689016,-0.008752739035160884,0.013837826459663083,0.2747435736072795
1920.0,0.03589651343446335,-0.003984417548444752,3,2,-0.10344176018011203,-0.003984417548444752,-0.008519657075584719,0.015003754360318977,0.2804246476161393
1918.0,0.0378377256585159,-0.004026292049538305,3,2,-0.10410887640589428,-0.004026292049538305,-0.008150093328287256,0.01683542834578511,0.2886384617305142
1916.0,0.04050913146411047,-0.004529787597069623,3,2,-0.10436796850161789,-0.004529787597069623,-0.007502296628144001,0.02000478572736214,0.29894092432002173
1914.0,0.04360069470926631,-0.005308752627949276,3,2,-0.10429263203766709,-0.005308752627949276,-0.007221784479947757,0.02369618646588545,0.3111304562260102
1912.0,0.04691431575935874,-0.006249272806416406,3,2,-0.10424381752592593,-0.006249272806416406,-0.00742270668048034,0.026865212092633095,0.32562216371698327
1910.0,0.05046039982369416,-0.0074494494319270466,3,2,-0.10422470020235403,-0.0074494494319270466,-0.0075835201248201645,0.029756760971045015,0.341802907906527
1908.0,0.054124125705119305,-0.007639202159825748,3,2,-0.10410989403571572,-0.008830216222478676,-0.007639202159825748,0.03296240501623565,0.35823753592738106
1906.0,0.057724099459279886,-0.007992857635410106,3,2,-0.10398198796137587,-0.01007398238249943,-0.007992857635410106,0.036511849220917214,0.3741574760547676
1904.0,0.061180602451745614,-0.008656284014626758,3,2,-0.10392270043799301,-0.01103241238201566,-0.008656284014626758,0.04002997084434606,0.38948443824901746
1902.0,0.06448268111726523,-0.009360587172420998,3,2,-0.10389651884608347,-0.011648700311303328,-0.009360587172420998,0.043287806050993,0.40403140586514097
1900.0,0.0675546631288672,-0.01017038637603461,3,2,-0.10389231997411438,-0.011834986644725806,-0.01017038637603461,0.04612314056727615,0.41754786807193467
1898.0,0.07030486884043066,-0.01126329494215729,3,2,-0.10397342884134396,-0.01175658042740546,-0.01126329494215729,0.048426377359309436,0.43009127105375056
1896.0,0.07281882020054373,-0.01177444500014247,3,2,-0.10415960462944902,-0.01177444500014247,-0.01227150686324091,0.05043108785232968,0.4418685696432214
1894.0,0.07516212398598791,-0.011882937162143104,3,2,-0.10434593087153493,-0.011882937162143104,-0.013076898847724755,0.052403666760075615,0.4527127200512667
1892.0,0.07721217119533433,-0.011627326801928866,3,2,-0.10456210075681477,-0.011627326801928866,-0.014158924719417564,0.053907019721721114,0.46250218853311176
1890.0,0.07898879495836837,-0.01121510803528592,3,2,-0.10492493417815522,-0.01121510803528592,-0.01504150642605524,0.05495222479606374,0.47117329863527446
1888.0,0.08062383488305691,-0.011036016793378095,3,2,-0.10524226938261284,-0.011036016793378095,-0.015342025428729068,0.05664033338492183,0.47809915263508274
1886.0,0.081985609072933,-0.0109009233977235,3,2,-0.10542959184500768,-0.0109009233977235,-0.015808380166959096,0.0586106858215378,0.48345625495281747
1884.0,0.08297941927676125,-0.010855037231979392,3,2,-0.10568025883051488,-0.010855037231979392,-0.016431813135698227,0.05980621991667312,0.48805798566532566
1882.0,0.08370610448190982,-0.010952985222278389,3,2,-0.10604974698252853,-0.010952985222278389,-0.016898361815822688,0.06041973086090143,0.49201188556927733
1880.0,0.08429129566931925,-0.01106913473172362,3,2,-0.10639835859256885,-0.01106913473172362,-0.01737135654934431,0.06088809080731263,0.4954072374129204
1878.0,0.084711222015235,-0.01138334792899251,3,2,-0.10670598515734431,-0.01138334792899251,-0.01797072868783329,0.061208264565271085,0.498407907285074
1876.0,0.08492959878817158,-0.0121349030596547,3,2,-0.1070289899568561,-0.0121349030596547,-0.01858452879510626,0.061198612545472035,0.5011978032070029
1874.0,0.0849649552331497,-0.013094401891887583,3,2,-0.10738468519247991,-0.013094401891887583,-0.019205263594059024,0.06064548877517857,0.5038636380689965
1872.0,0.08469694473141738,-0.01402243562705574,3,2,-0.10794255954384882,-0.01402243562705574,-0.019943631586168034,0.05892505677116189,0.5064682936429976
1870.0,0.08406580665029241,-0.014917519549667621,3,2,-0.10875460236686069,-0.014917519549667621,-0.020562907955025897,0.05614678083494255,0.5084172822880737
1868.0,0.08329559384569665,-0.01595719390843972,3,2,-0.10945179781192677,-0.01595719390843972,-0.02036708798621506,0.05435868566477951,0.5078953632702853
1866.0,0.08232639794077316,-0.017262432538870054,3,2,-0.10977100438204006,-0.017262432538870054,-0.019310261962154116,0.05419509029664875,0.5037805982902813
1864.0,0.08078071206167789,-0.017956421252351126,3,2,-0.1101954596985478,-0.018485316334459503,-0.017956421252351126,0.053455642520356894,0.497085115073391
1862.0,0.07850297458577607,-0.016637315714888523,3,2,-0.11114918170884461,-0.01915819439693439,-0.016637315714888523,0.05117508312263299,0.4882844816269149
1860.0,0.07558376868692067,-0.0153640283754179,3,2,-0.11263210686757678,-0.019110369167971243,-0.0153640283754179,0.04806141573488437,0.4769639321106849
1858.0,0.07215906242126607,-0.014008048802159728,3,2,-0.1144424901080778,-0.018472821376989492,-0.014008048802159728,0.044669037495523214,0.4630496348980342
1856.0,0.06832537694802218,-0.012457721248065646,3,2,-0.1164002972574134,-0.017510990902772666,-0.012457721248065646,0.040957066168240054,0.4470388279801226
1854.0,0.0642044948142434,-0.010805552511846228,3,2,-0.11842402286722764,-0.016445713596506012,-0.010805552511846228,0.0367957846301622,0.4299019784166347
1852.0,0.06003389848365602,-0.00918934557373239,3,2,-0.12040311328134712,-0.015434946709438693,-0.00918934557373239,0.03229192791456606,0.41290497006823224
1850.0,0.05608155150355704,-0.007828080897307674,3,2,-0.12226234354689407,-0.014523304255029776,-0.007828080897307674,0.02757896632041712,0.39744251989659957
1848.0,0.05245647674912811,-0.007061028426287488,3,2,-0.12411835838794957,-0.013795199234480221,-0.007061028426287488,0.022430437672655013,0.3848265321217028
1846.0,0.04918169133715839,-0.007005659381755208,3,2,-0.12610432383763812,-0.01333694375838329,-0.007005659381755208,0.01689744341434493,0.37545794024922363
1844.0,0.046820076223405595,-0.006989779167439175,3,2,-0.1275914730823885,-0.013048490891855502,-0.006989779167439175,0.0135187644256122,0.36821135983309894
1842.0,0.04584966449071933,-0.006154309229026933,3,2,-0.12786210132268191,-0.013620053249147973,-0.006154309229026933,0.013738933614262872,0.3631458526401906
1840.0,0.04575296195130506,-0.005258923538128929,3,2,-0.1276883307989971,-0.01501123244222674,-0.005258923538128929,0.014376797559727483,0.36234649897615057
1838.0,0.04626738797434822,-0.0048931829237821856,3,2,-0.12786339725550563,-0.01666461966131494,-0.0048931829237821856,0.01399869658402017,0.3667594431283237
1836.0,0.04773398141859346,-0.0047368233837541684,3,2,-0.1280896585126875,-0.018611024749114885,-0.0047368233837541684,0.013867267759925916,0.37624014597859795
1834.0,0.050155153930204956,-0.0049738862008329165,3,2,-0.12817680859513983,-0.020797297631772405,-0.0049738862008329165,0.01404854114907303,0.3906752209296969
1832.0,0.05348705623344789,-0.005696977677965703,3,2,-0.1284404217439981,-0.022906500789917683,-0.005696977677965703,0.013402039792145048,0.41107714158697595
1830.0,0.058236935083280796,-0.006014833493194205,3,2,-0.12862484851451467,-0.02542625974006138,-0.006014833493194205,0.01332393408754115,0.43792668307663307
1828.0,0.06371295624332067,-0.00572620860495382,3,2,-0.12816548828923033,-0.02857108498213426,-0.00572620860495382,0.015450112357169726,0.4655774507357521
1826.0,0.06859346016628178,-0.005623747094534615,3,2,-0.12744112395658347,-0.03161939952138937,-0.005623747094534615,0.018238230542080847,0.48941334086183547
1824.0,0.07282366002107683,-0.005432947112617853,3,2,-0.1268207786906553,-0.03453183669532961,-0.005432947112617853,0.021254082416190395,0.5096497801877965
1822.0,0.07619066984974934,-0.005428247100383546,3,2,-0.12618208156970517,-0.03711205903981796,-0.005428247100383546,0.0246004626872543,0.5250752742713991
1820.0,0.07862246237456949,-0.0059645232842595874,3,2,-0.12563786270010652,-0.03926575214868397,-0.0059645232842595874,0.027170334333282364,0.5368101156726152
1818.0,0.08060461381192094,-0.006612909645911547,3,2,-0.12532210944431837,-0.04118547452388854,-0.006612909645911547,0.02905694016578858,0.5470866225079346
1816.0,0.08239690220250535,-0.007282166701871665,3,2,-0.12516179453603665,-0.04286551543356736,-0.007282166701871665,0.030834883795072807,0.5564591038889296
1814.0,0.08394236564730059,-0.00823504445751104,3,2,-0.12516354512822314,-0.04421755499781063,-0.00823504445751104,0.03218614149514737,0.5651418313249004
1812.0,0.0853173132173599,-0.009341905356651546,3,2,-0.12535622166940086,-0.04544603276262732,-0.009341905356651546,0.03316122324470415,0.5735695026307751
1810.0,0.08697179069916491,-0.010219833926221278,3,2,-0.1257085934542272,-0.04664111280426689,-0.010219833926221278,0.03499610786327737,0.5824323858172625
1808.0,0.08943571155588625,-0.011141094242931922,3,2,-0.12619047959157526,-0.04740722896757695,-0.011141094242931922,0.03813661272264496,0.5937807478588705
1806.0,0.09306577210734411,-0.012623839725153912,3,2,-0.12696476788603642,-0.04732334704486394,-0.012623839725153912,0.04151332102840993,0.6107274941643649
1804.0,0.09802499691666075,-0.01462002125868515,3,2,-0.12824297139473845,-0.04620893982017235,-0.01462002125868515,0.04427974223169147,0.6349171748252083
1802.0,0.10393271664398854,-0.01654430956607436,3,2,-0.12997150023645657,-0.044249186142901284,-0.01654430956607436,0.04668110592134925,0.6637474732440256
1800.0,0.10920751428379864,-0.01809695895035248,3,2,-0.13167734750220494,-0.04206753302107788,-0.01809695895035248,0.049503691186944074,0.6883757197056845
1798.0,0.1118953285752636,-0.019820914770980358,3,2,-0.13302117791732235,-0.040151501262596,-0.019820914770980358,0.052147042266169286,0.7003231945610474
1796.0,0.11140703575854416,-0.022332548782793837,3,2,-0.1343552591233377,-0.038480393966536144,-0.022332548782793837,0.052363916634213456,0.699839464031175
1794.0,0.10772708374111702,-0.025450495940414472,3,2,-0.13611957485545062,-0.03669619284166663,-0.025450495940414472,0.04940034187827418,0.6875013404648427
1792.0,0.10068335564916184,-0.028099785364213592,3,2,-0.13769060323130378,-0.034790359069884036,-0.028099785364213592,0.04657518300313613,0.6574223429080746
1790.0,0.09224602424573969,-0.030073952740177157,3,2,-0.13811652712301523,-0.03317571791344226,-0.030073952740177157,0.046819994866005715,0.6157763241393274
1788.0,0.08454173344294462,-0.031373435017362145,3,2,-0.13817352717884324,-0.031373435017362145,-0.03244369627891934,0.04727518265590473,0.5774241430339431
1786.0,0.0777346993363021,-0.028524672728349867,3,2,-0.13881768825147045,-0.028524672728349867,-0.03538642708885929,0.04603336516828235,0.5453689195819078
1784.0,0.07204087440312237,-0.024559154993218105,3,2,-0.13981899060830516,-0.024559154993218105,-0.038374411302271816,0.04460345477175618,0.5183534741476508
1782.0,0.06758303013398623,-0.019938571665283025,3,2,-0.1409901869737715,-0.019938571665283025,-0.041156367271763694,0.04388965274529151,0.4961106238354579
1780.0,0.0639299950889847,-0.014837187857110162,3,2,-0.1424226743868274,-0.014837187857110162,-0.04375042112279259,0.04395114470348482,0.4767091141081688
1778.0,0.06076259991989914,-0.00957578929368505,3,2,-0.14389116030254567,-0.00957578929368505,-0.046321768457165624,0.044245369784543936,0.4593563478683481
1776.0,0.05758997131742001,-0.004266024279876601,3,2,-0.1455530077676488,-0.004266024279876601,-0.04939244760851619,0.042576893964024344,0.44458444227911725
1774.0,0.054060743811654564,0.002220390340341022,2,3,-0.14784400618431767,0.002220390340341022,-0.052932932262025584,0.038410983692255964,0.4304492834720191
1772.0,0.05078454066478131,0.010608859597342729,2,3,-0.15011874667591898,0.010608859597342729,-0.05583743309846545,0.03596505909259615,0.41330496440835207
1770.0,0.04840195446340048,0.018424393398425193,2,3,-0.15122020421785975,0.018424393398425193,-0.05723188150064462,0.03823665659954267,0.3938008080375389
1768.0,0.04650571823722609,0.02492875533674284,2,3,-0.15146293656836324,0.02492875533674284,-0.058265999224168,0.04182289088980762,0.3755058807521112
1766.0,0.04478663539868192,0.031516635452261646,2,3,-0.15155085826807327,0.031516635452261646,-0.05993615908420036,0.04447925971117911,0.35942429918224245
1764.0,0.04321873641893007,0.03845502895214532,2,3,-0.15181973652419514,0.03845502895214532,-0.06218219226525162,0.04555469706607295,0.3460858848658788
1762.0,0.04193351727733192,0.046102701630236255,2,3,-0.15217533089930504,0.04611328518433497,-0.06433479481348992,0.046102701630236255,0.3339617252848833
1760.0,0.04123334320245993,0.0479575524410129,2,3,-0.15196506174345686,0.0539164800995206,-0.06608299557826564,0.0479575524410129,0.3223407407934886
1758.0,0.040993139877573616,0.05056644977336113,2,3,-0.1511352263748007,0.06126065710437023,-0.06787417630668977,0.05056644977336113,0.31214799519162717
1756.0,0.040968003724196275,0.053172888686111724,2,3,-0.150071140237313,0.06857841253181618,-0.06982331611494183,0.053172888686111724,0.3029831737553083
1754.0,0.040916192012771344,0.05497285096151494,2,3,-0.1491820044095667,0.07581761697865666,-0.07252684108159371,0.05497285096151494,0.29549933761484554
1752.0,0.04082342810273524,0.055316372709099434,2,3,-0.14874346821296222,0.08346720624301893,-0.07587693691688274,0.055316372709099434,0.2899539666914028
1750.0,0.04128097260533133,0.05678050381367107,2,3,-0.14817195115981618,0.09151190111738905,-0.07815647443117552,0.05678050381367107,0.28444088368658826
1748.0,0.042389570364337006,0.06151964319351136,2,3,-0.14689163054393709,0.09858038381357945,-0.07949003211479139,0.06151964319351136,0.2782294874733227
1746.0,0.0435270961181984,0.06738435387783706,2,3,-0.1454079594356995,0.10448056198844613,-0.08151047942389938,0.06738435387783706,0.2726890035843077
1744.0,0.044218844062613186,0.07180590263811451,2,3,-0.14452265565399808,0.10966788115803755,-0.08433798916170476,0.07180590263811451,0.2684810813326167
1742.0,0.044363105264216066,0.07459855966171972,2,3,-0.14464023755604644,0.11420089451356324,-0.08741643115537501,0.07459855966171972,0.2650727408572188
1740.0,0.04419024434357868,0.07754585306077241,2,3,-0.14567513051606595,0.11830335899660738,-0.09042399609927881,0.07754585306077241,0.2612011362758584
1738.0,0.04367070658872961,0.08033510812547967,2,3,-0.14734190900257615,0.12202550138545887,-0.09426321310878083,0.08033510812547967,0.2575980455440665
1736.0,0.042310269450210714,0.07980096645179374,2,3,-0.15048039774241317,0.12561922240337653,-0.09960346208514548,0.07980096645179374,0.25621501822344195
1734.0,0.04079571946046547,0.07919621753611555,2,3,-0.1552369582914928,0.12897896042197293,-0.10309194161544272,0.07919621753611555,0.2541323192511744
1732.0,0.0405225923237734,0.08570867199525828,2,3,-0.15876848901941643,0.1308568942374455,-0.10358427568168238,0.08570867199525828,0.248400160087262
1730.0,0.04060294898521356,0.09377885869615227,2,3,-0.16105780393050928,0.13153051342178912,-0.10439416010714364,0.09377885869615227,0.24315733684577934
1728.0,0.04023375198281342,0.09924074536064681,2,3,-0.16391837548838506,0.13165588545407014,-0.10565763194325639,0.09924074536064681,0.2398481365309916
1726.0,0.039660781109374564,0.10288607238401504,2,3,-0.1670740206149921,0.13176229526018596,-0.10738257063757073,0.10288607238401504,0.23811212915523466
1724.0,0.038966697869958225,0.1051717625342703,2,3,-0.16991748466316547,0.131238423637991,-0.10858731148382861,0.1051717625342703,0.2369280993245239
1722.0,0.03832939753415643,0.10632609876372556,2,3,-0.17217175268260165,0.1305688645269929,-0.10958873823232707,0.10632609876372556,0.2365125152949924
1720.0,0.037578371779239825,0.10453387759721605,2,3,-0.17436816455560533,0.1307260214057273,-0.11152143978931661,0.10453387759721605,0.23852156423817772
1718.0,0.03702189541184531,0.10112758825273915,2,3,-0.17696901049529512,0.13076363512468536,-0.11160989830943802,0.10112758825273915,0.24179716248653516
1716.0,0.03762960409126739,0.10347925289095583,2,3,-0.17828408413955987,0.12806697432744207,-0.10652734512423256,0.10347925289095583,0.24141322250173147
1714.0,0.03940461721505264,0.11196935992686419,2,3,-0.17727158242265595,0.12399761473262716,-0.1008467266492733,0.11196935992686419,0.2391744204877011
1712.0,0.04134322484602743,0.11911826738040265,2,3,-0.17533824863410497,0.12091782081007152,-0.09742491150085375,0.11911826738040265,0.23944319617462168
1710.0,0.04288289701378687,0.11843861717484572,2,3,-0.17346166238720007,0.11843861717484572,-0.09528312767399505,0.12263526661797663,0.2420853913373071
1708.0,0.04392387563719924,0.11587363347076196,2,3,-0.1718814661278698,0.11587363347076196,-0.09359896098977927,0.12290066850065562,0.2463255033322277
1706.0,0.04460155538164534,0.11237314564878786,2,3,-0.1703047708726365,0.11237314564878786,-0.09128266622960812,0.12128768608077456,0.2509343822809089
1704.0,0.04494154123355008,0.10837294423959254,2,3,-0.16877240986401298,0.10837294423959254,-0.08919123098083215,0.11877265718273289,0.2555257455902701
1702.0,0.044690107627525746,0.10469293262706669,2,3,-0.16785310386363328,0.10469293262706669,-0.08860771537993983,0.11367446048634344,0.2615439642677917
1700.0,0.0445009061908195,0.09991048033094396,2,3,-0.16667522664059675,0.09991048033094396,-0.08617517850054335,0.10846080553867143,0.2669836502256222
1698.0,0.045059654413213024,0.09383887364838683,2,3,-0.16406884362198682,0.09383887364838683,-0.08171203881699363,0.10901108644546398,0.26822919441119475
1696.0,0.04601184128658733,0.08729913993317728,2,3,-0.16020639047676966,0.08729913993317728,-0.07791595948751051,0.11427225788759321,0.2666101585764463
1694.0,0.047437321651107346,0.08184160514932248,2,3,-0.15554662118199825,0.08184160514932248,-0.0760370863039106,0.12135822935716734,0.26557048123495575
1692.0,0.04869539781265027,0.07848283277717938,2,3,-0.1513233505212781,0.07848283277717938,-0.07705004351870981,0.12638645167656626,0.2669810986494936
1690.0,0.0487965216340696,0.0752674008688976,2,3,-0.14839695203035586,0.0752674008688976,-0.07871280823443261,0.12627786774109007,0.2695470998251488
1688.0,0.047779084413109366,0.07239289094212986,2,3,-0.14702221319730757,0.07239289094212986,-0.08062693274411403,0.12162600986291383,0.2725256672019247
1686.0,0.04582793776341056,0.07098759474317906,2,3,-0.14732913882766097,0.07098759474317906,-0.08317802777550432,0.11225918062925722,0.2764000800477818
1684.0,0.04355544885227167,0.06818975522049553,2,3,-0.1467030542838621,0.06818975522049553,-0.08187553303364914,0.10310182916144406,0.27506424719693
1682.0,0.0425263150377432,0.06414744912936365,2,3,-0.14285768027250856,0.06414744912936365,-0.0788985837300753,0.10327091426803059,0.2669694757939056
1680.0,0.04182732681995525,0.06166879015222393,2,3,-0.13874828964725583,0.06166879015222393,-0.07902577789020393,0.1053491969930962,0.25989271449191587
1678.0,0.04018993616319899,0.06030781300169363,2,3,-0.13643726597983075,0.06030781300169363,-0.08084697743440783,0.10269571436776737,0.25523039686077253
1676.0,0.0379216116278529,0.05951628857633251,2,3,-0.13498879965383814,0.05951628857633251,-0.08181598755022312,0.09629691397713702,0.25059964278985625
1674.0,0.03597721309646964,0.05891791000925939,2,3,-0.13270728276541188,0.05891791000925939,-0.08106946894994471,0.09031889877839205,0.24442600841005335
1672.0,0.03464141085757348,0.058402390777221536,2,3,-0.1304959830844783,0.058402390777221536,-0.08026103111571636,0.0860969099793496,0.23946476773149095
1670.0,0.03335989968269004,0.05744767711822529,2,3,-0.12898074930236603,0.05744767711822529,-0.07849259156840804,0.08172953014422224,0.23509563202177675
1668.0,0.0327501420295027,0.05574060319335161,2,3,-0.12608723331729932,0.05574060319335161,-0.07518476337704705,0.08004900598540843,0.22923309766309985
1666.0,0.03306549301755899,0.055223672516619526,2,3,-0.12244670090656462,0.055223672516619526,-0.07370370823211592,0.0802579837717925,0.22599621793806346
1664.0,0.03347457120270616,0.05559733768767372,2,3,-0.11949643484666317,0.05559733768767372,-0.07291979981938335,0.07839815553496687,0.22579359745693672
1662.0,0.034406714951331054,0.055734097638776126,2,3,-0.11632833251421304,0.055734097638776126,-0.07056812211585184,0.07672279580923758,0.22647313593870644
1660.0,0.03597615949821122,0.05579710204235089,2,3,-0.11274996522140746,0.05579710204235089,-0.0682551071628541,0.07732850431603189,0.2277602635169349
1658.0,0.0370590219714777,0.05637058307304943,2,3,-0.1103208230955377,0.05637058307304943,-0.06763441358150635,0.07603579983140851,0.2308439636299746
1656.0,0.0366858461463964,0.05751879104665214,2,3,-0.11012540942138083,0.05751879104665214,-0.06873793787019111,0.06776477357153743,0.2370090134053644
1654.0,0.035902828637577634,0.05488389750400913,2,3,-0.11061260713950816,0.05915442818770722,-0.06942650565516595,0.05488389750400913,0.24551493029084592
1652.0,0.037737892886502734,0.05287810778857538,2,3,-0.10756328346519606,0.05970969460076225,-0.06604508852530655,0.05287810778857538,0.24971003403367864
1650.0,0.04153688403011455,0.05958262512479484,2,3,-0.10179452734389827,0.05958262512479484,-0.0615822857459718,0.06173123700350258,0.2497473711121454
1648.0,0.04463840463494599,0.060665306194787716,2,3,-0.09737026670756888,0.060665306194787716,-0.05857074573620613,0.06598514840702374,0.2524825810166935
1646.0,0.04766349264323044,0.06135377450588142,2,3,-0.09372494856455682,0.06135377450588142,-0.05434012125821264,0.0699566167634067,0.25507214176963355
1644.0,0.050881402244962716,0.06173718910391979,2,3,-0.09008215222218419,0.06173718910391979,-0.0501761769693061,0.07714069884483665,0.2557874524675474
1642.0,0.053543309713380484,0.06296028569415868,2,3,-0.08714683008663471,0.06296028569415868,-0.04793524901044255,0.08271049916651196,0.257127842803309
1640.0,0.05524939037473473,0.06461296790817395,2,3,-0.08541000123913944,0.06461296790817395,-0.047180199363998865,0.08458152213538317,0.25964266243325484
1638.0,0.05620909376819387,0.06683221191667221,2,3,-0.08476819532338964,0.06683221191667221,-0.047888740803168295,0.08351472679108363,0.26335546625977146
1636.0,0.05778070879919763,0.07018711357930685,2,3,-0.08396966780492221,0.07018711357930685,-0.048627686224356204,0.08439770960907844,0.2669160748368813
1634.0,0.06062982043840619,0.07323530434378966,2,3,-0.0816639654027671,0.07323530434378966,-0.047828420542940675,0.0922525692320757,0.26715361456187336
1632.0,0.06330511075692451,0.07557186571142904,2,3,-0.07916003617252243,0.07557186571142904,-0.047061131808419976,0.10084871204573265,0.26632614400840326
1630.0,0.06500039406644129,0.0781635603310975,2,3,-0.0778980298781522,0.0781635603310975,-0.04744308370609551,0.10534115559792379,0.2668383679874329
1628.0,0.06625761184997243,0.08106070243712193,2,3,-0.07714727009584776,0.08106070243712193,-0.04892485113964096,0.10791698678098038,0.26838249126724856
1626.0,0.06739154691592528,0.08356868211104929,2,3,-0.0759449693080283,0.08356868211104929,-0.051157405621416574,0.11076913204164329,0.2697222953563787
1624.0,0.06865550611921459,0.08621931173560093,2,3,-0.07507964228982145,0.08621931173560093,-0.05353902298093649,0.11526699864021972,0.2704098854910102
1622.0,0.06997271308496851,0.08904401645627913,2,3,-0.07510126286492524,0.08904401645627913,-0.0558758849984371,0.12237507072565768,0.2694216261062681
1620.0,0.07016628602809694,0.09121381560605979,2,3,-0.0753594926090464,0.09121381560605979,-0.05897968872506487,0.12751476682413543,0.26644202904440073
1618.0,0.06923235593072166,0.09343826013970946,2,3,-0.07591990642960411,0.09343826013970946,-0.06308194023975378,0.12958832153020605,0.26213704465305065
1616.0,0.06875011088254315,0.09604603641643372,2,3,-0.07615126179869258,0.09604603641643372,-0.06662901101231533,0.13621185134628488,0.25427293946100504
1614.0,0.0684215372790598,0.09709078298610141,2,3,-0.07531985687281106,0.09709078298610141,-0.06834833560719478,0.14595701101345449,0.24272808487574893
1612.0,0.06723370017504986,0.09747763913286112,2,3,-0.07465642138441453,0.09747763913286112,-0.06996677080685987,0.15245558125123826,0.23085847268242432
1610.0,0.0654558079034004,0.09834175811982737,2,3,-0.07472834727449107,0.09834175811982737,-0.07166700224480205,0.15686710832944595,0.2184655225870218
1608.0,0.06346978593327361,0.09957843317361359,2,3,-0.07468442697112465,0.09957843317361359,-0.07282593930440462,0.16136535269074748,0.20391551007753628
1606.0,0.0611597383631564,0.10052595025285993,2,3,-0.07407119592067879,0.10052595025285993,-0.07349767326596912,0.1659975389100672,0.1868440718395028
1604.0,0.05836693294128983,0.10101588631210334,2,3,-0.0736671471233501,0.10101588631210334,-0.07387031943423428,0.1706159857267009,0.16774025922522928
1602.0,0.05511428759960339,0.10143097650037136,2,3,-0.07391145368194474,0.10143097650037136,-0.0740790432115146,0.17539158899771667,0.14673936939338827
1600.0,0.051677935479733296,0.10202872094995219,2,3,-0.07413905972192447,0.10202872094995219,-0.07382353727835911,0.17993785112095861,0.12438570232803925
1598.0,0.04819974613338496,0.10123712028008702,2,3,-0.07401059519721587,0.1028626813747815,-0.07278327579161403,0.18369280000088617,0.10123712028008702
1596.0,0.044442761958075526,0.07694743029419726,2,3,-0.07415394754526528,0.10394688269034069,-0.07134493938543085,0.1868183837365358,0.07694743029419726
1594.0,0.040177931620967035,0.050660776467491786,2,3,-0.07466852191241102,0.10523915704952613,-0.07015681692801867,0.18981506342824694,0.050660776467491786
1592.0,0.03551123230963369,0.022317061670501737,2,3,-0.0749021850923075,0.10653266780415782,-0.06909131267604529,0.19269992984186168,0.022317061670501737
1590.0,0.03048065398400319,-0.0079519507640613,3,2,-0.07505265606063038,0.10779679449920021,-0.06780286435129157,0.195413946596799,-0.0079519507640613
1588.0,0.02492999114960588,-0.04024696954927709,3,2,-0.07564200888894312,0.10909543419887946,-0.06637504265862737,0.19781854264599752,-0.04024696954927709
1586.0,0.018710770246744123,-0.06501519790501331,3,2,-0.07637358077329437,0.11045256915464408,-0.06501519790501331,0.19952711979957338,-0.07503705904218916
1584.0,0.011773208752410702,-0.06395452408170321,3,2,-0.07665097326331827,0.11178116239732483,-0.06395452408170321,0.20021893281427205,-0.1125285541045219
1582.0,0.004255475929717844,-0.0633284496425226,3,2,-0.07634687792755424,0.112794981100653,-0.0633284496425226,0.19971247543279946,-0.1515547493147864
1580.0,-0.00358979363521148,-0.06314967318001008,3,2,-0.0761397570353386,0.11338876527740882,-0.06314967318001008,0.19714185027513476,-0.1891901535132523
1578.0,-0.012417236095487083,-0.06363087033380044,3,2,-0.07684564313120457,0.1140804623526166,-0.06363087033380044,0.19211010796856542,-0.22780023733361243
1576.0,-0.022259306449004913,-0.06431651130253702,3,2,-0.07756766381368041,0.11533912043249916,-0.06431651130253702,0.18916343132009206,-0.27391490888139836
1574.0,-0.030200564899839112,-0.06387427191942452,3,2,-0.07702920198789198,0.11560534251904575,-0.06387427191942452,0.1904320995336195,-0.3161367926445443
1572.0,-0.0360283087682459,-0.06329213538273737,3,2,-0.07632908840946206,0.11513016616705718,-0.06329213538273737,0.18988012921968567,-0.3455306154357729
1570.0,-0.041352287035897904,-0.06322553174144718,3,2,-0.0760494463958239,0.11553831621656196,-0.06322553174144718,0.1869910044146661,-0.3700157776734465
1568.0,-0.0455125454942457,-0.06306321693781736,3,2,-0.07523604706559506,0.11650010836403735,-0.06306321693781736,0.18671582100060458,-0.39247939283245803
1566.0,-0.048580958547349874,-0.06316991416261852,3,2,-0.0741723952550919,0.11684635457404968,-0.06316991416261852,0.18744073608251788,-0.4098495739756065
1564.0,-0.05176477045229895,-0.06436626441678595,3,2,-0.0737178027766845,0.11689771080080136,-0.06436626441678595,0.18518965958058842,-0.42282715544941407
1562.0,-0.05594269227854505,-0.06683146945497365,3,2,-0.07482463035736875,0.11654832361287548,-0.06683146945497365,0.1757238127704681,-0.43032949796372644
1560.0,-0.06148170376749482,-0.07116718443666104,3,2,-0.0780313485513886,0.11759064835878408,-0.07116718443666104,0.15732591748657532,-0.43312655169478387
1558.0,-0.06492868349814455,-0.073844885205955,3,2,-0.07956333850398067,0.11986040651631757,-0.073844885205955,0.14965583816024175,-0.44075143845734643
1556.0,-0.064857122373421,-0.07124119846878951,3,2,-0.07718715288671363,0.11726970676620363,-0.07124119846878951,0.15983224835652043,-0.45295921563432595
1554.0,-0.06409958625709831,-0.06957067551998608,3,2,-0.07515969820505597,0.11494848645709843,-0.06957067551998608,0.16607689737829268,-0.45679294139584065
1552.0,-0.0632003472615683,-0.06907588383908081,3,2,-0.07463216197358458,0.11358032749027847,-0.06907588383908081,0.1671936699654064,-0.453067687950861
1550.0,-0.0616668528794457,-0.06919541075562985,3,2,-0.0751524852444474,0.11271841407137928,-0.06919541075562985,0.16615203648550536,-0.4428568189540359
1548.0,-0.05978302906099765,-0.06995977255265129,3,2,-0.07643450536882579,0.11192635915752414,-0.06995977255265129,0.16357792555533246,-0.42802515209636777
1546.0,-0.05797543020723578,-0.07152901226945052,3,2,-0.07852360062734909,0.11134773425887001,-0.07152901226945052,0.15865518718595295,-0.40982745958420225
1544.0,-0.05613367053067495,-0.07437603266032378,3,2,-0.08169814533494546,0.11173167487265045,-0.07437603266032378,0.15080400459271126,-0.38712985412346723
1542.0,-0.05381214005538548,-0.07805978250333312,3,2,-0.08591572888403354,0.11278997002141855,-0.07805978250333312,0.1416974696149491,-0.3595726285259284
1540.0,-0.04995502150999211,-0.07915340663402826,3,2,-0.08921358493257592,0.11145785975868905,-0.07915340663402826,0.13919592521052382,-0.33206190095256927
1538.0,-0.04482051583993527,-0.07655622214275182,3,2,-0.08948179131187928,0.10771955313872472,-0.07655622214275182,0.14691030009659067,-0.31269441898036066
1536.0,-0.040360048770025636,-0.07477935470731789,3,2,-0.08892259263850355,0.10540327201406297,-0.07477935470731789,0.15401747922921305,-0.29751904774758275
1534.0,-0.03622499306572089,-0.07465391467377636,3,2,-0.08982886377122634,0.10407316332533534,-0.07465391467377636,0.156276201157461,-0.2769915513663981
1532.0,-0.031465777275835195,-0.07421901860155344,3,2,-0.09125567323997541,0.1028050645249845,-0.07421901860155344,0.1586447374931539,-0.2533039965557855
1530.0,-0.027008086949995992,-0.07364112443753301,3,2,-0.0927063297517805,0.10223992438408414,-0.07364112443753301,0.16121766938287263,-0.2321505743276232
1528.0,-0.02302525191674252,-0.07336633841489415,3,2,-0.09494923742504646,0.10265234003947432,-0.07336633841489415,0.16175381787348764,-0.21121684165673393
1526.0,-0.018743294675393686,-0.07280501308821785,3,2,-0.09754999557444344,0.10395954443194633,-0.07280501308821785,0.1615674197238044,-0.18888842887005786
1524.0,-0.01427402689844992,-0.07196342636792963,3,2,-0.09967935113131565,0.10616385853200372,-0.07196342636792963,0.1613427092725649,-0.16723392479757293
1522.0,-0.009142557924596973,-0.07089944150448013,3,2,-0.10136312577985951,0.1093922894483319,-0.07089944150448013,0.162805682096564,-0.1456481938835411
1520.0,-0.00325163025376225,-0.06864167976706459,3,2,-0.10197007902932498,0.11244639059874673,-0.06864167976706459,0.1687729803873611,-0.1268657634585295
1518.0,0.0026565900701372323,-0.06572250682665004,3,2,-0.101554164099797,0.11506207770309773,-0.06572250682665004,0.177094313050428,-0.11159676947639252
1516.0,0.008798488499154499,-0.06286334210121702,3,2,-0.10099191204426883,0.11730501590511322,-0.06286334210121702,0.18667637204370657,-0.09613369130756144
1514.0,0.01449029218406055,-0.06031499453621625,3,2,-0.10070917491213827,0.11826716309957797,-0.06031499453621625,0.19535702790117138,-0.08014856063209208
1512.0,0.019096233176469468,-0.058910823316041805,3,2,-0.10140571469838489,0.11897383690237828,-0.058910823316041805,0.19989758413153458,-0.06307371713713883
1510.0,0.022537867452585104,-0.04360917322515501,3,2,-0.10409745614952937,0.12096290870710091,-0.05947476761220849,0.19890782554271746,-0.04360917322515501
1508.0,0.02627186684375047,-0.018432733325512207,3,2,-0.10964242222253628,0.12543084593706277,-0.06147583618993746,0.19547948001967552,-0.018432733325512207
1506.0,0.0332807917324343,0.008051972204595526,2,3,-0.11470832115740426,0.12849021007590378,-0.0602178400160005,0.20478793755507696,0.008051972204595526
1504.0,0.040100169461938395,0.023051846134162224,2,3,-0.11566805093764843,0.12708567593506603,-0.05581637831949693,0.22184775449760907,0.023051846134162224
1502.0,0.04434206457876444,0.03506478832211701,2,3,-0.11660103995099846,0.12643391240276247,-0.05435186699980199,0.23116452911974317,0.03506478832211701
1500.0,0.047043520184428346,0.049758771718179884,2,3,-0.12012305570466575,0.12626551190831803,-0.05491997033745499,0.23423634333776455,0.049758771718179884
1498.0,0.04924273732803066,0.06596293663338804,2,3,-0.125647665838851,0.12592373754730501,-0.055616241328106275,0.23559091962641754,0.06596293663338804
1496.0,0.05134006200252759,0.07970654041807723,2,3,-0.1311239857401194,0.12491746107051083,-0.055805334047355215,0.2390056283115245,0.07970654041807723
1494.0,0.052896217402274126,0.08940113238161373,2,3,-0.13548250548811502,0.12370490946167823,-0.05659713749595974,0.24345468815215343,0.08940113238161373
1492.0,0.05355188140173881,0.09783438391684918,2,3,-0.13997190074106336,0.12340803415476143,-0.05868434942050449,0.2451732390986513,0.09783438391684918
1490.0,0.0541312346008185,0.1064259057904614,2,3,-0.1449287759948008,0.1242905664762668,-0.0607580673062853,0.2456265440384504,0.1064259057904614
1488.0,0.0553027370516191,0.11249124013771028,2,3,-0.14875706433688118,0.12529277810625805,-0.06148129729842178,0.24896802864943013,0.11249124013771028
1486.0,0.05638475340895388,0.11441868837855318,2,3,-0.15091987715772737,0.1258529045492809,-0.06169943431352598,0.2542714855881887,0.11441868837855318
1484.0,0.05664099217909975,0.11386488344523982,2,3,-0.15238382147382046,0.1269317406500723,-0.0629971491933905,0.2577893074673976,0.11386488344523982
1482.0,0.05585968740068288,0.11121753360227449,2,3,-0.1538329373944316,0.1286341715403938,-0.06543726948350237,0.25871693873868007,0.11121753360227449
1480.0,0.05423662516992687,0.10635049465168556,2,3,-0.15503080707000216,0.13045680941317817,-0.06835602651653794,0.2577626553713107,0.10635049465168556
1478.0,0.052078841848102894,0.09982135128796576,2,3,-0.1553788128523601,0.13246710238694392,-0.07123842755998244,0.25472299597794734,0.09982135128796576
1476.0,0.04937515411895177,0.09124765552827196,2,3,-0.15485519185157304,0.13508719681137848,-0.07387642056889598,0.24927253067557742,0.09124765552827196
1474.0,0.04596029314882024,0.07788343440481849,2,3,-0.1534430874706756,0.13782302528149293,-0.07551711635406311,0.2430552098825285,0.07788343440481849
1472.0,0.042588499879976635,0.05803997079075529,2,3,-0.15012357163174905,0.1395158007942785,-0.07442406481704866,0.23993436426364712,0.05803997079075529
1470.0,0.040387049853124427,0.03885337153116608,2,3,-0.1456507288831157,0.14120819068293589,-0.07268946905067075,0.2402138849853066,0.03885337153116608
1468.0,0.03811160474607318,0.024175484651321577,2,3,-0.1430089189619641,0.14330158022601025,-0.07266451555849529,0.23875439337349347,0.024175484651321577
1466.0,0.034255680284592846,0.009645465798954866,2,3,-0.14375043987900815,0.14475013136247172,-0.07305270699640731,0.23368595113695312,0.009645465798954866
1464.0,0.029548149190616435,-0.0069389600992966205,3,2,-0.14679880226305575,0.1452953351441646,-0.07253594846944322,0.22871912164071317,-0.0069389600992966205
1462.0,0.025414235454431555,-0.02084284201279929,3,2,-0.15030577983992277,0.14612291366882202,-0.07295349923796901,0.22505038469402683,-0.02084284201279929
1460.0,0.021034163336105482,-0.030594363046265505,3,2,-0.1544921097959968,0.14740401852717522,-0.07531209295573782,0.21816536395135233,-0.030594363046265505
1458.0,0.0149788802388783,-0.042478606408665964,3,2,-0.16051378897393942,0.14806147962568894,-0.07659252497325642,0.20641784192456436,-0.042478606408665964
1456.0,0.008893714410981302,-0.062308092101372115,3,2,-0.16560278109994409,0.1462446484172264,-0.07380680369550063,0.19994160053449694,-0.062308092101372115
1454.0,0.005402498729317706,-0.0725974705632575,3,2,-0.1675997059524903,0.14439320733143113,-0.0725974705632575,0.20147882353693558,-0.07866236070603039
1452.0,0.002404560047295412,-0.07344224562067758,3,2,-0.1698257449942404,0.1432798931038406,-0.07344224562067758,0.2007283336097636,-0.08871743586220915
1450.0,-0.0010425075097516335,-0.07435648247565196,3,2,-0.17338216561215636,0.14241300211216767,-0.07435648247565196,0.19663384016738283,-0.09652073174050035
1448.0,-0.0047802468280791375,-0.07480779124224424,3,2,-0.17735138541649986,0.14124804437565452,-0.07480779124224424,0.1914217387283259,-0.10441184058563202
1446.0,-0.008664194468690845,-0.07518279060898503,3,2,-0.18061953629136762,0.13953371999511233,-0.07518279060898503,0.18646409081829818,-0.11351645625651208
1444.0,-0.012699270857398925,-0.07609521100409666,3,2,-0.1827493517927692,0.13793833839024083,-0.07609521100409666,0.1810970531956979,-0.12368718307606752
1442.0,-0.01735082533539343,-0.07755934152443422,3,2,-0.18411335949032104,0.13622171988863596,-0.07755934152443422,0.17379770208606082,-0.13510084763690866
1440.0,-0.02286109022248617,-0.07969309706741146,3,2,-0.18517528214001366,0.13390930143987445,-0.07969309706741146,0.16387077310332088,-0.14721714644820105
1438.0,-0.029254325290809246,-0.0820205744101381,3,2,-0.18588821794011445,0.13088700865181813,-0.0820205744101381,0.15137816845491847,-0.16062801121053027
1436.0,-0.036029083798259844,-0.08330116205469684,3,2,-0.18536639634090757,0.12692778273925653,-0.08330116205469684,0.13904165628262843,-0.17744729961757977
1434.0,-0.0417694208204503,-0.08420194249080049,3,2,-0.18350106586946735,0.12327182711254059,-0.08420194249080049,0.13019160623581505,-0.1946075290903393
1432.0,-0.04668213282937743,-0.08577600152982234,3,2,-0.18155855472146554,0.12108927572427364,-0.08577600152982234,0.122259873800459,-0.2094252574203319
1430.0,-0.051563168726168215,-0.08689697759948145,3,2,-0.17979591895953106,0.11949535508039166,-0.08689697759948145,0.11313312637985895,-0.2237514285320792
1428.0,-0.055853354484191445,-0.08716094320592593,3,2,-0.17773194354280086,0.11786534607900401,-0.08716094320592593,0.10464980456085593,-0.23688903631209035
1426.0,-0.05923446857583734,-0.08756242871069597,3,2,-0.1758331887565101,0.11647604595562244,-0.08756242871069597,0.09738179483623499,-0.24663456620383806
1424.0,-0.06187859985087023,-0.08836314449740557,3,2,-0.1749745122330555,0.11526984808084295,-0.08836314449740557,0.0904434393047664,-0.25176862990949944
1422.0,-0.06348600068928648,-0.08894792709133914,3,2,-0.17521174912110582,0.1140663578584824,-0.08894792709133914,0.08342187864033979,-0.2507585637328096
1420.0,-0.06344936332855541,-0.08860349552515157,3,2,-0.17585506571397747,0.11304178196426795,-0.08860349552515157,0.07665669639932249,-0.2424867337672385
1418.0,-0.0617714497900161,-0.08747781481578776,3,2,-0.17572903894931935,0.11193696436563982,-0.08747781481578776,0.07316842115681532,-0.23075578070742853
1416.0,-0.05988181298623414,-0.08700243171038058,3,2,-0.17480381594972405,0.11071056073880747,-0.08700243171038058,0.07322181642196068,-0.22153519443183423
1414.0,-0.05888240377801037,-0.08743415024938295,3,2,-0.17421859758702363,0.10955224630145377,-0.08743415024938295,0.07261318655815296,-0.21492470391325202
1412.0,-0.0586899295477207,-0.08806517908423328,3,2,-0.17425931520729843,0.10869760353333469,-0.08806517908423328,0.06982154815379116,-0.20964430513419763
1410.0,-0.05888251345913611,-0.08861886666113628,3,2,-0.1746503904289276,0.10857214866926035,-0.08861886666113628,0.06598586160408715,-0.20570132047896417
1408.0,-0.058868590165930004,-0.08960066630565455,3,2,-0.1752479099793296,0.10946187431210874,-0.08960066630565455,0.062056618751163306,-0.2010128676079379
1406.0,-0.05812005720113804,-0.09157689097625976,3,2,-0.17617808140251112,0.11127408138371675,-0.09157689097625976,0.05824174363974666,-0.19236113865038273
1404.0,-0.05684527261279633,-0.09431516734080403,3,2,-0.1773026286441488,0.113299315478536,-0.09431516734080403,0.0549109084585131,-0.1808187910160779
1402.0,-0.05619900458154601,-0.09717282696187746,3,2,-0.1783106997794135,0.114849483744067,-0.09717282696187746,0.05119604586168269,-0.1715570257721888
1400.0,-0.05700812661572678,-0.10008099121632319,3,2,-0.17910901660547607,0.11577880556615994,-0.10008099121632319,0.04525887632103176,-0.16688830714402636
1398.0,-0.059158273847869716,-0.10347329432820551,3,2,-0.17900641013876406,0.1159641140939569,-0.10347329432820551,0.038063612166795435,-0.16733939103313134
1396.0,-0.06260247522706264,-0.10742892275295368,3,2,-0.1780040961113507,0.11532628977024517,-0.10742892275295368,0.03111768523436198,-0.17402333227561595
1394.0,-0.06734841137215963,-0.11177314812008299,3,2,-0.17679390732150124,0.11424456942138672,-0.11177314812008299,0.024774631522800128,-0.18719420236340079
1392.0,-0.07263135468444833,-0.11612739988991505,3,2,-0.174959364153628,0.11325698350129709,-0.11612739988991505,0.018779445425823882,-0.20410643830581954
1390.0,-0.0782404582694074,-0.12057074494277265,3,2,-0.17246163831045802,0.11243803047257206,-0.12057074494277265,0.011645410274330859,-0.22225334884070924
1388.0,-0.08480654710099489,-0.1253475425009447,3,2,-0.1699448924440985,0.11127317418755389,-0.1253475425009447,0.0030876154141683543,-0.2431010901616535
1386.0,-0.09199144429364373,-0.13000409009188907,4,1,-0.16731342315153874,0.10940786939585134,-0.13000409009188907,-0.004846788708348093,-0.26720078891229404
1384.0,-0.098875083602518,-0.1341650138804391,4,1,-0.1641849780403899,0.10723669725550833,-0.1341650138804391,-0.011327069050616423,-0.2919350542966529
1382.0,-0.10551670460229265,-0.13793946217889608,4,1,-0.16079769827099244,0.10517097797319419,-0.13793946217889608,-0.01807759373147344,-0.3159397468032955
1380.0,-0.1120872865245619,-0.14082417045951412,4,1,-0.15759785829536677,0.10309288814478768,-0.14082417045951412,-0.025883329577470082,-0.3392239624352462
1378.0,-0.11817999214944439,-0.14212907814116438,4,1,-0.1544413935030713,0.1008953575015632,-0.14212907814116438,-0.03390300548903924,-0.36132184111551024
1376.0,-0.12354195176739888,-0.14223365877035898,4,1,-0.15075154563449433,0.09880102381431843,-0.14223365877035898,-0.04123267547135678,-0.38229290277510275
1374.0,-0.12833201608652686,-0.14192697553156264,4,1,-0.14633051985714207,0.09709462610353858,-0.14192697553156264,-0.04743639141968803,-0.4030608197277802
1372.0,-0.13264688728525348,-0.1414455740627003,4,1,-0.14172283307128053,0.0957718202205069,-0.1414455740627003,-0.052648048586399154,-0.42318980092639424
1370.0,-0.13672443733038517,-0.13755413447880227,4,1,-0.13755413447880227,0.09433597644978464,-0.1406013983193617,-0.05774699248665649,-0.44205563781689006
1368.0,-0.1408430792138607,-0.13404319580583102,4,1,-0.13404319580583102,0.09232526186904577,-0.13945343389062215,-0.06302459136787975,-0.46001943687401625
1366.0,-0.145011810604527,-0.13134690527165116,4,1,-0.13134690527165116,0.09005331607346134,-0.13842370178383323,-0.06859092966601499,-0.4767508323745969
1364.0,-0.1494192985323698,-0.12926104090655044,4,1,-0.12926104090655044,0.08795276451682343,-0.13784395877561906,-0.07485023860654083,-0.49309401888996207
1362.0,-0.1540565208095051,-0.1271010114792419,4,1,-0.1271010114792419,0.0859605758250892,-0.13782729791573156,-0.0808145639340021,-0.5105003065436391
1360.0,-0.15851638616032915,-0.1247866071953534,4,1,-0.1247866071953534,0.0839826773586656,-0.13809869560471544,-0.08585051677178801,-0.5278287885884545
1358.0,-0.16256363522166176,-0.12265457181288508,4,1,-0.12265457181288508,0.08226504737216334,-0.13826694185720356,-0.09092336167038062,-0.5432383481400028
1356.0,-0.16620796791972653,-0.12052064008386876,4,1,-0.12052064008386876,0.0807989187974707,-0.13846925099162544,-0.09644217013420464,-0.5564066971864046
1354.0,-0.16940342328358338,-0.11782608724741594,4,1,-0.11782608724741594,0.07909119161230516,-0.13885849505225556,-0.10224046672230447,-0.5671832590082461
1352.0,-0.17218838310523205,-0.11497738674113389,4,1,-0.11497738674113389,0.07716668711786512,-0.13932463215666013,-0.10841632440103366,-0.5753902593451976
1350.0,-0.17456228610713814,-0.11428634915039981,4,1,-0.11308808977061324,0.0755654132426602,-0.1401127498600787,-0.11428634915039981,-0.5808896549972592
1348.0,-0.17648144584540276,-0.11929166845566552,4,1,-0.11181816268547373,0.07401721888921742,-0.1412194175838286,-0.11929166845566552,-0.5840951993912634
1346.0,-0.17819108080881674,-0.12413101465635124,4,1,-0.11019912958792122,0.07205181758791768,-0.14216557554296116,-0.12413101465635124,-0.5865115018447677
1344.0,-0.179880180516182,-0.12939355355954585,4,1,-0.10868893397406443,0.07028254491107844,-0.14261898028164977,-0.12939355355954585,-0.5889819796767283
1342.0,-0.18162179471273363,-0.13495833162712834,4,1,-0.1076625812643972,0.06888251600318518,-0.14274260154747798,-0.13495833162712834,-0.5916279751278498
1340.0,-0.18346633979888657,-0.1401702202943116,4,1,-0.10668746058428735,0.06732645556544048,-0.14313489931315293,-0.1401702202943116,-0.5946655743681215
1338.0,-0.18536222696608606,-0.14401888053619616,4,1,-0.10559778191518565,0.06585195778287734,-0.14401888053619616,-0.14444779252665807,-0.5985986376352678
1336.0,-0.18731175466359495,-0.14527581192878736,4,1,-0.10460930889216269,0.06509234434314282,-0.14527581192878736,-0.14835252942764154,-0.603413467412526
1334.0,-0.1895079815017253,-0.14670751384338043,4,1,-0.10360960615794124,0.06453050013472428,-0.14670751384338043,-0.15303809170058402,-0.6087151959414451
1332.0,-0.19193861211556912,-0.14773749133039105,4,1,-0.10275361871859379,0.06369608681390737,-0.14773749133039105,-0.15845094072335497,-0.6144470966194132
1330.0,-0.19432476909127433,-0.14813170981667767,4,1,-0.10222509174391159,0.06302741559234382,-0.14813170981667767,-0.1636314745582863,-0.6206629849298398
1328.0,-0.19666778448860198,-0.14844306846813482,4,1,-0.10215599318184765,0.06251759007744928,-0.14844306846813482,-0.16823369891647943,-0.6270237519539973
1326.0,-0.19895703952888777,-0.14895928943778602,4,1,-0.10236383556710593,0.06149237775971095,-0.14895928943778602,-0.17261522913958238,-0.6323392212596755
1324.0,-0.20108003203887748,-0.1495897855362056,4,1,-0.10225897383966398,0.05970301799875544,-0.1495897855362056,-0.17735546964626314,-0.6358989491710102
1322.0,-0.20316522360530617,-0.15057767591012094,4,1,-0.10189152793400513,0.0573507981725625,-0.15057767591012094,-0.18265267964427379,-0.6380550327106934
1320.0,-0.205256066360677,-0.15209557791444261,4,1,-0.10169317721368776,0.05481579451691099,-0.15209557791444261,-0.18787321641759025,-0.6394341547745754
1318.0,-0.20704965877492879,-0.15341187519467803,4,1,-0.10180857837145574,0.05252782543065515,-0.15341187519467803,-0.1920835011976183,-0.6404721645415469
1316.0,-0.20846145243172004,-0.15378364290308588,4,1,-0.10236885886665847,0.050504504936899064,-0.15378364290308588,-0.19515126905767421,-0.6415079962680806
1314.0,-0.20980367259567972,-0.15367293821925831,4,1,-0.1033093222840833,0.048539138921422254,-0.15367293821925831,-0.19782610405979217,-0.642749137336687
1312.0,-0.21108570914845554,-0.15360471634523254,4,1,-0.10402982446079112,0.04694406721725186,-0.15360471634523254,-0.20081433177075803,-0.6439237403827478
1310.0,-0.21198154039328826,-0.15338246959932822,4,1,-0.10418564895435933,0.04592139350577007,-0.15338246959932822,-0.20396161238948673,-0.6442993645290372
1308.0,-0.212527608301157,-0.15302401021563594,4,1,-0.10399215515141735,0.044670725651282384,-0.15302401021563594,-0.20703229560391123,-0.6432603061861029
1306.0,-0.21306547324261205,-0.15287118487294826,4,1,-0.1035826625370504,0.04266132931458633,-0.15287118487294826,-0.21038172386053744,-0.6411531242571106
1304.0,-0.2137308853159931,-0.15328702412345296,4,1,-0.10311782975618122,0.04047774612255384,-0.15328702412345296,-0.21376848384284863,-0.6389588349800366
1302.0,-0.21460380483954422,-0.1542652617326048,4,1,-0.10277955246166459,0.038206636851000564,-0.1542652617326048,-0.2169060686770723,-0.6372747781773801
1300.0,-0.21559564229557876,-0.1549633224469924,4,1,-0.10229322074153235,0.03520038356346378,-0.1549633224469924,-0.21990125636241875,-0.6360207954904139
1298.0,-0.21652708389069986,-0.15471308332452027,4,1,-0.10135178027440972,0.03149845375178861,-0.15471308332452027,-0.22286474840627757,-0.6352042612000802
1296.0,-0.21746140175020612,-0.15429007476568235,4,1,-0.10008593584041248,0.027736646636038476,-0.15429007476568235,-0.22579038566814935,-0.634877259112825
1294.0,-0.21848120151941605,-0.15446163220413234,4,1,-0.09885682259463091,0.024267041535643186,-0.15446163220413234,-0.22870057142366762,-0.6346540229102925
1292.0,-0.2195658540467869,-0.15550091228727747,4,1,-0.09758993460978505,0.02104804008632266,-0.15550091228727747,-0.23155871911518422,-0.6342277443080104
1290.0,-0.22077608183695582,-0.15748360047067123,4,1,-0.09583289228376457,0.01767451383240015,-0.15748360047067123,-0.23447179295167553,-0.6337666373110679
1288.0,-0.22211039624630202,-0.15991781158726015,4,1,-0.09378411673700282,0.013962830257284953,-0.15991781158726015,-0.23751429146864123,-0.6332985916958909
1286.0,-0.22359466131332412,-0.16243326603033448,4,1,-0.09195575024669744,0.009798297930383892,-0.16243326603033448,-0.24050291185842232,-0.6328796763615502
1284.0,-0.22534151619991363,-0.16511063290106032,4,1,-0.09028055120352119,0.005179009296882642,-0.16511063290106032,-0.24351033478596174,-0.6329850714059075
1282.0,-0.22713342035975342,-0.16756258326794615,4,1,-0.08842961312737008,0.0007971410695284398,-0.16756258326794615,-0.24667997686330967,-0.6337920696096697
1280.0,-0.2286051923278984,-0.16947110573369994,5,0,-0.08623889876487323,-0.0024526115829202055,-0.16947110573369994,-0.24995588217505627,-0.6349074633829423
1278.0,-0.22969115118423425,-0.17142009960044646,5,0,-0.08409273894124936,-0.004328877087797389,-0.17142009960044646,-0.25291002688777087,-0.6357040134039073
1276.0,-0.23050368417297645,-0.173929179272875,5,0,-0.0826724686353888,-0.0049882994235241895,-0.173929179272875,-0.2552477931670458,-0.6356806803660484
1274.0,-0.2309087158086427,-0.17657303863978369,5,0,-0.08218047646948001,-0.004353796810677046,-0.17657303863978369,-0.25706239677044307,-0.6343738703528297
1272.0,-0.23045831971613978,-0.17894973293652372,5,0,-0.08214700493508142,-0.0021032080167298073,-0.17894973293652372,-0.2578714564526128,-0.6312201962397512
1270.0,-0.2289411758131113,-0.18099368177644082,4,1,-0.08237934505520306,0.0019194354766276511,-0.18099368177644082,-0.25700913036091255,-0.6262431573496275
1268.0,-0.22665500728801877,-0.18255979908126574,4,1,-0.08357045980582134,0.008012930016423558,-0.18255979908126574,-0.2547589067299145,-0.6203988008395159
1266.0,-0.22382866253374786,-0.18373240899638033,4,1,-0.08586600354813156,0.016478646798433028,-0.18373240899638033,-0.2513952747265702,-0.6146282721960903
1264.0,-0.22045132707640808,-0.1847934003412588,4,1,-0.08833148843991534,0.027043943815087568,-0.1847934003412588,-0.2468729582252367,-0.6093027321907172
1262.0,-0.2163799796139389,-0.18566610778081727,4,1,-0.09058138780741953,0.03990357194025629,-0.18566610778081727,-0.24132470088866143,-0.6042312735330526
1260.0,-0.2112990353665321,-0.18631675903398004,4,1,-0.09284929239657358,0.05579482454808149,-0.18631675903398004,-0.23461048064086998,-0.5985134693093185
1258.0,-0.20520168716143933,-0.18690674327568813,4,1,-0.09518664421506928,0.07425589479281425,-0.18690674327568813,-0.22662974276642833,-0.5915412003428251
1256.0,-0.1984935706735858,-0.18749103140077072,4,1,-0.09762446098868294,0.09376933587011127,-0.18749103140077072,-0.21746943630950732,-0.5836522605390793
1254.0,-0.19151028749013824,-0.18804787639823073,4,1,-0.10021788262028375,0.11349696761509254,-0.18804787639823073,-0.20730995613094605,-0.5754726899163232
1252.0,-0.18437621862451814,-0.1884855368629923,4,1,-0.10298238923776082,0.133353085581434,-0.1884855368629923,-0.19643044643865526,-0.5673358061646163
1250.0,-0.17713094731764273,-0.18494118647254676,4,1,-0.10574477724925413,0.15301664433279227,-0.1886668754070988,-0.18494118647254676,-0.5593185417921063
1248.0,-0.1698532114373553,-0.1730151727793212,4,1,-0.10803820271010234,0.1721102654827611,-0.18875614196116763,-0.1730151727793212,-0.5515668052189464
1246.0,-0.1626791059264318,-0.16091987551542053,4,1,-0.10986671243747581,0.1907270890384638,-0.18912349192064415,-0.16091987551542053,-0.5442125387970824
1244.0,-0.1558086310980374,-0.14895325153609196,4,1,-0.11166405158052617,0.2088208535844288,-0.1897483680540205,-0.14895325153609196,-0.537498337903977
1242.0,-0.14932191994136468,-0.13713272458272918,4,1,-0.113479503543924,0.2260020309623132,-0.19028796629901068,-0.13713272458272918,-0.5317114362434727
1240.0,-0.14317267736373637,-0.12523811548802,4,1,-0.11496309771110602,0.2420582384977511,-0.19080333428091467,-0.12523811548802,-0.5269170778363923
1238.0,-0.13712466350142521,-0.11550941564166217,4,1,-0.11550941564166217,0.25713586447924497,-0.19133769266446943,-0.1132307981547711,-0.5226812755254684
1236.0,-0.13109096547246624,-0.11516680229666987,4,1,-0.11516680229666987,0.27121886877839185,-0.19160661375193588,-0.1014553832123154,-0.5184448968798019
1234.0,-0.1253033600060771,-0.11466946978723724,4,1,-0.11466946978723724,0.2841502781580258,-0.19161054132013544,-0.0901579167085812,-0.5142291503724574
1232.0,-0.11997246444786432,-0.11395231453476196,4,1,-0.11395231453476196,0.29561218689590324,-0.19143631178783238,-0.07960199604565765,-0.5104838867669728
1230.0,-0.11524245547430727,-0.11240634545294104,4,1,-0.11240634545294104,0.30499176533260425,-0.19095747985249895,-0.07012305395372115,-0.5077171634449795
1228.0,-0.1112114821684422,-0.11014912113601805,4,1,-0.11014912113601805,0.3118278422736547,-0.18990322505304486,-0.06184388980054506,-0.5059890171262578
1226.0,-0.10793573570006268,-0.10756653215536982,4,1,-0.10756653215536982,0.3157512765061895,-0.18842580562926065,-0.05464301474519978,-0.5047946024766726
1224.0,-0.10530372826001884,-0.10457026311943945,4,1,-0.10457026311943945,0.31664005704348086,-0.18672866292369944,-0.048537834250806766,-0.5033219380496293
1222.0,-0.10310160851141167,-0.10095213556871308,4,1,-0.10095213556871308,0.3147275268854476,-0.18472420394202732,-0.04356043425022732,-0.5009987956815383
1220.0,-0.10114063781492981,-0.09683404759321423,4,1,-0.09683404759321423,0.3104356919090422,-0.18254134766751973,-0.03933696729876485,-0.4974265184241924
1218.0,-0.09924523085140505,-0.09237221337510548,4,1,-0.09237221337510548,0.3044156803859494,-0.18059788885055061,-0.03530507422325868,-0.4923666581940599
1216.0,-0.09731215561118063,-0.08760612635652021,4,1,-0.08760612635652021,0.29741607750776844,-0.17916381060544934,-0.031197349217257475,-0.48600956938444456
1214.0,-0.09535822461046209,-0.08265621665438888,4,1,-0.08265621665438888,0.2898013349470467,-0.17806858035591255,-0.027017875838669714,-0.47884978515038595
1212.0,-0.09342169903317028,-0.07759337807622058,4,1,-0.07759337807622058,0.2816503553332284,-0.17694011619645283,-0.022850890779657074,-0.4713744654467493
1210.0,-0.09154939162699374,-0.07254007439258175,4,1,-0.07254007439258175,0.2732064655072911,-0.1756911064879616,-0.018759869906977145,-0.4639623728547393
1208.0,-0.089852720397995,-0.06770897697992628,4,1,-0.06770897697992628,0.2647390702595501,-0.17451290314368395,-0.014909041046409333,-0.45687175107950556
1206.0,-0.08826975398772238,-0.06305246169857498,4,1,-0.06305246169857498,0.2564222288865964,-0.17324279362290346,-0.011352544052188995,-0.45012319945154083
1204.0,-0.08657079797351741,-0.05829303136970354,4,1,-0.05829303136970354,0.248334855732165,-0.17144807654063354,-0.007904205257377672,-0.4435435324320373
1202.0,-0.08471540345920431,-0.05335917549473218,4,1,-0.05335917549473218,0.24039902752569786,-0.16910360727850166,-0.004598873116447633,-0.43691438893203793
1200.0,-0.08284250575973144,-0.04845158352172124,4,1,-0.04845158352172124,0.23246590475377046,-0.16633184489085817,-0.0017172321277906244,-0.4301777730120577
1198.0,-0.0810432402217954,-0.04380722714384033,3,2,-0.04380722714384033,0.22460675238746663,-0.16307882994665945,0.0007811518057720401,-0.4237180482117159
1196.0,-0.0793528217218186,-0.03936556282378839,3,2,-0.03936556282378839,0.2167759755185802,-0.15922427608663048,0.003194830171090346,-0.41814507538834467
1194.0,-0.0778674028944589,-0.03476418813832227,3,2,-0.03476418813832227,0.20879757650986763,-0.1549467556530953,0.0053133584866491,-0.4137370056773937
1192.0,-0.07671036392515121,-0.0300400097936519,3,2,-0.0300400097936519,0.20070031479829814,-0.15058306668724575,0.006660319881911292,-0.4102893778250678
1190.0,-0.07581066303974324,-0.02554600522752226,3,2,-0.02554600522752226,0.19276329202511439,-0.14622506806302038,0.007456212399683637,-0.40750174633297154
1188.0,-0.07498532296324943,-0.021403464419226303,3,2,-0.021403464419226303,0.1851340620673116,-0.1418120817613749,0.008487379887127555,-0.4053325105900851
1186.0,-0.07415049115266979,-0.01763755772175618,3,2,-0.01763755772175618,0.17760961545473414,-0.13722813896476066,0.009958016956167492,-0.40345439148773377
1184.0,-0.07323557122620548,-0.014116469400932696,3,2,-0.014116469400932696,0.17026385773630826,-0.1322677039988001,0.011402982959950625,-0.4014605234275535
1182.0,-0.07212709654148211,-0.010378250634758779,3,2,-0.010378250634758779,0.16341077106222812,-0.12708514752820738,0.01276721648439183,-0.3993500720910643
1180.0,-0.07086900693889828,-0.006412009024277632,3,2,-0.006412009024277632,0.1569763087932003,-0.12203096385432471,0.014254420497056941,-0.3971327911061463
1178.0,-0.06953061344747684,-0.0025906123292571692,3,2,-0.0025906123292571692,0.15066487671632134,-0.11697635505857673,0.015797095862040145,-0.3945480724279118
1176.0,-0.06804686567747684,0.0012722556589387923,2,3,0.0012722556589387923,0.14423687281985353,-0.111660812002564,0.017322141457904228,-0.3914047863215167
1174.0,-0.06634545872409109,0.005303845189098377,2,3,0.005303845189098377,0.13767401261034434,-0.10634541884505322,0.01910931050911696,-0.3874690430839619
1172.0,-0.06443400973274273,0.009251811735518978,2,3,0.009251811735518978,0.13109478573453803,-0.10141652766113002,0.021407612780517227,-0.38250773125315785
1170.0,-0.06235457473859094,0.013040316679257702,2,3,0.013040316679257702,0.12448792300180167,-0.09702619680609664,0.024073757725371292,-0.3763486742932887
1168.0,-0.06016605833937507,0.016809930171287013,2,3,0.016809930171287013,0.11753183007801055,-0.09335538784971226,0.026979855204334657,-0.3687965193007953
1166.0,-0.05789880285232463,0.020571933831295297,2,3,0.020571933831295297,0.11011472949630197,-0.09097103169218396,0.03028067658904765,-0.3594903224860841
1164.0,-0.055640616815219604,0.02407199912322122,2,3,0.02407199912322122,0.10253505362307908,-0.0908972615379871,0.03420509185189058,-0.3481179671363018
1162.0,-0.05357081975088046,0.026937188569001846,2,3,0.026937188569001846,0.09551157121554277,-0.09334818331939981,0.03877319988280309,-0.3357278751023502
1160.0,-0.05178801953456748,0.029154149578307753,2,3,0.029154149578307753,0.09028489161601516,-0.09594127742925529,0.043392953139263946,-0.32583081457716895
1158.0,-0.050273653276973654,0.03142658329498127,2,3,0.03142658329498127,0.08797629739336632,-0.0949656979269492,0.046948319247603454,-0.3227537683938701
1156.0,-0.048949806073766575,0.0346386082018425,2,3,0.0346386082018425,0.08801394992280431,-0.08950044000873014,0.049160682777828923,-0.3270618312625785
1154.0,-0.04760701547093318,0.038678657946535466,2,3,0.038678657946535466,0.08831489271759269,-0.0817254856724855,0.05096789197480489,-0.33427103432111344
1152.0,-0.0461115476371699,0.04254862915430352,2,3,0.04254862915430352,0.08738510719962078,-0.07384494591093543,0.05316533066426499,-0.33981185929310337
1150.0,-0.04445178755907653,0.04585195829986227,2,3,0.04585195829986227,0.08493662943036523,-0.06671089011052034,0.05596846448989978,-0.3423050999049896
1148.0,-0.0426531528091151,0.04903655559599407,2,3,0.04903655559599407,0.08113836694503185,-0.06032075996254971,0.05928560180543929,-0.342405528429491
1146.0,-0.04085081056203531,0.052314209323469696,2,3,0.052314209323469696,0.07631948079707596,-0.0543302026823721,0.06281916421086453,-0.34137670445921464
1144.0,-0.039169509900345664,0.05557649403157311,2,3,0.05557649403157311,0.07092020105708746,-0.04841209531728702,0.06628792145451329,-0.3402200707276152
1142.0,-0.03765855375250787,0.05878732274737636,2,3,0.05878732274737636,0.06511780662979294,-0.04265923084730355,0.06955612837203529,-0.3390947956644404
1140.0,-0.03634653773546896,0.05879371337405909,2,3,0.061749703407085355,0.05879371337405909,-0.037298640334533284,0.07266095620355112,-0.3376384213275071
1138.0,-0.035074186987110414,0.05208360987992261,2,3,0.06464225828272396,0.05208360987992261,-0.031881951504032724,0.07563352288228581,-0.3358483744764517
1136.0,-0.033707038959911305,0.04531766857438235,2,3,0.0677664559470868,0.04531766857438235,-0.026026170463630094,0.07862876214864845,-0.33422191100604404
1134.0,-0.03233526902047011,0.03853178857871181,2,3,0.07110605674210624,0.03853178857871181,-0.02033698040897569,0.08178361396967854,-0.33276082398387147
1132.0,-0.031005934267051137,0.031574917345316644,2,3,0.0746234745164297,0.031574917345316644,-0.015159957533407376,0.08481279983028739,-0.33088090549388205
1130.0,-0.029715516924471698,0.02432975375777613,2,3,0.07809500447551154,0.02432975375777613,-0.00995138723007638,0.08716131374139113,-0.3282122693669609
1128.0,-0.028527562002251327,0.01691103796579363,2,3,0.08121704521155348,0.01691103796579363,-0.004830593431910779,0.0887692271942771,-0.3247045269509701
1126.0,-0.027448127750380004,0.00960456089820666,2,3,0.08397005669386859,0.00960456089820666,-0.0002032210881585672,0.09011996563830382,-0.3207320008941205
1124.0,-0.02626207938768707,0.004176557130999847,1,4,0.08662243690141125,0.0026151433604644225,0.004176557130999847,0.09160450227511643,-0.3163290366064273
1122.0,-0.02468403441706791,0.008716643039549499,2,3,0.08934861295860902,-0.0037684510007819916,0.008716643039549499,0.09332569513593955,-0.3110426722186556
1120.0,-0.022683303857211047,0.013585677666062779,2,3,0.09195627902382936,-0.009231636470808657,0.013585677666062779,0.09537914243566847,-0.3051059819408072
1118.0,-0.020521689691106453,0.01864532522121512,2,3,0.0939325744841526,-0.013511812088365521,0.01864532522121512,0.09776289148635034,-0.2994374275588848
1116.0,-0.018347849581496923,0.023598400121485424,2,3,0.095112211979266,-0.016274511041031725,0.023598400121485424,0.10046386954680867,-0.294639218514013
1114.0,-0.01617201420527726,0.02814988687203121,2,3,0.09577218012804767,-0.017300447811362696,0.02814988687203121,0.10351205325297641,-0.2909937434680789
1112.0,-0.013972638762204875,0.03208485138041631,2,3,0.0961062485695797,-0.01650201516649963,0.03208485138041631,0.10704809130560997,-0.2886003699001307
1110.0,-0.01157569666134376,0.03544091354388337,2,3,0.09635457520398344,-0.013846193910204363,0.03544091354388337,0.11141754570264598,-0.2872453238470272
1108.0,-0.008878504146910321,0.038592749665041476,2,3,0.09668966511950078,-0.009674355382013416,0.038592749665041476,0.11666158262429768,-0.2866621627613781
1106.0,-0.0059607931623331,0.04174627456701843,2,3,0.09695298076371267,-0.004491725692357895,0.04174627456701843,0.12235848602383848,-0.2863699814738772
1104.0,-0.0027985127515161023,0.04486466801387026,1,4,0.09728295675108942,0.0013860269742551334,0.04486466801387026,0.12824814612018598,-0.28577436161698133
1102.0,0.0006187792435038642,0.04788461806010505,1,4,0.09802003268874401,0.007714643118389569,0.04788461806010505,0.13440877268056678,-0.2849341703302861
1100.0,0.004092299030624557,0.05078787744222371,1,4,0.09898887527736647,0.014216698426947116,0.05078787744222371,0.14085524640537955,-0.28438720239879406
1098.0,0.007569956175331604,0.05378779199910799,1,4,0.10005029332411669,0.02071807256090802,0.05378779199910799,0.14754342800233924,-0.2842498050098139
1096.0,0.011146318631759166,0.05699973670976691,1,4,0.1013384084411611,0.02702823638954374,0.05699973670976691,0.1544391086448126,-0.28407389702648855
1094.0,0.014715273638828985,0.060289691383483335,1,4,0.10269759398190303,0.03280971962775625,0.060289691383483335,0.16142672710712622,-0.2836473639061239
1092.0,0.018165318920689545,0.06359871822843444,1,4,0.10408673308928534,0.03792491447722124,0.06359871822843444,0.16839900419985954,-0.28318277539135284
1090.0,0.021717577596238137,0.06704961104413132,1,4,0.10591087800395085,0.04259575392326692,0.06704961104413132,0.17560123895933388,-0.2825695939494923
1088.0,0.025611504985940982,0.0708919387412166,1,4,0.10829631036793991,0.04708488547586545,0.0708919387412166,0.18330093518135201,-0.2815165448366691
1086.0,0.029716376136635147,0.07526619901834564,1,4,0.11092816105876813,0.05124584230782203,0.07526619901834564,0.19136199723274194,-0.280220318934502
1084.0,0.033826267353946296,0.07980347536382332,1,4,0.11367799012622609,0.0549564804840747,0.07980347536382332,0.19985939299418082,-0.27916600219857346
1082.0,0.03807212788042802,0.08407976284853388,1,4,0.11693659014148869,0.05852434803001047,0.08407976284853388,0.20903327943815714,-0.27821334105605006
1080.0,0.04274637675528303,0.08852903384616005,1,4,0.12071661627301242,0.06218418535012171,0.08852903384616005,0.2189593281704749,-0.27665727986335387
1078.0,0.04796294530370735,0.0935595636185176,1,4,0.12469116321945203,0.06587954498167825,0.0935595636185176,0.22977723572296804,-0.2740927810240792
1076.0,0.05361040558845552,0.09838472237455297,1,4,0.12882177312083704,0.06944396231111544,0.09838472237455297,0.2419018497907023,-0.2705002796549301
1074.0,0.05967809556184265,0.10229797589938017,1,4,0.1330648461223713,0.07281318147931853,0.10229797589938017,0.25577036547591314,-0.2655558911677699
1072.0,0.06632400879019366,0.10535994666355727,1,4,0.13746639502177255,0.07603279439643101,0.10535994666355727,0.2716751405465802,-0.2589142326773727
1070.0,0.07356737316781882,0.1072319606718618,1,4,0.14199262333171794,0.07939104471752445,0.1072319606718618,0.28970826046364445,-0.2504870233456546
1068.0,0.0812006947565139,0.1074244761151806,1,4,0.14623265870267133,0.08324287765626773,0.1074244761151806,0.30963696699196036,-0.2405335056835105
1066.0,0.08888052297114282,0.10604665521343126,1,4,0.14952510917616685,0.08773818058456162,0.10604665521343126,0.3308094699021213,-0.22971680002056694
1064.0,0.09625197973450197,0.10370978682209497,1,4,0.1519334441335416,0.09235227592160328,0.10370978682209497,0.35206938208371263,-0.21880499028844255
1062.0,0.10291645318985407,0.10080231426424463,1,4,0.15396317225634143,0.09638601418632531,0.10080231426424463,0.37190437430906076,-0.20847360906670173
1060.0,0.108509231447621,0.09978209091659546,1,4,0.15551695040262514,0.09978209091659546,0.09781557998034679,0.3888395516340348,-0.1994080156954971
1058.0,0.11285061145367584,0.10282477462114648,1,4,0.15607478369549888,0.10282477462114648,0.09530877622874412,0.40221950364406317,-0.19217478092107354
1056.0,0.11604645370769799,0.1055490368634544,1,4,0.1556768893255991,0.1055490368634544,0.09335687508756746,0.4124341915687829,-0.1867847243069139
1054.0,0.11846336315828077,0.10788188495013845,1,4,0.15515166894386934,0.10788188495013845,0.09167785570140219,0.4201843131993721,-0.1825789070033783
1052.0,0.12032160554391817,0.10970151426596114,1,4,0.1549464650644684,0.10970151426596114,0.0899100069140365,0.4258264942697797,-0.17877645279465482
1050.0,0.1215164729746161,0.11083939423179645,1,4,0.15449798237046325,0.11083939423179645,0.08765751068498762,0.42970475279875575,-0.1751172752129227
1048.0,0.12201367331310739,0.11127977371417797,1,4,0.15336327235765168,0.11127977371417797,0.08494119165046371,0.43224857903058056,-0.17176445018733688
1046.0,0.12210118317916048,0.11113549454534094,1,4,0.151895798806987,0.11113549454534094,0.08229957329380888,0.43379920867757926,-0.16862415942791364
1044.0,0.12203442725410718,0.11040771576498798,1,4,0.1505885003702121,0.11040771576498798,0.08019151586372153,0.4345366857541113,-0.16555228148249707
1042.0,0.12182509037417706,0.10905851592900567,1,4,0.1495947482752472,0.10905851592900567,0.07876905266937784,0.43434237895086447,-0.16263924395361
1040.0,0.12142048016153598,0.10705411894657063,1,4,0.14860124316825007,0.10705411894657063,0.07791076143503561,0.4330513811613378,-0.1595151039035142
1038.0,0.12078342754186033,0.10419606218596561,1,4,0.1470149907336844,0.10419606218596561,0.0774945520282655,0.43076863544024346,-0.15555710267885725
1036.0,0.11983800374818512,0.1002791432823088,1,4,0.14455946156040378,0.1002791432823088,0.07760123661369445,0.4277269151158626,-0.15097673783134397
1034.0,0.11870960210612189,0.09562099990245077,1,4,0.14178654120778078,0.09562099990245077,0.0780709115914946,0.4241498434668104,-0.14608028563792702
1032.0,0.1177198208243369,0.09061578109454216,1,4,0.1394211849764846,0.09061578109454216,0.0785447707010567,0.4204108112422434,-0.14039344389264247
1030.0,0.1170150388280911,0.08536778772112075,1,4,0.13746646598739454,0.08536778772112075,0.07914100719096495,0.4165271567860078,-0.13342722354503256
1028.0,0.11640308497480056,0.0798871029000413,1,4,0.13549151965270523,0.07988059956142846,0.0798871029000413,0.41203460297763794,-0.12527840021781012
1026.0,0.11557106559232497,0.08040156618040806,1,4,0.13303128333639347,0.07443844307535463,0.08040156618040806,0.4072180578887764,-0.1172340225193077
1024.0,0.11436760416507796,0.08057045176391109,1,4,0.13022662772523708,0.06935148219592835,0.08057045176391109,0.40260503623905275,-0.11091557709873945
1022.0,0.11280642476794889,0.08062773186069283,1,4,0.12799597601032386,0.06434427580254976,0.08062773186069283,0.3974801870314615,-0.1064160468652835
1020.0,0.11099237512875534,0.08076672012806041,1,4,0.12651811272369762,0.05940319630413149,0.08076672012806041,0.3914915073099632,-0.10321766082207595
1018.0,0.10910318191476434,0.08118938868533776,1,4,0.12495623950840573,0.05517624984811076,0.08118938868533776,0.3852892217950298,-0.10109519026306235
1016.0,0.10724515140769675,0.08176843072642281,1,4,0.1231640728034803,0.051694836241571784,0.08176843072642281,0.3793912588006292,-0.09979284153362034
1014.0,0.1054572504147177,0.08205605176625275,1,4,0.12170718441980644,0.048278010489699485,0.08205605176625275,0.37392480603304346,-0.09867980063521364
1012.0,0.10370106835515698,0.08182072388229078,1,4,0.12037382454890255,0.044814285778939755,0.08182072388229078,0.3686417174003427,-0.09714520983469088
1010.0,0.10183040151260384,0.08116051444971684,1,4,0.11849641723800275,0.04142263894152398,0.08116051444971684,0.36289887120458914,-0.09482643427081361
1008.0,0.0998825098034479,0.08009841647702542,1,4,0.11594019505933206,0.03779112882978852,0.08009841647702542,0.35678761621140287,-0.09120480756030935
1006.0,0.09801828807290765,0.07844984536310895,1,4,0.11315647442927335,0.033881529355827,0.07844984536310895,0.35052885023454916,-0.08592525901822023
1004.0,0.09619849656627552,0.07631454981073937,1,4,0.11043597512557257,0.029899369798432107,0.07631454981073937,0.3436585361177564,-0.07931594802112274
1002.0,0.09438336093044333,0.07406216961120649,1,4,0.10779253698116154,0.025857997391317,0.07406216961120649,0.3361634182142516,-0.07195931754572005
1000.0,0.09248651405778396,0.07194126085537111,1,4,0.10504320751120166,0.021577250468447162,0.07194126085537111,0.32830280105148335,-0.06443194959758347
998.0,0.0902401475886531,0.06982689884511473,1,4,0.10167403911043327,0.01676642959262764,0.06982689884511473,0.3199715993880662,-0.05703822899297628
996.0,0.08756519211564631,0.06738873856226879,1,4,0.0975348071559512,0.011492832820484189,0.06738873856226879,0.31122727517578086,-0.049817693136253505
994.0,0.08470683453285455,0.06455565959795806,1,4,0.09298989261891955,0.006507997115715591,0.06455565959795806,0.3022625552252468,-0.04278193189356727
992.0,0.08181405315391851,0.06150529706150343,1,4,0.08819496109478231,0.002164975517767731,0.06150529706150343,0.29302457782091007,-0.03581954572537094
990.0,0.07885474840403388,0.05831558625666633,2,3,0.08325918060822757,-0.0019650945989475588,0.05831558625666633,0.2833807509595938,-0.028716681205370742
988.0,0.07586983935270328,0.054980995488097095,2,3,0.07850891297325102,-0.006045587013450482,0.054980995488097095,0.2732734723680227,-0.021368597052403904
986.0,0.0728710400863366,0.05179865406249795,2,3,0.07378416221885631,-0.009954600351272935,0.05179865406249795,0.2626024754958679,-0.013875490994266215
984.0,0.06966754266922581,0.04876254907382516,2,3,0.0683509945850107,-0.013901317420193404,0.04876254907382516,0.25138919272585925,-0.006263705618372639
982.0,0.06615473903779175,0.045333798226328326,1,4,0.06229998443022877,-0.018005539621488986,0.045333798226328326,0.23978303179207527,0.0013624203618153308
980.0,0.06246995778867222,0.0413447431407048,1,4,0.05648157774360385,-0.02207663527685466,0.0413447431407048,0.2279703871482247,0.00862971618768238
978.0,0.05877351324603246,0.03703874441508603,1,4,0.05110997335839851,-0.02597212019987305,0.03703874441508603,0.21618927577595948,0.015501692880591333
976.0,0.05508024118786532,0.03260099329329458,1,4,0.0458734129079964,-0.02970964092638695,0.03260099329329458,0.20442059445585536,0.022215846208567203
974.0,0.0513762206753301,0.028739538747448168,1,4,0.040733212493725635,-0.033342845799608334,0.028267286283074844,0.19248391165201018,0.028739538747448168
972.0,0.047600166147705146,0.034532597228437156,1,4,0.03606544042706983,-0.03697791895193503,0.023831510328471972,0.1805492017064818,0.034532597228437156
970.0,0.0437184511603325,0.031857555454765984,1,4,0.031857555454765984,-0.04055798926110321,0.01923158311029849,0.16861154603318718,0.03944956046451409
968.0,0.03986857640239243,0.027118694114505737,1,4,0.027118694114505737,-0.04374997126490032,0.015058321836655453,0.15677561461096445,0.04414022271473683
966.0,0.035983374806221116,0.02131755122657575,1,4,0.02131755122657575,-0.04672217039749138,0.011102762184132309,0.14559555778910893,0.04862317322877996
964.0,0.03206940559474729,0.015276855252130406,1,4,0.015276855252130406,-0.04977856573792927,0.007350620169080724,0.13529538975836763,0.05220272853208696
962.0,0.028360011042698342,0.009707532436114885,1,4,0.009707532436114885,-0.05280929151010427,0.004445028900492698,0.12568328973094134,0.054773495656047055
960.0,0.0248407939880819,0.004406424351308669,1,4,0.004406424351308669,-0.05561758663884131,0.0021638612869411267,0.11639707371678931,0.0568541972242117
958.0,0.02141596671296535,-0.0001348126634639346,3,2,-0.0006491329885489616,-0.05844786796568391,-0.0001348126634639346,0.10719149805353467,0.059120149128988886
956.0,0.018275138667736335,-0.002301780268704312,3,2,-0.005251279204374959,-0.06143177017310586,-0.002301780268704312,0.09859020590870149,0.061770317076165315
954.0,0.01543834726647202,-0.004438581696287858,3,2,-0.00918816677389156,-0.06442337863499692,-0.004438581696287858,0.09096244981063917,0.06427941362689726
952.0,0.012725973819578717,-0.00680621223362432,3,2,-0.012506398399783958,-0.06728289208087801,-0.00680621223362432,0.08392096536155591,0.06630440645062396
950.0,0.010156304831538666,-0.009049314270952014,3,2,-0.015617410727120529,-0.07009940433763717,-0.009049314270952014,0.07749465341347805,0.06805300007992499
948.0,0.007770983560205291,-0.011030254241362836,3,2,-0.018807036251053955,-0.07287715112807924,-0.011030254241362836,0.0720304192107486,0.06953894021077389
946.0,0.005582908578119805,-0.012593781706769391,3,2,-0.02187041116768118,-0.07569943252913025,-0.012593781706769391,0.06758718282250209,0.07049098547167776
944.0,0.003703854334613332,-0.013275609087224582,3,2,-0.024491593499145203,-0.07896406648138643,-0.013275609087224582,0.06414023097556298,0.0711103097652599
942.0,0.002096633061095132,-0.01331175163307785,3,2,-0.026789324681637527,-0.0827466759865424,-0.01331175163307785,0.06151930289969987,0.07181161470703357
940.0,0.0005576692102510217,-0.01325949761779055,3,2,-0.028738340441602173,-0.08662247161533565,-0.01325949761779055,0.05894639263516144,0.07246226309082204
938.0,-0.001018011936492602,-0.01343682356708753,3,2,-0.030041110140672123,-0.09046910124515317,-0.01343682356708753,0.055781382171170124,0.07307559309927969
936.0,-0.00251637113488854,-0.01400190111590649,3,2,-0.031202115080034343,-0.09429117904078255,-0.01400190111590649,0.052613397630406955,0.07429994193187373
934.0,-0.0038067107522800512,-0.015024356115482806,3,2,-0.03288353549977552,-0.09767631601493632,-0.015024356115482806,0.05023830518286232,0.07631234868593206
932.0,-0.0049583429679260545,-0.016364050794719365,3,2,-0.034754849210532845,-0.10045496043323976,-0.016364050794719365,0.04851810568786108,0.07826403991100062
930.0,-0.0059708416810132945,-0.017561170540722038,3,2,-0.0362890340909654,-0.10310199256068286,-0.017561170540722038,0.04745788286878527,0.07964010591851856
928.0,-0.006788402917936165,-0.018778138168191072,3,2,-0.0375387703450345,-0.10576258931354732,-0.018778138168191072,0.04725253687033759,0.08088494636675447
926.0,-0.007478300413845984,-0.020688680519126756,3,2,-0.038475211437647094,-0.10808410063434082,-0.020688680519126756,0.04742454303924981,0.08243194748263494
924.0,-0.00791322673655832,-0.023023008113903676,3,2,-0.038800995478361244,-0.10998373820051255,-0.023023008113903676,0.04789408880319124,0.08434751930679463
922.0,-0.007963121019000142,-0.025302657030088715,3,2,-0.038593841124914485,-0.11158330690092921,-0.025302657030088715,0.04921408753828527,0.08645011242264644
920.0,-0.007896273425359701,-0.028257021293362716,3,2,-0.038351224340182455,-0.11258198628901539,-0.028257021293362716,0.0510988240798389,0.08861004071592316
918.0,-0.00792368506399177,-0.03223273461243048,3,2,-0.03862027928987477,-0.1127187451431424,-0.03223273461243048,0.05287153775285103,0.09108179597263777
916.0,-0.007939807883138306,-0.03604702167687868,3,2,-0.039707696838072404,-0.11241949319196631,-0.03604702167687868,0.05446060744556602,0.09401456484565984
914.0,-0.008240108164117821,-0.03909540143703161,3,2,-0.04142686703561049,-0.11263828992790947,-0.03909540143703161,0.055114931024328406,0.09684508655563406
912.0,-0.009471254727865785,-0.04204089056275584,3,2,-0.04386341002532812,-0.11372961713182173,-0.04204089056275584,0.052937932035588164,0.09933971204498859
910.0,-0.011851045627386836,-0.045338102809789116,3,2,-0.04713741916598213,-0.1153945354414031,-0.045338102809789116,0.04718627042633783,0.10142855885390234
908.0,-0.015243400308039478,-0.049310012342261844,3,2,-0.050718356980049895,-0.11745262152649216,-0.049310012342261844,0.038998028591557876,0.10226596071704863
906.0,-0.019522327014145267,-0.05392094464052111,3,2,-0.05441369968665,-0.1200730588730683,-0.05392094464052111,0.029742608741259113,0.10105345938825394
904.0,-0.02440806071038193,-0.05832675458482506,3,2,-0.0586687562875059,-0.12289986736437031,-0.05832675458482506,0.020303036026140586,0.09755203865865103
902.0,-0.029736572818596874,-0.061755914504362575,3,2,-0.06370186655941723,-0.12511139696045803,-0.061755914504362575,0.011271465166062256,0.09061484876519121
900.0,-0.03558151429261711,-0.06403768457470294,3,2,-0.068921093199241,-0.12680895839426587,-0.06403768457470294,0.0029206192866595426,0.07893954541846471
898.0,-0.04153727338874898,-0.06526693034720843,4,1,-0.07334557195364122,-0.12863159852489237,-0.06526693034720843,-0.00464492803984895,0.0642026619218461
896.0,-0.0468051558000526,-0.0654197464941535,4,1,-0.07695613037561566,-0.13063230273187865,-0.0654197464941535,-0.0112958838604309,0.0502782844618157
894.0,-0.05102633045332696,-0.06443923268885565,4,1,-0.08030814816336473,-0.1325543991511684,-0.06443923268885565,-0.01684524928686859,0.039015377023622566
892.0,-0.05429116397063658,-0.06295391020971375,4,1,-0.08332515407890073,-0.13429609019844035,-0.06295391020971375,-0.021153627289477783,0.030272961923349717
890.0,-0.056431199547421526,-0.061666458164804316,4,1,-0.08581293490351982,-0.13570280735244755,-0.061666458164804316,-0.024081348234177957,0.025107550917842003
888.0,-0.056896528984029374,-0.060259986569757396,4,1,-0.08840714631174351,-0.136497015102229,-0.060259986569757396,-0.02543086959009011,0.026112372653673166
886.0,-0.05541511489480264,-0.058460292353961996,4,1,-0.09229988086321628,-0.13608363532167322,-0.058460292353961996,-0.025247872436763186,0.035016106501601474
884.0,-0.0525099040665866,-0.05654547896780948,4,1,-0.09819740471004768,-0.13362418922498043,-0.05654547896780948,-0.02371647645257624,0.04953402902248083
882.0,-0.04905541420011363,-0.054499304324373554,4,1,-0.10596051539292872,-0.1290487804264625,-0.054499304324373554,-0.020489295557684417,0.06472082470088103
880.0,-0.04522205572184505,-0.05202483973203231,4,1,-0.11492194453388171,-0.12312119593100335,-0.05202483973203231,-0.014838715832522609,0.0787964174202147
878.0,-0.04086937575300109,-0.04938709872456348,4,1,-0.12435809810457477,-0.11673725123284329,-0.04938709872456348,-0.007140831219596633,0.09327640051657271
876.0,-0.036911120198785265,-0.04763315024437109,3,2,-0.13329812685527964,-0.11151099594000946,-0.04763315024437109,0.00028173950500098854,0.10760493254073289
874.0,-0.034910450044363196,-0.04709358895188476,3,2,-0.14025672519883448,-0.1090681963150536,-0.04709358895188476,0.00359213775008671,0.11827412249387015
872.0,-0.03564971385852465,-0.04728168056544502,3,2,-0.14292384376165734,-0.10902368974207244,-0.04728168056544502,0.00024785322776765817,0.12073279154878391
870.0,-0.03844840360512407,-0.04836214549468565,4,1,-0.14030129123356283,-0.10942865044668926,-0.04836214549468565,-0.007100256514980918,0.1129503256642983
868.0,-0.04142716989596544,-0.05061221813691463,4,1,-0.13545289381383152,-0.1089577009930418,-0.05061221813691463,-0.013019240251608943,0.10090620371556969
866.0,-0.0429547838758074,-0.05325286564281795,4,1,-0.13205587847956635,-0.10755968584234876,-0.05325286564281795,-0.01588730376468872,0.09398181435038477
864.0,-0.04301931435043236,-0.05537870589502236,4,1,-0.13080068077480222,-0.10586668249749975,-0.05537870589502236,-0.017537078028851072,0.09448657544401362
862.0,-0.042465567940797457,-0.05766257709842226,4,1,-0.13077867355938277,-0.10412094061693755,-0.05766257709842226,-0.018993207036307025,0.09922755860706234
860.0,-0.041593265101878885,-0.06082104925769505,4,1,-0.1308566921236466,-0.10194337101596151,-0.06082104925769505,-0.02042460869392193,0.10607939558183066
858.0,-0.04020222593632614,-0.06424469597870297,4,1,-0.1312158200067729,-0.09910222138879254,-0.06424469597870297,-0.02188361368239855,0.11543522137503626
856.0,-0.03793469273326109,-0.06774092757476669,4,1,-0.13229154227375872,-0.09562108272869174,-0.06774092757476669,-0.023077821813707766,0.12905791072461947
854.0,-0.03545335319039074,-0.07130755945619849,4,1,-0.13317887881523904,-0.09155911341627554,-0.07130755945619849,-0.024078509784823954,0.14285729552058335
852.0,-0.03446768770050461,-0.07499990651867816,4,1,-0.1331884384101525,-0.08730925625880026,-0.07499990651867816,-0.025188407422138903,0.14834757010724675
850.0,-0.034979954481601315,-0.07880328280888937,4,1,-0.13300580080301994,-0.08316176852127133,-0.07880328280888937,-0.026335712248178877,0.14640679197335293
848.0,-0.03608564985155769,-0.07902864911965768,4,1,-0.1336571246263254,-0.07902864911965768,-0.08190785476039597,-0.027478632036025852,0.14164401128461646
846.0,-0.03752966574206047,-0.07476799256877209,4,1,-0.1347787743006208,-0.07476799256877209,-0.0842042383535675,-0.028462478704369687,0.13456515521702772
844.0,-0.03820503466190748,-0.07005085846564807,4,1,-0.13545392736160067,-0.07005085846564807,-0.08666747445557776,-0.02777422543468311,0.12892131240797222
842.0,-0.037234241517739575,-0.06459784862397289,4,1,-0.13583987685779575,-0.06459784862397289,-0.08957205879820673,-0.02447247346574266,0.12831105015702016
840.0,-0.03516380960594536,-0.058572215915112746,4,1,-0.1366355122452927,-0.058572215915112746,-0.09212154286438134,-0.01968727297211359,0.13119749596717356
838.0,-0.032418809419555036,-0.052218606402921974,4,1,-0.13762334696145806,-0.052218606402921974,-0.09393174016155847,-0.013805987941193143,0.13548563436935646
836.0,-0.02886212045778156,-0.045671813682474305,4,1,-0.13788501762210714,-0.045671813682474305,-0.09577787692769602,-0.005869144077224497,0.14089325002059416
834.0,-0.02440672263241823,-0.03875415791379,3,2,-0.1371505242989719,-0.03875415791379,-0.09793140821536306,0.0037380415801229194,0.14806443568591088
832.0,-0.01905865973343137,-0.03106123649466186,3,2,-0.1356353722159096,-0.03106123649466186,-0.09962445216906346,0.013650236810968996,0.15737752540150907
830.0,-0.012877176032923866,-0.02302588527062932,3,2,-0.13258618383157317,-0.02302588527062932,-0.10102663769289277,0.023658502064434872,0.16859432456604106
828.0,-0.006274766369033236,-0.01586159031616652,3,2,-0.12771858065489528,-0.01586159031616652,-0.1032293013177592,0.03395770070437254,0.18147793973928228
826.0,0.00011850139887368272,-0.009653741380561964,3,2,-0.12302922194257104,-0.009653741380561964,-0.10650364151664626,0.04423171314568641,0.19554739868846127
824.0,0.0060066053681818495,-0.004122400354791278,3,2,-0.11905444924786224,-0.004122400354791278,-0.1103279489758846,0.054216479238333504,0.20932134618111387
822.0,0.011320621562132737,-0.00040139511691084095,3,2,-0.11362818294408128,-0.00040139511691084095,-0.11467674236009473,0.06344069950819398,0.22186872872355656
820.0,0.015875505354270826,0.0009600797346560608,2,3,-0.10640551216088867,0.0009600797346560608,-0.11956953084038946,0.0714080846960452,0.232984405341931
818.0,0.01962563480416808,0.0009350174854485527,2,3,-0.09813922199876779,0.0009350174854485527,-0.12358411178181972,0.07745398707193463,0.24146250324404472
816.0,0.022118104229945246,-0.00048147137702980736,3,2,-0.088449410712226,-0.00048147137702980736,-0.12591718214381742,0.07957996716325577,0.2458586182195437
814.0,0.021972774707297704,-0.005018937389604128,3,2,-0.07672946565263827,-0.005018937389604128,-0.12698528144289511,0.07482533954650994,0.2437722184751161
812.0,0.01747745924062962,-0.013838129453070502,3,2,-0.06227760859096132,-0.013838129453070502,-0.12564863969732487,0.05977112811870011,0.2293805458258047
810.0,0.007695301387472942,-0.026033186421818844,3,2,-0.04555410344569921,-0.026033186421818844,-0.12081263893205985,0.03437097697180502,0.1965054587651376
808.0,-0.0051558883689681425,-0.028806202023909933,3,2,-0.028806202023909933,-0.03804273361653365,-0.11353246031770614,0.008329264670662306,0.1462726894426467
806.0,-0.015790464987868756,-0.013611087202194838,4,1,-0.013611087202194838,-0.04597456755539264,-0.10550049742372214,-0.006804529072061527,0.09293835631402736
804.0,-0.020547748235079988,-0.009185094643209268,4,1,-0.0002311428611925237,-0.04898440110474245,-0.09864335025790028,-0.009185094643209268,0.054305247691644576
802.0,-0.01970314321062383,-0.003918513131875079,3,2,0.009950040174193875,-0.04759190333223384,-0.09433193392388484,-0.003918513131875079,0.03737659416068073
800.0,-0.016057639870307748,0.0026386607888715385,2,3,0.015297262434574188,-0.04317204899701621,-0.0926430112269141,0.0026386607888715385,0.03759093764894583
798.0,-0.011593159940760555,0.0076545699813137524,2,3,0.01623039841312446,-0.0381897738131427,-0.09314291932663354,0.0076545699813137524,0.04948192504153526
796.0,-0.006927289819726168,0.010965600914163876,2,3,0.01447817693755149,-0.034901054368832396,-0.09527289743180889,0.010965600914163876,0.07009372485029508
794.0,-0.0029847355535804975,0.011962145108388889,2,3,0.012087303018276652,-0.03455498391001788,-0.09766662713103957,0.011962145108388889,0.09324848514648942
792.0,-0.0012488119319757907,0.00932718922035991,2,3,0.011525125585823526,-0.037523530370753067,-0.09821180142083552,0.00932718922035991,0.1086389573255262
790.0,-0.00270699561995662,0.0020042348526299048,2,3,0.01464135015050605,-0.04305767117338566,-0.09590517059689208,0.0020042348526299048,0.10878227866735868
788.0,-0.007067056443422625,-0.00800488468245164,3,2,0.021009252573412907,-0.04952027297516959,-0.09178854966874073,-0.00800488468245164,0.09296917253583592
786.0,-0.012656018499028265,-0.016055053127588703,3,2,0.02833239160831247,-0.05515060858063148,-0.08715193856531878,-0.016055053127588703,0.06674511617008516
784.0,-0.01722122935496446,-0.019556859765720302,3,2,0.03467732605745777,-0.05899779240541103,-0.08274197333739375,-0.019556859765720302,0.040513152676245
782.0,-0.019099221435636783,-0.01919344135754808,3,2,0.039175893477630064,-0.06108790221761273,-0.07930999295396934,-0.01919344135754808,0.024919335873316184
780.0,-0.0181720278972906,-0.0168829714014731,3,2,0.04120479859266113,-0.06242208468076704,-0.07792958383080717,-0.0168829714014731,0.02516970183393319
778.0,-0.015835011414845425,-0.014818853372257967,3,2,0.04060862116560382,-0.06527984941816656,-0.07927831181475087,-0.014818853372257967,0.039593336365344456
776.0,-0.013635353060748878,-0.01514367218437096,3,2,0.03775213261793353,-0.07139483746443975,-0.08220439728566475,-0.01514367218437096,0.06281400901279754
774.0,-0.012564655450916585,-0.019086269156809443,3,2,0.0327346367481538,-0.0802991581931527,-0.08458395294312582,-0.019086269156809443,0.08841146629035124
772.0,-0.013185644183528656,-0.0261386507366983,3,2,0.02609337287840363,-0.09059379829108516,-0.08532435031215457,-0.0261386507366983,0.11003520554389112
770.0,-0.015220532866253578,-0.033886923607692854,3,2,0.01878403953504071,-0.10104956641449836,-0.08447040718229304,-0.033886923607692854,0.12452019333817566
768.0,-0.017625772609919287,-0.0397916052481162,3,2,0.011395592744388283,-0.11032049107109443,-0.08205861391809854,-0.0397916052481162,0.13264625444332445
766.0,-0.01965960255687733,-0.04372153884885255,3,2,0.004415993473984248,-0.11706440476291347,-0.07802403774380373,-0.04372153884885255,0.13609597509719884
764.0,-0.021337155399062536,-0.04708429923404345,4,1,-0.002297578038689352,-0.12101589691810566,-0.07297931615729869,-0.04708429923404345,0.13669131335282447
762.0,-0.02292812193160998,-0.050224537532584046,4,1,-0.009152732225742977,-0.1236561472724107,-0.06781801866089232,-0.050224537532584046,0.13621082603358015
760.0,-0.024339906169465887,-0.052720500550920146,4,1,-0.015058645122318692,-0.12640971622420127,-0.06300275128351562,-0.052720500550920146,0.1354920823336263
758.0,-0.025592641459238497,-0.054955269092606285,4,1,-0.019364187133982913,-0.12916001971146196,-0.05907445669882416,-0.054955269092606285,0.13459072534068284
756.0,-0.027114174776539324,-0.056502153183856096,4,1,-0.023191045606613114,-0.1315975025492413,-0.056502153183856096,-0.05779856778347692,0.1335183952404908
754.0,-0.02854797389258441,-0.055046816302215085,4,1,-0.026125112550513307,-0.13393937654973476,-0.055046816302215085,-0.06048939922662022,0.13286083516616132
752.0,-0.02928429608115497,-0.054414022733752176,4,1,-0.027192411043864162,-0.13600337376335658,-0.054414022733752176,-0.061713275100178544,0.13290160223537661
750.0,-0.029497856158450197,-0.05426385918415555,4,1,-0.027496888081587123,-0.13769155053737436,-0.05426385918415555,-0.06169258950063394,0.1336556065115
748.0,-0.029353570745049185,-0.05416396180260441,4,1,-0.028111300471119538,-0.13881774544114545,-0.05416396180260441,-0.06093127235646323,0.1352564263460867
746.0,-0.028892905589003082,-0.05385738785125249,4,1,-0.0288763303691999,-0.13885335576198132,-0.05385738785125249,-0.05989337037411424,0.13701591641153255
744.0,-0.028379996893919436,-0.053142489872635146,4,1,-0.02992121711851503,-0.13863318142802394,-0.053142489872635146,-0.05948382140897279,0.13928072535854974
742.0,-0.02785981298357232,-0.05206101328657953,4,1,-0.031153167923132274,-0.13986465369353596,-0.05206101328657953,-0.05986090650726461,0.14364067649265078
740.0,-0.02698295404283404,-0.0510432849159681,4,1,-0.031741192156995446,-0.14235306343816356,-0.0510432849159681,-0.06063932016289342,0.15086209045985033
738.0,-0.025374381382013887,-0.04961586301680665,4,1,-0.03174790374057679,-0.144882894337371,-0.04961586301680665,-0.06136145243452784,0.16073620661921284
736.0,-0.02335067231149175,-0.04711759519944314,4,1,-0.03207577453939314,-0.14729159416118365,-0.04711759519944314,-0.06153075032051181,0.171262352663073
734.0,-0.022066437157610964,-0.044788828655741186,4,1,-0.03264182020278583,-0.1497350275169067,-0.044788828655741186,-0.06128600333757728,0.17811949392495618
732.0,-0.022745486862603935,-0.04418145839558063,4,1,-0.032608951626012184,-0.15204008646952438,-0.04418145839558063,-0.061631957662176884,0.1767350198402744
730.0,-0.02559792519143511,-0.045452944260093275,4,1,-0.03148964078497829,-0.1539774979251134,-0.045452944260093275,-0.06311579221202979,0.1660462492250392
728.0,-0.029247426618600202,-0.04801574690750576,4,1,-0.02970561006198058,-0.15487803831233515,-0.04801574690750576,-0.06459718356462352,0.150959445753444
726.0,-0.03209265770529024,-0.05109653582067897,4,1,-0.028898926332561414,-0.15456937305108953,-0.05109653582067897,-0.06414808773353609,0.1382496344114148
724.0,-0.0336674341693286,-0.05401969659377914,4,1,-0.030073975594390623,-0.15408528075807038,-0.05401969659377914,-0.06132510106756639,0.13116688316716352
722.0,-0.03391055455801193,-0.056298551197221824,4,1,-0.03166864904897371,-0.1542171877658738,-0.056298551197221824,-0.05754321799313411,0.13017483321514378
720.0,-0.03265819066404405,-0.05423271684788333,4,1,-0.031920670339577795,-0.15471814109781779,-0.05766903904138032,-0.05423271684788333,0.13524961400643898
718.0,-0.030386582228285962,-0.051541684233192386,4,1,-0.03188479993993343,-0.15480772935904885,-0.05871751549634974,-0.051541684233192386,0.1450188178870946
716.0,-0.02844535891523754,-0.04876133991244336,4,1,-0.03309777073165687,-0.1545061618761585,-0.06020703056865795,-0.04876133991244336,0.154345508512729
714.0,-0.028394888526335114,-0.04662788952455377,4,1,-0.03452289103417261,-0.15496951482560872,-0.06207632606766467,-0.04662788952455377,0.1562221788203242
712.0,-0.030545902801527892,-0.045886642536813405,4,1,-0.034503110569108264,-0.1569855913683238,-0.0639317791873506,-0.045886642536813405,0.1485776096539566
710.0,-0.0329812746078356,-0.043657736898091715,4,1,-0.03285677527836972,-0.16041380323053844,-0.06545248986576513,-0.043657736898091715,0.13747443223358702
708.0,-0.033570240061246315,-0.03729477742010845,4,1,-0.029932481897977814,-0.16375319094588892,-0.06725356624248224,-0.03729477742010845,0.13038281620022585
706.0,-0.0319607396875321,-0.027970529394056864,4,1,-0.02579672712133041,-0.16505846379621802,-0.07072267737665205,-0.027970529394056864,0.12974469925059684
704.0,-0.028507015193644313,-0.019708580317537194,4,1,-0.019708580317537194,-0.16514781271702317,-0.07628093006127967,-0.01614204179692913,0.1347442889245476
702.0,-0.023754898157711323,-0.010084826286639315,4,1,-0.010084826286639315,-0.16637242863398471,-0.08291930668893155,-0.0019835924994866527,0.1425856633204856
700.0,-0.019721480650275857,0.0023454181632016624,2,3,0.0023454181632016624,-0.16759171367843884,-0.08821079941855259,0.009275413803053079,0.1455742778793574
698.0,-0.018180913313039594,0.011387429633590296,2,3,0.013301385644640451,-0.16392058188903924,-0.08933363315182907,0.011387429633590296,0.1376608331974396
696.0,-0.019437645168276195,0.003416397099412549,2,3,0.018857400758520937,-0.15583332475011846,-0.0869348476805587,0.003416397099412549,0.1233061487313627
694.0,-0.02330044761590937,-0.01037095001877053,3,2,0.016078601281239058,-0.1496481571864301,-0.08384203820670022,-0.01037095001877053,0.11128030605111494
692.0,-0.02871191761710943,-0.023626937735162112,3,2,0.004709464815301656,-0.14918735706029485,-0.08107304601301357,-0.023626937735162112,0.10561828790762173
690.0,-0.03434549950997425,-0.03361308382485717,4,1,-0.010473701290355075,-0.15375565174045902,-0.07839292822248067,-0.03361308382485717,0.10450786752828067
688.0,-0.03933917471066191,-0.04259638286868217,4,1,-0.02312661454377052,-0.15920951345620704,-0.07504381175463948,-0.04259638286868217,0.10328044906998968
686.0,-0.043608039447151324,-0.05276520073963087,4,1,-0.03129577448571785,-0.16136478774610108,-0.07080120558257463,-0.05276520073963087,0.09818677131826781
684.0,-0.04764416226579913,-0.062290943155246525,4,1,-0.038288128258826326,-0.16080030597452866,-0.06708786363931973,-0.062290943155246525,0.0902464296989256
682.0,-0.05146727138853482,-0.0647569213055601,4,1,-0.04627609454176973,-0.16095236564145643,-0.0647569213055601,-0.06888715951056068,0.08353618405667285
680.0,-0.054696643538121446,-0.06308444565196991,4,1,-0.053124579277374906,-0.16256982643721285,-0.06308444565196991,-0.07393246646164164,0.07922810013759207
678.0,-0.05716099777449797,-0.06160054171600793,4,1,-0.057566117062429756,-0.1639841744802648,-0.06160054171600793,-0.07892767518225785,0.0762735195684705
676.0,-0.059021639492385924,-0.06101056338753019,4,1,-0.06101056338753019,-0.16450308416306547,-0.060986820296430766,-0.08280768725896315,0.07419995764405996
674.0,-0.060776319331304764,-0.06428435013403022,4,1,-0.06428435013403022,-0.1644159464593875,-0.062042196523846904,-0.08558093681031664,0.07244183327105747
672.0,-0.06307913057213561,-0.06736548339421189,4,1,-0.06736548339421189,-0.1642545272206828,-0.06459621502997526,-0.09031628023091809,0.07113685301510997
670.0,-0.06674796090576311,-0.07072166646449363,4,1,-0.07072166646449363,-0.16485255262037324,-0.06771491709655475,-0.10010688671079615,0.06965621836340219
668.0,-0.07027627796188715,-0.07220133847196197,4,1,-0.07220133847196197,-0.1654512625583595,-0.06876424078543741,-0.10708461115029033,0.06212006315661345
666.0,-0.0703278231407141,-0.06895257694355328,4,1,-0.06895257694355328,-0.1641376353568782,-0.06763559020972565,-0.10247744626567012,0.05156413307225671
664.0,-0.06886226124811894,-0.06695275373289222,4,1,-0.06428593902411728,-0.16186766778559147,-0.06695275373289222,-0.09579408229639808,0.044589136598404355
662.0,-0.06871095125334001,-0.06732533006006913,4,1,-0.06108746874567683,-0.1596916105735695,-0.06732533006006913,-0.09429555000948775,0.038845203122103156
660.0,-0.069396541014296,-0.06901644287499575,4,1,-0.058355763519503334,-0.15642231922715233,-0.06901644287499575,-0.09593002902842596,0.03274184957859738
658.0,-0.06952103121292796,-0.07216701848933016,4,1,-0.05498920066646984,-0.15130528208524718,-0.07216701848933016,-0.09736997311317919,0.02822631828958655
656.0,-0.06853804591346102,-0.07551040870977044,4,1,-0.0513652052397402,-0.1458298862290497,-0.07551040870977044,-0.09623925695867941,0.026254527569934627
654.0,-0.06693089321231387,-0.0791446398156237,4,1,-0.04814315002370373,-0.1420937517248828,-0.0791446398156237,-0.09246424147149135,0.02719131697413224
652.0,-0.06507993127103898,-0.08367626404690753,4,1,-0.04522426140052027,-0.13995609829593159,-0.08367626404690753,-0.08800690691548096,0.0314638743036455
650.0,-0.062136592465088604,-0.0835173820437114,4,1,-0.04167102324260985,-0.13732549850058273,-0.08609866557152879,-0.0835173820437114,0.037929607032989754
648.0,-0.05807706367255716,-0.07770477016021071,4,1,-0.03752259239280975,-0.13400897281356916,-0.08453005951736214,-0.07770477016021071,0.04338107652116596
646.0,-0.05471575999030209,-0.0704868417821003,4,1,-0.0346776550780743,-0.13098854905679747,-0.08230353729605877,-0.0704868417821003,0.044877783261520365
644.0,-0.05235970591956711,-0.06427020468601019,4,1,-0.033514479068998515,-0.12741956398161136,-0.08113296047667307,-0.06427020468601019,0.04453867861545757
642.0,-0.04981162674393822,-0.06076643408014837,4,1,-0.03252305210178674,-0.12351311154132816,-0.078558561566477,-0.06076643408014837,0.04630302557004917
640.0,-0.04717019523485164,-0.05993914236567366,4,1,-0.0314741302690833,-0.12039790491876534,-0.07348706027368102,-0.05993914236567366,0.04944726165294511
638.0,-0.045078503123599935,-0.059057183117308565,4,1,-0.03223260470416389,-0.11774320870117849,-0.06774685145012294,-0.059057183117308565,0.05138733235477422
636.0,-0.04320859340913841,-0.055175820416152765,4,1,-0.03520998975065681,-0.11399402665071223,-0.06412497191584943,-0.055175820416152765,0.0524618416876792
634.0,-0.04166080401334456,-0.050024773492395314,4,1,-0.037551520552825624,-0.10920320726571808,-0.06425344835356062,-0.050024773492395314,0.052728929597776864
632.0,-0.04060377504541233,-0.04542231141422781,4,1,-0.038101812940725566,-0.10436127909865767,-0.06615771393292769,-0.04542231141422781,0.051024242159477096
630.0,-0.03901553794169317,-0.040849987306249336,4,1,-0.037495806796179476,-0.09759780407258645,-0.06782220875170952,-0.040849987306249336,0.04868811721825894
628.0,-0.03660983469227967,-0.0367685029367113,4,1,-0.03463079525680057,-0.08728334431168405,-0.07080581912769102,-0.0367685029367113,0.04643928817148857
626.0,-0.034301695399128904,-0.03332766212185212,4,1,-0.029302890078859445,-0.07579852807985765,-0.07555797264366015,-0.03332766212185212,0.04247857592858484
624.0,-0.03230294402467977,-0.02955326862503993,4,1,-0.023267509479781623,-0.0656307114716177,-0.07997454878313048,-0.02955326862503993,0.03691131823617089
622.0,-0.02975569310236641,-0.023627053046753055,4,1,-0.019206583605562155,-0.056392954546842455,-0.08236357312542797,-0.023627053046753055,0.03281169881275359
620.0,-0.026505011524546783,-0.018784852804664354,4,1,-0.018784852804664354,-0.04702693543030945,-0.08313114880640571,-0.015239793068539953,0.03165767248718554
618.0,-0.0234138592990083,-0.019754205186469864,4,1,-0.019754205186469864,-0.03769882594744067,-0.08459240989318095,-0.005893864951936445,0.030870009483986438
616.0,-0.0204027186390908,-0.018684680084039673,3,2,-0.018684680084039673,-0.029284611581429587,-0.08682534452528867,0.004007080905030991,0.028773962090272942
614.0,-0.01672444272142539,-0.014742055544562316,3,2,-0.014742055544562316,-0.02155545477661369,-0.08817375895078938,0.013840799009479321,0.02700825665535911
612.0,-0.012722316395087451,-0.00991728300832917,3,2,-0.00991728300832917,-0.013846580544764286,-0.08966163263648941,0.023291078526733067,0.026522835687412538
610.0,-0.00927301913173495,-0.006664227054715255,3,2,-0.007573090174682218,-0.006664227054715255,-0.09179070082123242,0.033286540473085546,0.026376381918869596
608.0,-0.005599637793274548,0.0011948784600124274,2,3,-0.007030277394637796,0.0011948784600124274,-0.09206452871025816,0.044382974592217295,0.0255187640862935
606.0,-0.00023018303966129138,0.012172289121830104,2,3,-0.003920606281896832,0.012172289121830104,-0.09025122018324527,0.05670659278053103,0.024142029364474515
604.0,0.0057695801068228915,0.023302829130355196,1,4,0.0006969558877969462,0.023302829130355196,-0.08881872096716048,0.06976786479254149,0.023898971690581305
602.0,0.01065431212623733,0.026650288298698088,1,4,0.0023790010113482474,0.030018463051525224,-0.08866177165440448,0.08288557992401957,0.026650288298698088
600.0,0.015385001370010842,0.032371608546732045,1,4,0.002182896552682667,0.03479038743365126,-0.08884354207953926,0.0964236563965275,0.032371608546732045
