lims_pedon_id,user_pedon_id,latitude,longitude,LRR,MLRA,MLRA_ID,MLRA_NAME,LRR_NAME,LRR_MLRA_source,spatial_match_status
32683,S2014AZ019001,31.9086667,-110.8377778,D,40,40.0,Sonoran Basin and Range,Western Range and Irrigated Region,"USDA NRCS 2022 MLRA Geographic Database, version 5.2 (MLRA_52)",POINT_WITHIN_MLRA
33553,S2014KS161501,39.10354,-96.56356,H,76,91.0,Bluestem Hills,Central Great Plains Winter Wheat and Range Region,"USDA NRCS 2022 MLRA Geographic Database, version 5.2 (MLRA_52)",POINT_WITHIN_MLRA
33554,S2014KS161502,39.10071,-96.56225,H,76,91.0,Bluestem Hills,Central Great Plains Winter Wheat and Range Region,"USDA NRCS 2022 MLRA Geographic Database, version 5.2 (MLRA_52)",POINT_WITHIN_MLRA
35001,S2015AL063001,32.5347694,-87.8153,P,135A,187.0,Alabama and Mississippi Blackland Prairie,"South Atlantic and Gulf Slope Cash Crops, Forest, and Livestock Region","USDA NRCS 2022 MLRA Geographic Database, version 5.2 (MLRA_52)",POINT_WITHIN_MLRA
35002,S2015AL063002,32.5341667,-87.8172222,P,135A,187.0,Alabama and Mississippi Blackland Prairie,"South Atlantic and Gulf Slope Cash Crops, Forest, and Livestock Region","USDA NRCS 2022 MLRA Geographic Database, version 5.2 (MLRA_52)",POINT_WITHIN_MLRA
35003,S2015AL063003,32.5394444,-87.8144444,P,135A,187.0,Alabama and Mississippi Blackland Prairie,"South Atlantic and Gulf Slope Cash Crops, Forest, and Livestock Region","USDA NRCS 2022 MLRA Geographic Database, version 5.2 (MLRA_52)",POINT_WITHIN_MLRA
35004,S2015AL063004,32.5413889,-87.8127778,P,135A,187.0,Alabama and Mississippi Blackland Prairie,"South Atlantic and Gulf Slope Cash Crops, Forest, and Livestock Region","USDA NRCS 2022 MLRA Geographic Database, version 5.2 (MLRA_52)",POINT_WITHIN_MLRA
35005,S2015AL063005,32.5356222,-87.8082556,P,135A,187.0,Alabama and Mississippi Blackland Prairie,"South Atlantic and Gulf Slope Cash Crops, Forest, and Livestock Region","USDA NRCS 2022 MLRA Geographic Database, version 5.2 (MLRA_52)",POINT_WITHIN_MLRA
35006,S2015AL063006,32.53535,-87.8101,P,135A,187.0,Alabama and Mississippi Blackland Prairie,"South Atlantic and Gulf Slope Cash Crops, Forest, and Livestock Region","USDA NRCS 2022 MLRA Geographic Database, version 5.2 (MLRA_52)",POINT_WITHIN_MLRA
35007,S2015AL063007,32.535375,-87.8117306,P,135A,187.0,Alabama and Mississippi Blackland Prairie,"South Atlantic and Gulf Slope Cash Crops, Forest, and Livestock Region","USDA NRCS 2022 MLRA Geographic Database, version 5.2 (MLRA_52)",POINT_WITHIN_MLRA
35008,S2015AL063008,32.5402778,-87.8003028,P,135A,187.0,Alabama and Mississippi Blackland Prairie,"South Atlantic and Gulf Slope Cash Crops, Forest, and Livestock Region","USDA NRCS 2022 MLRA Geographic Database, version 5.2 (MLRA_52)",POINT_WITHIN_MLRA
35009,S2015AL063009,32.5386389,-87.8015556,P,135A,187.0,Alabama and Mississippi Blackland Prairie,"South Atlantic and Gulf Slope Cash Crops, Forest, and Livestock Region","USDA NRCS 2022 MLRA Geographic Database, version 5.2 (MLRA_52)",POINT_WITHIN_MLRA
35010,S2015AL063010,32.5296611,-87.8107306,P,135A,187.0,Alabama and Mississippi Blackland Prairie,"South Atlantic and Gulf Slope Cash Crops, Forest, and Livestock Region","USDA NRCS 2022 MLRA Geographic Database, version 5.2 (MLRA_52)",POINT_WITHIN_MLRA
35011,S2015AL063011,32.53945,-87.8022139,P,135A,187.0,Alabama and Mississippi Blackland Prairie,"South Atlantic and Gulf Slope Cash Crops, Forest, and Livestock Region","USDA NRCS 2022 MLRA Geographic Database, version 5.2 (MLRA_52)",POINT_WITHIN_MLRA
35012,S2015AL063012,32.5420722,-87.8072,P,135A,187.0,Alabama and Mississippi Blackland Prairie,"South Atlantic and Gulf Slope Cash Crops, Forest, and Livestock Region","USDA NRCS 2022 MLRA Geographic Database, version 5.2 (MLRA_52)",POINT_WITHIN_MLRA
35013,S2015AL063013,32.538631,-87.804742,P,135A,187.0,Alabama and Mississippi Blackland Prairie,"South Atlantic and Gulf Slope Cash Crops, Forest, and Livestock Region","USDA NRCS 2022 MLRA Geographic Database, version 5.2 (MLRA_52)",POINT_WITHIN_MLRA
35014,S2015AL063014,32.5345361,-87.8013222,P,135A,187.0,Alabama and Mississippi Blackland Prairie,"South Atlantic and Gulf Slope Cash Crops, Forest, and Livestock Region","USDA NRCS 2022 MLRA Geographic Database, version 5.2 (MLRA_52)",POINT_WITHIN_MLRA
35015,S2015AL063015,32.5297222,-87.8180556,P,135A,187.0,Alabama and Mississippi Blackland Prairie,"South Atlantic and Gulf Slope Cash Crops, Forest, and Livestock Region","USDA NRCS 2022 MLRA Geographic Database, version 5.2 (MLRA_52)",POINT_WITHIN_MLRA
35016,S2015AL063016,32.5230556,-87.8147222,P,135A,187.0,Alabama and Mississippi Blackland Prairie,"South Atlantic and Gulf Slope Cash Crops, Forest, and Livestock Region","USDA NRCS 2022 MLRA Geographic Database, version 5.2 (MLRA_52)",POINT_WITHIN_MLRA
35017,S2015AL063017,32.5202778,-87.8172222,P,135A,187.0,Alabama and Mississippi Blackland Prairie,"South Atlantic and Gulf Slope Cash Crops, Forest, and Livestock Region","USDA NRCS 2022 MLRA Geographic Database, version 5.2 (MLRA_52)",POINT_WITHIN_MLRA
35018,S2015AL063018,32.5286611,-87.8133861,P,135A,187.0,Alabama and Mississippi Blackland Prairie,"South Atlantic and Gulf Slope Cash Crops, Forest, and Livestock Region","USDA NRCS 2022 MLRA Geographic Database, version 5.2 (MLRA_52)",POINT_WITHIN_MLRA
35019,S2015AL063019,32.5270222,-87.8192,P,135A,187.0,Alabama and Mississippi Blackland Prairie,"South Atlantic and Gulf Slope Cash Crops, Forest, and Livestock Region","USDA NRCS 2022 MLRA Geographic Database, version 5.2 (MLRA_52)",POINT_WITHIN_MLRA
35020,S2015AL063020,32.525125,-87.8177556,P,135A,187.0,Alabama and Mississippi Blackland Prairie,"South Atlantic and Gulf Slope Cash Crops, Forest, and Livestock Region","USDA NRCS 2022 MLRA Geographic Database, version 5.2 (MLRA_52)",POINT_WITHIN_MLRA
35000,S2015AL063021,32.5322222,-87.8180556,P,135A,187.0,Alabama and Mississippi Blackland Prairie,"South Atlantic and Gulf Slope Cash Crops, Forest, and Livestock Region","USDA NRCS 2022 MLRA Geographic Database, version 5.2 (MLRA_52)",POINT_WITHIN_MLRA
36333,S2016CA019001,37.0065278,-119.0056667,D,22A,22.0,Sierra Nevada and Tehachapi Mountains,Western Range and Irrigated Region,"USDA NRCS 2022 MLRA Geographic Database, version 5.2 (MLRA_52)",POINT_WITHIN_MLRA
36334,S2016CA019002,,,,,,,,"USDA NRCS 2022 MLRA Geographic Database, version 5.2 (MLRA_52)",NO_COORDINATES
34828,S2015CO075001,40.4762778,-103.0120278,H,72,87.0,Central High Tableland,Central Great Plains Winter Wheat and Range Region,"USDA NRCS 2022 MLRA Geographic Database, version 5.2 (MLRA_52)",POINT_WITHIN_MLRA
34829,S2015CO075002,40.4807222,-103.0189722,H,72,87.0,Central High Tableland,Central Great Plains Winter Wheat and Range Region,"USDA NRCS 2022 MLRA Geographic Database, version 5.2 (MLRA_52)",POINT_WITHIN_MLRA
34830,S2015CO075003,40.4785278,-103.0194167,H,72,87.0,Central High Tableland,Central Great Plains Winter Wheat and Range Region,"USDA NRCS 2022 MLRA Geographic Database, version 5.2 (MLRA_52)",POINT_WITHIN_MLRA
34831,S2015CO075004,40.4687222,-103.0115556,H,72,87.0,Central High Tableland,Central Great Plains Winter Wheat and Range Region,"USDA NRCS 2022 MLRA Geographic Database, version 5.2 (MLRA_52)",POINT_WITHIN_MLRA
34832,S2015CO075005,40.4695556,-103.0166389,H,72,87.0,Central High Tableland,Central Great Plains Winter Wheat and Range Region,"USDA NRCS 2022 MLRA Geographic Database, version 5.2 (MLRA_52)",POINT_WITHIN_MLRA
34833,S2015CO075006,40.4718889,-103.0250278,H,72,87.0,Central High Tableland,Central Great Plains Winter Wheat and Range Region,"USDA NRCS 2022 MLRA Geographic Database, version 5.2 (MLRA_52)",POINT_WITHIN_MLRA
34834,S2015CO075007,40.4731111,-103.0185,H,72,87.0,Central High Tableland,Central Great Plains Winter Wheat and Range Region,"USDA NRCS 2022 MLRA Geographic Database, version 5.2 (MLRA_52)",POINT_WITHIN_MLRA
34835,S2015CO075008,40.4651389,-103.0347222,H,72,87.0,Central High Tableland,Central Great Plains Winter Wheat and Range Region,"USDA NRCS 2022 MLRA Geographic Database, version 5.2 (MLRA_52)",POINT_WITHIN_MLRA
34836,S2015CO075009,40.4637778,-103.0351944,H,72,87.0,Central High Tableland,Central Great Plains Winter Wheat and Range Region,"USDA NRCS 2022 MLRA Geographic Database, version 5.2 (MLRA_52)",POINT_WITHIN_MLRA
34837,S2015CO075010,40.46075,-103.0302778,H,72,87.0,Central High Tableland,Central Great Plains Winter Wheat and Range Region,"USDA NRCS 2022 MLRA Geographic Database, version 5.2 (MLRA_52)",POINT_WITHIN_MLRA
34838,S2015CO075011,40.4607778,-103.0331667,H,72,87.0,Central High Tableland,Central Great Plains Winter Wheat and Range Region,"USDA NRCS 2022 MLRA Geographic Database, version 5.2 (MLRA_52)",POINT_WITHIN_MLRA
35128,S2016CO123001,40.8110278,-104.7294722,G,67B,82.0,"Central High Plains, Southern Part",Western Great Plains Range and Irrigated Region,"USDA NRCS 2022 MLRA Geographic Database, version 5.2 (MLRA_52)",POINT_WITHIN_MLRA
35129,S2016CO123002,40.8218528,-104.7130556,G,67B,82.0,"Central High Plains, Southern Part",Western Great Plains Range and Irrigated Region,"USDA NRCS 2022 MLRA Geographic Database, version 5.2 (MLRA_52)",POINT_WITHIN_MLRA
35130,S2016CO123003,40.8255833,-104.6952778,G,67B,82.0,"Central High Plains, Southern Part",Western Great Plains Range and Irrigated Region,"USDA NRCS 2022 MLRA Geographic Database, version 5.2 (MLRA_52)",POINT_WITHIN_MLRA
35131,S2016CO123004,40.8423333,-104.6981389,G,67B,82.0,"Central High Plains, Southern Part",Western Great Plains Range and Irrigated Region,"USDA NRCS 2022 MLRA Geographic Database, version 5.2 (MLRA_52)",POINT_WITHIN_MLRA
35132,S2016CO123005,40.8507222,-104.6994167,G,67B,82.0,"Central High Plains, Southern Part",Western Great Plains Range and Irrigated Region,"USDA NRCS 2022 MLRA Geographic Database, version 5.2 (MLRA_52)",POINT_WITHIN_MLRA
35133,S2016CO123006,40.8564167,-104.6915556,G,67B,82.0,"Central High Plains, Southern Part",Western Great Plains Range and Irrigated Region,"USDA NRCS 2022 MLRA Geographic Database, version 5.2 (MLRA_52)",POINT_WITHIN_MLRA
35134,S2016CO123007,40.8619444,-104.684,G,67B,82.0,"Central High Plains, Southern Part",Western Great Plains Range and Irrigated Region,"USDA NRCS 2022 MLRA Geographic Database, version 5.2 (MLRA_52)",POINT_WITHIN_MLRA
35135,S2016CO123008,40.8532361,-104.7278833,G,67B,82.0,"Central High Plains, Southern Part",Western Great Plains Range and Irrigated Region,"USDA NRCS 2022 MLRA Geographic Database, version 5.2 (MLRA_52)",POINT_WITHIN_MLRA
35136,S2016CO123009,40.8529722,-104.7448333,G,67B,82.0,"Central High Plains, Southern Part",Western Great Plains Range and Irrigated Region,"USDA NRCS 2022 MLRA Geographic Database, version 5.2 (MLRA_52)",POINT_WITHIN_MLRA
35137,S2016CO123010,40.8077778,-104.6978611,G,67B,82.0,"Central High Plains, Southern Part",Western Great Plains Range and Irrigated Region,"USDA NRCS 2022 MLRA Geographic Database, version 5.2 (MLRA_52)",POINT_WITHIN_MLRA
35138,S2016CO123011,40.7979444,-104.6845278,G,67B,82.0,"Central High Plains, Southern Part",Western Great Plains Range and Irrigated Region,"USDA NRCS 2022 MLRA Geographic Database, version 5.2 (MLRA_52)",POINT_WITHIN_MLRA
35139,S2016CO123012,40.7858611,-104.7078333,G,67B,82.0,"Central High Plains, Southern Part",Western Great Plains Range and Irrigated Region,"USDA NRCS 2022 MLRA Geographic Database, version 5.2 (MLRA_52)",POINT_WITHIN_MLRA
35140,S2016CO123013,40.8008111,-104.7416472,G,67B,82.0,"Central High Plains, Southern Part",Western Great Plains Range and Irrigated Region,"USDA NRCS 2022 MLRA Geographic Database, version 5.2 (MLRA_52)",POINT_WITHIN_MLRA
35141,S2016CO123014,40.7987222,-104.749,G,67B,82.0,"Central High Plains, Southern Part",Western Great Plains Range and Irrigated Region,"USDA NRCS 2022 MLRA Geographic Database, version 5.2 (MLRA_52)",POINT_WITHIN_MLRA
35142,S2016CO123015,40.8043333,-104.7561667,G,67B,82.0,"Central High Plains, Southern Part",Western Great Plains Range and Irrigated Region,"USDA NRCS 2022 MLRA Geographic Database, version 5.2 (MLRA_52)",POINT_WITHIN_MLRA
35143,S2016CO123016,40.8021111,-104.7714722,G,67B,82.0,"Central High Plains, Southern Part",Western Great Plains Range and Irrigated Region,"USDA NRCS 2022 MLRA Geographic Database, version 5.2 (MLRA_52)",POINT_WITHIN_MLRA
35144,S2016CO123017,40.8246667,-104.7859444,G,67B,82.0,"Central High Plains, Southern Part",Western Great Plains Range and Irrigated Region,"USDA NRCS 2022 MLRA Geographic Database, version 5.2 (MLRA_52)",POINT_WITHIN_MLRA
34489,S2015KS045100,39.04306,-95.20285,M,106,150.0,Nebraska and Kansas Loess-Drift Hills,Central Feed Grains and Livestock Region,"USDA NRCS 2022 MLRA Geographic Database, version 5.2 (MLRA_52)",POINT_WITHIN_MLRA
34490,S2015KS045101,39.04177,-95.20136,M,106,150.0,Nebraska and Kansas Loess-Drift Hills,Central Feed Grains and Livestock Region,"USDA NRCS 2022 MLRA Geographic Database, version 5.2 (MLRA_52)",POINT_WITHIN_MLRA
34491,S2015KS045102,39.03747,-95.19714,M,106,150.0,Nebraska and Kansas Loess-Drift Hills,Central Feed Grains and Livestock Region,"USDA NRCS 2022 MLRA Geographic Database, version 5.2 (MLRA_52)",POINT_WITHIN_MLRA
34492,S2015KS045103,39.03228,-95.18835,M,106,150.0,Nebraska and Kansas Loess-Drift Hills,Central Feed Grains and Livestock Region,"USDA NRCS 2022 MLRA Geographic Database, version 5.2 (MLRA_52)",POINT_WITHIN_MLRA
34493,S2015KS045104,39.03356,-95.18974,M,106,150.0,Nebraska and Kansas Loess-Drift Hills,Central Feed Grains and Livestock Region,"USDA NRCS 2022 MLRA Geographic Database, version 5.2 (MLRA_52)",POINT_WITHIN_MLRA
34494,S2015KS045105,39.0315944,-95.1910278,M,106,150.0,Nebraska and Kansas Loess-Drift Hills,Central Feed Grains and Livestock Region,"USDA NRCS 2022 MLRA Geographic Database, version 5.2 (MLRA_52)",POINT_WITHIN_MLRA
34495,S2015KS045106,39.0315519,-95.1959213,M,106,150.0,Nebraska and Kansas Loess-Drift Hills,Central Feed Grains and Livestock Region,"USDA NRCS 2022 MLRA Geographic Database, version 5.2 (MLRA_52)",POINT_WITHIN_MLRA
34496,S2015KS045107,39.03373,-95.19885,M,106,150.0,Nebraska and Kansas Loess-Drift Hills,Central Feed Grains and Livestock Region,"USDA NRCS 2022 MLRA Geographic Database, version 5.2 (MLRA_52)",POINT_WITHIN_MLRA
34497,S2015KS045108,39.03651,-95.20154,M,106,150.0,Nebraska and Kansas Loess-Drift Hills,Central Feed Grains and Livestock Region,"USDA NRCS 2022 MLRA Geographic Database, version 5.2 (MLRA_52)",POINT_WITHIN_MLRA
34498,S2015KS045109,39.03625,-95.20457,M,106,150.0,Nebraska and Kansas Loess-Drift Hills,Central Feed Grains and Livestock Region,"USDA NRCS 2022 MLRA Geographic Database, version 5.2 (MLRA_52)",POINT_WITHIN_MLRA
34499,S2015KS045110,39.03693,-95.20548,M,106,150.0,Nebraska and Kansas Loess-Drift Hills,Central Feed Grains and Livestock Region,"USDA NRCS 2022 MLRA Geographic Database, version 5.2 (MLRA_52)",POINT_WITHIN_MLRA
34500,S2015KS087100,39.05324,-95.19296,M,106,150.0,Nebraska and Kansas Loess-Drift Hills,Central Feed Grains and Livestock Region,"USDA NRCS 2022 MLRA Geographic Database, version 5.2 (MLRA_52)",POINT_WITHIN_MLRA
34501,S2015KS087101,39.04743,-95.19851,M,106,150.0,Nebraska and Kansas Loess-Drift Hills,Central Feed Grains and Livestock Region,"USDA NRCS 2022 MLRA Geographic Database, version 5.2 (MLRA_52)",POINT_WITHIN_MLRA
34502,S2015KS087102,39.04756,-95.20259,M,106,150.0,Nebraska and Kansas Loess-Drift Hills,Central Feed Grains and Livestock Region,"USDA NRCS 2022 MLRA Geographic Database, version 5.2 (MLRA_52)",POINT_WITHIN_MLRA
34503,S2015KS087103,39.04537,-95.212,M,106,150.0,Nebraska and Kansas Loess-Drift Hills,Central Feed Grains and Livestock Region,"USDA NRCS 2022 MLRA Geographic Database, version 5.2 (MLRA_52)",POINT_WITHIN_MLRA
34504,S2015KS087104,39.04544,-95.1984,M,106,150.0,Nebraska and Kansas Loess-Drift Hills,Central Feed Grains and Livestock Region,"USDA NRCS 2022 MLRA Geographic Database, version 5.2 (MLRA_52)",POINT_WITHIN_MLRA
34505,S2015KS087105,39.05554,-95.18948,M,106,150.0,Nebraska and Kansas Loess-Drift Hills,Central Feed Grains and Livestock Region,"USDA NRCS 2022 MLRA Geographic Database, version 5.2 (MLRA_52)",POINT_WITHIN_MLRA
34506,S2015KS087106,39.0535,-95.20461,M,106,150.0,Nebraska and Kansas Loess-Drift Hills,Central Feed Grains and Livestock Region,"USDA NRCS 2022 MLRA Geographic Database, version 5.2 (MLRA_52)",POINT_WITHIN_MLRA
34774,S2015KS061100,39.07098,-96.5889,H,76,91.0,Bluestem Hills,Central Great Plains Winter Wheat and Range Region,"USDA NRCS 2022 MLRA Geographic Database, version 5.2 (MLRA_52)",POINT_WITHIN_MLRA
34775,S2015KS161100,39.07361,-96.57133,H,76,91.0,Bluestem Hills,Central Great Plains Winter Wheat and Range Region,"USDA NRCS 2022 MLRA Geographic Database, version 5.2 (MLRA_52)",POINT_WITHIN_MLRA
34776,S2015KS161101,39.07495,-96.55602,H,76,91.0,Bluestem Hills,Central Great Plains Winter Wheat and Range Region,"USDA NRCS 2022 MLRA Geographic Database, version 5.2 (MLRA_52)",POINT_WITHIN_MLRA
34777,S2015KS161102,39.11983,-96.54613,H,76,91.0,Bluestem Hills,Central Great Plains Winter Wheat and Range Region,"USDA NRCS 2022 MLRA Geographic Database, version 5.2 (MLRA_52)",POINT_WITHIN_MLRA
34778,S2015KS161103,39.11033,-96.55031,H,76,91.0,Bluestem Hills,Central Great Plains Winter Wheat and Range Region,"USDA NRCS 2022 MLRA Geographic Database, version 5.2 (MLRA_52)",POINT_WITHIN_MLRA
34779,S2015KS161104,39.11074,-96.55236,H,76,91.0,Bluestem Hills,Central Great Plains Winter Wheat and Range Region,"USDA NRCS 2022 MLRA Geographic Database, version 5.2 (MLRA_52)",POINT_WITHIN_MLRA
34780,S2015KS161105,39.10396,-96.59631,H,76,91.0,Bluestem Hills,Central Great Plains Winter Wheat and Range Region,"USDA NRCS 2022 MLRA Geographic Database, version 5.2 (MLRA_52)",POINT_WITHIN_MLRA
34781,S2015KS161106,39.10603,-96.59763,H,76,91.0,Bluestem Hills,Central Great Plains Winter Wheat and Range Region,"USDA NRCS 2022 MLRA Geographic Database, version 5.2 (MLRA_52)",POINT_WITHIN_MLRA
34782,S2015KS161107,39.09877,-96.60176,H,76,91.0,Bluestem Hills,Central Great Plains Winter Wheat and Range Region,"USDA NRCS 2022 MLRA Geographic Database, version 5.2 (MLRA_52)",POINT_WITHIN_MLRA
34783,S2015KS161108,39.09203,-96.58411,H,76,91.0,Bluestem Hills,Central Great Plains Winter Wheat and Range Region,"USDA NRCS 2022 MLRA Geographic Database, version 5.2 (MLRA_52)",POINT_WITHIN_MLRA
34784,S2015KS161109,39.10068,-96.58558,H,76,91.0,Bluestem Hills,Central Great Plains Winter Wheat and Range Region,"USDA NRCS 2022 MLRA Geographic Database, version 5.2 (MLRA_52)",POINT_WITHIN_MLRA
34785,S2015KS161110,39.09044,-96.56269,H,76,91.0,Bluestem Hills,Central Great Plains Winter Wheat and Range Region,"USDA NRCS 2022 MLRA Geographic Database, version 5.2 (MLRA_52)",POINT_WITHIN_MLRA
34786,S2015KS161111,39.08433,-96.58242,H,76,91.0,Bluestem Hills,Central Great Plains Winter Wheat and Range Region,"USDA NRCS 2022 MLRA Geographic Database, version 5.2 (MLRA_52)",POINT_WITHIN_MLRA
35287,S2016MD003001,38.8684333,-76.5338139,S,149A,203.0,Northern Coastal Plain,Northern Atlantic Slope Diversified Farming Region,"USDA NRCS 2022 MLRA Geographic Database, version 5.2 (MLRA_52)",POINT_WITHIN_MLRA
35288,S2016MD003004,38.8726,-76.5539,S,149A,203.0,Northern Coastal Plain,Northern Atlantic Slope Diversified Farming Region,"USDA NRCS 2022 MLRA Geographic Database, version 5.2 (MLRA_52)",POINT_WITHIN_MLRA
35289,S2016MD003006,38.8812167,-76.5470889,S,149A,203.0,Northern Coastal Plain,Northern Atlantic Slope Diversified Farming Region,"USDA NRCS 2022 MLRA Geographic Database, version 5.2 (MLRA_52)",POINT_WITHIN_MLRA
35290,S2016MD003007,38.8738556,-76.5398833,S,149A,203.0,Northern Coastal Plain,Northern Atlantic Slope Diversified Farming Region,"USDA NRCS 2022 MLRA Geographic Database, version 5.2 (MLRA_52)",POINT_WITHIN_MLRA
35291,S2016MD003009,38.8974056,-76.5615472,S,149A,203.0,Northern Coastal Plain,Northern Atlantic Slope Diversified Farming Region,"USDA NRCS 2022 MLRA Geographic Database, version 5.2 (MLRA_52)",POINT_WITHIN_MLRA
35292,S2016MD003010,38.9096389,-76.5464722,S,149A,203.0,Northern Coastal Plain,Northern Atlantic Slope Diversified Farming Region,"USDA NRCS 2022 MLRA Geographic Database, version 5.2 (MLRA_52)",POINT_WITHIN_MLRA
35293,S2016MD003011,38.8985889,-76.5511889,S,149A,203.0,Northern Coastal Plain,Northern Atlantic Slope Diversified Farming Region,"USDA NRCS 2022 MLRA Geographic Database, version 5.2 (MLRA_52)",POINT_WITHIN_MLRA
35294,S2016MD003012,38.8785778,-76.5611583,S,149A,203.0,Northern Coastal Plain,Northern Atlantic Slope Diversified Farming Region,"USDA NRCS 2022 MLRA Geographic Database, version 5.2 (MLRA_52)",POINT_WITHIN_MLRA
35295,S2016MD003013,38.8716667,-76.5442278,S,149A,203.0,Northern Coastal Plain,Northern Atlantic Slope Diversified Farming Region,"USDA NRCS 2022 MLRA Geographic Database, version 5.2 (MLRA_52)",POINT_WITHIN_MLRA
35296,S2016MD003014,38.875861,-76.541361,S,149A,203.0,Northern Coastal Plain,Northern Atlantic Slope Diversified Farming Region,"USDA NRCS 2022 MLRA Geographic Database, version 5.2 (MLRA_52)",POINT_WITHIN_MLRA
35297,S2016MD003019,38.8715861,-76.5509528,S,149A,203.0,Northern Coastal Plain,Northern Atlantic Slope Diversified Farming Region,"USDA NRCS 2022 MLRA Geographic Database, version 5.2 (MLRA_52)",POINT_WITHIN_MLRA
35298,S2016MD003020,38.8700056,-76.5360833,S,149A,203.0,Northern Coastal Plain,Northern Atlantic Slope Diversified Farming Region,"USDA NRCS 2022 MLRA Geographic Database, version 5.2 (MLRA_52)",POINT_WITHIN_MLRA
35299,S2016MD003022,38.87556,-76.55481,S,149A,203.0,Northern Coastal Plain,Northern Atlantic Slope Diversified Farming Region,"USDA NRCS 2022 MLRA Geographic Database, version 5.2 (MLRA_52)",POINT_WITHIN_MLRA
35300,S2016MD003025,38.8861917,-76.5516667,S,149A,203.0,Northern Coastal Plain,Northern Atlantic Slope Diversified Farming Region,"USDA NRCS 2022 MLRA Geographic Database, version 5.2 (MLRA_52)",POINT_WITHIN_MLRA
35301,S2016MD003026,38.9012833,-76.5504139,S,149A,203.0,Northern Coastal Plain,Northern Atlantic Slope Diversified Farming Region,"USDA NRCS 2022 MLRA Geographic Database, version 5.2 (MLRA_52)",POINT_WITHIN_MLRA
35302,S2016MD003027,38.8735556,-76.5438333,S,149A,203.0,Northern Coastal Plain,Northern Atlantic Slope Diversified Farming Region,"USDA NRCS 2022 MLRA Geographic Database, version 5.2 (MLRA_52)",POINT_WITHIN_MLRA
35303,S2016MD003028,38.871862,-76.522134,S,149A,203.0,Northern Coastal Plain,Northern Atlantic Slope Diversified Farming Region,"USDA NRCS 2022 MLRA Geographic Database, version 5.2 (MLRA_52)",POINT_WITHIN_MLRA
35304,S2016MD003029,38.87114,-76.5291563,S,149A,203.0,Northern Coastal Plain,Northern Atlantic Slope Diversified Farming Region,"USDA NRCS 2022 MLRA Geographic Database, version 5.2 (MLRA_52)",POINT_WITHIN_MLRA
35305,S2016MD003030,38.9098639,-76.5491139,S,149A,203.0,Northern Coastal Plain,Northern Atlantic Slope Diversified Farming Region,"USDA NRCS 2022 MLRA Geographic Database, version 5.2 (MLRA_52)",POINT_WITHIN_MLRA
35306,S2016MD003068,38.8799722,-76.5567778,S,149A,203.0,Northern Coastal Plain,Northern Atlantic Slope Diversified Farming Region,"USDA NRCS 2022 MLRA Geographic Database, version 5.2 (MLRA_52)",POINT_WITHIN_MLRA
35596,S2016MI053001,46.23449,-89.56089,K,93B,130.0,Superior Stony and Rocky Loamy Plains and Hills,Northern Lake States Forest and Forage Region,"USDA NRCS 2022 MLRA Geographic Database, version 5.2 (MLRA_52)",POINT_WITHIN_MLRA
35597,S2016MI053002,46.24289,-89.5451,K,93B,130.0,Superior Stony and Rocky Loamy Plains and Hills,Northern Lake States Forest and Forage Region,"USDA NRCS 2022 MLRA Geographic Database, version 5.2 (MLRA_52)",POINT_WITHIN_MLRA
35598,S2016MI053004,46.25454,-89.51286,K,93B,130.0,Superior Stony and Rocky Loamy Plains and Hills,Northern Lake States Forest and Forage Region,"USDA NRCS 2022 MLRA Geographic Database, version 5.2 (MLRA_52)",POINT_WITHIN_MLRA
35599,S2016MI053007,46.2376,-89.54214,K,93B,130.0,Superior Stony and Rocky Loamy Plains and Hills,Northern Lake States Forest and Forage Region,"USDA NRCS 2022 MLRA Geographic Database, version 5.2 (MLRA_52)",POINT_WITHIN_MLRA
35600,S2016MI053009,46.23689,-89.5045,K,93B,130.0,Superior Stony and Rocky Loamy Plains and Hills,Northern Lake States Forest and Forage Region,"USDA NRCS 2022 MLRA Geographic Database, version 5.2 (MLRA_52)",POINT_WITHIN_MLRA
35601,S2016MI053010,46.2278,-89.53724,K,93B,130.0,Superior Stony and Rocky Loamy Plains and Hills,Northern Lake States Forest and Forage Region,"USDA NRCS 2022 MLRA Geographic Database, version 5.2 (MLRA_52)",POINT_WITHIN_MLRA
35602,S2016MI053015,46.24295,-89.53498,K,93B,130.0,Superior Stony and Rocky Loamy Plains and Hills,Northern Lake States Forest and Forage Region,"USDA NRCS 2022 MLRA Geographic Database, version 5.2 (MLRA_52)",POINT_WITHIN_MLRA
35609,S2016MI053016,46.25814,-89.54351,K,93B,130.0,Superior Stony and Rocky Loamy Plains and Hills,Northern Lake States Forest and Forage Region,"USDA NRCS 2022 MLRA Geographic Database, version 5.2 (MLRA_52)",POINT_WITHIN_MLRA
35603,S2016MI053026,46.23442,-89.51904,K,93B,130.0,Superior Stony and Rocky Loamy Plains and Hills,Northern Lake States Forest and Forage Region,"USDA NRCS 2022 MLRA Geographic Database, version 5.2 (MLRA_52)",POINT_WITHIN_MLRA
35604,S2016MI053031,46.23114,-89.54215,K,93B,130.0,Superior Stony and Rocky Loamy Plains and Hills,Northern Lake States Forest and Forage Region,"USDA NRCS 2022 MLRA Geographic Database, version 5.2 (MLRA_52)",POINT_WITHIN_MLRA
35606,S2016MI053032,46.23211,-89.53488,K,93B,130.0,Superior Stony and Rocky Loamy Plains and Hills,Northern Lake States Forest and Forage Region,"USDA NRCS 2022 MLRA Geographic Database, version 5.2 (MLRA_52)",POINT_WITHIN_MLRA
35607,S2016MI053033,46.23416,-89.54263,K,93B,130.0,Superior Stony and Rocky Loamy Plains and Hills,Northern Lake States Forest and Forage Region,"USDA NRCS 2022 MLRA Geographic Database, version 5.2 (MLRA_52)",POINT_WITHIN_MLRA
35608,S2016MI053034,46.23163,-89.53279,K,93B,130.0,Superior Stony and Rocky Loamy Plains and Hills,Northern Lake States Forest and Forage Region,"USDA NRCS 2022 MLRA Geographic Database, version 5.2 (MLRA_52)",POINT_WITHIN_MLRA
34938,S2015ND093009,47.144874,-99.233198,F,53B,58.0,Central Dark Brown Glaciated Plains,Northern Great Plains Spring Wheat Region,"USDA NRCS 2022 MLRA Geographic Database, version 5.2 (MLRA_52)",POINT_WITHIN_MLRA
34939,S2015ND093010,47.1465,-99.225673,F,53B,58.0,Central Dark Brown Glaciated Plains,Northern Great Plains Spring Wheat Region,"USDA NRCS 2022 MLRA Geographic Database, version 5.2 (MLRA_52)",POINT_WITHIN_MLRA
34940,S2015ND093013,47.137,-99.229,F,53B,58.0,Central Dark Brown Glaciated Plains,Northern Great Plains Spring Wheat Region,"USDA NRCS 2022 MLRA Geographic Database, version 5.2 (MLRA_52)",POINT_WITHIN_MLRA
34941,S2015ND093017,47.137,-99.234,F,53B,58.0,Central Dark Brown Glaciated Plains,Northern Great Plains Spring Wheat Region,"USDA NRCS 2022 MLRA Geographic Database, version 5.2 (MLRA_52)",POINT_WITHIN_MLRA
34942,S2015ND093019,47.146553,-99.245216,F,53B,58.0,Central Dark Brown Glaciated Plains,Northern Great Plains Spring Wheat Region,"USDA NRCS 2022 MLRA Geographic Database, version 5.2 (MLRA_52)",POINT_WITHIN_MLRA
34943,S2015ND093021,47.146,-99.244,F,53B,58.0,Central Dark Brown Glaciated Plains,Northern Great Plains Spring Wheat Region,"USDA NRCS 2022 MLRA Geographic Database, version 5.2 (MLRA_52)",POINT_WITHIN_MLRA
34944,S2015ND093022,47.146167,-99.263711,F,53B,58.0,Central Dark Brown Glaciated Plains,Northern Great Plains Spring Wheat Region,"USDA NRCS 2022 MLRA Geographic Database, version 5.2 (MLRA_52)",POINT_WITHIN_MLRA
34945,S2015ND093026,47.151072,-99.253018,F,53B,58.0,Central Dark Brown Glaciated Plains,Northern Great Plains Spring Wheat Region,"USDA NRCS 2022 MLRA Geographic Database, version 5.2 (MLRA_52)",POINT_WITHIN_MLRA
34946,S2015ND093028,47.140568,-99.252037,F,53B,58.0,Central Dark Brown Glaciated Plains,Northern Great Plains Spring Wheat Region,"USDA NRCS 2022 MLRA Geographic Database, version 5.2 (MLRA_52)",POINT_WITHIN_MLRA
34947,S2015ND093029,47.122,-99.239,F,53B,58.0,Central Dark Brown Glaciated Plains,Northern Great Plains Spring Wheat Region,"USDA NRCS 2022 MLRA Geographic Database, version 5.2 (MLRA_52)",POINT_WITHIN_MLRA
34948,S2015ND093030,47.137925,-99.243418,F,53B,58.0,Central Dark Brown Glaciated Plains,Northern Great Plains Spring Wheat Region,"USDA NRCS 2022 MLRA Geographic Database, version 5.2 (MLRA_52)",POINT_WITHIN_MLRA
34949,S2015ND093031,47.128,-99.243,F,53B,58.0,Central Dark Brown Glaciated Plains,Northern Great Plains Spring Wheat Region,"USDA NRCS 2022 MLRA Geographic Database, version 5.2 (MLRA_52)",POINT_WITHIN_MLRA
34950,S2015ND093032,47.130825,-99.243025,F,53B,58.0,Central Dark Brown Glaciated Plains,Northern Great Plains Spring Wheat Region,"USDA NRCS 2022 MLRA Geographic Database, version 5.2 (MLRA_52)",POINT_WITHIN_MLRA
34951,S2015ND093033,47.128106,-99.243791,F,53B,58.0,Central Dark Brown Glaciated Plains,Northern Great Plains Spring Wheat Region,"USDA NRCS 2022 MLRA Geographic Database, version 5.2 (MLRA_52)",POINT_WITHIN_MLRA
34952,S2015ND093034,47.127281,-99.246569,F,53B,58.0,Central Dark Brown Glaciated Plains,Northern Great Plains Spring Wheat Region,"USDA NRCS 2022 MLRA Geographic Database, version 5.2 (MLRA_52)",POINT_WITHIN_MLRA
35444,S2016ND059001,46.805925,-100.915698,F,54,60.0,Rolling Soft Shale Plain,Northern Great Plains Spring Wheat Region,"USDA NRCS 2022 MLRA Geographic Database, version 5.2 (MLRA_52)",POINT_WITHIN_MLRA
35445,S2016ND059003,46.800992,-100.916115,F,54,60.0,Rolling Soft Shale Plain,Northern Great Plains Spring Wheat Region,"USDA NRCS 2022 MLRA Geographic Database, version 5.2 (MLRA_52)",POINT_WITHIN_MLRA
35446,S2016ND059005,46.768943,-100.917042,F,54,60.0,Rolling Soft Shale Plain,Northern Great Plains Spring Wheat Region,"USDA NRCS 2022 MLRA Geographic Database, version 5.2 (MLRA_52)",POINT_WITHIN_MLRA
35447,S2016ND059007,46.78332,-100.90815,F,54,60.0,Rolling Soft Shale Plain,Northern Great Plains Spring Wheat Region,"USDA NRCS 2022 MLRA Geographic Database, version 5.2 (MLRA_52)",POINT_WITHIN_MLRA
35448,S2016ND059008,46.801622,-100.914473,F,54,60.0,Rolling Soft Shale Plain,Northern Great Plains Spring Wheat Region,"USDA NRCS 2022 MLRA Geographic Database, version 5.2 (MLRA_52)",POINT_WITHIN_MLRA
35449,S2016ND059011,46.785917,-100.916085,F,54,60.0,Rolling Soft Shale Plain,Northern Great Plains Spring Wheat Region,"USDA NRCS 2022 MLRA Geographic Database, version 5.2 (MLRA_52)",POINT_WITHIN_MLRA
35450,S2016ND059013,46.807505,-100.903558,F,54,60.0,Rolling Soft Shale Plain,Northern Great Plains Spring Wheat Region,"USDA NRCS 2022 MLRA Geographic Database, version 5.2 (MLRA_52)",POINT_WITHIN_MLRA
35451,S2016ND059014,46.785732,-100.912045,F,54,60.0,Rolling Soft Shale Plain,Northern Great Plains Spring Wheat Region,"USDA NRCS 2022 MLRA Geographic Database, version 5.2 (MLRA_52)",POINT_WITHIN_MLRA
35452,S2016ND059016,46.79185,-100.917078,F,54,60.0,Rolling Soft Shale Plain,Northern Great Plains Spring Wheat Region,"USDA NRCS 2022 MLRA Geographic Database, version 5.2 (MLRA_52)",POINT_WITHIN_MLRA
35453,S2016ND059017,46.764807,-100.921602,F,54,60.0,Rolling Soft Shale Plain,Northern Great Plains Spring Wheat Region,"USDA NRCS 2022 MLRA Geographic Database, version 5.2 (MLRA_52)",POINT_WITHIN_MLRA
35454,S2016ND059020,46.800505,-100.919598,F,54,60.0,Rolling Soft Shale Plain,Northern Great Plains Spring Wheat Region,"USDA NRCS 2022 MLRA Geographic Database, version 5.2 (MLRA_52)",POINT_WITHIN_MLRA
35455,S2016ND059021,46.798325,-100.904268,F,54,60.0,Rolling Soft Shale Plain,Northern Great Plains Spring Wheat Region,"USDA NRCS 2022 MLRA Geographic Database, version 5.2 (MLRA_52)",POINT_WITHIN_MLRA
35456,S2016ND059022,46.786505,-100.910593,F,54,60.0,Rolling Soft Shale Plain,Northern Great Plains Spring Wheat Region,"USDA NRCS 2022 MLRA Geographic Database, version 5.2 (MLRA_52)",POINT_WITHIN_MLRA
35457,S2016ND059023,46.799135,-100.902753,F,54,60.0,Rolling Soft Shale Plain,Northern Great Plains Spring Wheat Region,"USDA NRCS 2022 MLRA Geographic Database, version 5.2 (MLRA_52)",POINT_WITHIN_MLRA
35458,S2016ND059024,46.766155,-100.92129,F,54,60.0,Rolling Soft Shale Plain,Northern Great Plains Spring Wheat Region,"USDA NRCS 2022 MLRA Geographic Database, version 5.2 (MLRA_52)",POINT_WITHIN_MLRA
35459,S2016ND059027,46.80096,-100.904767,F,54,60.0,Rolling Soft Shale Plain,Northern Great Plains Spring Wheat Region,"USDA NRCS 2022 MLRA Geographic Database, version 5.2 (MLRA_52)",POINT_WITHIN_MLRA
35461,S2016ND059029,46.790985,-100.921822,F,54,60.0,Rolling Soft Shale Plain,Northern Great Plains Spring Wheat Region,"USDA NRCS 2022 MLRA Geographic Database, version 5.2 (MLRA_52)",POINT_WITHIN_MLRA
35460,S2016ND059030,46.781328,-100.921798,F,54,60.0,Rolling Soft Shale Plain,Northern Great Plains Spring Wheat Region,"USDA NRCS 2022 MLRA Geographic Database, version 5.2 (MLRA_52)",POINT_WITHIN_MLRA
35546,S2016NH003001,44.0585778,-71.2781944,R,143,196.0,Northeastern Mountains,Northeastern Forage and Forest Region,"USDA NRCS 2022 MLRA Geographic Database, version 5.2 (MLRA_52)",POINT_WITHIN_MLRA
35547,S2016NH003002,44.0606139,-71.2631639,R,143,196.0,Northeastern Mountains,Northeastern Forage and Forest Region,"USDA NRCS 2022 MLRA Geographic Database, version 5.2 (MLRA_52)",POINT_WITHIN_MLRA
35548,S2016NH003003,44.0462833,-71.3165278,R,143,196.0,Northeastern Mountains,Northeastern Forage and Forest Region,"USDA NRCS 2022 MLRA Geographic Database, version 5.2 (MLRA_52)",POINT_WITHIN_MLRA
35549,S2016NH003004,44.0572667,-71.3061306,R,143,196.0,Northeastern Mountains,Northeastern Forage and Forest Region,"USDA NRCS 2022 MLRA Geographic Database, version 5.2 (MLRA_52)",POINT_WITHIN_MLRA
35550,S2016NH003005,44.0579083,-71.2618806,R,143,196.0,Northeastern Mountains,Northeastern Forage and Forest Region,"USDA NRCS 2022 MLRA Geographic Database, version 5.2 (MLRA_52)",POINT_WITHIN_MLRA
35551,S2016NH003006,44.0537083,-71.3080528,R,143,196.0,Northeastern Mountains,Northeastern Forage and Forest Region,"USDA NRCS 2022 MLRA Geographic Database, version 5.2 (MLRA_52)",POINT_WITHIN_MLRA
35552,S2016NH003007,44.0692361,-71.2859611,R,143,196.0,Northeastern Mountains,Northeastern Forage and Forest Region,"USDA NRCS 2022 MLRA Geographic Database, version 5.2 (MLRA_52)",POINT_WITHIN_MLRA
35738,S2016NH003008,44.0491917,-71.2635972,R,143,196.0,Northeastern Mountains,Northeastern Forage and Forest Region,"USDA NRCS 2022 MLRA Geographic Database, version 5.2 (MLRA_52)",POINT_WITHIN_MLRA
35741,S2016NH003009,44.0529528,-71.2635972,R,143,196.0,Northeastern Mountains,Northeastern Forage and Forest Region,"USDA NRCS 2022 MLRA Geographic Database, version 5.2 (MLRA_52)",POINT_WITHIN_MLRA
35742,S2016NH003010,44.0428917,-71.2729,R,143,196.0,Northeastern Mountains,Northeastern Forage and Forest Region,"USDA NRCS 2022 MLRA Geographic Database, version 5.2 (MLRA_52)",POINT_WITHIN_MLRA
35743,S2016NH003011,44.0500028,-71.2667639,R,143,196.0,Northeastern Mountains,Northeastern Forage and Forest Region,"USDA NRCS 2022 MLRA Geographic Database, version 5.2 (MLRA_52)",POINT_WITHIN_MLRA
35744,S2016NH003012,44.0546111,-71.2824361,R,143,196.0,Northeastern Mountains,Northeastern Forage and Forest Region,"USDA NRCS 2022 MLRA Geographic Database, version 5.2 (MLRA_52)",POINT_WITHIN_MLRA
35745,S2016NH003013,44.0415583,-71.2871583,R,143,196.0,Northeastern Mountains,Northeastern Forage and Forest Region,"USDA NRCS 2022 MLRA Geographic Database, version 5.2 (MLRA_52)",POINT_WITHIN_MLRA
35746,S2016NH003014,44.0419028,-71.2778639,R,143,196.0,Northeastern Mountains,Northeastern Forage and Forest Region,"USDA NRCS 2022 MLRA Geographic Database, version 5.2 (MLRA_52)",POINT_WITHIN_MLRA
35747,S2016NH003015,44.0499167,-71.29645,R,143,196.0,Northeastern Mountains,Northeastern Forage and Forest Region,"USDA NRCS 2022 MLRA Geographic Database, version 5.2 (MLRA_52)",POINT_WITHIN_MLRA
35391,S2016NM013001,32.5992722,-106.8596111,D,42B,43.0,Southern Rio Grande Rift,Western Range and Irrigated Region,"USDA NRCS 2022 MLRA Geographic Database, version 5.2 (MLRA_52)",POINT_WITHIN_MLRA
35392,S2016NM013002,32.6206639,-106.8450694,D,42B,43.0,Southern Rio Grande Rift,Western Range and Irrigated Region,"USDA NRCS 2022 MLRA Geographic Database, version 5.2 (MLRA_52)",POINT_WITHIN_MLRA
35393,S2016NM013003,32.6282056,-106.8481,D,42B,43.0,Southern Rio Grande Rift,Western Range and Irrigated Region,"USDA NRCS 2022 MLRA Geographic Database, version 5.2 (MLRA_52)",POINT_WITHIN_MLRA
35394,S2016NM013004,32.590425,-106.824675,D,42B,43.0,Southern Rio Grande Rift,Western Range and Irrigated Region,"USDA NRCS 2022 MLRA Geographic Database, version 5.2 (MLRA_52)",POINT_WITHIN_MLRA
35395,S2016NM013005,32.5755528,-106.8035083,D,42B,43.0,Southern Rio Grande Rift,Western Range and Irrigated Region,"USDA NRCS 2022 MLRA Geographic Database, version 5.2 (MLRA_52)",POINT_WITHIN_MLRA
35396,S2016NM013006,32.5898417,-106.8405806,D,42B,43.0,Southern Rio Grande Rift,Western Range and Irrigated Region,"USDA NRCS 2022 MLRA Geographic Database, version 5.2 (MLRA_52)",POINT_WITHIN_MLRA
35397,S2016NM013007,32.5893306,-106.8414972,D,42B,43.0,Southern Rio Grande Rift,Western Range and Irrigated Region,"USDA NRCS 2022 MLRA Geographic Database, version 5.2 (MLRA_52)",POINT_WITHIN_MLRA
35398,S2016NM013008,32.62215,-106.8162806,D,42B,43.0,Southern Rio Grande Rift,Western Range and Irrigated Region,"USDA NRCS 2022 MLRA Geographic Database, version 5.2 (MLRA_52)",POINT_WITHIN_MLRA
35399,S2016NM013009,32.6173333,-106.8142778,D,42B,43.0,Southern Rio Grande Rift,Western Range and Irrigated Region,"USDA NRCS 2022 MLRA Geographic Database, version 5.2 (MLRA_52)",POINT_WITHIN_MLRA
35400,S2016NM013010,32.6149639,-106.8072694,D,42B,43.0,Southern Rio Grande Rift,Western Range and Irrigated Region,"USDA NRCS 2022 MLRA Geographic Database, version 5.2 (MLRA_52)",POINT_WITHIN_MLRA
35401,S2016NM013011,32.6004361,-106.8382722,D,42B,43.0,Southern Rio Grande Rift,Western Range and Irrigated Region,"USDA NRCS 2022 MLRA Geographic Database, version 5.2 (MLRA_52)",POINT_WITHIN_MLRA
35402,S2016NM013012,32.601675,-106.828675,D,42B,43.0,Southern Rio Grande Rift,Western Range and Irrigated Region,"USDA NRCS 2022 MLRA Geographic Database, version 5.2 (MLRA_52)",POINT_WITHIN_MLRA
35403,S2016NM013013,32.604775,-106.8022167,D,42B,43.0,Southern Rio Grande Rift,Western Range and Irrigated Region,"USDA NRCS 2022 MLRA Geographic Database, version 5.2 (MLRA_52)",POINT_WITHIN_MLRA
35404,S2016NM013014,32.6065444,-106.7939194,D,42B,43.0,Southern Rio Grande Rift,Western Range and Irrigated Region,"USDA NRCS 2022 MLRA Geographic Database, version 5.2 (MLRA_52)",POINT_WITHIN_MLRA
35405,S2016NM013015,32.5957611,-106.8068833,D,42B,43.0,Southern Rio Grande Rift,Western Range and Irrigated Region,"USDA NRCS 2022 MLRA Geographic Database, version 5.2 (MLRA_52)",POINT_WITHIN_MLRA
35406,S2016NM013016,32.6077417,-106.8571528,D,42B,43.0,Southern Rio Grande Rift,Western Range and Irrigated Region,"USDA NRCS 2022 MLRA Geographic Database, version 5.2 (MLRA_52)",POINT_WITHIN_MLRA
35032,S2016OK149002,35.41985,-99.05237,H,78C,99.0,"Central Rolling Red Plains, Eastern Part",Central Great Plains Winter Wheat and Range Region,"USDA NRCS 2022 MLRA Geographic Database, version 5.2 (MLRA_52)",POINT_WITHIN_MLRA
35033,S2016OK149003,35.41225,-99.06966,H,78C,99.0,"Central Rolling Red Plains, Eastern Part",Central Great Plains Winter Wheat and Range Region,"USDA NRCS 2022 MLRA Geographic Database, version 5.2 (MLRA_52)",POINT_WITHIN_MLRA
35034,S2016OK149004,35.41228,-99.08528,H,78C,99.0,"Central Rolling Red Plains, Eastern Part",Central Great Plains Winter Wheat and Range Region,"USDA NRCS 2022 MLRA Geographic Database, version 5.2 (MLRA_52)",POINT_WITHIN_MLRA
35035,S2016OK149005,35.40445,-99.0800278,H,78C,99.0,"Central Rolling Red Plains, Eastern Part",Central Great Plains Winter Wheat and Range Region,"USDA NRCS 2022 MLRA Geographic Database, version 5.2 (MLRA_52)",POINT_WITHIN_MLRA
35036,S2016OK149007,35.41999,-99.05707,H,78C,99.0,"Central Rolling Red Plains, Eastern Part",Central Great Plains Winter Wheat and Range Region,"USDA NRCS 2022 MLRA Geographic Database, version 5.2 (MLRA_52)",POINT_WITHIN_MLRA
35037,S2016OK149010,35.39908,-99.0604,H,78C,99.0,"Central Rolling Red Plains, Eastern Part",Central Great Plains Winter Wheat and Range Region,"USDA NRCS 2022 MLRA Geographic Database, version 5.2 (MLRA_52)",POINT_WITHIN_MLRA
35038,S2016OK149012,35.4028,-99.06477,H,78C,99.0,"Central Rolling Red Plains, Eastern Part",Central Great Plains Winter Wheat and Range Region,"USDA NRCS 2022 MLRA Geographic Database, version 5.2 (MLRA_52)",POINT_WITHIN_MLRA
35039,S2016OK149014,35.39969,-99.05807,H,78C,99.0,"Central Rolling Red Plains, Eastern Part",Central Great Plains Winter Wheat and Range Region,"USDA NRCS 2022 MLRA Geographic Database, version 5.2 (MLRA_52)",POINT_WITHIN_MLRA
35040,S2016OK149015,35.42114,-99.05283,H,78C,99.0,"Central Rolling Red Plains, Eastern Part",Central Great Plains Winter Wheat and Range Region,"USDA NRCS 2022 MLRA Geographic Database, version 5.2 (MLRA_52)",POINT_WITHIN_MLRA
35041,S2016OK149016,35.4107111,-99.0692889,H,78C,99.0,"Central Rolling Red Plains, Eastern Part",Central Great Plains Winter Wheat and Range Region,"USDA NRCS 2022 MLRA Geographic Database, version 5.2 (MLRA_52)",POINT_WITHIN_MLRA
35042,S2016OK149019,35.40391,-99.07738,H,78C,99.0,"Central Rolling Red Plains, Eastern Part",Central Great Plains Winter Wheat and Range Region,"USDA NRCS 2022 MLRA Geographic Database, version 5.2 (MLRA_52)",POINT_WITHIN_MLRA
35043,S2016OK149020,35.40145,-99.0562,H,78C,99.0,"Central Rolling Red Plains, Eastern Part",Central Great Plains Winter Wheat and Range Region,"USDA NRCS 2022 MLRA Geographic Database, version 5.2 (MLRA_52)",POINT_WITHIN_MLRA
35044,S2016OK149025,35.4189,-99.0472,H,78C,99.0,"Central Rolling Red Plains, Eastern Part",Central Great Plains Winter Wheat and Range Region,"USDA NRCS 2022 MLRA Geographic Database, version 5.2 (MLRA_52)",POINT_WITHIN_MLRA
35045,S2016OK149029,35.41554,-99.04898,H,78C,99.0,"Central Rolling Red Plains, Eastern Part",Central Great Plains Winter Wheat and Range Region,"USDA NRCS 2022 MLRA Geographic Database, version 5.2 (MLRA_52)",POINT_WITHIN_MLRA
35046,S2016OK149030,35.409889,-99.0712778,H,78C,99.0,"Central Rolling Red Plains, Eastern Part",Central Great Plains Winter Wheat and Range Region,"USDA NRCS 2022 MLRA Geographic Database, version 5.2 (MLRA_52)",POINT_WITHIN_MLRA
35338,S2016UT037001,38.2544389,-109.42745,D,35,36.0,Colorado Plateau,Western Range and Irrigated Region,"USDA NRCS 2022 MLRA Geographic Database, version 5.2 (MLRA_52)",POINT_WITHIN_MLRA
35339,S2016UT037002,38.2653,-109.412,D,35,36.0,Colorado Plateau,Western Range and Irrigated Region,"USDA NRCS 2022 MLRA Geographic Database, version 5.2 (MLRA_52)",POINT_WITHIN_MLRA
35340,S2016UT037003,38.2362083,-109.4064472,D,35,36.0,Colorado Plateau,Western Range and Irrigated Region,"USDA NRCS 2022 MLRA Geographic Database, version 5.2 (MLRA_52)",POINT_WITHIN_MLRA
35341,S2016UT037004,38.2701611,-109.3500944,D,36,37.0,"Southwestern Plateaus, Mesas, and Foothills",Western Range and Irrigated Region,"USDA NRCS 2022 MLRA Geographic Database, version 5.2 (MLRA_52)",POINT_WITHIN_MLRA
35342,S2016UT037005,38.2694694,-109.3476861,D,36,37.0,"Southwestern Plateaus, Mesas, and Foothills",Western Range and Irrigated Region,"USDA NRCS 2022 MLRA Geographic Database, version 5.2 (MLRA_52)",POINT_WITHIN_MLRA
35343,S2016UT037006,38.2614083,-109.3492972,D,35,36.0,Colorado Plateau,Western Range and Irrigated Region,"USDA NRCS 2022 MLRA Geographic Database, version 5.2 (MLRA_52)",POINT_WITHIN_MLRA
35344,S2016UT037007,38.2339194,-109.3933944,D,35,36.0,Colorado Plateau,Western Range and Irrigated Region,"USDA NRCS 2022 MLRA Geographic Database, version 5.2 (MLRA_52)",POINT_WITHIN_MLRA
35345,S2016UT037008,38.2064722,-109.4074722,D,35,36.0,Colorado Plateau,Western Range and Irrigated Region,"USDA NRCS 2022 MLRA Geographic Database, version 5.2 (MLRA_52)",POINT_WITHIN_MLRA
35346,S2016UT037009,38.2109,-109.4149,D,35,36.0,Colorado Plateau,Western Range and Irrigated Region,"USDA NRCS 2022 MLRA Geographic Database, version 5.2 (MLRA_52)",POINT_WITHIN_MLRA
35347,S2016UT037010,38.2553,-109.3783,D,35,36.0,Colorado Plateau,Western Range and Irrigated Region,"USDA NRCS 2022 MLRA Geographic Database, version 5.2 (MLRA_52)",POINT_WITHIN_MLRA
35348,S2016UT037011,38.2481944,-109.3925417,D,35,36.0,Colorado Plateau,Western Range and Irrigated Region,"USDA NRCS 2022 MLRA Geographic Database, version 5.2 (MLRA_52)",POINT_WITHIN_MLRA
35064,S2015VA187002,38.8950833,-78.1429167,N,130A,177.0,Northern Blue Ridge,East and Central Farming and Forest Region,"USDA NRCS 2022 MLRA Geographic Database, version 5.2 (MLRA_52)",POINT_WITHIN_MLRA
35065,S2015VA187004,38.8968333,-78.1463611,N,130A,177.0,Northern Blue Ridge,East and Central Farming and Forest Region,"USDA NRCS 2022 MLRA Geographic Database, version 5.2 (MLRA_52)",POINT_WITHIN_MLRA
35066,S2015VA187005,38.90059,-78.16213,S,147,201.0,Northern Appalachian Ridges and Valleys,Northern Atlantic Slope Diversified Farming Region,"USDA NRCS 2022 MLRA Geographic Database, version 5.2 (MLRA_52)",POINT_WITHIN_MLRA
35067,S2015VA187006,38.89746,-78.15221,N,130A,177.0,Northern Blue Ridge,East and Central Farming and Forest Region,"USDA NRCS 2022 MLRA Geographic Database, version 5.2 (MLRA_52)",POINT_WITHIN_MLRA
35068,S2015VA187007,38.88478,-78.13045,N,130A,177.0,Northern Blue Ridge,East and Central Farming and Forest Region,"USDA NRCS 2022 MLRA Geographic Database, version 5.2 (MLRA_52)",POINT_WITHIN_MLRA
35069,S2015VA187008,38.8877,-78.1473,N,130A,177.0,Northern Blue Ridge,East and Central Farming and Forest Region,"USDA NRCS 2022 MLRA Geographic Database, version 5.2 (MLRA_52)",POINT_WITHIN_MLRA
35070,S2015VA187010,38.88486,-78.12541,N,130A,177.0,Northern Blue Ridge,East and Central Farming and Forest Region,"USDA NRCS 2022 MLRA Geographic Database, version 5.2 (MLRA_52)",POINT_WITHIN_MLRA
35071,S2015VA187011,38.87974,-78.1398,N,130A,177.0,Northern Blue Ridge,East and Central Farming and Forest Region,"USDA NRCS 2022 MLRA Geographic Database, version 5.2 (MLRA_52)",POINT_WITHIN_MLRA
35072,S2015VA187013,38.8745,-78.1646111,N,130A,177.0,Northern Blue Ridge,East and Central Farming and Forest Region,"USDA NRCS 2022 MLRA Geographic Database, version 5.2 (MLRA_52)",POINT_WITHIN_MLRA
35073,S2015VA187014,38.86694,-78.16372,N,130A,177.0,Northern Blue Ridge,East and Central Farming and Forest Region,"USDA NRCS 2022 MLRA Geographic Database, version 5.2 (MLRA_52)",POINT_WITHIN_MLRA
35074,S2015VA187017,38.8795,-78.13541,N,130A,177.0,Northern Blue Ridge,East and Central Farming and Forest Region,"USDA NRCS 2022 MLRA Geographic Database, version 5.2 (MLRA_52)",POINT_WITHIN_MLRA
35075,S2015VA187019,38.90084,-78.17563,S,147,201.0,Northern Appalachian Ridges and Valleys,Northern Atlantic Slope Diversified Farming Region,"USDA NRCS 2022 MLRA Geographic Database, version 5.2 (MLRA_52)",POINT_WITHIN_MLRA
35076,S2015VA187021,38.90075,-78.1530833,N,130A,177.0,Northern Blue Ridge,East and Central Farming and Forest Region,"USDA NRCS 2022 MLRA Geographic Database, version 5.2 (MLRA_52)",POINT_WITHIN_MLRA
35077,S2015VA187022,38.8823889,-78.1233889,N,130A,177.0,Northern Blue Ridge,East and Central Farming and Forest Region,"USDA NRCS 2022 MLRA Geographic Database, version 5.2 (MLRA_52)",POINT_WITHIN_MLRA
35078,S2015VA187034,38.89109,-78.16071,N,130A,177.0,Northern Blue Ridge,East and Central Farming and Forest Region,"USDA NRCS 2022 MLRA Geographic Database, version 5.2 (MLRA_52)",POINT_WITHIN_MLRA
35079,S2015VA187035,38.88291,-78.16902,N,130A,177.0,Northern Blue Ridge,East and Central Farming and Forest Region,"USDA NRCS 2022 MLRA Geographic Database, version 5.2 (MLRA_52)",POINT_WITHIN_MLRA
35080,S2015VA187037,38.89209,-78.16164,N,130A,177.0,Northern Blue Ridge,East and Central Farming and Forest Region,"USDA NRCS 2022 MLRA Geographic Database, version 5.2 (MLRA_52)",POINT_WITHIN_MLRA
35081,S2015VA187043,38.89051,-78.15175,N,130A,177.0,Northern Blue Ridge,East and Central Farming and Forest Region,"USDA NRCS 2022 MLRA Geographic Database, version 5.2 (MLRA_52)",POINT_WITHIN_MLRA
37567,S2017CA039001,37.123772,-119.7509491,C,18,19.0,Sierra Nevada Foothills,"California Subtropical Fruit, Truck, and Specialty Crop Region","USDA NRCS 2022 MLRA Geographic Database, version 5.2 (MLRA_52)",POINT_WITHIN_MLRA
37568,S2017CA039002,37.1106884,-119.7506089,C,18,19.0,Sierra Nevada Foothills,"California Subtropical Fruit, Truck, and Specialty Crop Region","USDA NRCS 2022 MLRA Geographic Database, version 5.2 (MLRA_52)",POINT_WITHIN_MLRA
37569,S2017CA039003,37.1073194,-119.7515,C,18,19.0,Sierra Nevada Foothills,"California Subtropical Fruit, Truck, and Specialty Crop Region","USDA NRCS 2022 MLRA Geographic Database, version 5.2 (MLRA_52)",POINT_WITHIN_MLRA
37570,S2017CA039004,37.08647,-119.71939,C,18,19.0,Sierra Nevada Foothills,"California Subtropical Fruit, Truck, and Specialty Crop Region","USDA NRCS 2022 MLRA Geographic Database, version 5.2 (MLRA_52)",POINT_WITHIN_MLRA
37571,S2017CA039005,37.0786863,-119.720471,C,18,19.0,Sierra Nevada Foothills,"California Subtropical Fruit, Truck, and Specialty Crop Region","USDA NRCS 2022 MLRA Geographic Database, version 5.2 (MLRA_52)",POINT_WITHIN_MLRA
37572,S2017CA039006,37.0831894,-119.728046,C,18,19.0,Sierra Nevada Foothills,"California Subtropical Fruit, Truck, and Specialty Crop Region","USDA NRCS 2022 MLRA Geographic Database, version 5.2 (MLRA_52)",POINT_WITHIN_MLRA
37573,S2017CA039007,37.1067467,-119.719975,C,18,19.0,Sierra Nevada Foothills,"California Subtropical Fruit, Truck, and Specialty Crop Region","USDA NRCS 2022 MLRA Geographic Database, version 5.2 (MLRA_52)",POINT_WITHIN_MLRA
37574,S2017CA039008,37.0966706,-119.7234196,C,18,19.0,Sierra Nevada Foothills,"California Subtropical Fruit, Truck, and Specialty Crop Region","USDA NRCS 2022 MLRA Geographic Database, version 5.2 (MLRA_52)",POINT_WITHIN_MLRA
37575,S2017CA039009,37.0783229,-119.7275475,C,18,19.0,Sierra Nevada Foothills,"California Subtropical Fruit, Truck, and Specialty Crop Region","USDA NRCS 2022 MLRA Geographic Database, version 5.2 (MLRA_52)",POINT_WITHIN_MLRA
37576,S2017CA039010,37.1168321,-119.7304496,C,18,19.0,Sierra Nevada Foothills,"California Subtropical Fruit, Truck, and Specialty Crop Region","USDA NRCS 2022 MLRA Geographic Database, version 5.2 (MLRA_52)",POINT_WITHIN_MLRA
37371,S2017FL097001,28.0965277777,-81.418736111,U,155,215.0,Southern Florida Flatwoods,"Florida Subtropical Fruit, Truck Crop, and Range Region","USDA NRCS 2022 MLRA Geographic Database, version 5.2 (MLRA_52)",POINT_WITHIN_MLRA
37372,S2017FL097004,28.0995666662,-81.40015,U,155,215.0,Southern Florida Flatwoods,"Florida Subtropical Fruit, Truck Crop, and Range Region","USDA NRCS 2022 MLRA Geographic Database, version 5.2 (MLRA_52)",POINT_WITHIN_MLRA
37373,S2017FL097006,28.0928111108,-81.3994833331,U,155,215.0,Southern Florida Flatwoods,"Florida Subtropical Fruit, Truck Crop, and Range Region","USDA NRCS 2022 MLRA Geographic Database, version 5.2 (MLRA_52)",POINT_WITHIN_MLRA
37374,S2017FL097010,28.1184222222,-81.4352805556,U,155,215.0,Southern Florida Flatwoods,"Florida Subtropical Fruit, Truck Crop, and Range Region","USDA NRCS 2022 MLRA Geographic Database, version 5.2 (MLRA_52)",POINT_WITHIN_MLRA
37375,S2017FL097015,28.1116527779,-81.421797222,U,155,215.0,Southern Florida Flatwoods,"Florida Subtropical Fruit, Truck Crop, and Range Region","USDA NRCS 2022 MLRA Geographic Database, version 5.2 (MLRA_52)",POINT_WITHIN_MLRA
37377,S2017FL097023,28.0946416664,-81.4233499998,U,155,215.0,Southern Florida Flatwoods,"Florida Subtropical Fruit, Truck Crop, and Range Region","USDA NRCS 2022 MLRA Geographic Database, version 5.2 (MLRA_52)",POINT_WITHIN_MLRA
37378,S2017FL097027,28.092062,-81.405325,U,155,215.0,Southern Florida Flatwoods,"Florida Subtropical Fruit, Truck Crop, and Range Region","USDA NRCS 2022 MLRA Geographic Database, version 5.2 (MLRA_52)",POINT_WITHIN_MLRA
37381,S2017FL097044,28.1260277779,-81.43385,U,155,215.0,Southern Florida Flatwoods,"Florida Subtropical Fruit, Truck Crop, and Range Region","USDA NRCS 2022 MLRA Geographic Database, version 5.2 (MLRA_52)",POINT_WITHIN_MLRA
37382,S2017FL105002,28.048116667,-81.417061111,U,155,215.0,Southern Florida Flatwoods,"Florida Subtropical Fruit, Truck Crop, and Range Region","USDA NRCS 2022 MLRA Geographic Database, version 5.2 (MLRA_52)",POINT_WITHIN_MLRA
37379,S2017FL105005,28.0394472222,-81.3934888892,U,155,215.0,Southern Florida Flatwoods,"Florida Subtropical Fruit, Truck Crop, and Range Region","USDA NRCS 2022 MLRA Geographic Database, version 5.2 (MLRA_52)",POINT_WITHIN_MLRA
37383,S2017FL105009,28.0729694445,-81.4287527773,U,155,215.0,Southern Florida Flatwoods,"Florida Subtropical Fruit, Truck Crop, and Range Region","USDA NRCS 2022 MLRA Geographic Database, version 5.2 (MLRA_52)",POINT_WITHIN_MLRA
37384,S2017FL105011,28.0706583333,-81.3840694444,U,155,215.0,Southern Florida Flatwoods,"Florida Subtropical Fruit, Truck Crop, and Range Region","USDA NRCS 2022 MLRA Geographic Database, version 5.2 (MLRA_52)",POINT_WITHIN_MLRA
37385,S2017FL105018,28.048116,-81.417061,U,155,215.0,Southern Florida Flatwoods,"Florida Subtropical Fruit, Truck Crop, and Range Region","USDA NRCS 2022 MLRA Geographic Database, version 5.2 (MLRA_52)",POINT_WITHIN_MLRA
37386,S2017FL105019,28.0746583334,-81.394827778,U,155,215.0,Southern Florida Flatwoods,"Florida Subtropical Fruit, Truck Crop, and Range Region","USDA NRCS 2022 MLRA Geographic Database, version 5.2 (MLRA_52)",POINT_WITHIN_MLRA
37376,S2017FL105022,28.0831083329,-81.3923694441,U,155,215.0,Southern Florida Flatwoods,"Florida Subtropical Fruit, Truck Crop, and Range Region","USDA NRCS 2022 MLRA Geographic Database, version 5.2 (MLRA_52)",POINT_WITHIN_MLRA
37387,S2017FL105036,28.0603388892,-81.3847444444,U,155,215.0,Southern Florida Flatwoods,"Florida Subtropical Fruit, Truck Crop, and Range Region","USDA NRCS 2022 MLRA Geographic Database, version 5.2 (MLRA_52)",POINT_WITHIN_MLRA
36810,S2016MA027015,42.5386389,-72.1820833,R,144B,198.0,"New England and Eastern New York Upland, Northern Part",Northeastern Forage and Forest Region,"USDA NRCS 2022 MLRA Geographic Database, version 5.2 (MLRA_52)",POINT_WITHIN_MLRA
37625,S2017MA027001,42.4241944445,-72.2583888891,R,144A,197.0,"New England and Eastern New York Upland, Southern Part",Northeastern Forage and Forest Region,"USDA NRCS 2022 MLRA Geographic Database, version 5.2 (MLRA_52)",POINT_WITHIN_MLRA
37530,S2017MA027005,42.4893333334,-72.2753888887,R,144A,197.0,"New England and Eastern New York Upland, Southern Part",Northeastern Forage and Forest Region,"USDA NRCS 2022 MLRA Geographic Database, version 5.2 (MLRA_52)",POINT_WITHIN_MLRA
37531,S2017MA027006,42.4029166666,-72.2539999998,R,144A,197.0,"New England and Eastern New York Upland, Southern Part",Northeastern Forage and Forest Region,"USDA NRCS 2022 MLRA Geographic Database, version 5.2 (MLRA_52)",POINT_WITHIN_MLRA
37626,S2017MA027008,42.4447777779,-72.2262222226,R,144A,197.0,"New England and Eastern New York Upland, Southern Part",Northeastern Forage and Forest Region,"USDA NRCS 2022 MLRA Geographic Database, version 5.2 (MLRA_52)",POINT_WITHIN_MLRA
37634,S2017MA027011,42.4557500002,-72.2384444443,R,144A,197.0,"New England and Eastern New York Upland, Southern Part",Northeastern Forage and Forest Region,"USDA NRCS 2022 MLRA Geographic Database, version 5.2 (MLRA_52)",POINT_WITHIN_MLRA
37633,S2017MA027013,42.3921111,-72.2544722,R,144A,197.0,"New England and Eastern New York Upland, Southern Part",Northeastern Forage and Forest Region,"USDA NRCS 2022 MLRA Geographic Database, version 5.2 (MLRA_52)",POINT_WITHIN_MLRA
37532,S2017MA027017,42.4816388893,-72.2673055555,R,144A,197.0,"New England and Eastern New York Upland, Southern Part",Northeastern Forage and Forest Region,"USDA NRCS 2022 MLRA Geographic Database, version 5.2 (MLRA_52)",POINT_WITHIN_MLRA
37627,S2017MA027018,42.4321111106,-72.2323055553,R,144A,197.0,"New England and Eastern New York Upland, Southern Part",Northeastern Forage and Forest Region,"USDA NRCS 2022 MLRA Geographic Database, version 5.2 (MLRA_52)",POINT_WITHIN_MLRA
37628,S2017MA027021,42.4522777777,-72.25075,R,144A,197.0,"New England and Eastern New York Upland, Southern Part",Northeastern Forage and Forest Region,"USDA NRCS 2022 MLRA Geographic Database, version 5.2 (MLRA_52)",POINT_WITHIN_MLRA
37533,S2017MA027022,42.4340555555,-72.1989444446,R,144A,197.0,"New England and Eastern New York Upland, Southern Part",Northeastern Forage and Forest Region,"USDA NRCS 2022 MLRA Geographic Database, version 5.2 (MLRA_52)",POINT_WITHIN_MLRA
37629,S2017MA027024,42.459811111,-72.2511388888,R,144A,197.0,"New England and Eastern New York Upland, Southern Part",Northeastern Forage and Forest Region,"USDA NRCS 2022 MLRA Geographic Database, version 5.2 (MLRA_52)",POINT_WITHIN_MLRA
37630,S2017MA027027,42.4302000003,-72.2534166667,R,144A,197.0,"New England and Eastern New York Upland, Southern Part",Northeastern Forage and Forest Region,"USDA NRCS 2022 MLRA Geographic Database, version 5.2 (MLRA_52)",POINT_WITHIN_MLRA
37631,S2017MA027029,42.4661416668,-72.2377333333,R,144A,197.0,"New England and Eastern New York Upland, Southern Part",Northeastern Forage and Forest Region,"USDA NRCS 2022 MLRA Geographic Database, version 5.2 (MLRA_52)",POINT_WITHIN_MLRA
37534,S2017MA027030,42.4229444445,-72.2188888888,R,144A,197.0,"New England and Eastern New York Upland, Southern Part",Northeastern Forage and Forest Region,"USDA NRCS 2022 MLRA Geographic Database, version 5.2 (MLRA_52)",POINT_WITHIN_MLRA
37535,S2017MA027031,42.4673611111,-72.2603055551,R,144A,197.0,"New England and Eastern New York Upland, Southern Part",Northeastern Forage and Forest Region,"USDA NRCS 2022 MLRA Geographic Database, version 5.2 (MLRA_52)",POINT_WITHIN_MLRA
37536,S2017MA027058,42.4698333332,-72.2523611111,R,144A,197.0,"New England and Eastern New York Upland, Southern Part",Northeastern Forage and Forest Region,"USDA NRCS 2022 MLRA Geographic Database, version 5.2 (MLRA_52)",POINT_WITHIN_MLRA
37632,S2017MA027059,42.4807500002,-72.2756111113,R,144A,197.0,"New England and Eastern New York Upland, Southern Part",Northeastern Forage and Forest Region,"USDA NRCS 2022 MLRA Geographic Database, version 5.2 (MLRA_52)",POINT_WITHIN_MLRA
37473,S2017ND093001,47.2077,-99.166983,F,53B,58.0,Central Dark Brown Glaciated Plains,Northern Great Plains Spring Wheat Region,"USDA NRCS 2022 MLRA Geographic Database, version 5.2 (MLRA_52)",POINT_WITHIN_MLRA
37474,S2017ND093004,47.171435,-99.051345,F,55B,62.0,Central Black Glaciated Plains,Northern Great Plains Spring Wheat Region,"USDA NRCS 2022 MLRA Geographic Database, version 5.2 (MLRA_52)",POINT_WITHIN_MLRA
37475,S2017ND093007,47.16331,-99.115947,F,53B,58.0,Central Dark Brown Glaciated Plains,Northern Great Plains Spring Wheat Region,"USDA NRCS 2022 MLRA Geographic Database, version 5.2 (MLRA_52)",POINT_WITHIN_MLRA
37476,S2017ND093010,47.21001167,-99.17216167,F,53B,58.0,Central Dark Brown Glaciated Plains,Northern Great Plains Spring Wheat Region,"USDA NRCS 2022 MLRA Geographic Database, version 5.2 (MLRA_52)",POINT_WITHIN_MLRA
37477,S2017ND093011,47.201977,-99.173992,F,53B,58.0,Central Dark Brown Glaciated Plains,Northern Great Plains Spring Wheat Region,"USDA NRCS 2022 MLRA Geographic Database, version 5.2 (MLRA_52)",POINT_WITHIN_MLRA
37478,S2017ND093014,47.119373,-99.057563,F,53B,58.0,Central Dark Brown Glaciated Plains,Northern Great Plains Spring Wheat Region,"USDA NRCS 2022 MLRA Geographic Database, version 5.2 (MLRA_52)",POINT_WITHIN_MLRA
37479,S2017ND093016,47.15684333,-99.11399,F,53B,58.0,Central Dark Brown Glaciated Plains,Northern Great Plains Spring Wheat Region,"USDA NRCS 2022 MLRA Geographic Database, version 5.2 (MLRA_52)",POINT_WITHIN_MLRA
37480,S2017ND093020,47.169265,-99.05691833,F,55B,62.0,Central Black Glaciated Plains,Northern Great Plains Spring Wheat Region,"USDA NRCS 2022 MLRA Geographic Database, version 5.2 (MLRA_52)",POINT_WITHIN_MLRA
37481,S2017ND093022,47.154924,-99.10682,F,53B,58.0,Central Dark Brown Glaciated Plains,Northern Great Plains Spring Wheat Region,"USDA NRCS 2022 MLRA Geographic Database, version 5.2 (MLRA_52)",POINT_WITHIN_MLRA
37482,S2017ND093023,47.21084,-99.171025,F,53B,58.0,Central Dark Brown Glaciated Plains,Northern Great Plains Spring Wheat Region,"USDA NRCS 2022 MLRA Geographic Database, version 5.2 (MLRA_52)",POINT_WITHIN_MLRA
37483,S2017ND093027,47.205558,-99.17562,F,53B,58.0,Central Dark Brown Glaciated Plains,Northern Great Plains Spring Wheat Region,"USDA NRCS 2022 MLRA Geographic Database, version 5.2 (MLRA_52)",POINT_WITHIN_MLRA
37484,S2017ND093029,47.199308,-99.174098,F,53B,58.0,Central Dark Brown Glaciated Plains,Northern Great Plains Spring Wheat Region,"USDA NRCS 2022 MLRA Geographic Database, version 5.2 (MLRA_52)",POINT_WITHIN_MLRA
37485,S2017ND093030,47.17089667,-99.05664167,F,55B,62.0,Central Black Glaciated Plains,Northern Great Plains Spring Wheat Region,"USDA NRCS 2022 MLRA Geographic Database, version 5.2 (MLRA_52)",POINT_WITHIN_MLRA
37486,S2017ND093063,47.164857,-99.110863,F,53B,58.0,Central Dark Brown Glaciated Plains,Northern Great Plains Spring Wheat Region,"USDA NRCS 2022 MLRA Geographic Database, version 5.2 (MLRA_52)",POINT_WITHIN_MLRA
37196,S2016TN001001,35.9321111,-84.2701944,N,128,175.0,Southern Appalachian Ridges and Valleys,East and Central Farming and Forest Region,"USDA NRCS 2022 MLRA Geographic Database, version 5.2 (MLRA_52)",POINT_WITHIN_MLRA
37197,S2016TN001003,35.9656388,-84.2309444,N,128,175.0,Southern Appalachian Ridges and Valleys,East and Central Farming and Forest Region,"USDA NRCS 2022 MLRA Geographic Database, version 5.2 (MLRA_52)",POINT_WITHIN_MLRA
37198,S2016TN001009,35.97425,-84.2278611,N,128,175.0,Southern Appalachian Ridges and Valleys,East and Central Farming and Forest Region,"USDA NRCS 2022 MLRA Geographic Database, version 5.2 (MLRA_52)",POINT_WITHIN_MLRA
37199,S2016TN001012,35.9528888,-84.2486111,N,128,175.0,Southern Appalachian Ridges and Valleys,East and Central Farming and Forest Region,"USDA NRCS 2022 MLRA Geographic Database, version 5.2 (MLRA_52)",POINT_WITHIN_MLRA
37200,S2016TN001015,35.9648888,-84.2380833,N,128,175.0,Southern Appalachian Ridges and Valleys,East and Central Farming and Forest Region,"USDA NRCS 2022 MLRA Geographic Database, version 5.2 (MLRA_52)",POINT_WITHIN_MLRA
37201,S2016TN001018,35.9347499,-84.2784722,N,128,175.0,Southern Appalachian Ridges and Valleys,East and Central Farming and Forest Region,"USDA NRCS 2022 MLRA Geographic Database, version 5.2 (MLRA_52)",POINT_WITHIN_MLRA
37202,S2016TN001021,35.9552777,-84.2213888,N,128,175.0,Southern Appalachian Ridges and Valleys,East and Central Farming and Forest Region,"USDA NRCS 2022 MLRA Geographic Database, version 5.2 (MLRA_52)",POINT_WITHIN_MLRA
37216,S2016TN001027,35.9161944,-84.2631111,N,128,175.0,Southern Appalachian Ridges and Valleys,East and Central Farming and Forest Region,"USDA NRCS 2022 MLRA Geographic Database, version 5.2 (MLRA_52)",POINT_WITHIN_MLRA
37217,S2016TN001029,35.9575,-84.2616666,N,128,175.0,Southern Appalachian Ridges and Valleys,East and Central Farming and Forest Region,"USDA NRCS 2022 MLRA Geographic Database, version 5.2 (MLRA_52)",POINT_WITHIN_MLRA
37218,S2016TN001031,35.9483333,-84.2219444,N,128,175.0,Southern Appalachian Ridges and Valleys,East and Central Farming and Forest Region,"USDA NRCS 2022 MLRA Geographic Database, version 5.2 (MLRA_52)",POINT_WITHIN_MLRA
37219,S2016TN001033,35.9616666,-84.2269444,N,128,175.0,Southern Appalachian Ridges and Valleys,East and Central Farming and Forest Region,"USDA NRCS 2022 MLRA Geographic Database, version 5.2 (MLRA_52)",POINT_WITHIN_MLRA
37220,S2016TN001040,35.9755734,-84.303656,N,128,175.0,Southern Appalachian Ridges and Valleys,East and Central Farming and Forest Region,"USDA NRCS 2022 MLRA Geographic Database, version 5.2 (MLRA_52)",POINT_WITHIN_MLRA
37221,S2016TN145004,35.9066944,-84.2758611,N,128,175.0,Southern Appalachian Ridges and Valleys,East and Central Farming and Forest Region,"USDA NRCS 2022 MLRA Geographic Database, version 5.2 (MLRA_52)",POINT_WITHIN_MLRA
37222,S2016TN145007,35.925528,-84.330012,N,128,175.0,Southern Appalachian Ridges and Valleys,East and Central Farming and Forest Region,"USDA NRCS 2022 MLRA Geographic Database, version 5.2 (MLRA_52)",POINT_WITHIN_MLRA
37223,S2016TN145008,35.932852,-84.332737,N,128,175.0,Southern Appalachian Ridges and Valleys,East and Central Farming and Forest Region,"USDA NRCS 2022 MLRA Geographic Database, version 5.2 (MLRA_52)",POINT_WITHIN_MLRA
37224,S2016TN145010,35.9530555,-84.3322222,N,128,175.0,Southern Appalachian Ridges and Valleys,East and Central Farming and Forest Region,"USDA NRCS 2022 MLRA Geographic Database, version 5.2 (MLRA_52)",POINT_WITHIN_MLRA
37225,S2016TN145014,35.939941,-84.305628,N,128,175.0,Southern Appalachian Ridges and Valleys,East and Central Farming and Forest Region,"USDA NRCS 2022 MLRA Geographic Database, version 5.2 (MLRA_52)",POINT_WITHIN_MLRA
37227,S2016TN145032,35.9251943,-84.3299847,N,128,175.0,Southern Appalachian Ridges and Valleys,East and Central Farming and Forest Region,"USDA NRCS 2022 MLRA Geographic Database, version 5.2 (MLRA_52)",POINT_WITHIN_MLRA
37228,S2016TN145035,35.9744444,-84.3502777,N,128,175.0,Southern Appalachian Ridges and Valleys,East and Central Farming and Forest Region,"USDA NRCS 2022 MLRA Geographic Database, version 5.2 (MLRA_52)",POINT_WITHIN_MLRA
37229,S2016TN145068,35.9261111,-84.4269444,N,128,175.0,Southern Appalachian Ridges and Valleys,East and Central Farming and Forest Region,"USDA NRCS 2022 MLRA Geographic Database, version 5.2 (MLRA_52)",POINT_WITHIN_MLRA
37293,S2016TN155001,35.6843889,-83.5322778,N,130B,178.0,Southern Blue Ridge,East and Central Farming and Forest Region,"USDA NRCS 2022 MLRA Geographic Database, version 5.2 (MLRA_52)",POINT_WITHIN_MLRA
37294,S2016TN155002,35.67025,-83.5876111,N,130B,178.0,Southern Blue Ridge,East and Central Farming and Forest Region,"USDA NRCS 2022 MLRA Geographic Database, version 5.2 (MLRA_52)",POINT_WITHIN_MLRA
37295,S2016TN155003,35.6764722,-83.4747778,N,130B,178.0,Southern Blue Ridge,East and Central Farming and Forest Region,"USDA NRCS 2022 MLRA Geographic Database, version 5.2 (MLRA_52)",POINT_WITHIN_MLRA
37296,S2016TN155006,35.6789167,-83.6455556,N,130B,178.0,Southern Blue Ridge,East and Central Farming and Forest Region,"USDA NRCS 2022 MLRA Geographic Database, version 5.2 (MLRA_52)",POINT_WITHIN_MLRA
37297,S2016TN155007,35.68675,-83.5141389,N,130B,178.0,Southern Blue Ridge,East and Central Farming and Forest Region,"USDA NRCS 2022 MLRA Geographic Database, version 5.2 (MLRA_52)",POINT_WITHIN_MLRA
37298,S2016TN155009,35.6708056,-83.4901667,N,130B,178.0,Southern Blue Ridge,East and Central Farming and Forest Region,"USDA NRCS 2022 MLRA Geographic Database, version 5.2 (MLRA_52)",POINT_WITHIN_MLRA
37299,S2016TN155012,35.67075,-83.4818611,N,130B,178.0,Southern Blue Ridge,East and Central Farming and Forest Region,"USDA NRCS 2022 MLRA Geographic Database, version 5.2 (MLRA_52)",POINT_WITHIN_MLRA
37300,S2016TN155017,35.6698611,-83.5225,N,130B,178.0,Southern Blue Ridge,East and Central Farming and Forest Region,"USDA NRCS 2022 MLRA Geographic Database, version 5.2 (MLRA_52)",POINT_WITHIN_MLRA
37301,S2016TN155019,35.6787222,-83.6424722,N,130B,178.0,Southern Blue Ridge,East and Central Farming and Forest Region,"USDA NRCS 2022 MLRA Geographic Database, version 5.2 (MLRA_52)",POINT_WITHIN_MLRA
37302,S2016TN155020,35.7033333,-83.3611111,N,130B,178.0,Southern Blue Ridge,East and Central Farming and Forest Region,"USDA NRCS 2022 MLRA Geographic Database, version 5.2 (MLRA_52)",POINT_WITHIN_MLRA
37303,S2016TN155022,35.6856389,-83.3981667,N,130B,178.0,Southern Blue Ridge,East and Central Farming and Forest Region,"USDA NRCS 2022 MLRA Geographic Database, version 5.2 (MLRA_52)",POINT_WITHIN_MLRA
37304,S2016TN155025,35.5897222,-83.4757778,N,130B,178.0,Southern Blue Ridge,East and Central Farming and Forest Region,"USDA NRCS 2022 MLRA Geographic Database, version 5.2 (MLRA_52)",POINT_WITHIN_MLRA
37305,S2016TN155026,35.6834722,-83.6442778,N,130B,178.0,Southern Blue Ridge,East and Central Farming and Forest Region,"USDA NRCS 2022 MLRA Geographic Database, version 5.2 (MLRA_52)",POINT_WITHIN_MLRA
37388,S2017TX497034,33.3213,-97.57744,J,84B,115.0,West Cross Timbers,Southwestern Prairies Cotton and Forage Region,"USDA NRCS 2022 MLRA Geographic Database, version 5.2 (MLRA_52)",POINT_WITHIN_MLRA
37389,S2017TX497039,33.3292694441,-97.5835805555,J,84B,115.0,West Cross Timbers,Southwestern Prairies Cotton and Forage Region,"USDA NRCS 2022 MLRA Geographic Database, version 5.2 (MLRA_52)",POINT_WITHIN_MLRA
37390,S2017TX497044,33.4163805558,-97.6572694444,J,84B,115.0,West Cross Timbers,Southwestern Prairies Cotton and Forage Region,"USDA NRCS 2022 MLRA Geographic Database, version 5.2 (MLRA_52)",POINT_WITHIN_MLRA
37391,S2017TX497048,33.3928000005,-97.5791194449,J,84B,115.0,West Cross Timbers,Southwestern Prairies Cotton and Forage Region,"USDA NRCS 2022 MLRA Geographic Database, version 5.2 (MLRA_52)",POINT_WITHIN_MLRA
37392,S2017TX497049,33.4133111106,-97.635988889,J,84B,115.0,West Cross Timbers,Southwestern Prairies Cotton and Forage Region,"USDA NRCS 2022 MLRA Geographic Database, version 5.2 (MLRA_52)",POINT_WITHIN_MLRA
37393,S2017TX497050,33.3793611113,-97.6222805553,J,84B,115.0,West Cross Timbers,Southwestern Prairies Cotton and Forage Region,"USDA NRCS 2022 MLRA Geographic Database, version 5.2 (MLRA_52)",POINT_WITHIN_MLRA
37394,S2017TX497051,33.3694500001,-97.5946194447,J,84B,115.0,West Cross Timbers,Southwestern Prairies Cotton and Forage Region,"USDA NRCS 2022 MLRA Geographic Database, version 5.2 (MLRA_52)",POINT_WITHIN_MLRA
37395,S2017TX497052,33.3996111106,-97.6197694444,J,84B,115.0,West Cross Timbers,Southwestern Prairies Cotton and Forage Region,"USDA NRCS 2022 MLRA Geographic Database, version 5.2 (MLRA_52)",POINT_WITHIN_MLRA
37396,S2017TX497054,33.4082333331,-97.6036166667,J,84B,115.0,West Cross Timbers,Southwestern Prairies Cotton and Forage Region,"USDA NRCS 2022 MLRA Geographic Database, version 5.2 (MLRA_52)",POINT_WITHIN_MLRA
37397,S2017TX497058,33.3746194442,-97.578561111,J,84B,115.0,West Cross Timbers,Southwestern Prairies Cotton and Forage Region,"USDA NRCS 2022 MLRA Geographic Database, version 5.2 (MLRA_52)",POINT_WITHIN_MLRA
37398,S2017TX497059,33.375830556,-97.6317388884,J,84B,115.0,West Cross Timbers,Southwestern Prairies Cotton and Forage Region,"USDA NRCS 2022 MLRA Geographic Database, version 5.2 (MLRA_52)",POINT_WITHIN_MLRA
37157,S2016UT045004,40.1858111,-112.472675,D,28A,29.0,Ancient Lake Bonneville,Western Range and Irrigated Region,"USDA NRCS 2022 MLRA Geographic Database, version 5.2 (MLRA_52)",POINT_WITHIN_MLRA
37154,S2016UT045008,40.1583972,-112.52135,D,28A,29.0,Ancient Lake Bonneville,Western Range and Irrigated Region,"USDA NRCS 2022 MLRA Geographic Database, version 5.2 (MLRA_52)",POINT_WITHIN_MLRA
37151,S2016UT045011,40.1507611,-112.4560222,D,28A,29.0,Ancient Lake Bonneville,Western Range and Irrigated Region,"USDA NRCS 2022 MLRA Geographic Database, version 5.2 (MLRA_52)",POINT_WITHIN_MLRA
37161,S2016UT045012,40.1847667,-112.5294694,D,28A,29.0,Ancient Lake Bonneville,Western Range and Irrigated Region,"USDA NRCS 2022 MLRA Geographic Database, version 5.2 (MLRA_52)",POINT_WITHIN_MLRA
37152,S2016UT045015,40.1516583,-112.4782417,D,28A,29.0,Ancient Lake Bonneville,Western Range and Irrigated Region,"USDA NRCS 2022 MLRA Geographic Database, version 5.2 (MLRA_52)",POINT_WITHIN_MLRA
37158,S2016UT045018,40.1972028,-112.4380278,D,28A,29.0,Ancient Lake Bonneville,Western Range and Irrigated Region,"USDA NRCS 2022 MLRA Geographic Database, version 5.2 (MLRA_52)",POINT_WITHIN_MLRA
37153,S2016UT045024,40.1599389,-112.4851722,D,28A,29.0,Ancient Lake Bonneville,Western Range and Irrigated Region,"USDA NRCS 2022 MLRA Geographic Database, version 5.2 (MLRA_52)",POINT_WITHIN_MLRA
37156,S2016UT045025,40.1454389,-112.5386806,D,28A,29.0,Ancient Lake Bonneville,Western Range and Irrigated Region,"USDA NRCS 2022 MLRA Geographic Database, version 5.2 (MLRA_52)",POINT_WITHIN_MLRA
37159,S2016UT045029,40.2196139,-112.4733944,D,28A,29.0,Ancient Lake Bonneville,Western Range and Irrigated Region,"USDA NRCS 2022 MLRA Geographic Database, version 5.2 (MLRA_52)",POINT_WITHIN_MLRA
37160,S2016UT045030,40.2014778,-112.5139111,D,28A,29.0,Ancient Lake Bonneville,Western Range and Irrigated Region,"USDA NRCS 2022 MLRA Geographic Database, version 5.2 (MLRA_52)",POINT_WITHIN_MLRA
37155,S2016UT045032,40.1522056,-112.5379889,D,28A,29.0,Ancient Lake Bonneville,Western Range and Irrigated Region,"USDA NRCS 2022 MLRA Geographic Database, version 5.2 (MLRA_52)",POINT_WITHIN_MLRA
37515,S2017VA043001,39.08782,-77.95857,S,147,201.0,Northern Appalachian Ridges and Valleys,Northern Atlantic Slope Diversified Farming Region,"USDA NRCS 2022 MLRA Geographic Database, version 5.2 (MLRA_52)",POINT_WITHIN_MLRA
37516,S2017VA043002,39.09215,-77.98098,S,147,201.0,Northern Appalachian Ridges and Valleys,Northern Atlantic Slope Diversified Farming Region,"USDA NRCS 2022 MLRA Geographic Database, version 5.2 (MLRA_52)",POINT_WITHIN_MLRA
37517,S2017VA043005,39.0873055556,-77.9718611113,S,147,201.0,Northern Appalachian Ridges and Valleys,Northern Atlantic Slope Diversified Farming Region,"USDA NRCS 2022 MLRA Geographic Database, version 5.2 (MLRA_52)",POINT_WITHIN_MLRA
37518,S2017VA043006,39.0838333333,-77.9640277777,S,147,201.0,Northern Appalachian Ridges and Valleys,Northern Atlantic Slope Diversified Farming Region,"USDA NRCS 2022 MLRA Geographic Database, version 5.2 (MLRA_52)",POINT_WITHIN_MLRA
37519,S2017VA043008,39.08469,-77.96536,S,147,201.0,Northern Appalachian Ridges and Valleys,Northern Atlantic Slope Diversified Farming Region,"USDA NRCS 2022 MLRA Geographic Database, version 5.2 (MLRA_52)",POINT_WITHIN_MLRA
37520,S2017VA043010,39.0861944444,-77.9608333333,S,147,201.0,Northern Appalachian Ridges and Valleys,Northern Atlantic Slope Diversified Farming Region,"USDA NRCS 2022 MLRA Geographic Database, version 5.2 (MLRA_52)",POINT_WITHIN_MLRA
37521,S2017VA043011,39.08729,-77.97402,S,147,201.0,Northern Appalachian Ridges and Valleys,Northern Atlantic Slope Diversified Farming Region,"USDA NRCS 2022 MLRA Geographic Database, version 5.2 (MLRA_52)",POINT_WITHIN_MLRA
37522,S2017VA043012,39.0818611113,-77.9613333331,S,147,201.0,Northern Appalachian Ridges and Valleys,Northern Atlantic Slope Diversified Farming Region,"USDA NRCS 2022 MLRA Geographic Database, version 5.2 (MLRA_52)",POINT_WITHIN_MLRA
37523,S2017VA043015,39.08743,-77.9548,S,147,201.0,Northern Appalachian Ridges and Valleys,Northern Atlantic Slope Diversified Farming Region,"USDA NRCS 2022 MLRA Geographic Database, version 5.2 (MLRA_52)",POINT_WITHIN_MLRA
37524,S2017VA043016,39.0865833332,-77.9639444446,S,147,201.0,Northern Appalachian Ridges and Valleys,Northern Atlantic Slope Diversified Farming Region,"USDA NRCS 2022 MLRA Geographic Database, version 5.2 (MLRA_52)",POINT_WITHIN_MLRA
37525,S2017VA043017,39.0864,-77.97121,S,147,201.0,Northern Appalachian Ridges and Valleys,Northern Atlantic Slope Diversified Farming Region,"USDA NRCS 2022 MLRA Geographic Database, version 5.2 (MLRA_52)",POINT_WITHIN_MLRA
37526,S2017VA043019,39.0876944443,-77.96625,S,147,201.0,Northern Appalachian Ridges and Valleys,Northern Atlantic Slope Diversified Farming Region,"USDA NRCS 2022 MLRA Geographic Database, version 5.2 (MLRA_52)",POINT_WITHIN_MLRA
37527,S2017VA043020,39.10078,-77.98061,S,147,201.0,Northern Appalachian Ridges and Valleys,Northern Atlantic Slope Diversified Farming Region,"USDA NRCS 2022 MLRA Geographic Database, version 5.2 (MLRA_52)",POINT_WITHIN_MLRA
37528,S2017VA043031,39.0586944442,-78.0707499999,S,147,201.0,Northern Appalachian Ridges and Valleys,Northern Atlantic Slope Diversified Farming Region,"USDA NRCS 2022 MLRA Geographic Database, version 5.2 (MLRA_52)",POINT_WITHIN_MLRA
37529,S2017VA043032,39.0594722217,-78.0724722221,S,147,201.0,Northern Appalachian Ridges and Valleys,Northern Atlantic Slope Diversified Farming Region,"USDA NRCS 2022 MLRA Geographic Database, version 5.2 (MLRA_52)",POINT_WITHIN_MLRA
37645,S2017WA011001,45.772496,-122.346228,A,3,3.0,Olympic and Cascade Mountains,"Northwestern Forest, Forage, and Specialty Crop Region","USDA NRCS 2022 MLRA Geographic Database, version 5.2 (MLRA_52)",POINT_WITHIN_MLRA
37646,S2017WA011002,45.738925,-122.309048,A,3,3.0,Olympic and Cascade Mountains,"Northwestern Forest, Forage, and Specialty Crop Region","USDA NRCS 2022 MLRA Geographic Database, version 5.2 (MLRA_52)",POINT_WITHIN_MLRA
37647,S2017WA011007,45.769037,-122.361193,A,3,3.0,Olympic and Cascade Mountains,"Northwestern Forest, Forage, and Specialty Crop Region","USDA NRCS 2022 MLRA Geographic Database, version 5.2 (MLRA_52)",POINT_WITHIN_MLRA
37648,S2017WA011008,45.771195,-122.3551,A,3,3.0,Olympic and Cascade Mountains,"Northwestern Forest, Forage, and Specialty Crop Region","USDA NRCS 2022 MLRA Geographic Database, version 5.2 (MLRA_52)",POINT_WITHIN_MLRA
37649,S2017WA011009,45.765477,-122.299477,A,3,3.0,Olympic and Cascade Mountains,"Northwestern Forest, Forage, and Specialty Crop Region","USDA NRCS 2022 MLRA Geographic Database, version 5.2 (MLRA_52)",POINT_WITHIN_MLRA
37650,S2017WA011011,45.743446,-122.358761,A,3,3.0,Olympic and Cascade Mountains,"Northwestern Forest, Forage, and Specialty Crop Region","USDA NRCS 2022 MLRA Geographic Database, version 5.2 (MLRA_52)",POINT_WITHIN_MLRA
37651,S2017WA011016,45.746858,-122.332407,A,3,3.0,Olympic and Cascade Mountains,"Northwestern Forest, Forage, and Specialty Crop Region","USDA NRCS 2022 MLRA Geographic Database, version 5.2 (MLRA_52)",POINT_WITHIN_MLRA
37652,S2017WA011017,45.72612,-122.369901,A,3,3.0,Olympic and Cascade Mountains,"Northwestern Forest, Forage, and Specialty Crop Region","USDA NRCS 2022 MLRA Geographic Database, version 5.2 (MLRA_52)",POINT_WITHIN_MLRA
37653,S2017WA011019,45.752477,-122.326053,A,3,3.0,Olympic and Cascade Mountains,"Northwestern Forest, Forage, and Specialty Crop Region","USDA NRCS 2022 MLRA Geographic Database, version 5.2 (MLRA_52)",POINT_WITHIN_MLRA
37654,S2017WA011020,45.76763,-122.303468,A,3,3.0,Olympic and Cascade Mountains,"Northwestern Forest, Forage, and Specialty Crop Region","USDA NRCS 2022 MLRA Geographic Database, version 5.2 (MLRA_52)",POINT_WITHIN_MLRA
37655,S2017WA011021,45.743813,-122.317125,A,3,3.0,Olympic and Cascade Mountains,"Northwestern Forest, Forage, and Specialty Crop Region","USDA NRCS 2022 MLRA Geographic Database, version 5.2 (MLRA_52)",POINT_WITHIN_MLRA
37656,S2017WA011023,45.744414,-122.381781,A,3,3.0,Olympic and Cascade Mountains,"Northwestern Forest, Forage, and Specialty Crop Region","USDA NRCS 2022 MLRA Geographic Database, version 5.2 (MLRA_52)",POINT_WITHIN_MLRA
37657,S2017WA011026,45.770001,-122.387671,A,3,3.0,Olympic and Cascade Mountains,"Northwestern Forest, Forage, and Specialty Crop Region","USDA NRCS 2022 MLRA Geographic Database, version 5.2 (MLRA_52)",POINT_WITHIN_MLRA
37658,S2017WA011028,45.745242,-122.3759,A,3,3.0,Olympic and Cascade Mountains,"Northwestern Forest, Forage, and Specialty Crop Region","USDA NRCS 2022 MLRA Geographic Database, version 5.2 (MLRA_52)",POINT_WITHIN_MLRA
37659,S2017WA011063,45.760386,-122.330201,A,3,3.0,Olympic and Cascade Mountains,"Northwestern Forest, Forage, and Specialty Crop Region","USDA NRCS 2022 MLRA Geographic Database, version 5.2 (MLRA_52)",POINT_WITHIN_MLRA
37660,S2017WA011881,45.773042,-122.348235,A,3,3.0,Olympic and Cascade Mountains,"Northwestern Forest, Forage, and Specialty Crop Region","USDA NRCS 2022 MLRA Geographic Database, version 5.2 (MLRA_52)",POINT_WITHIN_MLRA
36707,S2016WI069053,45.50556,-89.58755,K,94D,134.0,Northern Highland Sandy Pitted Outwash,Northern Lake States Forest and Forage Region,"USDA NRCS 2022 MLRA Geographic Database, version 5.2 (MLRA_52)",POINT_WITHIN_MLRA
36705,S2016WI069059,45.50896,-89.58864,K,94D,134.0,Northern Highland Sandy Pitted Outwash,Northern Lake States Forest and Forage Region,"USDA NRCS 2022 MLRA Geographic Database, version 5.2 (MLRA_52)",POINT_WITHIN_MLRA
36701,S2016WI099005,45.82626,-90.08606,K,90A,125.0,Wisconsin and Minnesota Thin Loess and Till,Northern Lake States Forest and Forage Region,"USDA NRCS 2022 MLRA Geographic Database, version 5.2 (MLRA_52)",POINT_WITHIN_MLRA
36692,S2016WI099006,45.81745,-90.07853,K,90A,125.0,Wisconsin and Minnesota Thin Loess and Till,Northern Lake States Forest and Forage Region,"USDA NRCS 2022 MLRA Geographic Database, version 5.2 (MLRA_52)",POINT_WITHIN_MLRA
36694,S2016WI099008,45.80235,-90.06234,K,90A,125.0,Wisconsin and Minnesota Thin Loess and Till,Northern Lake States Forest and Forage Region,"USDA NRCS 2022 MLRA Geographic Database, version 5.2 (MLRA_52)",POINT_WITHIN_MLRA
36713,S2016WI099010,45.78768,-90.10432,K,90A,125.0,Wisconsin and Minnesota Thin Loess and Till,Northern Lake States Forest and Forage Region,"USDA NRCS 2022 MLRA Geographic Database, version 5.2 (MLRA_52)",POINT_WITHIN_MLRA
36712,S2016WI099011,45.80484,-90.07486,K,90A,125.0,Wisconsin and Minnesota Thin Loess and Till,Northern Lake States Forest and Forage Region,"USDA NRCS 2022 MLRA Geographic Database, version 5.2 (MLRA_52)",POINT_WITHIN_MLRA
36702,S2016WI099012,45.7857,-90.0483,K,90A,125.0,Wisconsin and Minnesota Thin Loess and Till,Northern Lake States Forest and Forage Region,"USDA NRCS 2022 MLRA Geographic Database, version 5.2 (MLRA_52)",POINT_WITHIN_MLRA
36693,S2016WI099015,45.81076,-90.09988,K,90A,125.0,Wisconsin and Minnesota Thin Loess and Till,Northern Lake States Forest and Forage Region,"USDA NRCS 2022 MLRA Geographic Database, version 5.2 (MLRA_52)",POINT_WITHIN_MLRA
36711,S2016WI099017,45.82207,-90.07333,K,90A,125.0,Wisconsin and Minnesota Thin Loess and Till,Northern Lake States Forest and Forage Region,"USDA NRCS 2022 MLRA Geographic Database, version 5.2 (MLRA_52)",POINT_WITHIN_MLRA
36691,S2016WI099019,45.83038,-90.07524,K,90A,125.0,Wisconsin and Minnesota Thin Loess and Till,Northern Lake States Forest and Forage Region,"USDA NRCS 2022 MLRA Geographic Database, version 5.2 (MLRA_52)",POINT_WITHIN_MLRA
36708,S2016WI099022,45.804369,-90.0523,K,90A,125.0,Wisconsin and Minnesota Thin Loess and Till,Northern Lake States Forest and Forage Region,"USDA NRCS 2022 MLRA Geographic Database, version 5.2 (MLRA_52)",POINT_WITHIN_MLRA
36700,S2016WI099024,45.83593,-90.07283,K,90A,125.0,Wisconsin and Minnesota Thin Loess and Till,Northern Lake States Forest and Forage Region,"USDA NRCS 2022 MLRA Geographic Database, version 5.2 (MLRA_52)",POINT_WITHIN_MLRA
36698,S2016WI099026,45.79353,-90.09663,K,90A,125.0,Wisconsin and Minnesota Thin Loess and Till,Northern Lake States Forest and Forage Region,"USDA NRCS 2022 MLRA Geographic Database, version 5.2 (MLRA_52)",POINT_WITHIN_MLRA
37008,S2016WI069001,45.487633,-89.570051,K,94D,134.0,Northern Highland Sandy Pitted Outwash,Northern Lake States Forest and Forage Region,"USDA NRCS 2022 MLRA Geographic Database, version 5.2 (MLRA_52)",POINT_WITHIN_MLRA
37009,S2016WI069006,45.491413,-89.551492,K,94D,134.0,Northern Highland Sandy Pitted Outwash,Northern Lake States Forest and Forage Region,"USDA NRCS 2022 MLRA Geographic Database, version 5.2 (MLRA_52)",POINT_WITHIN_MLRA
37010,S2016WI069009,45.48573,-89.56965,K,94D,134.0,Northern Highland Sandy Pitted Outwash,Northern Lake States Forest and Forage Region,"USDA NRCS 2022 MLRA Geographic Database, version 5.2 (MLRA_52)",POINT_WITHIN_MLRA
37011,S2016WI069011,45.497054,-89.554761,K,94D,134.0,Northern Highland Sandy Pitted Outwash,Northern Lake States Forest and Forage Region,"USDA NRCS 2022 MLRA Geographic Database, version 5.2 (MLRA_52)",POINT_WITHIN_MLRA
37012,S2016WI069017,45.49215,-89.57683,K,94D,134.0,Northern Highland Sandy Pitted Outwash,Northern Lake States Forest and Forage Region,"USDA NRCS 2022 MLRA Geographic Database, version 5.2 (MLRA_52)",POINT_WITHIN_MLRA
37013,S2016WI069019,45.49422,-89.57406,K,94D,134.0,Northern Highland Sandy Pitted Outwash,Northern Lake States Forest and Forage Region,"USDA NRCS 2022 MLRA Geographic Database, version 5.2 (MLRA_52)",POINT_WITHIN_MLRA
37014,S2016WI069020,45.49226,-89.56019,K,94D,134.0,Northern Highland Sandy Pitted Outwash,Northern Lake States Forest and Forage Region,"USDA NRCS 2022 MLRA Geographic Database, version 5.2 (MLRA_52)",POINT_WITHIN_MLRA
37015,S2016WI069021,45.497,-89.59826,K,94D,134.0,Northern Highland Sandy Pitted Outwash,Northern Lake States Forest and Forage Region,"USDA NRCS 2022 MLRA Geographic Database, version 5.2 (MLRA_52)",POINT_WITHIN_MLRA
37016,S2016WI069024,45.48918,-89.55028,K,94D,134.0,Northern Highland Sandy Pitted Outwash,Northern Lake States Forest and Forage Region,"USDA NRCS 2022 MLRA Geographic Database, version 5.2 (MLRA_52)",POINT_WITHIN_MLRA
37017,S2016WI069041,45.49406,-89.58823,K,94D,134.0,Northern Highland Sandy Pitted Outwash,Northern Lake States Forest and Forage Region,"USDA NRCS 2022 MLRA Geographic Database, version 5.2 (MLRA_52)",POINT_WITHIN_MLRA
37018,S2016WI069050,45.48988,-89.59036,K,94D,134.0,Northern Highland Sandy Pitted Outwash,Northern Lake States Forest and Forage Region,"USDA NRCS 2022 MLRA Geographic Database, version 5.2 (MLRA_52)",POINT_WITHIN_MLRA
38254,S2017AK240004,63.9120861106,-145.7663583331,X1,228,246.0,Interior Alaska Mountains,Interior Alaska,"USDA NRCS 2022 MLRA Geographic Database, version 5.2 (MLRA_52)",POINT_WITHIN_MLRA
38255,S2017AK240005,63.8966305552,-145.7541,X1,228,246.0,Interior Alaska Mountains,Interior Alaska,"USDA NRCS 2022 MLRA Geographic Database, version 5.2 (MLRA_52)",POINT_WITHIN_MLRA
38256,S2017AK240007,63.8665277777,-145.7270611106,X1,228,246.0,Interior Alaska Mountains,Interior Alaska,"USDA NRCS 2022 MLRA Geographic Database, version 5.2 (MLRA_52)",POINT_WITHIN_MLRA
38257,S2017AK240008,63.8972055551,-145.7614361106,X1,228,246.0,Interior Alaska Mountains,Interior Alaska,"USDA NRCS 2022 MLRA Geographic Database, version 5.2 (MLRA_52)",POINT_WITHIN_MLRA
38258,S2017AK240010,63.9372861109,-145.7518555555,X1,228,246.0,Interior Alaska Mountains,Interior Alaska,"USDA NRCS 2022 MLRA Geographic Database, version 5.2 (MLRA_52)",POINT_WITHIN_MLRA
38259,S2017AK240011,63.8807388888,-145.7238555553,X1,228,246.0,Interior Alaska Mountains,Interior Alaska,"USDA NRCS 2022 MLRA Geographic Database, version 5.2 (MLRA_52)",POINT_WITHIN_MLRA
38260,S2017AK240012,63.9208944445,-145.7880222219,X1,228,246.0,Interior Alaska Mountains,Interior Alaska,"USDA NRCS 2022 MLRA Geographic Database, version 5.2 (MLRA_52)",POINT_WITHIN_MLRA
38261,S2017AK240013,63.8397194443,-145.7427027776,X1,228,246.0,Interior Alaska Mountains,Interior Alaska,"USDA NRCS 2022 MLRA Geographic Database, version 5.2 (MLRA_52)",POINT_WITHIN_MLRA
38262,S2017AK240014,63.8309250005,-145.7480916669,X1,228,246.0,Interior Alaska Mountains,Interior Alaska,"USDA NRCS 2022 MLRA Geographic Database, version 5.2 (MLRA_52)",POINT_WITHIN_MLRA
38271,S2017AK240016,63.8576500002,-145.7603027778,X1,228,246.0,Interior Alaska Mountains,Interior Alaska,"USDA NRCS 2022 MLRA Geographic Database, version 5.2 (MLRA_52)",POINT_WITHIN_MLRA
38263,S2017AK240017,63.8831722217,-145.781241667,X1,228,246.0,Interior Alaska Mountains,Interior Alaska,"USDA NRCS 2022 MLRA Geographic Database, version 5.2 (MLRA_52)",POINT_WITHIN_MLRA
38264,S2017AK240018,63.8377166665,-145.7554805554,X1,228,246.0,Interior Alaska Mountains,Interior Alaska,"USDA NRCS 2022 MLRA Geographic Database, version 5.2 (MLRA_52)",POINT_WITHIN_MLRA
38265,S2017AK240022,63.8740055555,-145.7222555557,X1,228,246.0,Interior Alaska Mountains,Interior Alaska,"USDA NRCS 2022 MLRA Geographic Database, version 5.2 (MLRA_52)",POINT_WITHIN_MLRA
38266,S2017AK240023,63.9344166666,-145.711694444,X1,228,246.0,Interior Alaska Mountains,Interior Alaska,"USDA NRCS 2022 MLRA Geographic Database, version 5.2 (MLRA_52)",POINT_WITHIN_MLRA
38267,S2017AK240024,63.886836111,-145.7748250002,X1,228,246.0,Interior Alaska Mountains,Interior Alaska,"USDA NRCS 2022 MLRA Geographic Database, version 5.2 (MLRA_52)",POINT_WITHIN_MLRA
38268,S2017AK240025,63.8942583338,-145.7566,X1,228,246.0,Interior Alaska Mountains,Interior Alaska,"USDA NRCS 2022 MLRA Geographic Database, version 5.2 (MLRA_52)",POINT_WITHIN_MLRA
38269,S2017AK240027,63.896086111,-145.7786055554,X1,228,246.0,Interior Alaska Mountains,Interior Alaska,"USDA NRCS 2022 MLRA Geographic Database, version 5.2 (MLRA_52)",POINT_WITHIN_MLRA
38270,S2017AK240045,63.880625,-145.7432916662,X1,228,246.0,Interior Alaska Mountains,Interior Alaska,"USDA NRCS 2022 MLRA Geographic Database, version 5.2 (MLRA_52)",POINT_WITHIN_MLRA
38272,S2017AK068002,63.8708944445,-149.2404222223,X1,228,246.0,Interior Alaska Mountains,Interior Alaska,"USDA NRCS 2022 MLRA Geographic Database, version 5.2 (MLRA_52)",POINT_WITHIN_MLRA
38273,S2017AK068006,63.8693555556,-149.2879861111,X1,228,246.0,Interior Alaska Mountains,Interior Alaska,"USDA NRCS 2022 MLRA Geographic Database, version 5.2 (MLRA_52)",POINT_WITHIN_MLRA
38274,S2017AK068007,63.8780749999,-149.2776805559,X1,228,246.0,Interior Alaska Mountains,Interior Alaska,"USDA NRCS 2022 MLRA Geographic Database, version 5.2 (MLRA_52)",POINT_WITHIN_MLRA
38275,S2017AK068012,63.86955,-149.2733499998,X1,228,246.0,Interior Alaska Mountains,Interior Alaska,"USDA NRCS 2022 MLRA Geographic Database, version 5.2 (MLRA_52)",POINT_WITHIN_MLRA
38276,S2017AK068016,63.8772111108,-149.2030722223,X1,228,246.0,Interior Alaska Mountains,Interior Alaska,"USDA NRCS 2022 MLRA Geographic Database, version 5.2 (MLRA_52)",POINT_WITHIN_MLRA
38277,S2017AK068017,63.8662249999,-149.2608222219,X1,228,246.0,Interior Alaska Mountains,Interior Alaska,"USDA NRCS 2022 MLRA Geographic Database, version 5.2 (MLRA_52)",POINT_WITHIN_MLRA
38278,S2017AK068018,63.8624138885,-149.2495166662,X1,228,246.0,Interior Alaska Mountains,Interior Alaska,"USDA NRCS 2022 MLRA Geographic Database, version 5.2 (MLRA_52)",POINT_WITHIN_MLRA
38279,S2017AK068020,63.8714222224,-149.2716750001,X1,228,246.0,Interior Alaska Mountains,Interior Alaska,"USDA NRCS 2022 MLRA Geographic Database, version 5.2 (MLRA_52)",POINT_WITHIN_MLRA
38280,S2017AK068022,63.8872083332,-149.2129916667,X1,228,246.0,Interior Alaska Mountains,Interior Alaska,"USDA NRCS 2022 MLRA Geographic Database, version 5.2 (MLRA_52)",POINT_WITHIN_MLRA
38281,S2017AK068026,63.88645,-149.19035,X1,228,246.0,Interior Alaska Mountains,Interior Alaska,"USDA NRCS 2022 MLRA Geographic Database, version 5.2 (MLRA_52)",POINT_WITHIN_MLRA
38283,S2017AK068027,63.8676777778,-149.2560805553,X1,228,246.0,Interior Alaska Mountains,Interior Alaska,"USDA NRCS 2022 MLRA Geographic Database, version 5.2 (MLRA_52)",POINT_WITHIN_MLRA
38284,S2017AK068029,63.8695444443,-149.2568333334,X1,228,246.0,Interior Alaska Mountains,Interior Alaska,"USDA NRCS 2022 MLRA Geographic Database, version 5.2 (MLRA_52)",POINT_WITHIN_MLRA
38285,S2017AK068045,63.8752111111,-149.2193694443,X1,228,246.0,Interior Alaska Mountains,Interior Alaska,"USDA NRCS 2022 MLRA Geographic Database, version 5.2 (MLRA_52)",POINT_WITHIN_MLRA
38286,S2017AK068046,63.8730944442,-149.2168027777,X1,228,246.0,Interior Alaska Mountains,Interior Alaska,"USDA NRCS 2022 MLRA Geographic Database, version 5.2 (MLRA_52)",POINT_WITHIN_MLRA
38287,S2017AK068047,63.8722750001,-149.2212777778,X1,228,246.0,Interior Alaska Mountains,Interior Alaska,"USDA NRCS 2022 MLRA Geographic Database, version 5.2 (MLRA_52)",POINT_WITHIN_MLRA
39020,S2018AK185001,71.24395,-156.421899,Y,246,263.0,Arctic Coastal Plain,Northern Alaska,"USDA NRCS 2022 MLRA Geographic Database, version 5.2 (MLRA_52)",POINT_WITHIN_MLRA
39021,S2018AK185004,71.241282,-156.503321,Y,246,263.0,Arctic Coastal Plain,Northern Alaska,"USDA NRCS 2022 MLRA Geographic Database, version 5.2 (MLRA_52)",POINT_WITHIN_MLRA
39022,S2018AK185005,71.242379,-156.312632,Y,246,263.0,Arctic Coastal Plain,Northern Alaska,"USDA NRCS 2022 MLRA Geographic Database, version 5.2 (MLRA_52)",POINT_WITHIN_MLRA
39023,S2018AK185008,71.251637,-156.45188,Y,246,263.0,Arctic Coastal Plain,Northern Alaska,"USDA NRCS 2022 MLRA Geographic Database, version 5.2 (MLRA_52)",POINT_WITHIN_MLRA
39024,S2018AK185011,71.302866,-156.623891,Y,246,263.0,Arctic Coastal Plain,Northern Alaska,"USDA NRCS 2022 MLRA Geographic Database, version 5.2 (MLRA_52)",POINT_WITHIN_MLRA
39025,S2018AK185012,71.253638,-156.38126,Y,246,263.0,Arctic Coastal Plain,Northern Alaska,"USDA NRCS 2022 MLRA Geographic Database, version 5.2 (MLRA_52)",POINT_WITHIN_MLRA
39026,S2018AK185014,71.298618,-156.68647,Y,246,263.0,Arctic Coastal Plain,Northern Alaska,"USDA NRCS 2022 MLRA Geographic Database, version 5.2 (MLRA_52)",POINT_WITHIN_MLRA
39027,S2018AK185015,71.267069,-156.563065,Y,246,263.0,Arctic Coastal Plain,Northern Alaska,"USDA NRCS 2022 MLRA Geographic Database, version 5.2 (MLRA_52)",POINT_WITHIN_MLRA
39028,S2018AK185018,71.306555,-156.61743,Y,246,263.0,Arctic Coastal Plain,Northern Alaska,"USDA NRCS 2022 MLRA Geographic Database, version 5.2 (MLRA_52)",POINT_WITHIN_MLRA
39029,S2018AK185019,71.226524,-156.547069,Y,246,263.0,Arctic Coastal Plain,Northern Alaska,"USDA NRCS 2022 MLRA Geographic Database, version 5.2 (MLRA_52)",POINT_WITHIN_MLRA
39030,S2018AK185021,71.25564,-156.55086,Y,246,263.0,Arctic Coastal Plain,Northern Alaska,"USDA NRCS 2022 MLRA Geographic Database, version 5.2 (MLRA_52)",POINT_WITHIN_MLRA
39031,S2018AK185022,71.246493,-156.395675,Y,246,263.0,Arctic Coastal Plain,Northern Alaska,"USDA NRCS 2022 MLRA Geographic Database, version 5.2 (MLRA_52)",POINT_WITHIN_MLRA
39032,S2018AK185024,71.306045,-156.640298,Y,246,263.0,Arctic Coastal Plain,Northern Alaska,"USDA NRCS 2022 MLRA Geographic Database, version 5.2 (MLRA_52)",POINT_WITHIN_MLRA
39033,S2018AK185026,71.268506,-156.651493,Y,246,263.0,Arctic Coastal Plain,Northern Alaska,"USDA NRCS 2022 MLRA Geographic Database, version 5.2 (MLRA_52)",POINT_WITHIN_MLRA
39034,S2018AK185027,71.316556,-156.621323,Y,246,263.0,Arctic Coastal Plain,Northern Alaska,"USDA NRCS 2022 MLRA Geographic Database, version 5.2 (MLRA_52)",POINT_WITHIN_MLRA
39035,S2018AK185028,71.249974,-156.528198,Y,246,263.0,Arctic Coastal Plain,Northern Alaska,"USDA NRCS 2022 MLRA Geographic Database, version 5.2 (MLRA_52)",POINT_WITHIN_MLRA
39036,S2018AK185031,71.251896,-156.510451,Y,246,263.0,Arctic Coastal Plain,Northern Alaska,"USDA NRCS 2022 MLRA Geographic Database, version 5.2 (MLRA_52)",POINT_WITHIN_MLRA
39037,S2018AK185037,71.249919,-156.485505,Y,246,263.0,Arctic Coastal Plain,Northern Alaska,"USDA NRCS 2022 MLRA Geographic Database, version 5.2 (MLRA_52)",POINT_WITHIN_MLRA
39038,S2018AK185084,71.247738,-156.444745,Y,246,263.0,Arctic Coastal Plain,Northern Alaska,"USDA NRCS 2022 MLRA Geographic Database, version 5.2 (MLRA_52)",POINT_WITHIN_MLRA
39039,S2018AK185085,71.263609,-156.60437,Y,246,263.0,Arctic Coastal Plain,Northern Alaska,"USDA NRCS 2022 MLRA Geographic Database, version 5.2 (MLRA_52)",POINT_WITHIN_MLRA
37907,S2016AL007002,32.9220138888,-87.4291361109,P,133C,185.0,Gulf Coastal Plain,"South Atlantic and Gulf Slope Cash Crops, Forest, and Livestock Region","USDA NRCS 2022 MLRA Geographic Database, version 5.2 (MLRA_52)",POINT_WITHIN_MLRA
37908,S2016AL007004,32.9577194446,-87.4328000005,P,133C,185.0,Gulf Coastal Plain,"South Atlantic and Gulf Slope Cash Crops, Forest, and Livestock Region","USDA NRCS 2022 MLRA Geographic Database, version 5.2 (MLRA_52)",POINT_WITHIN_MLRA
37909,S2016AL007005,32.8969416671,-87.3975750001,P,133C,185.0,Gulf Coastal Plain,"South Atlantic and Gulf Slope Cash Crops, Forest, and Livestock Region","USDA NRCS 2022 MLRA Geographic Database, version 5.2 (MLRA_52)",POINT_WITHIN_MLRA
37910,S2016AL007006,32.8986944442,-87.4463333331,P,133C,185.0,Gulf Coastal Plain,"South Atlantic and Gulf Slope Cash Crops, Forest, and Livestock Region","USDA NRCS 2022 MLRA Geographic Database, version 5.2 (MLRA_52)",POINT_WITHIN_MLRA
37911,S2016AL007007,32.9742722219,-87.4271638891,P,133C,185.0,Gulf Coastal Plain,"South Atlantic and Gulf Slope Cash Crops, Forest, and Livestock Region","USDA NRCS 2022 MLRA Geographic Database, version 5.2 (MLRA_52)",POINT_WITHIN_MLRA
37912,S2016AL007009,32.899622222,-87.406875,P,133C,185.0,Gulf Coastal Plain,"South Atlantic and Gulf Slope Cash Crops, Forest, and Livestock Region","USDA NRCS 2022 MLRA Geographic Database, version 5.2 (MLRA_52)",POINT_WITHIN_MLRA
37913,S2016AL007010,32.9266472223,-87.4188916667,P,133C,185.0,Gulf Coastal Plain,"South Atlantic and Gulf Slope Cash Crops, Forest, and Livestock Region","USDA NRCS 2022 MLRA Geographic Database, version 5.2 (MLRA_52)",POINT_WITHIN_MLRA
37914,S2016AL007011,32.9561694441,-87.4103972223,P,133C,185.0,Gulf Coastal Plain,"South Atlantic and Gulf Slope Cash Crops, Forest, and Livestock Region","USDA NRCS 2022 MLRA Geographic Database, version 5.2 (MLRA_52)",POINT_WITHIN_MLRA
37915,S2016AL007012,32.9188694443,-87.3977000003,P,133C,185.0,Gulf Coastal Plain,"South Atlantic and Gulf Slope Cash Crops, Forest, and Livestock Region","USDA NRCS 2022 MLRA Geographic Database, version 5.2 (MLRA_52)",POINT_WITHIN_MLRA
37916,S2016AL007013,32.8845833333,-87.4546388891,P,133C,185.0,Gulf Coastal Plain,"South Atlantic and Gulf Slope Cash Crops, Forest, and Livestock Region","USDA NRCS 2022 MLRA Geographic Database, version 5.2 (MLRA_52)",POINT_WITHIN_MLRA
37917,S2016AL007015,32.910222222,-87.4210833332,P,133C,185.0,Gulf Coastal Plain,"South Atlantic and Gulf Slope Cash Crops, Forest, and Livestock Region","USDA NRCS 2022 MLRA Geographic Database, version 5.2 (MLRA_52)",POINT_WITHIN_MLRA
37918,S2016AL007016,32.9702499998,-87.4152500004,P,133C,185.0,Gulf Coastal Plain,"South Atlantic and Gulf Slope Cash Crops, Forest, and Livestock Region","USDA NRCS 2022 MLRA Geographic Database, version 5.2 (MLRA_52)",POINT_WITHIN_MLRA
37919,S2016AL007017,32.9099166668,-87.4089166662,P,133C,185.0,Gulf Coastal Plain,"South Atlantic and Gulf Slope Cash Crops, Forest, and Livestock Region","USDA NRCS 2022 MLRA Geographic Database, version 5.2 (MLRA_52)",POINT_WITHIN_MLRA
37920,S2016AL007018,32.9161777782,-87.39,P,133C,185.0,Gulf Coastal Plain,"South Atlantic and Gulf Slope Cash Crops, Forest, and Livestock Region","USDA NRCS 2022 MLRA Geographic Database, version 5.2 (MLRA_52)",POINT_WITHIN_MLRA
37921,S2016AL007020,32.955847222,-87.4270527776,P,133C,185.0,Gulf Coastal Plain,"South Atlantic and Gulf Slope Cash Crops, Forest, and Livestock Region","USDA NRCS 2022 MLRA Geographic Database, version 5.2 (MLRA_52)",POINT_WITHIN_MLRA
37922,S2016AL007021,32.9499499999,-87.4077972221,P,133C,185.0,Gulf Coastal Plain,"South Atlantic and Gulf Slope Cash Crops, Forest, and Livestock Region","USDA NRCS 2022 MLRA Geographic Database, version 5.2 (MLRA_52)",POINT_WITHIN_MLRA
37923,S2016AL007023,32.9293777773,-87.4121638891,P,133C,185.0,Gulf Coastal Plain,"South Atlantic and Gulf Slope Cash Crops, Forest, and Livestock Region","USDA NRCS 2022 MLRA Geographic Database, version 5.2 (MLRA_52)",POINT_WITHIN_MLRA
37924,S2016AL007024,32.9239333332,-87.4217666668,P,133C,185.0,Gulf Coastal Plain,"South Atlantic and Gulf Slope Cash Crops, Forest, and Livestock Region","USDA NRCS 2022 MLRA Geographic Database, version 5.2 (MLRA_52)",POINT_WITHIN_MLRA
37925,S2016AL007025,32.8993388885,-87.3965666664,P,133C,185.0,Gulf Coastal Plain,"South Atlantic and Gulf Slope Cash Crops, Forest, and Livestock Region","USDA NRCS 2022 MLRA Geographic Database, version 5.2 (MLRA_52)",POINT_WITHIN_MLRA
37926,S2016AL007026,32.8997499995,-87.4492499997,P,133C,185.0,Gulf Coastal Plain,"South Atlantic and Gulf Slope Cash Crops, Forest, and Livestock Region","USDA NRCS 2022 MLRA Geographic Database, version 5.2 (MLRA_52)",POINT_WITHIN_MLRA
37927,S2016AL007027,32.8911805555,-87.4315444448,P,133C,185.0,Gulf Coastal Plain,"South Atlantic and Gulf Slope Cash Crops, Forest, and Livestock Region","USDA NRCS 2022 MLRA Geographic Database, version 5.2 (MLRA_52)",POINT_WITHIN_MLRA
37928,S2016AL007029,32.9014166666,-87.4322888893,P,133C,185.0,Gulf Coastal Plain,"South Atlantic and Gulf Slope Cash Crops, Forest, and Livestock Region","USDA NRCS 2022 MLRA Geographic Database, version 5.2 (MLRA_52)",POINT_WITHIN_MLRA
37929,S2016AL007030,32.9542999998,-87.4035972221,P,133C,185.0,Gulf Coastal Plain,"South Atlantic and Gulf Slope Cash Crops, Forest, and Livestock Region","USDA NRCS 2022 MLRA Geographic Database, version 5.2 (MLRA_52)",POINT_WITHIN_MLRA
37930,S2016AL007031,32.8991222222,-87.3892861111,P,133C,185.0,Gulf Coastal Plain,"South Atlantic and Gulf Slope Cash Crops, Forest, and Livestock Region","USDA NRCS 2022 MLRA Geographic Database, version 5.2 (MLRA_52)",POINT_WITHIN_MLRA
37931,S2016AL007032,32.9104722224,-87.4210555556,P,133C,185.0,Gulf Coastal Plain,"South Atlantic and Gulf Slope Cash Crops, Forest, and Livestock Region","USDA NRCS 2022 MLRA Geographic Database, version 5.2 (MLRA_52)",POINT_WITHIN_MLRA
37932,S2016AL007044,32.9527499998,-87.3977666664,P,133C,185.0,Gulf Coastal Plain,"South Atlantic and Gulf Slope Cash Crops, Forest, and Livestock Region","USDA NRCS 2022 MLRA Geographic Database, version 5.2 (MLRA_52)",POINT_WITHIN_MLRA
39260,S2018AL023002,31.8068056,-88.1939722,P,133C,185.0,Gulf Coastal Plain,"South Atlantic and Gulf Slope Cash Crops, Forest, and Livestock Region","USDA NRCS 2022 MLRA Geographic Database, version 5.2 (MLRA_52)",POINT_WITHIN_MLRA
39261,S2018AL023003,31.8081944,-88.1883333,P,133C,185.0,Gulf Coastal Plain,"South Atlantic and Gulf Slope Cash Crops, Forest, and Livestock Region","USDA NRCS 2022 MLRA Geographic Database, version 5.2 (MLRA_52)",POINT_WITHIN_MLRA
39262,S2018AL023006,31.8141583,-88.1875333,P,133C,185.0,Gulf Coastal Plain,"South Atlantic and Gulf Slope Cash Crops, Forest, and Livestock Region","USDA NRCS 2022 MLRA Geographic Database, version 5.2 (MLRA_52)",POINT_WITHIN_MLRA
39263,S2018AL023007,31.8124167,-88.2002778,P,133C,185.0,Gulf Coastal Plain,"South Atlantic and Gulf Slope Cash Crops, Forest, and Livestock Region","USDA NRCS 2022 MLRA Geographic Database, version 5.2 (MLRA_52)",POINT_WITHIN_MLRA
39264,S2018AL023009,31.8114444,-88.1811528,P,133C,185.0,Gulf Coastal Plain,"South Atlantic and Gulf Slope Cash Crops, Forest, and Livestock Region","USDA NRCS 2022 MLRA Geographic Database, version 5.2 (MLRA_52)",POINT_WITHIN_MLRA
39265,S2018AL023011,31.8258361,-88.1830861,P,133C,185.0,Gulf Coastal Plain,"South Atlantic and Gulf Slope Cash Crops, Forest, and Livestock Region","USDA NRCS 2022 MLRA Geographic Database, version 5.2 (MLRA_52)",POINT_WITHIN_MLRA
39266,S2018AL023012,31.8081,-88.1800611,P,133C,185.0,Gulf Coastal Plain,"South Atlantic and Gulf Slope Cash Crops, Forest, and Livestock Region","USDA NRCS 2022 MLRA Geographic Database, version 5.2 (MLRA_52)",POINT_WITHIN_MLRA
39267,S2018AL023014,31.8105,-88.1992222,P,133C,185.0,Gulf Coastal Plain,"South Atlantic and Gulf Slope Cash Crops, Forest, and Livestock Region","USDA NRCS 2022 MLRA Geographic Database, version 5.2 (MLRA_52)",POINT_WITHIN_MLRA
39268,S2018AL023015,31.8157778,-88.1916417,P,133C,185.0,Gulf Coastal Plain,"South Atlantic and Gulf Slope Cash Crops, Forest, and Livestock Region","USDA NRCS 2022 MLRA Geographic Database, version 5.2 (MLRA_52)",POINT_WITHIN_MLRA
39269,S2018AL023016,31.8177944,-88.1845778,P,133C,185.0,Gulf Coastal Plain,"South Atlantic and Gulf Slope Cash Crops, Forest, and Livestock Region","USDA NRCS 2022 MLRA Geographic Database, version 5.2 (MLRA_52)",POINT_WITHIN_MLRA
39270,S2018AL023017,31.8416583,-88.16845,P,133C,185.0,Gulf Coastal Plain,"South Atlantic and Gulf Slope Cash Crops, Forest, and Livestock Region","USDA NRCS 2022 MLRA Geographic Database, version 5.2 (MLRA_52)",POINT_WITHIN_MLRA
39271,S2018AL023019,31.8187,-88.194775,P,133C,185.0,Gulf Coastal Plain,"South Atlantic and Gulf Slope Cash Crops, Forest, and Livestock Region","USDA NRCS 2022 MLRA Geographic Database, version 5.2 (MLRA_52)",POINT_WITHIN_MLRA
39272,S2018AL023020,31.8247444,-88.1926222,P,133C,185.0,Gulf Coastal Plain,"South Atlantic and Gulf Slope Cash Crops, Forest, and Livestock Region","USDA NRCS 2022 MLRA Geographic Database, version 5.2 (MLRA_52)",POINT_WITHIN_MLRA
39273,S2018AL023021,31.8344333,-88.1703139,P,133C,185.0,Gulf Coastal Plain,"South Atlantic and Gulf Slope Cash Crops, Forest, and Livestock Region","USDA NRCS 2022 MLRA Geographic Database, version 5.2 (MLRA_52)",POINT_WITHIN_MLRA
39274,S2018AL023022,31.8154167,-88.2043333,P,133C,185.0,Gulf Coastal Plain,"South Atlantic and Gulf Slope Cash Crops, Forest, and Livestock Region","USDA NRCS 2022 MLRA Geographic Database, version 5.2 (MLRA_52)",POINT_WITHIN_MLRA
39275,S2018AL023023,31.8088583,-88.1800694,P,133C,185.0,Gulf Coastal Plain,"South Atlantic and Gulf Slope Cash Crops, Forest, and Livestock Region","USDA NRCS 2022 MLRA Geographic Database, version 5.2 (MLRA_52)",POINT_WITHIN_MLRA
39276,S2018AL023027,31.8168056,-88.2002778,P,133C,185.0,Gulf Coastal Plain,"South Atlantic and Gulf Slope Cash Crops, Forest, and Livestock Region","USDA NRCS 2022 MLRA Geographic Database, version 5.2 (MLRA_52)",POINT_WITHIN_MLRA
39277,S2018AL023029,31.8308083,-88.1711139,P,133C,185.0,Gulf Coastal Plain,"South Atlantic and Gulf Slope Cash Crops, Forest, and Livestock Region","USDA NRCS 2022 MLRA Geographic Database, version 5.2 (MLRA_52)",POINT_WITHIN_MLRA
38659,S2017AZ019004,31.9068055555,-110.8154166666,D,41,41.0,Madrean Archipelago,Western Range and Irrigated Region,"USDA NRCS 2022 MLRA Geographic Database, version 5.2 (MLRA_52)",POINT_WITHIN_MLRA
38660,S2017AZ019007,31.8976944446,-110.875222222,D,40,40.0,Sonoran Basin and Range,Western Range and Irrigated Region,"USDA NRCS 2022 MLRA Geographic Database, version 5.2 (MLRA_52)",POINT_WITHIN_MLRA
38661,S2017AZ019013,31.8098055553,-110.8938888888,D,41,41.0,Madrean Archipelago,Western Range and Irrigated Region,"USDA NRCS 2022 MLRA Geographic Database, version 5.2 (MLRA_52)",POINT_WITHIN_MLRA
38662,S2017AZ019014,31.8739444446,-110.8870833333,D,40,40.0,Sonoran Basin and Range,Western Range and Irrigated Region,"USDA NRCS 2022 MLRA Geographic Database, version 5.2 (MLRA_52)",POINT_WITHIN_MLRA
38663,S2017AZ019018,31.8978611108,-110.9082777775,D,40,40.0,Sonoran Basin and Range,Western Range and Irrigated Region,"USDA NRCS 2022 MLRA Geographic Database, version 5.2 (MLRA_52)",POINT_WITHIN_MLRA
38664,S2017AZ019023,31.8525833333,-110.8579722224,D,41,41.0,Madrean Archipelago,Western Range and Irrigated Region,"USDA NRCS 2022 MLRA Geographic Database, version 5.2 (MLRA_52)",POINT_WITHIN_MLRA
38665,S2017AZ019024,31.8136388884,-110.8067499997,D,41,41.0,Madrean Archipelago,Western Range and Irrigated Region,"USDA NRCS 2022 MLRA Geographic Database, version 5.2 (MLRA_52)",POINT_WITHIN_MLRA
38666,S2017AZ019026,31.8333333333,-110.84375,D,41,41.0,Madrean Archipelago,Western Range and Irrigated Region,"USDA NRCS 2022 MLRA Geographic Database, version 5.2 (MLRA_52)",POINT_WITHIN_MLRA
38670,S2017AZ019043,31.91,-110.8373333332,D,40,40.0,Sonoran Basin and Range,Western Range and Irrigated Region,"USDA NRCS 2022 MLRA Geographic Database, version 5.2 (MLRA_52)",POINT_WITHIN_MLRA
38667,S2018AZ019003,31.8404722224,-110.9170555555,D,40,40.0,Sonoran Basin and Range,Western Range and Irrigated Region,"USDA NRCS 2022 MLRA Geographic Database, version 5.2 (MLRA_52)",POINT_WITHIN_MLRA
38668,S2018AZ019008,31.8669166666,-110.8148888884,D,41,41.0,Madrean Archipelago,Western Range and Irrigated Region,"USDA NRCS 2022 MLRA Geographic Database, version 5.2 (MLRA_52)",POINT_WITHIN_MLRA
38669,S2018AZ019016,31.9053611108,-110.8469722217,D,40,40.0,Sonoran Basin and Range,Western Range and Irrigated Region,"USDA NRCS 2022 MLRA Geographic Database, version 5.2 (MLRA_52)",POINT_WITHIN_MLRA
39248,S2018CA019002,37.030584,-119.281624,D,22A,22.0,Sierra Nevada and Tehachapi Mountains,Western Range and Irrigated Region,"USDA NRCS 2022 MLRA Geographic Database, version 5.2 (MLRA_52)",POINT_WITHIN_MLRA
39249,S2018CA019004,37.037565,-119.269463,D,22A,22.0,Sierra Nevada and Tehachapi Mountains,Western Range and Irrigated Region,"USDA NRCS 2022 MLRA Geographic Database, version 5.2 (MLRA_52)",POINT_WITHIN_MLRA
39250,S2018CA019005,37.032258,-119.263067,D,22A,22.0,Sierra Nevada and Tehachapi Mountains,Western Range and Irrigated Region,"USDA NRCS 2022 MLRA Geographic Database, version 5.2 (MLRA_52)",POINT_WITHIN_MLRA
39251,S2018CA019008,37.029275,-119.276133,D,22A,22.0,Sierra Nevada and Tehachapi Mountains,Western Range and Irrigated Region,"USDA NRCS 2022 MLRA Geographic Database, version 5.2 (MLRA_52)",POINT_WITHIN_MLRA
39252,S2018CA019010,37.035056,-119.273853,D,22A,22.0,Sierra Nevada and Tehachapi Mountains,Western Range and Irrigated Region,"USDA NRCS 2022 MLRA Geographic Database, version 5.2 (MLRA_52)",POINT_WITHIN_MLRA
39253,S2018CA019012,37.030637,-119.276819,D,22A,22.0,Sierra Nevada and Tehachapi Mountains,Western Range and Irrigated Region,"USDA NRCS 2022 MLRA Geographic Database, version 5.2 (MLRA_52)",POINT_WITHIN_MLRA
39254,S2018CA019015,37.038204,-119.251802,D,22A,22.0,Sierra Nevada and Tehachapi Mountains,Western Range and Irrigated Region,"USDA NRCS 2022 MLRA Geographic Database, version 5.2 (MLRA_52)",POINT_WITHIN_MLRA
39255,S2018CA019016,37.02852,-119.252873,D,22A,22.0,Sierra Nevada and Tehachapi Mountains,Western Range and Irrigated Region,"USDA NRCS 2022 MLRA Geographic Database, version 5.2 (MLRA_52)",POINT_WITHIN_MLRA
39256,S2018CA019019,37.030717,-119.245806,D,22A,22.0,Sierra Nevada and Tehachapi Mountains,Western Range and Irrigated Region,"USDA NRCS 2022 MLRA Geographic Database, version 5.2 (MLRA_52)",POINT_WITHIN_MLRA
39257,S2018CA019025,37.03775,-119.258363,D,22A,22.0,Sierra Nevada and Tehachapi Mountains,Western Range and Irrigated Region,"USDA NRCS 2022 MLRA Geographic Database, version 5.2 (MLRA_52)",POINT_WITHIN_MLRA
39258,S2018CA019026,37.030264,-119.270468,D,22A,22.0,Sierra Nevada and Tehachapi Mountains,Western Range and Irrigated Region,"USDA NRCS 2022 MLRA Geographic Database, version 5.2 (MLRA_52)",POINT_WITHIN_MLRA
39259,S2018CA019028,37.02531,-119.273376,D,22A,22.0,Sierra Nevada and Tehachapi Mountains,Western Range and Irrigated Region,"USDA NRCS 2022 MLRA Geographic Database, version 5.2 (MLRA_52)",POINT_WITHIN_MLRA
37888,S2017CO013008,40.1512805555,-105.4727805556,E,48A,52.0,Southern Rocky Mountains,Rocky Mountain Range and Forest Region,"USDA NRCS 2022 MLRA Geographic Database, version 5.2 (MLRA_52)",POINT_WITHIN_MLRA
37889,S2017CO013009,40.1543499999,-105.4752888891,E,48A,52.0,Southern Rocky Mountains,Rocky Mountain Range and Forest Region,"USDA NRCS 2022 MLRA Geographic Database, version 5.2 (MLRA_52)",POINT_WITHIN_MLRA
37890,S2017CO013010,40.186711111,-105.5410888889,E,48A,52.0,Southern Rocky Mountains,Rocky Mountain Range and Forest Region,"USDA NRCS 2022 MLRA Geographic Database, version 5.2 (MLRA_52)",POINT_WITHIN_MLRA
37891,S2017CO013011,40.2012611111,-105.4836194444,E,48A,52.0,Southern Rocky Mountains,Rocky Mountain Range and Forest Region,"USDA NRCS 2022 MLRA Geographic Database, version 5.2 (MLRA_52)",POINT_WITHIN_MLRA
37892,S2017CO013012,40.1999388885,-105.4924194441,E,48A,52.0,Southern Rocky Mountains,Rocky Mountain Range and Forest Region,"USDA NRCS 2022 MLRA Geographic Database, version 5.2 (MLRA_52)",POINT_WITHIN_MLRA
37893,S2017CO013013,40.1958111106,-105.4914000002,E,48A,52.0,Southern Rocky Mountains,Rocky Mountain Range and Forest Region,"USDA NRCS 2022 MLRA Geographic Database, version 5.2 (MLRA_52)",POINT_WITHIN_MLRA
37894,S2017CO013014,40.1973305553,-105.4686111111,E,48A,52.0,Southern Rocky Mountains,Rocky Mountain Range and Forest Region,"USDA NRCS 2022 MLRA Geographic Database, version 5.2 (MLRA_52)",POINT_WITHIN_MLRA
37895,S2017CO013015,40.1973611111,-105.4720499997,E,48A,52.0,Southern Rocky Mountains,Rocky Mountain Range and Forest Region,"USDA NRCS 2022 MLRA Geographic Database, version 5.2 (MLRA_52)",POINT_WITHIN_MLRA
37896,S2017CO013016,40.1615694448,-105.5345305555,E,48A,52.0,Southern Rocky Mountains,Rocky Mountain Range and Forest Region,"USDA NRCS 2022 MLRA Geographic Database, version 5.2 (MLRA_52)",POINT_WITHIN_MLRA
37897,S2017CO013017,40.1630305555,-105.5423694441,E,48A,52.0,Southern Rocky Mountains,Rocky Mountain Range and Forest Region,"USDA NRCS 2022 MLRA Geographic Database, version 5.2 (MLRA_52)",POINT_WITHIN_MLRA
37898,S2017CO013018,40.1636611111,-105.539211111,E,48A,52.0,Southern Rocky Mountains,Rocky Mountain Range and Forest Region,"USDA NRCS 2022 MLRA Geographic Database, version 5.2 (MLRA_52)",POINT_WITHIN_MLRA
37899,S2017CO013019,40.1580194446,-105.5436111111,E,48A,52.0,Southern Rocky Mountains,Rocky Mountain Range and Forest Region,"USDA NRCS 2022 MLRA Geographic Database, version 5.2 (MLRA_52)",POINT_WITHIN_MLRA
37900,S2017CO013020,40.1785444439,-105.5358166665,E,48A,52.0,Southern Rocky Mountains,Rocky Mountain Range and Forest Region,"USDA NRCS 2022 MLRA Geographic Database, version 5.2 (MLRA_52)",POINT_WITHIN_MLRA
37901,S2017CO013021,40.1651444445,-105.5322944439,E,48A,52.0,Southern Rocky Mountains,Rocky Mountain Range and Forest Region,"USDA NRCS 2022 MLRA Geographic Database, version 5.2 (MLRA_52)",POINT_WITHIN_MLRA
39374,S2018CO013001,40.04221,-105.55876,E,48A,52.0,Southern Rocky Mountains,Rocky Mountain Range and Forest Region,"USDA NRCS 2022 MLRA Geographic Database, version 5.2 (MLRA_52)",POINT_WITHIN_MLRA
39375,S2018CO013003,40.05132,-105.56487,E,48A,52.0,Southern Rocky Mountains,Rocky Mountain Range and Forest Region,"USDA NRCS 2022 MLRA Geographic Database, version 5.2 (MLRA_52)",POINT_WITHIN_MLRA
39376,S2018CO013005,40.04379,-105.56975,E,48A,52.0,Southern Rocky Mountains,Rocky Mountain Range and Forest Region,"USDA NRCS 2022 MLRA Geographic Database, version 5.2 (MLRA_52)",POINT_WITHIN_MLRA
39378,S2018CO013007,40.037939,-105.563,E,48A,52.0,Southern Rocky Mountains,Rocky Mountain Range and Forest Region,"USDA NRCS 2022 MLRA Geographic Database, version 5.2 (MLRA_52)",POINT_WITHIN_MLRA
39379,S2018CO013008,40.05455,-105.567673,E,48A,52.0,Southern Rocky Mountains,Rocky Mountain Range and Forest Region,"USDA NRCS 2022 MLRA Geographic Database, version 5.2 (MLRA_52)",POINT_WITHIN_MLRA
39380,S2018CO013011,40.03416,-105.55553,E,48A,52.0,Southern Rocky Mountains,Rocky Mountain Range and Forest Region,"USDA NRCS 2022 MLRA Geographic Database, version 5.2 (MLRA_52)",POINT_WITHIN_MLRA
39381,S2018CO013014,40.05092,-105.54801,E,48A,52.0,Southern Rocky Mountains,Rocky Mountain Range and Forest Region,"USDA NRCS 2022 MLRA Geographic Database, version 5.2 (MLRA_52)",POINT_WITHIN_MLRA
39382,S2018CO013015,40.04025,-105.57253,E,48A,52.0,Southern Rocky Mountains,Rocky Mountain Range and Forest Region,"USDA NRCS 2022 MLRA Geographic Database, version 5.2 (MLRA_52)",POINT_WITHIN_MLRA
39383,S2018CO013016,40.04836,-105.54261,E,48A,52.0,Southern Rocky Mountains,Rocky Mountain Range and Forest Region,"USDA NRCS 2022 MLRA Geographic Database, version 5.2 (MLRA_52)",POINT_WITHIN_MLRA
39384,S2018CO013018,40.05269,-105.58386,E,48A,52.0,Southern Rocky Mountains,Rocky Mountain Range and Forest Region,"USDA NRCS 2022 MLRA Geographic Database, version 5.2 (MLRA_52)",POINT_WITHIN_MLRA
39385,S2018CO013022,40.03871,-105.557,E,48A,52.0,Southern Rocky Mountains,Rocky Mountain Range and Forest Region,"USDA NRCS 2022 MLRA Geographic Database, version 5.2 (MLRA_52)",POINT_WITHIN_MLRA
39386,S2018CO013026,40.04948,-105.57191,E,48A,52.0,Southern Rocky Mountains,Rocky Mountain Range and Forest Region,"USDA NRCS 2022 MLRA Geographic Database, version 5.2 (MLRA_52)",POINT_WITHIN_MLRA
39387,S2018CO013029,40.05274,-105.566,E,48A,52.0,Southern Rocky Mountains,Rocky Mountain Range and Forest Region,"USDA NRCS 2022 MLRA Geographic Database, version 5.2 (MLRA_52)",POINT_WITHIN_MLRA
37933,S2016FL107002,29.7036111111,-81.8569444444,U,155,215.0,Southern Florida Flatwoods,"Florida Subtropical Fruit, Truck Crop, and Range Region","USDA NRCS 2022 MLRA Geographic Database, version 5.2 (MLRA_52)",POINT_WITHIN_MLRA
37934,S2016FL107003,29.694811111,-81.9476000001,U,154,214.0,South-Central Florida Ridge,"Florida Subtropical Fruit, Truck Crop, and Range Region","USDA NRCS 2022 MLRA Geographic Database, version 5.2 (MLRA_52)",POINT_WITHIN_MLRA
37935,S2016FL107005,29.7225,-81.9858333333,U,154,214.0,South-Central Florida Ridge,"Florida Subtropical Fruit, Truck Crop, and Range Region","USDA NRCS 2022 MLRA Geographic Database, version 5.2 (MLRA_52)",POINT_WITHIN_MLRA
37936,S2016FL107007,29.6900888888,-81.9628000005,U,154,214.0,South-Central Florida Ridge,"Florida Subtropical Fruit, Truck Crop, and Range Region","USDA NRCS 2022 MLRA Geographic Database, version 5.2 (MLRA_52)",POINT_WITHIN_MLRA
37937,S2016FL107008,29.6986138884,-82.0177472222,U,154,214.0,South-Central Florida Ridge,"Florida Subtropical Fruit, Truck Crop, and Range Region","USDA NRCS 2022 MLRA Geographic Database, version 5.2 (MLRA_52)",POINT_WITHIN_MLRA
37938,S2016FL107010,29.6916666666,-81.9419444444,U,154,214.0,South-Central Florida Ridge,"Florida Subtropical Fruit, Truck Crop, and Range Region","USDA NRCS 2022 MLRA Geographic Database, version 5.2 (MLRA_52)",POINT_WITHIN_MLRA
37939,S2016FL107011,29.7214277776,-81.9872277779,U,154,214.0,South-Central Florida Ridge,"Florida Subtropical Fruit, Truck Crop, and Range Region","USDA NRCS 2022 MLRA Geographic Database, version 5.2 (MLRA_52)",POINT_WITHIN_MLRA
37940,S2016FL107013,29.6819722217,-81.9618055555,U,154,214.0,South-Central Florida Ridge,"Florida Subtropical Fruit, Truck Crop, and Range Region","USDA NRCS 2022 MLRA Geographic Database, version 5.2 (MLRA_52)",POINT_WITHIN_MLRA
37941,S2016FL107014,29.6926666662,-81.9583611112,U,154,214.0,South-Central Florida Ridge,"Florida Subtropical Fruit, Truck Crop, and Range Region","USDA NRCS 2022 MLRA Geographic Database, version 5.2 (MLRA_52)",POINT_WITHIN_MLRA
37942,S2016FL107015,29.7100694444,-81.9694999999,U,154,214.0,South-Central Florida Ridge,"Florida Subtropical Fruit, Truck Crop, and Range Region","USDA NRCS 2022 MLRA Geographic Database, version 5.2 (MLRA_52)",POINT_WITHIN_MLRA
37943,S2016FL107016,29.6822083335,-81.9677,U,154,214.0,South-Central Florida Ridge,"Florida Subtropical Fruit, Truck Crop, and Range Region","USDA NRCS 2022 MLRA Geographic Database, version 5.2 (MLRA_52)",POINT_WITHIN_MLRA
37944,S2016FL107017,29.7036888888,-81.9920000002,U,154,214.0,South-Central Florida Ridge,"Florida Subtropical Fruit, Truck Crop, and Range Region","USDA NRCS 2022 MLRA Geographic Database, version 5.2 (MLRA_52)",POINT_WITHIN_MLRA
37945,S2016FL107018,29.6864527776,-81.9429166666,U,154,214.0,South-Central Florida Ridge,"Florida Subtropical Fruit, Truck Crop, and Range Region","USDA NRCS 2022 MLRA Geographic Database, version 5.2 (MLRA_52)",POINT_WITHIN_MLRA
37946,S2016FL107020,29.6958083332,-81.9594194444,U,154,214.0,South-Central Florida Ridge,"Florida Subtropical Fruit, Truck Crop, and Range Region","USDA NRCS 2022 MLRA Geographic Database, version 5.2 (MLRA_52)",POINT_WITHIN_MLRA
37947,S2016FL107021,29.6955888885,-81.9532000001,U,154,214.0,South-Central Florida Ridge,"Florida Subtropical Fruit, Truck Crop, and Range Region","USDA NRCS 2022 MLRA Geographic Database, version 5.2 (MLRA_52)",POINT_WITHIN_MLRA
37948,S2016FL107022,29.6892999998,-81.9609000004,U,154,214.0,South-Central Florida Ridge,"Florida Subtropical Fruit, Truck Crop, and Range Region","USDA NRCS 2022 MLRA Geographic Database, version 5.2 (MLRA_52)",POINT_WITHIN_MLRA
37949,S2016FL107023,29.7225333335,-81.9856444443,U,154,214.0,South-Central Florida Ridge,"Florida Subtropical Fruit, Truck Crop, and Range Region","USDA NRCS 2022 MLRA Geographic Database, version 5.2 (MLRA_52)",POINT_WITHIN_MLRA
37950,S2016FL107024,29.7238444444,-81.9868805556,U,154,214.0,South-Central Florida Ridge,"Florida Subtropical Fruit, Truck Crop, and Range Region","USDA NRCS 2022 MLRA Geographic Database, version 5.2 (MLRA_52)",POINT_WITHIN_MLRA
37951,S2016FL107026,29.6934000004,-81.9922999996,U,154,214.0,South-Central Florida Ridge,"Florida Subtropical Fruit, Truck Crop, and Range Region","USDA NRCS 2022 MLRA Geographic Database, version 5.2 (MLRA_52)",POINT_WITHIN_MLRA
37952,S2016FL107031,29.6887888887,-81.9912972222,U,154,214.0,South-Central Florida Ridge,"Florida Subtropical Fruit, Truck Crop, and Range Region","USDA NRCS 2022 MLRA Geographic Database, version 5.2 (MLRA_52)",POINT_WITHIN_MLRA
37953,S2016FL107048,29.6792222224,-81.9464166662,U,154,214.0,South-Central Florida Ridge,"Florida Subtropical Fruit, Truck Crop, and Range Region","USDA NRCS 2022 MLRA Geographic Database, version 5.2 (MLRA_52)",POINT_WITHIN_MLRA
37954,S2016FL107050,29.6895055553,-82.0055916664,U,154,214.0,South-Central Florida Ridge,"Florida Subtropical Fruit, Truck Crop, and Range Region","USDA NRCS 2022 MLRA Geographic Database, version 5.2 (MLRA_52)",POINT_WITHIN_MLRA
37955,S2016FL107051,29.6775777774,-82.0079111109,U,154,214.0,South-Central Florida Ridge,"Florida Subtropical Fruit, Truck Crop, and Range Region","USDA NRCS 2022 MLRA Geographic Database, version 5.2 (MLRA_52)",POINT_WITHIN_MLRA
37865,S2015GA007001,31.1960833337,-84.4733444446,P,133A,183.0,Southern Coastal Plain,"South Atlantic and Gulf Slope Cash Crops, Forest, and Livestock Region","USDA NRCS 2022 MLRA Geographic Database, version 5.2 (MLRA_52)",POINT_WITHIN_MLRA
37866,S2015GA007003,31.2080527777,-84.4697277779,P,133A,183.0,Southern Coastal Plain,"South Atlantic and Gulf Slope Cash Crops, Forest, and Livestock Region","USDA NRCS 2022 MLRA Geographic Database, version 5.2 (MLRA_52)",POINT_WITHIN_MLRA
37867,S2015GA007004,31.2103611108,-84.4685305555,P,133A,183.0,Southern Coastal Plain,"South Atlantic and Gulf Slope Cash Crops, Forest, and Livestock Region","USDA NRCS 2022 MLRA Geographic Database, version 5.2 (MLRA_52)",POINT_WITHIN_MLRA
37868,S2015GA007005,31.1975138886,-84.4916055557,P,133A,183.0,Southern Coastal Plain,"South Atlantic and Gulf Slope Cash Crops, Forest, and Livestock Region","USDA NRCS 2022 MLRA Geographic Database, version 5.2 (MLRA_52)",POINT_WITHIN_MLRA
37869,S2015GA007006,31.1832277774,-84.4548222223,P,133A,183.0,Southern Coastal Plain,"South Atlantic and Gulf Slope Cash Crops, Forest, and Livestock Region","USDA NRCS 2022 MLRA Geographic Database, version 5.2 (MLRA_52)",POINT_WITHIN_MLRA
37870,S2015GA007008,31.20227,-84.4647,P,133A,183.0,Southern Coastal Plain,"South Atlantic and Gulf Slope Cash Crops, Forest, and Livestock Region","USDA NRCS 2022 MLRA Geographic Database, version 5.2 (MLRA_52)",POINT_WITHIN_MLRA
37871,S2015GA007009,31.19824,-84.4674,P,133A,183.0,Southern Coastal Plain,"South Atlantic and Gulf Slope Cash Crops, Forest, and Livestock Region","USDA NRCS 2022 MLRA Geographic Database, version 5.2 (MLRA_52)",POINT_WITHIN_MLRA
37872,S2015GA007010,31.19632,-84.462,P,133A,183.0,Southern Coastal Plain,"South Atlantic and Gulf Slope Cash Crops, Forest, and Livestock Region","USDA NRCS 2022 MLRA Geographic Database, version 5.2 (MLRA_52)",POINT_WITHIN_MLRA
37873,S2015GA007011,31.19627,-84.4643,P,133A,183.0,Southern Coastal Plain,"South Atlantic and Gulf Slope Cash Crops, Forest, and Livestock Region","USDA NRCS 2022 MLRA Geographic Database, version 5.2 (MLRA_52)",POINT_WITHIN_MLRA
37874,S2015GA007012,31.19437,-84.4603,P,133A,183.0,Southern Coastal Plain,"South Atlantic and Gulf Slope Cash Crops, Forest, and Livestock Region","USDA NRCS 2022 MLRA Geographic Database, version 5.2 (MLRA_52)",POINT_WITHIN_MLRA
37875,S2015GA007014,31.1945944446,-84.4522666666,P,133A,183.0,Southern Coastal Plain,"South Atlantic and Gulf Slope Cash Crops, Forest, and Livestock Region","USDA NRCS 2022 MLRA Geographic Database, version 5.2 (MLRA_52)",POINT_WITHIN_MLRA
37876,S2015GA007015,31.1873638889,-84.4560000001,P,133A,183.0,Southern Coastal Plain,"South Atlantic and Gulf Slope Cash Crops, Forest, and Livestock Region","USDA NRCS 2022 MLRA Geographic Database, version 5.2 (MLRA_52)",POINT_WITHIN_MLRA
37877,S2015GA007016,31.1949833329,-84.4510833333,P,133A,183.0,Southern Coastal Plain,"South Atlantic and Gulf Slope Cash Crops, Forest, and Livestock Region","USDA NRCS 2022 MLRA Geographic Database, version 5.2 (MLRA_52)",POINT_WITHIN_MLRA
37878,S2015GA007017,31.194863,-84.457,P,133A,183.0,Southern Coastal Plain,"South Atlantic and Gulf Slope Cash Crops, Forest, and Livestock Region","USDA NRCS 2022 MLRA Geographic Database, version 5.2 (MLRA_52)",POINT_WITHIN_MLRA
37879,S2015GA007019,31.1904833332,-84.4542777776,P,133A,183.0,Southern Coastal Plain,"South Atlantic and Gulf Slope Cash Crops, Forest, and Livestock Region","USDA NRCS 2022 MLRA Geographic Database, version 5.2 (MLRA_52)",POINT_WITHIN_MLRA
37880,S2015GA007021,31.19195,-84.4562,P,133A,183.0,Southern Coastal Plain,"South Atlantic and Gulf Slope Cash Crops, Forest, and Livestock Region","USDA NRCS 2022 MLRA Geographic Database, version 5.2 (MLRA_52)",POINT_WITHIN_MLRA
37881,S2015GA007022,31.1834749999,-84.4707527777,P,133A,183.0,Southern Coastal Plain,"South Atlantic and Gulf Slope Cash Crops, Forest, and Livestock Region","USDA NRCS 2022 MLRA Geographic Database, version 5.2 (MLRA_52)",POINT_WITHIN_MLRA
37882,S2015GA007024,31.1755555555,-84.46925,P,133A,183.0,Southern Coastal Plain,"South Atlantic and Gulf Slope Cash Crops, Forest, and Livestock Region","USDA NRCS 2022 MLRA Geographic Database, version 5.2 (MLRA_52)",POINT_WITHIN_MLRA
37883,S2015GA007025,31.1825555557,-84.4782222217,P,133A,183.0,Southern Coastal Plain,"South Atlantic and Gulf Slope Cash Crops, Forest, and Livestock Region","USDA NRCS 2022 MLRA Geographic Database, version 5.2 (MLRA_52)",POINT_WITHIN_MLRA
37884,S2015GA007026,31.1867333332,-84.464605556,P,133A,183.0,Southern Coastal Plain,"South Atlantic and Gulf Slope Cash Crops, Forest, and Livestock Region","USDA NRCS 2022 MLRA Geographic Database, version 5.2 (MLRA_52)",POINT_WITHIN_MLRA
37885,S2015GA007027,31.1850277777,-84.4762777773,P,133A,183.0,Southern Coastal Plain,"South Atlantic and Gulf Slope Cash Crops, Forest, and Livestock Region","USDA NRCS 2022 MLRA Geographic Database, version 5.2 (MLRA_52)",POINT_WITHIN_MLRA
37886,S2015GA007028,31.1782777775,-84.4701666667,P,133A,183.0,Southern Coastal Plain,"South Atlantic and Gulf Slope Cash Crops, Forest, and Livestock Region","USDA NRCS 2022 MLRA Geographic Database, version 5.2 (MLRA_52)",POINT_WITHIN_MLRA
37887,S2015GA007029,31.18668,-84.4645,P,133A,183.0,Southern Coastal Plain,"South Atlantic and Gulf Slope Cash Crops, Forest, and Livestock Region","USDA NRCS 2022 MLRA Geographic Database, version 5.2 (MLRA_52)",POINT_WITHIN_MLRA
39067,S2018HI001004,19.5577777777,-155.2302777777,V,162,225.0,Humid and Very Humid Organic Soils on Lava Flows,Hawaii Region,"USDA NRCS 2022 MLRA Geographic Database, version 5.2 (MLRA_52)",POINT_WITHIN_MLRA
39068,S2018HI001006,19.5781944444,-155.3182777778,V,162,225.0,Humid and Very Humid Organic Soils on Lava Flows,Hawaii Region,"USDA NRCS 2022 MLRA Geographic Database, version 5.2 (MLRA_52)",POINT_WITHIN_MLRA
39069,S2018HI001007,19.5541388887,-155.2288611115,V,162,225.0,Humid and Very Humid Organic Soils on Lava Flows,Hawaii Region,"USDA NRCS 2022 MLRA Geographic Database, version 5.2 (MLRA_52)",POINT_WITHIN_MLRA
39070,S2018HI001010,19.5993888886,-155.3136944442,V,162,225.0,Humid and Very Humid Organic Soils on Lava Flows,Hawaii Region,"USDA NRCS 2022 MLRA Geographic Database, version 5.2 (MLRA_52)",POINT_WITHIN_MLRA
39071,S2018HI001014,19.5875277778,-155.3398611111,V,162,225.0,Humid and Very Humid Organic Soils on Lava Flows,Hawaii Region,"USDA NRCS 2022 MLRA Geographic Database, version 5.2 (MLRA_52)",POINT_WITHIN_MLRA
39072,S2018HI001015,19.5609166664,-155.2497222222,V,162,225.0,Humid and Very Humid Organic Soils on Lava Flows,Hawaii Region,"USDA NRCS 2022 MLRA Geographic Database, version 5.2 (MLRA_52)",POINT_WITHIN_MLRA
39073,S2018HI001031,19.5535000001,-155.3192222221,V,162,225.0,Humid and Very Humid Organic Soils on Lava Flows,Hawaii Region,"USDA NRCS 2022 MLRA Geographic Database, version 5.2 (MLRA_52)",POINT_WITHIN_MLRA
39074,S2018HI001032,19.5505277777,-155.3161944442,V,162,225.0,Humid and Very Humid Organic Soils on Lava Flows,Hawaii Region,"USDA NRCS 2022 MLRA Geographic Database, version 5.2 (MLRA_52)",POINT_WITHIN_MLRA
39075,S2018HI001034,19.5490555551,-155.3123888884,V,162,225.0,Humid and Very Humid Organic Soils on Lava Flows,Hawaii Region,"USDA NRCS 2022 MLRA Geographic Database, version 5.2 (MLRA_52)",POINT_WITHIN_MLRA
39076,S2018HI001036,19.554361111,-155.3233888891,V,162,225.0,Humid and Very Humid Organic Soils on Lava Flows,Hawaii Region,"USDA NRCS 2022 MLRA Geographic Database, version 5.2 (MLRA_52)",POINT_WITHIN_MLRA
39080,S2018KS161002,39.115422,-96.6387001,H,76,91.0,Bluestem Hills,Central Great Plains Winter Wheat and Range Region,"USDA NRCS 2022 MLRA Geographic Database, version 5.2 (MLRA_52)",POINT_WITHIN_MLRA
38674,S2018KS161003,39.2149694442,-96.5990000004,H,76,91.0,Bluestem Hills,Central Great Plains Winter Wheat and Range Region,"USDA NRCS 2022 MLRA Geographic Database, version 5.2 (MLRA_52)",POINT_WITHIN_MLRA
38677,S2018KS161004,39.1241222222,-96.6380611112,H,76,91.0,Bluestem Hills,Central Great Plains Winter Wheat and Range Region,"USDA NRCS 2022 MLRA Geographic Database, version 5.2 (MLRA_52)",POINT_WITHIN_MLRA
38685,S2018KS161005,39.2214388889,-96.5828194448,H,76,91.0,Bluestem Hills,Central Great Plains Winter Wheat and Range Region,"USDA NRCS 2022 MLRA Geographic Database, version 5.2 (MLRA_52)",POINT_WITHIN_MLRA
39081,S2018KS161006,39.1247882,-96.6475661,H,76,91.0,Bluestem Hills,Central Great Plains Winter Wheat and Range Region,"USDA NRCS 2022 MLRA Geographic Database, version 5.2 (MLRA_52)",POINT_WITHIN_MLRA
38673,S2018KS161008,39.2172111111,-96.6010388888,H,76,91.0,Bluestem Hills,Central Great Plains Winter Wheat and Range Region,"USDA NRCS 2022 MLRA Geographic Database, version 5.2 (MLRA_52)",POINT_WITHIN_MLRA
38684,S2018KS161011,39.2229694445,-96.5955694442,H,76,91.0,Bluestem Hills,Central Great Plains Winter Wheat and Range Region,"USDA NRCS 2022 MLRA Geographic Database, version 5.2 (MLRA_52)",POINT_WITHIN_MLRA
38676,S2018KS161013,39.1264833333,-96.6420694446,H,76,91.0,Bluestem Hills,Central Great Plains Winter Wheat and Range Region,"USDA NRCS 2022 MLRA Geographic Database, version 5.2 (MLRA_52)",POINT_WITHIN_MLRA
38679,S2018KS161016,39.1205416666,-96.6385111109,H,76,91.0,Bluestem Hills,Central Great Plains Winter Wheat and Range Region,"USDA NRCS 2022 MLRA Geographic Database, version 5.2 (MLRA_52)",POINT_WITHIN_MLRA
38672,S2018KS161017,39.41203,-96.4874194444,H,76,91.0,Bluestem Hills,Central Great Plains Winter Wheat and Range Region,"USDA NRCS 2022 MLRA Geographic Database, version 5.2 (MLRA_52)",POINT_WITHIN_MLRA
38682,S2018KS161019,39.2131694444,-96.5896388891,H,76,91.0,Bluestem Hills,Central Great Plains Winter Wheat and Range Region,"USDA NRCS 2022 MLRA Geographic Database, version 5.2 (MLRA_52)",POINT_WITHIN_MLRA
38675,S2018KS161020,39.2172305555,-96.6010499999,H,76,91.0,Bluestem Hills,Central Great Plains Winter Wheat and Range Region,"USDA NRCS 2022 MLRA Geographic Database, version 5.2 (MLRA_52)",POINT_WITHIN_MLRA
38671,S2018KS161022,39.2282944446,-96.5917777776,H,76,91.0,Bluestem Hills,Central Great Plains Winter Wheat and Range Region,"USDA NRCS 2022 MLRA Geographic Database, version 5.2 (MLRA_52)",POINT_WITHIN_MLRA
39082,S2018KS161023,39.2163143,-96.5958711,H,76,91.0,Bluestem Hills,Central Great Plains Winter Wheat and Range Region,"USDA NRCS 2022 MLRA Geographic Database, version 5.2 (MLRA_52)",POINT_WITHIN_MLRA
38678,S2018KS161027,39.1236833333,-96.6423499997,H,76,91.0,Bluestem Hills,Central Great Plains Winter Wheat and Range Region,"USDA NRCS 2022 MLRA Geographic Database, version 5.2 (MLRA_52)",POINT_WITHIN_MLRA
39083,S2018KS161030,39.1262982,-96.6452249,H,76,91.0,Bluestem Hills,Central Great Plains Winter Wheat and Range Region,"USDA NRCS 2022 MLRA Geographic Database, version 5.2 (MLRA_52)",POINT_WITHIN_MLRA
38683,S2018KS161035,39.2098999998,-96.5927694447,H,76,91.0,Bluestem Hills,Central Great Plains Winter Wheat and Range Region,"USDA NRCS 2022 MLRA Geographic Database, version 5.2 (MLRA_52)",POINT_WITHIN_MLRA
38681,S2018KS161048,39.1078416665,-96.6128611108,H,76,91.0,Bluestem Hills,Central Great Plains Winter Wheat and Range Region,"USDA NRCS 2022 MLRA Geographic Database, version 5.2 (MLRA_52)",POINT_WITHIN_MLRA
38680,S2018KS161057,39.1083111111,-96.6147805553,H,76,91.0,Bluestem Hills,Central Great Plains Winter Wheat and Range Region,"USDA NRCS 2022 MLRA Geographic Database, version 5.2 (MLRA_52)",POINT_WITHIN_MLRA
38229,S2017PR079001,18.02438,-67.077,Z,273,267.0,Semiarid Coastal Plains,Caribbean Region,"USDA NRCS 2022 MLRA Geographic Database, version 5.2 (MLRA_52)",POINT_WITHIN_MLRA
38230,S2017PR079002,18.03524,-67.07352,Z,273,267.0,Semiarid Coastal Plains,Caribbean Region,"USDA NRCS 2022 MLRA Geographic Database, version 5.2 (MLRA_52)",POINT_WITHIN_MLRA
38231,S2017PR079004,18.01759,-67.08112,Z,273,267.0,Semiarid Coastal Plains,Caribbean Region,"USDA NRCS 2022 MLRA Geographic Database, version 5.2 (MLRA_52)",POINT_WITHIN_MLRA
38232,S2017PR079005,18.02552,-67.08495,Z,273,267.0,Semiarid Coastal Plains,Caribbean Region,"USDA NRCS 2022 MLRA Geographic Database, version 5.2 (MLRA_52)",POINT_WITHIN_MLRA
38233,S2017PR079009,18.03214,-67.06933,Z,273,267.0,Semiarid Coastal Plains,Caribbean Region,"USDA NRCS 2022 MLRA Geographic Database, version 5.2 (MLRA_52)",POINT_WITHIN_MLRA
38234,S2017PR079010,18.02638,-67.08287,Z,273,267.0,Semiarid Coastal Plains,Caribbean Region,"USDA NRCS 2022 MLRA Geographic Database, version 5.2 (MLRA_52)",POINT_WITHIN_MLRA
38235,S2017PR079011,18.01787,-67.08452,Z,273,267.0,Semiarid Coastal Plains,Caribbean Region,"USDA NRCS 2022 MLRA Geographic Database, version 5.2 (MLRA_52)",POINT_WITHIN_MLRA
38236,S2017PR079012,18.0225,-67.08388,Z,273,267.0,Semiarid Coastal Plains,Caribbean Region,"USDA NRCS 2022 MLRA Geographic Database, version 5.2 (MLRA_52)",POINT_WITHIN_MLRA
38237,S2017PR079014,18.02329,-67.08044,Z,273,267.0,Semiarid Coastal Plains,Caribbean Region,"USDA NRCS 2022 MLRA Geographic Database, version 5.2 (MLRA_52)",POINT_WITHIN_MLRA
38238,S2017PR079015,18.03429,-67.06707,Z,273,267.0,Semiarid Coastal Plains,Caribbean Region,"USDA NRCS 2022 MLRA Geographic Database, version 5.2 (MLRA_52)",POINT_WITHIN_MLRA
38239,S2017PR079016,18.03026,-67.07106,Z,273,267.0,Semiarid Coastal Plains,Caribbean Region,"USDA NRCS 2022 MLRA Geographic Database, version 5.2 (MLRA_52)",POINT_WITHIN_MLRA
38240,S2017PR079017,18.01751,-67.07508,Z,273,267.0,Semiarid Coastal Plains,Caribbean Region,"USDA NRCS 2022 MLRA Geographic Database, version 5.2 (MLRA_52)",POINT_WITHIN_MLRA
38241,S2017PR079020,18.03091,-67.0761,Z,273,267.0,Semiarid Coastal Plains,Caribbean Region,"USDA NRCS 2022 MLRA Geographic Database, version 5.2 (MLRA_52)",POINT_WITHIN_MLRA
38242,S2017PR079022,18.02947,-67.07357,Z,273,267.0,Semiarid Coastal Plains,Caribbean Region,"USDA NRCS 2022 MLRA Geographic Database, version 5.2 (MLRA_52)",POINT_WITHIN_MLRA
38243,S2017PR079025,18.03461,-67.0648,Z,273,267.0,Semiarid Coastal Plains,Caribbean Region,"USDA NRCS 2022 MLRA Geographic Database, version 5.2 (MLRA_52)",POINT_WITHIN_MLRA
38244,S2017PR079027,18.03512,-67.07068,Z,273,267.0,Semiarid Coastal Plains,Caribbean Region,"USDA NRCS 2022 MLRA Geographic Database, version 5.2 (MLRA_52)",POINT_WITHIN_MLRA
38245,S2017PR079028,18.03762,-67.07178,Z,273,267.0,Semiarid Coastal Plains,Caribbean Region,"USDA NRCS 2022 MLRA Geographic Database, version 5.2 (MLRA_52)",POINT_WITHIN_MLRA
38246,S2017PR079029,18.02385,-67.04166,Z,273,267.0,Semiarid Coastal Plains,Caribbean Region,"USDA NRCS 2022 MLRA Geographic Database, version 5.2 (MLRA_52)",POINT_WITHIN_MLRA
38247,S2017PR079030,18.03957,-67.07042,Z,273,267.0,Semiarid Coastal Plains,Caribbean Region,"USDA NRCS 2022 MLRA Geographic Database, version 5.2 (MLRA_52)",POINT_WITHIN_MLRA
39282,S2018PR055006,17.963656,-66.87581,Z,271,265.0,Semiarid Mountains and Valleys,Caribbean Region,"USDA NRCS 2022 MLRA Geographic Database, version 5.2 (MLRA_52)",POINT_WITHIN_MLRA
39284,S2018PR055009,17.979265,-66.868003,Z,271,265.0,Semiarid Mountains and Valleys,Caribbean Region,"USDA NRCS 2022 MLRA Geographic Database, version 5.2 (MLRA_52)",POINT_WITHIN_MLRA
39285,S2018PR055010,17.9723,-66.87153,Z,271,265.0,Semiarid Mountains and Valleys,Caribbean Region,"USDA NRCS 2022 MLRA Geographic Database, version 5.2 (MLRA_52)",POINT_WITHIN_MLRA
39286,S2018PR055012,17.95146,-66.89913,Z,271,265.0,Semiarid Mountains and Valleys,Caribbean Region,"USDA NRCS 2022 MLRA Geographic Database, version 5.2 (MLRA_52)",POINT_WITHIN_MLRA
39290,S2018PR055016,17.967822,-66.884843,Z,271,265.0,Semiarid Mountains and Valleys,Caribbean Region,"USDA NRCS 2022 MLRA Geographic Database, version 5.2 (MLRA_52)",POINT_WITHIN_MLRA
39292,S2018PR055020,17.954059,-66.89295,Z,271,265.0,Semiarid Mountains and Valleys,Caribbean Region,"USDA NRCS 2022 MLRA Geographic Database, version 5.2 (MLRA_52)",POINT_WITHIN_MLRA
39294,S2018PR055023,17.98348,-66.87925,Z,271,265.0,Semiarid Mountains and Valleys,Caribbean Region,"USDA NRCS 2022 MLRA Geographic Database, version 5.2 (MLRA_52)",POINT_WITHIN_MLRA
39295,S2018PR055024,17.961525,-66.900723,Z,271,265.0,Semiarid Mountains and Valleys,Caribbean Region,"USDA NRCS 2022 MLRA Geographic Database, version 5.2 (MLRA_52)",POINT_WITHIN_MLRA
39279,S2018PR059002,17.970141,-66.824778,Z,271,265.0,Semiarid Mountains and Valleys,Caribbean Region,"USDA NRCS 2022 MLRA Geographic Database, version 5.2 (MLRA_52)",POINT_WITHIN_MLRA
39283,S2018PR059008,17.965624,-66.832204,Z,271,265.0,Semiarid Mountains and Valleys,Caribbean Region,"USDA NRCS 2022 MLRA Geographic Database, version 5.2 (MLRA_52)",POINT_WITHIN_MLRA
39287,S2018PR059013,17.963535,-66.837886,Z,271,265.0,Semiarid Mountains and Valleys,Caribbean Region,"USDA NRCS 2022 MLRA Geographic Database, version 5.2 (MLRA_52)",POINT_WITHIN_MLRA
39291,S2018PR059017,17.965356,-66.835344,Z,271,265.0,Semiarid Mountains and Valleys,Caribbean Region,"USDA NRCS 2022 MLRA Geographic Database, version 5.2 (MLRA_52)",POINT_WITHIN_MLRA
39293,S2018PR059022,17.957765,-66.833972,Z,271,265.0,Semiarid Mountains and Valleys,Caribbean Region,"USDA NRCS 2022 MLRA Geographic Database, version 5.2 (MLRA_52)",POINT_WITHIN_MLRA
39278,S2018PR153001,17.97266,-66.85137,Z,271,265.0,Semiarid Mountains and Valleys,Caribbean Region,"USDA NRCS 2022 MLRA Geographic Database, version 5.2 (MLRA_52)",POINT_WITHIN_MLRA
39280,S2018PR153003,17.973025,-66.861828,Z,271,265.0,Semiarid Mountains and Valleys,Caribbean Region,"USDA NRCS 2022 MLRA Geographic Database, version 5.2 (MLRA_52)",POINT_WITHIN_MLRA
39281,S2018PR153004,17.969092,-66.852851,Z,271,265.0,Semiarid Mountains and Valleys,Caribbean Region,"USDA NRCS 2022 MLRA Geographic Database, version 5.2 (MLRA_52)",POINT_WITHIN_MLRA
39288,S2018PR153014,17.95561,-66.85236,Z,271,265.0,Semiarid Mountains and Valleys,Caribbean Region,"USDA NRCS 2022 MLRA Geographic Database, version 5.2 (MLRA_52)",POINT_WITHIN_MLRA
39289,S2018PR153015,17.97677,-66.86211,Z,271,265.0,Semiarid Mountains and Valleys,Caribbean Region,"USDA NRCS 2022 MLRA Geographic Database, version 5.2 (MLRA_52)",POINT_WITHIN_MLRA
39242,S2018VA071001,37.3605555,-80.5251944,N,128,175.0,Southern Appalachian Ridges and Valleys,East and Central Farming and Forest Region,"USDA NRCS 2022 MLRA Geographic Database, version 5.2 (MLRA_52)",POINT_WITHIN_MLRA
39239,S2018VA071004,37.4292777,-80.512,N,128,175.0,Southern Appalachian Ridges and Valleys,East and Central Farming and Forest Region,"USDA NRCS 2022 MLRA Geographic Database, version 5.2 (MLRA_52)",POINT_WITHIN_MLRA
39237,S2018VA071006,37.4266111,-80.56425,N,128,175.0,Southern Appalachian Ridges and Valleys,East and Central Farming and Forest Region,"USDA NRCS 2022 MLRA Geographic Database, version 5.2 (MLRA_52)",POINT_WITHIN_MLRA
39241,S2018VA071009,37.3742222,-80.5186944,N,128,175.0,Southern Appalachian Ridges and Valleys,East and Central Farming and Forest Region,"USDA NRCS 2022 MLRA Geographic Database, version 5.2 (MLRA_52)",POINT_WITHIN_MLRA
39236,S2018VA071013,37.432333,-80.55975,N,128,175.0,Southern Appalachian Ridges and Valleys,East and Central Farming and Forest Region,"USDA NRCS 2022 MLRA Geographic Database, version 5.2 (MLRA_52)",POINT_WITHIN_MLRA
39243,S2018VA071014,37.4169444,-80.5576944,N,128,175.0,Southern Appalachian Ridges and Valleys,East and Central Farming and Forest Region,"USDA NRCS 2022 MLRA Geographic Database, version 5.2 (MLRA_52)",POINT_WITHIN_MLRA
39238,S2018VA071019,37.424222,-80.5513888,N,128,175.0,Southern Appalachian Ridges and Valleys,East and Central Farming and Forest Region,"USDA NRCS 2022 MLRA Geographic Database, version 5.2 (MLRA_52)",POINT_WITHIN_MLRA
39240,S2018VA071030,37.4302777,-80.5083888,N,128,175.0,Southern Appalachian Ridges and Valleys,East and Central Farming and Forest Region,"USDA NRCS 2022 MLRA Geographic Database, version 5.2 (MLRA_52)",POINT_WITHIN_MLRA
39234,S2018VA071061,37.3764722,-80.52,N,128,175.0,Southern Appalachian Ridges and Valleys,East and Central Farming and Forest Region,"USDA NRCS 2022 MLRA Geographic Database, version 5.2 (MLRA_52)",POINT_WITHIN_MLRA
39235,S2018VA071064,37.3753888,-80.5206111,N,128,175.0,Southern Appalachian Ridges and Valleys,East and Central Farming and Forest Region,"USDA NRCS 2022 MLRA Geographic Database, version 5.2 (MLRA_52)",POINT_WITHIN_MLRA
39304,S2018WA059002,45.811136,-121.990738,A,3,3.0,Olympic and Cascade Mountains,"Northwestern Forest, Forage, and Specialty Crop Region","USDA NRCS 2022 MLRA Geographic Database, version 5.2 (MLRA_52)",POINT_WITHIN_MLRA
39413,S2018WA059009,45.83587,-112.001739,E,44B,49.0,Central Rocky Mountain Valleys,Rocky Mountain Range and Forest Region,"USDA NRCS 2022 MLRA Geographic Database, version 5.2 (MLRA_52)",POINT_WITHIN_MLRA
39305,S2018WA059011,45.8345992,-121.983504,A,3,3.0,Olympic and Cascade Mountains,"Northwestern Forest, Forage, and Specialty Crop Region","USDA NRCS 2022 MLRA Geographic Database, version 5.2 (MLRA_52)",POINT_WITHIN_MLRA
39306,S2018WA059012,45.840464,-121.863428,A,3,3.0,Olympic and Cascade Mountains,"Northwestern Forest, Forage, and Specialty Crop Region","USDA NRCS 2022 MLRA Geographic Database, version 5.2 (MLRA_52)",POINT_WITHIN_MLRA
39307,S2018WA059013,45.835772,-122.018913,A,3,3.0,Olympic and Cascade Mountains,"Northwestern Forest, Forage, and Specialty Crop Region","USDA NRCS 2022 MLRA Geographic Database, version 5.2 (MLRA_52)",POINT_WITHIN_MLRA
39308,S2018WA059016,45.826278,-121.993817,A,3,3.0,Olympic and Cascade Mountains,"Northwestern Forest, Forage, and Specialty Crop Region","USDA NRCS 2022 MLRA Geographic Database, version 5.2 (MLRA_52)",POINT_WITHIN_MLRA
39309,S2018WA059019,45.819727,-121.968838,A,3,3.0,Olympic and Cascade Mountains,"Northwestern Forest, Forage, and Specialty Crop Region","USDA NRCS 2022 MLRA Geographic Database, version 5.2 (MLRA_52)",POINT_WITHIN_MLRA
39310,S2018WA059024,45.848969,-121.996819,A,3,3.0,Olympic and Cascade Mountains,"Northwestern Forest, Forage, and Specialty Crop Region","USDA NRCS 2022 MLRA Geographic Database, version 5.2 (MLRA_52)",POINT_WITHIN_MLRA
39311,S2018WA059026,45.842573,-122.008611,A,3,3.0,Olympic and Cascade Mountains,"Northwestern Forest, Forage, and Specialty Crop Region","USDA NRCS 2022 MLRA Geographic Database, version 5.2 (MLRA_52)",POINT_WITHIN_MLRA
39312,S2018WA059027,45.818731,-121.975891,A,3,3.0,Olympic and Cascade Mountains,"Northwestern Forest, Forage, and Specialty Crop Region","USDA NRCS 2022 MLRA Geographic Database, version 5.2 (MLRA_52)",POINT_WITHIN_MLRA
39313,S2018WA059070,45.824059,-121.955549,A,3,3.0,Olympic and Cascade Mountains,"Northwestern Forest, Forage, and Specialty Crop Region","USDA NRCS 2022 MLRA Geographic Database, version 5.2 (MLRA_52)",POINT_WITHIN_MLRA
39388,S2018WY029001,44.91763,-110.41037,E,43B,46.0,Central Rocky Mountains,Rocky Mountain Range and Forest Region,"USDA NRCS 2022 MLRA Geographic Database, version 5.2 (MLRA_52)",POINT_WITHIN_MLRA
39389,S2018WY029004,44.96272,-110.59312,E,43B,46.0,Central Rocky Mountains,Rocky Mountain Range and Forest Region,"USDA NRCS 2022 MLRA Geographic Database, version 5.2 (MLRA_52)",POINT_WITHIN_MLRA
39390,S2018WY029005,44.94827,-110.63152,E,43B,46.0,Central Rocky Mountains,Rocky Mountain Range and Forest Region,"USDA NRCS 2022 MLRA Geographic Database, version 5.2 (MLRA_52)",POINT_WITHIN_MLRA
39391,S2018WY029007,44.91765,-110.42883,E,43B,46.0,Central Rocky Mountains,Rocky Mountain Range and Forest Region,"USDA NRCS 2022 MLRA Geographic Database, version 5.2 (MLRA_52)",POINT_WITHIN_MLRA
39392,S2018WY029012,44.94451,-110.43388,E,43B,46.0,Central Rocky Mountains,Rocky Mountain Range and Forest Region,"USDA NRCS 2022 MLRA Geographic Database, version 5.2 (MLRA_52)",POINT_WITHIN_MLRA
39394,S2018WY029019,44.95548,-110.49455,E,43B,46.0,Central Rocky Mountains,Rocky Mountain Range and Forest Region,"USDA NRCS 2022 MLRA Geographic Database, version 5.2 (MLRA_52)",POINT_WITHIN_MLRA
39395,S2018WY029021,44.90382,-110.4183,E,43B,46.0,Central Rocky Mountains,Rocky Mountain Range and Forest Region,"USDA NRCS 2022 MLRA Geographic Database, version 5.2 (MLRA_52)",POINT_WITHIN_MLRA
39396,S2018WY029022,44.93846,-110.43203,E,43B,46.0,Central Rocky Mountains,Rocky Mountain Range and Forest Region,"USDA NRCS 2022 MLRA Geographic Database, version 5.2 (MLRA_52)",POINT_WITHIN_MLRA
39397,S2018WY029024,44.96801,-110.4919,E,43B,46.0,Central Rocky Mountains,Rocky Mountain Range and Forest Region,"USDA NRCS 2022 MLRA Geographic Database, version 5.2 (MLRA_52)",POINT_WITHIN_MLRA
39398,S2018WY029025,44.96635,-110.5034,E,43B,46.0,Central Rocky Mountains,Rocky Mountain Range and Forest Region,"USDA NRCS 2022 MLRA Geographic Database, version 5.2 (MLRA_52)",POINT_WITHIN_MLRA
39399,S2018WY029029,44.93988,-110.64149,E,43B,46.0,Central Rocky Mountains,Rocky Mountain Range and Forest Region,"USDA NRCS 2022 MLRA Geographic Database, version 5.2 (MLRA_52)",POINT_WITHIN_MLRA
39463,S2018AK185102,68.627798,-149.347657,Y,245,262.0,Arctic Foothills,Northern Alaska,"USDA NRCS 2022 MLRA Geographic Database, version 5.2 (MLRA_52)",POINT_WITHIN_MLRA
39464,S2018AK185103,68.640117,-149.6429,Y,245,262.0,Arctic Foothills,Northern Alaska,"USDA NRCS 2022 MLRA Geographic Database, version 5.2 (MLRA_52)",POINT_WITHIN_MLRA
39465,S2018AK185108,68.561111,-149.510549,Y,245,262.0,Arctic Foothills,Northern Alaska,"USDA NRCS 2022 MLRA Geographic Database, version 5.2 (MLRA_52)",POINT_WITHIN_MLRA
39466,S2018AK185109,68.627221,-149.324681,Y,245,262.0,Arctic Foothills,Northern Alaska,"USDA NRCS 2022 MLRA Geographic Database, version 5.2 (MLRA_52)",POINT_WITHIN_MLRA
39467,S2018AK185111,68.6258666,-149.5916611,Y,245,262.0,Arctic Foothills,Northern Alaska,"USDA NRCS 2022 MLRA Geographic Database, version 5.2 (MLRA_52)",POINT_WITHIN_MLRA
39468,S2018AK185113,68.615093,-149.335225,Y,245,262.0,Arctic Foothills,Northern Alaska,"USDA NRCS 2022 MLRA Geographic Database, version 5.2 (MLRA_52)",POINT_WITHIN_MLRA
39469,S2018AK185117,68.604999,-149.4926775,Y,245,262.0,Arctic Foothills,Northern Alaska,"USDA NRCS 2022 MLRA Geographic Database, version 5.2 (MLRA_52)",POINT_WITHIN_MLRA
39470,S2018AK185118,68.629877,-149.575813,Y,245,262.0,Arctic Foothills,Northern Alaska,"USDA NRCS 2022 MLRA Geographic Database, version 5.2 (MLRA_52)",POINT_WITHIN_MLRA
39471,S2018AK185119,68.6313465,-149.3634368,Y,245,262.0,Arctic Foothills,Northern Alaska,"USDA NRCS 2022 MLRA Geographic Database, version 5.2 (MLRA_52)",POINT_WITHIN_MLRA
39472,S2018AK185120,68.635653,-149.653307,Y,245,262.0,Arctic Foothills,Northern Alaska,"USDA NRCS 2022 MLRA Geographic Database, version 5.2 (MLRA_52)",POINT_WITHIN_MLRA
39473,S2018AK185122,68.6368436,-149.3566527,Y,245,262.0,Arctic Foothills,Northern Alaska,"USDA NRCS 2022 MLRA Geographic Database, version 5.2 (MLRA_52)",POINT_WITHIN_MLRA
39474,S2018AK185123,68.615128,-149.330614,Y,245,262.0,Arctic Foothills,Northern Alaska,"USDA NRCS 2022 MLRA Geographic Database, version 5.2 (MLRA_52)",POINT_WITHIN_MLRA
39475,S2018AK185128,68.563715,-149.495428,Y,245,262.0,Arctic Foothills,Northern Alaska,"USDA NRCS 2022 MLRA Geographic Database, version 5.2 (MLRA_52)",POINT_WITHIN_MLRA
39476,S2018AK185131,68.59999883,-149.5010235,Y,245,262.0,Arctic Foothills,Northern Alaska,"USDA NRCS 2022 MLRA Geographic Database, version 5.2 (MLRA_52)",POINT_WITHIN_MLRA
39477,S2018AK185132,68.565693,-149.508239,Y,245,262.0,Arctic Foothills,Northern Alaska,"USDA NRCS 2022 MLRA Geographic Database, version 5.2 (MLRA_52)",POINT_WITHIN_MLRA
39478,S2018AK185135,68.576359,-149.513909,Y,245,262.0,Arctic Foothills,Northern Alaska,"USDA NRCS 2022 MLRA Geographic Database, version 5.2 (MLRA_52)",POINT_WITHIN_MLRA
39479,S2018AK185136,68.564168,-149.522807,Y,245,262.0,Arctic Foothills,Northern Alaska,"USDA NRCS 2022 MLRA Geographic Database, version 5.2 (MLRA_52)",POINT_WITHIN_MLRA
39480,S2018AK185171,68.5998796,-149.510566,Y,245,262.0,Arctic Foothills,Northern Alaska,"USDA NRCS 2022 MLRA Geographic Database, version 5.2 (MLRA_52)",POINT_WITHIN_MLRA
39481,S2018AK185172,68.618738,-149.339989,Y,245,262.0,Arctic Foothills,Northern Alaska,"USDA NRCS 2022 MLRA Geographic Database, version 5.2 (MLRA_52)",POINT_WITHIN_MLRA
39489,S2018AK090001,65.174309,-147.478513,X1,231,249.0,Interior Alaska Highlands,Interior Alaska,"USDA NRCS 2022 MLRA Geographic Database, version 5.2 (MLRA_52)",POINT_WITHIN_MLRA
39490,S2018AK090002,65.1634124,-147.5275269,X1,231,249.0,Interior Alaska Highlands,Interior Alaska,"USDA NRCS 2022 MLRA Geographic Database, version 5.2 (MLRA_52)",POINT_WITHIN_MLRA
39491,S2018AK090003,65.2009577,-147.4865847,X1,231,249.0,Interior Alaska Highlands,Interior Alaska,"USDA NRCS 2022 MLRA Geographic Database, version 5.2 (MLRA_52)",POINT_WITHIN_MLRA
39492,S2018AK090007,65.1935447,-147.4448096,X1,231,249.0,Interior Alaska Highlands,Interior Alaska,"USDA NRCS 2022 MLRA Geographic Database, version 5.2 (MLRA_52)",POINT_WITHIN_MLRA
39493,S2018AK090008,65.156524,-147.569699,X1,231,249.0,Interior Alaska Highlands,Interior Alaska,"USDA NRCS 2022 MLRA Geographic Database, version 5.2 (MLRA_52)",POINT_WITHIN_MLRA
39494,S2018AK090010,65.157372,-147.47431,X1,231,249.0,Interior Alaska Highlands,Interior Alaska,"USDA NRCS 2022 MLRA Geographic Database, version 5.2 (MLRA_52)",POINT_WITHIN_MLRA
39495,S2018AK090013,65.1767632,-147.5597875,X1,231,249.0,Interior Alaska Highlands,Interior Alaska,"USDA NRCS 2022 MLRA Geographic Database, version 5.2 (MLRA_52)",POINT_WITHIN_MLRA
39496,S2018AK090015,65.17665,-147.502268,X1,231,249.0,Interior Alaska Highlands,Interior Alaska,"USDA NRCS 2022 MLRA Geographic Database, version 5.2 (MLRA_52)",POINT_WITHIN_MLRA
39497,S2018AK090016,65.1997872,-147.5077565,X1,231,249.0,Interior Alaska Highlands,Interior Alaska,"USDA NRCS 2022 MLRA Geographic Database, version 5.2 (MLRA_52)",POINT_WITHIN_MLRA
39498,S2018AK090018,65.193243,-147.537846,X1,231,249.0,Interior Alaska Highlands,Interior Alaska,"USDA NRCS 2022 MLRA Geographic Database, version 5.2 (MLRA_52)",POINT_WITHIN_MLRA
39499,S2018AK090019,65.1982723,-147.4814555,X1,231,249.0,Interior Alaska Highlands,Interior Alaska,"USDA NRCS 2022 MLRA Geographic Database, version 5.2 (MLRA_52)",POINT_WITHIN_MLRA
39500,S2018AK090021,65.1514911,-147.4569545,X1,231,249.0,Interior Alaska Highlands,Interior Alaska,"USDA NRCS 2022 MLRA Geographic Database, version 5.2 (MLRA_52)",POINT_WITHIN_MLRA
39501,S2018AK090022,65.1573882,-147.4787172,X1,231,249.0,Interior Alaska Highlands,Interior Alaska,"USDA NRCS 2022 MLRA Geographic Database, version 5.2 (MLRA_52)",POINT_WITHIN_MLRA
39502,S2018AK090023,65.165593,-147.511591,X1,231,249.0,Interior Alaska Highlands,Interior Alaska,"USDA NRCS 2022 MLRA Geographic Database, version 5.2 (MLRA_52)",POINT_WITHIN_MLRA
39503,S2018AK090027,65.1628256,-147.5960264,X1,231,249.0,Interior Alaska Highlands,Interior Alaska,"USDA NRCS 2022 MLRA Geographic Database, version 5.2 (MLRA_52)",POINT_WITHIN_MLRA
39504,S2018AK090028,65.1768491,-147.4560296,X1,231,249.0,Interior Alaska Highlands,Interior Alaska,"USDA NRCS 2022 MLRA Geographic Database, version 5.2 (MLRA_52)",POINT_WITHIN_MLRA
43156,S2021CA019001,37.07343,-118.99351,D,22A,22.0,Sierra Nevada and Tehachapi Mountains,Western Range and Irrigated Region,"USDA NRCS 2022 MLRA Geographic Database, version 5.2 (MLRA_52)",POINT_WITHIN_MLRA
43157,S2021CA019002,37.05949,-118.98138,D,22A,22.0,Sierra Nevada and Tehachapi Mountains,Western Range and Irrigated Region,"USDA NRCS 2022 MLRA Geographic Database, version 5.2 (MLRA_52)",POINT_WITHIN_MLRA
43158,S2021CA019003,37.0582,-118.98868,D,22A,22.0,Sierra Nevada and Tehachapi Mountains,Western Range and Irrigated Region,"USDA NRCS 2022 MLRA Geographic Database, version 5.2 (MLRA_52)",POINT_WITHIN_MLRA
43159,S2021CA019004,37.05516,-118.98226,D,22A,22.0,Sierra Nevada and Tehachapi Mountains,Western Range and Irrigated Region,"USDA NRCS 2022 MLRA Geographic Database, version 5.2 (MLRA_52)",POINT_WITHIN_MLRA
43160,S2021CA019005,37.03018,-119.00639,D,22A,22.0,Sierra Nevada and Tehachapi Mountains,Western Range and Irrigated Region,"USDA NRCS 2022 MLRA Geographic Database, version 5.2 (MLRA_52)",POINT_WITHIN_MLRA
43161,S2021CA019006,37.0142593383,-119.0491485595,D,22A,22.0,Sierra Nevada and Tehachapi Mountains,Western Range and Irrigated Region,"USDA NRCS 2022 MLRA Geographic Database, version 5.2 (MLRA_52)",POINT_WITHIN_MLRA
43162,S2021CA019007,37.0135116577,-119.0313491821,D,22A,22.0,Sierra Nevada and Tehachapi Mountains,Western Range and Irrigated Region,"USDA NRCS 2022 MLRA Geographic Database, version 5.2 (MLRA_52)",POINT_WITHIN_MLRA
43163,S2021CA019008,37.0030899047,-119.0102005004,D,22A,22.0,Sierra Nevada and Tehachapi Mountains,Western Range and Irrigated Region,"USDA NRCS 2022 MLRA Geographic Database, version 5.2 (MLRA_52)",POINT_WITHIN_MLRA
43164,S2021CA019009,36.9942588806,-119.0373306274,D,22A,22.0,Sierra Nevada and Tehachapi Mountains,Western Range and Irrigated Region,"USDA NRCS 2022 MLRA Geographic Database, version 5.2 (MLRA_52)",POINT_WITHIN_MLRA
43165,S2021CA019010,36.992980957,-119.0337677001,D,22A,22.0,Sierra Nevada and Tehachapi Mountains,Western Range and Irrigated Region,"USDA NRCS 2022 MLRA Geographic Database, version 5.2 (MLRA_52)",POINT_WITHIN_MLRA
43166,S2021CA019011,36.9755,-119.0573,D,22A,22.0,Sierra Nevada and Tehachapi Mountains,Western Range and Irrigated Region,"USDA NRCS 2022 MLRA Geographic Database, version 5.2 (MLRA_52)",POINT_WITHIN_MLRA
43167,S2021CA019012,36.973701477,-119.0093765258,D,22A,22.0,Sierra Nevada and Tehachapi Mountains,Western Range and Irrigated Region,"USDA NRCS 2022 MLRA Geographic Database, version 5.2 (MLRA_52)",POINT_WITHIN_MLRA
24186,S2012CO123001,40.8131111,-104.7443889,G,67B,82.0,"Central High Plains, Southern Part",Western Great Plains Range and Irrigated Region,"USDA NRCS 2022 MLRA Geographic Database, version 5.2 (MLRA_52)",POINT_WITHIN_MLRA
23336,S2012MA027001,42.5356111,-72.1755556,R,144B,198.0,"New England and Eastern New York Upland, Northern Part",Northeastern Forage and Forest Region,"USDA NRCS 2022 MLRA Geographic Database, version 5.2 (MLRA_52)",POINT_WITHIN_MLRA
24847,S2012ND093001,47.158989,-99.239021,F,53B,58.0,Central Dark Brown Glaciated Plains,Northern Great Plains Spring Wheat Region,"USDA NRCS 2022 MLRA Geographic Database, version 5.2 (MLRA_52)",POINT_WITHIN_MLRA
30342,S2013AL063001,32.541,-87.8031667,P,135A,187.0,Alabama and Mississippi Blackland Prairie,"South Atlantic and Gulf Slope Cash Crops, Forest, and Livestock Region","USDA NRCS 2022 MLRA Geographic Database, version 5.2 (MLRA_52)",POINT_WITHIN_MLRA
30209,S2013CO075001,40.4598333,-103.0300833,H,72,87.0,Central High Tableland,Central Great Plains Winter Wheat and Range Region,"USDA NRCS 2022 MLRA Geographic Database, version 5.2 (MLRA_52)",POINT_WITHIN_MLRA
30664,S2013CO069001,40.2770556,-105.54525,E,48A,52.0,Southern Rocky Mountains,Rocky Mountain Range and Forest Region,"USDA NRCS 2022 MLRA Geographic Database, version 5.2 (MLRA_52)",POINT_WITHIN_MLRA
29041,S2013FL097001,28.1291889,-81.4339194,U,155,215.0,Southern Florida Flatwoods,"Florida Subtropical Fruit, Truck Crop, and Range Region","USDA NRCS 2022 MLRA Geographic Database, version 5.2 (MLRA_52)",POINT_WITHIN_MLRA
27999,S2012GA007001,31.1960694,-84.4664694,P,133A,183.0,Southern Coastal Plain,"South Atlantic and Gulf Slope Cash Crops, Forest, and Livestock Region","USDA NRCS 2022 MLRA Geographic Database, version 5.2 (MLRA_52)",POINT_WITHIN_MLRA
32381,S2013MI053001,46.2362222,-89.5391389,K,93B,130.0,Superior Stony and Rocky Loamy Plains and Hills,Northern Lake States Forest and Forage Region,"USDA NRCS 2022 MLRA Geographic Database, version 5.2 (MLRA_52)",POINT_WITHIN_MLRA
32176,S2013NH003001,,,,,,,,"USDA NRCS 2022 MLRA Geographic Database, version 5.2 (MLRA_52)",NO_COORDINATES
29547,S2013NM013001,32.5905056,-106.8437694,D,42B,43.0,Southern Rio Grande Rift,Western Range and Irrigated Region,"USDA NRCS 2022 MLRA Geographic Database, version 5.2 (MLRA_52)",POINT_WITHIN_MLRA
29212,S2013OK149001,35.4105883,-99.0604367,H,78C,99.0,"Central Rolling Red Plains, Eastern Part",Central Great Plains Winter Wheat and Range Region,"USDA NRCS 2022 MLRA Geographic Database, version 5.2 (MLRA_52)",POINT_WITHIN_MLRA
28656,S2013VA043001,39.06013,-78.07135,S,147,201.0,Northern Appalachian Ridges and Valleys,Northern Atlantic Slope Diversified Farming Region,"USDA NRCS 2022 MLRA Geographic Database, version 5.2 (MLRA_52)",POINT_WITHIN_MLRA
30433,S2013VA187001,38.89209,-78.13764,N,130A,177.0,Northern Blue Ridge,East and Central Farming and Forest Region,"USDA NRCS 2022 MLRA Geographic Database, version 5.2 (MLRA_52)",POINT_WITHIN_MLRA
32878,S2014AL007001,32.9510611,-87.3941,P,133C,185.0,Gulf Coastal Plain,"South Atlantic and Gulf Slope Cash Crops, Forest, and Livestock Region","USDA NRCS 2022 MLRA Geographic Database, version 5.2 (MLRA_52)",POINT_WITHIN_MLRA
33614,S2014CO013501,40.05236,-105.58324,E,48A,52.0,Southern Rocky Mountains,Rocky Mountain Range and Forest Region,"USDA NRCS 2022 MLRA Geographic Database, version 5.2 (MLRA_52)",POINT_WITHIN_MLRA
33539,S2014KS161502,39.10071,-96.56225,H,76,91.0,Bluestem Hills,Central Great Plains Winter Wheat and Range Region,"USDA NRCS 2022 MLRA Geographic Database, version 5.2 (MLRA_52)",POINT_WITHIN_MLRA
33557,S2014KS045001,39.04175,-95.2043889,M,106,150.0,Nebraska and Kansas Loess-Drift Hills,Central Feed Grains and Livestock Region,"USDA NRCS 2022 MLRA Geographic Database, version 5.2 (MLRA_52)",POINT_WITHIN_MLRA
33569,S2014KS161503,39.1082778,-96.6104722,H,76,91.0,Bluestem Hills,Central Great Plains Winter Wheat and Range Region,"USDA NRCS 2022 MLRA Geographic Database, version 5.2 (MLRA_52)",POINT_WITHIN_MLRA
33127,S2014MD003001,38.8983028,-76.5588333,S,149A,203.0,Northern Coastal Plain,Northern Atlantic Slope Diversified Farming Region,"USDA NRCS 2022 MLRA Geographic Database, version 5.2 (MLRA_52)",POINT_WITHIN_MLRA
33023,S2014PR079001,18.0218444,-67.0760833,Z,273,267.0,Semiarid Coastal Plains,Caribbean Region,"USDA NRCS 2022 MLRA Geographic Database, version 5.2 (MLRA_52)",POINT_WITHIN_MLRA
32609,S2013TN001001,35.964583,-84.282806,N,128,175.0,Southern Appalachian Ridges and Valleys,East and Central Farming and Forest Region,"USDA NRCS 2022 MLRA Geographic Database, version 5.2 (MLRA_52)",POINT_WITHIN_MLRA
32922,S2014UT037001,,,,,,,,"USDA NRCS 2022 MLRA Geographic Database, version 5.2 (MLRA_52)",NO_COORDINATES
33204,S2014UT045001,40.1783389,-112.4538139,D,28A,29.0,Ancient Lake Bonneville,Western Range and Irrigated Region,"USDA NRCS 2022 MLRA Geographic Database, version 5.2 (MLRA_52)",POINT_WITHIN_MLRA
32835,S2013VA071001,,,,,,,,"USDA NRCS 2022 MLRA Geographic Database, version 5.2 (MLRA_52)",NO_COORDINATES
32836,S2013VA071002,,,,,,,,"USDA NRCS 2022 MLRA Geographic Database, version 5.2 (MLRA_52)",NO_COORDINATES
34379,S2015AK240001,63.879713,-145.474663,X1,229,247.0,Interior Alaska Lowlands,Interior Alaska,"USDA NRCS 2022 MLRA Geographic Database, version 5.2 (MLRA_52)",POINT_WITHIN_MLRA
34175,S2015AL023004,31.8531111,-88.1610278,P,133C,185.0,Gulf Coastal Plain,"South Atlantic and Gulf Slope Cash Crops, Forest, and Livestock Region","USDA NRCS 2022 MLRA Geographic Database, version 5.2 (MLRA_52)",POINT_WITHIN_MLRA
34193,S2015PR055001,17.96882,-66.86888,Z,271,265.0,Semiarid Mountains and Valleys,Caribbean Region,"USDA NRCS 2022 MLRA Geographic Database, version 5.2 (MLRA_52)",POINT_WITHIN_MLRA
34187,S2015TN155001,35.6883889,-83.5018333,N,130B,178.0,Southern Blue Ridge,East and Central Farming and Forest Region,"USDA NRCS 2022 MLRA Geographic Database, version 5.2 (MLRA_52)",POINT_WITHIN_MLRA
34295,S2015WA011001,45.762384,-122.329686,A,3,3.0,Olympic and Cascade Mountains,"Northwestern Forest, Forage, and Specialty Crop Region","USDA NRCS 2022 MLRA Geographic Database, version 5.2 (MLRA_52)",POINT_WITHIN_MLRA
34347,S2015WI069002,45.4926944,-89.5875,K,94D,134.0,Northern Highland Sandy Pitted Outwash,Northern Lake States Forest and Forage Region,"USDA NRCS 2022 MLRA Geographic Database, version 5.2 (MLRA_52)",POINT_WITHIN_MLRA
34348,S2015WI069001,45.5074944,-89.5888861,K,94D,134.0,Northern Highland Sandy Pitted Outwash,Northern Lake States Forest and Forage Region,"USDA NRCS 2022 MLRA Geographic Database, version 5.2 (MLRA_52)",POINT_WITHIN_MLRA
35322,S2016AK185001,68.66045,-149.3701,Y,245,262.0,Arctic Foothills,Northern Alaska,"USDA NRCS 2022 MLRA Geographic Database, version 5.2 (MLRA_52)",POINT_WITHIN_MLRA
35323,S2016AK185002,71.28171,-156.6502,Y,246,263.0,Arctic Coastal Plain,Northern Alaska,"USDA NRCS 2022 MLRA Geographic Database, version 5.2 (MLRA_52)",POINT_WITHIN_MLRA
36335,S2016CA019003,37.0327,-119.26221,D,22A,22.0,Sierra Nevada and Tehachapi Mountains,Western Range and Irrigated Region,"USDA NRCS 2022 MLRA Geographic Database, version 5.2 (MLRA_52)",POINT_WITHIN_MLRA
35261,S2016TX497001,33.40143,-97.56725,J,84B,115.0,West Cross Timbers,Southwestern Prairies Cotton and Forage Region,"USDA NRCS 2022 MLRA Geographic Database, version 5.2 (MLRA_52)",POINT_WITHIN_MLRA
37318,S2017AK068001,63.8798,-149.21539,X1,228,246.0,Interior Alaska Mountains,Interior Alaska,"USDA NRCS 2022 MLRA Geographic Database, version 5.2 (MLRA_52)",POINT_WITHIN_MLRA
37319,S2017AK090001,65.1533333,-147.05194,X1,231,249.0,Interior Alaska Highlands,Interior Alaska,"USDA NRCS 2022 MLRA Geographic Database, version 5.2 (MLRA_52)",POINT_WITHIN_MLRA
36815,S2016CA039001,,,,,,,,"USDA NRCS 2022 MLRA Geographic Database, version 5.2 (MLRA_52)",NO_COORDINATES
38958,S2018HI001100,19.553271,-155.317279,V,162,225.0,Humid and Very Humid Organic Soils on Lava Flows,Hawaii Region,"USDA NRCS 2022 MLRA Geographic Database, version 5.2 (MLRA_52)",POINT_WITHIN_MLRA
37718,S2017WA059001,45.816429,-121.958466,A,3,3.0,Olympic and Cascade Mountains,"Northwestern Forest, Forage, and Specialty Crop Region","USDA NRCS 2022 MLRA Geographic Database, version 5.2 (MLRA_52)",POINT_WITHIN_MLRA
39013,S2018WY029100,44.955971,-110.541984,E,43B,46.0,Central Rocky Mountains,Rocky Mountain Range and Forest Region,"USDA NRCS 2022 MLRA Geographic Database, version 5.2 (MLRA_52)",POINT_WITHIN_MLRA
