lims_pedon_id,user_pedon_id,latitude,longitude,areasymbol,mukey,musym,muname,likely_neon_site_code,lab_proj_name,submit_proj_name,nasis_taxon_name,nasis_taxonomy,candidate_component_count,candidate_components,match_confidence,match_evidence,alternatives_rejected,selected_cokey,selected_compname,selected_comppct_r,selected_majcompflag,selected_taxorder,selected_taxsuborder,selected_taxgrtgroup,selected_taxsubgrp,selected_taxpartsize,selected_localphase,selected_otherph,selected_drainagecl,selected_hydricrating,selected_hydric_criteria,selected_hydric_criteria_keys
23336,S2012MA027001,42.5356111,-72.1755556,MA614,278708,908C,"Becket-Skerry association, 0 to 15 percent slopes, extremely stony",,I2012USMA075,NEON MA 2012,"Henniker, taxadjunct","Coarse-loamy over sandy or sandy-skeletal, mixed, semiactive, frigid Oxyaquic Dystrudepts",6.0,Becket [27355513; 45%; No] | Skerry [27355516; 35%; No] | Pillsbury [27355514; 6%; Yes] | Berkshire [27355512; 5%; No] | Monadnock [27355515; 5%; No] | Tunbridge [27355511; 4%; No],UNMATCHED,No candidate has adequate name or taxonomic agreement.,All candidates lack sufficient correspondence to the sampled pedon.,,,,,,,,,,,,,,,
24186,S2012CO123001,40.8131111,-104.7443889,CO617,95132,4,"Ascalon fine sandy loam, 0 to 6 percent slopes",,I2012USCO086,NEON CO CPER,Ascalon,"Fine-loamy, mixed, superactive, mesic Aridic Argiustolls",3.0,Ascalon [26599030; 85%; No] | Olnest [26599031; 8%; No] | Otero [26599029; 7%; No],EXACT,Unique exact normalized NASIS taxon/component-name match within the intersected map unit.,Olnest (26599031): weaker name/taxonomy score -9.2; Otero (26599029): weaker name/taxonomy score -34.2,26599030,Ascalon,85,Yes,Mollisols,Ustolls,Argiustolls,Aridic Argiustolls,fine-loamy,,,Well drained,No,,
24847,S2012ND093001,47.158989,-99.239021,ND093,3312341,C24A,"Parnell silty clay loam, 0 to 1 percent slopes, Missouri Coteau",,I2012USND099,NEON ND Woodworth,Manning-Like,,7.0,Parnell [27720308; 64%; Yes] | Vallers [27720307; 10%; Yes] | Tonka [27720309; 10%; Yes] | Southam [27720310; 10%; Yes] | Hamerly [27720312; 3%; No] | Vallers [27720306; 2%; Yes] | Heil [27720311; 1%; Yes],UNMATCHED,No candidate has adequate name or taxonomic agreement.,All candidates lack sufficient correspondence to the sampled pedon.,,,,,,,,,,,,,,,
27999,S2012GA007001,31.1960694,-84.4664694,GA603,325176,TwB,"Troup sand, 0 to 5 percent slopes",,I2013USGA039,NEON GA Jones ERC,Uchee,"Loamy, kaolinitic, thermic Arenic Kanhapludults",1.0,Troup [26518286; 80%; No],MEDIUM,No name match; unique candidate supported by at least three taxonomic ranks.,,26518286,Troup,80,Yes,Ultisols,Udults,Kandiudults,Grossarenic Kandiudults,loamy,,,Somewhat excessively drained,No,,
28656,S2013VA043001,39.06013,-78.07135,VA043,516570,51B,"Timberville silt loam, 0 to 7 percent slopes, frequently flooded",,I2013USVA046,NEON VA Blandy,Poplimento,"Fine, mixed, subactive, mesic Ultic Hapludalfs",1.0,Timberville [27336680; 80%; No],UNMATCHED,No candidate has adequate name or taxonomic agreement.,All candidates lack sufficient correspondence to the sampled pedon.,,,,,,,,,,,,,,,
29041,S2013FL097001,28.1291889,-81.4339194,FL097,1483882,42,"Smyrna fine sand, 0 to 2 percent slopes",,I2013USFL055,NEON FL Disney Wilderness Preserve,,,6.0,Smyrna [26615078; 85%; No] | EauGallie [26615077; 5%; No] | Basinger [26615076; 4%; Yes] | Pomello [26615074; 2%; No] | Immokalee [26615075; 2%; No] | Placid [26615079; 2%; Yes],UNMATCHED,No candidate has adequate name or taxonomic agreement.,All candidates lack sufficient correspondence to the sampled pedon.,,,,,,,,,,,,,,,
29212,S2013OK149001,35.4105883,-99.0604367,OK149,2507761,CRoF,"Cordell-Rock outcrop complex, 1 to 20 percent slopes",,I2013USOK059,NEON OK Klemme,Cordell Like,,3.0,Cordell [26781253; 59%; No] | Rock outcrop [26781254; 25%; No] | Obaro [26781255; 16%; No],AMBIGUOUS,Multiple plausible candidates remain without a decisive name/taxonomy margin.,No plausible alternative rejected.,,,,,,,,,,,,,,,
29547,S2013NM013001,32.5905056,-106.8437694,NM690,634579,OP,Onite-Pajarito association,,I2013USNM064,NEON NM Jornada,Nations,"Coarse-loamy, mixed, superactive, thermic Typic Petrocalcids",8.0,Onite [27479715; 40%; No] | Pajarito [27479716; 30%; No] | Pintura [27479717; 15%; No] | Dona Ana [27479718; 3%; No] | Berino [27479719; 3%; No] | Simona [27479720; 3%; No] | Harrisburg [27479721; 3%; No] | Wink [27479722; 3%; No],AMBIGUOUS,Multiple plausible candidates remain without a decisive name/taxonomy margin.,No plausible alternative rejected.,,,,,,,,,,,,,,,
30209,S2013CO075001,40.4598333,-103.0300833,CO075,94489,126,"Weld loam, 1 to 3 percent slopes",,I2013USCO077,NEON CO Logan ,Goshen,"Fine-silty, mixed, superactive, mesic Pachic Argiustolls",5.0,Weld [26570815; 80%; No] | Adena [26570814; 8%; No] | Colby [26570811; 7%; No] | Keith [26570812; 3%; No] | Baca [26570813; 2%; No],AMBIGUOUS,Multiple plausible candidates remain without a decisive name/taxonomy margin.,No plausible alternative rejected.,,,,,,,,,,,,,,,
30342,S2013AL063001,32.541,-87.8031667,AL063,329668,LF,Leaf-Angie association,,I2013USAL083,NEON AL Dead Lake,Angie,"Fine, mixed, semiactive, thermic Aquic Paleudults",2.0,Leaf [27276264; 41%; Yes] | Angie [27276263; 39%; No],EXACT,Unique exact normalized NASIS taxon/component-name match within the intersected map unit.,Leaf (27276264): weaker name/taxonomy score -12.2,27276263,Angie,39,Yes,Ultisols,Udults,Hapludults,Aquic Hapludults,clayey,,,Moderately well drained,No,,
30433,S2013VA187001,38.89209,-78.13764,VA187,518823,22E,"Lew loam, 25 to 65 percent slopes, very stony",,I2013USVA087,NEON VA Warren Co. ,Lew,"Loamy-skeletal, mixed, active, mesic Ultic Hapludalfs",1.0,Lew [27340363; 90%; No],EXACT,Unique exact normalized NASIS taxon/component-name match within the intersected map unit.,,27340363,Lew,90,Yes,Alfisols,Udalfs,Hapludalfs,Ultic Hapludalfs,loamy-skeletal,,NORTH,Well drained,No,,
30664,S2013CO069001,40.2770556,-105.54525,CO642,2420087,7702B,"Frisco-Catamount, moist families complex, 5 to 40 percent slopes",,I2013USCO091,NEON CO Larimer,Ustic Haplocryolls,"Loamy-skeletal, mixed, superactive Ustic Haplocryolls",5.0,Frisco family [26668400; 45%; No] | Catamount family [26668401; 40%; No] | Bullwark family [26668398; 5%; No] | Leighcan family [26668399; 5%; No] | Rock outcrop [26668402; 5%; No],UNMATCHED,No candidate has adequate name or taxonomic agreement.,All candidates lack sufficient correspondence to the sampled pedon.,,,,,,,,,,,,,,,
32381,S2013MI053001,46.2362222,-89.5391389,MI053,1455968,5172C,"Gogebic, sandy substratum-Pence-Cathro complex, 0 to 18 percent slopes",,I2013USMI131,NEON MI Gogebic,Tula,"Coarse-loamy, mixed, superactive, frigid Argic Fragiaquods",5.0,Gogebic [27105215; 60%; No] | Cathro [27105216; 15%; Yes] | Pence [27105217; 15%; No] | Tula [27105213; 5%; No] | Annalake [27105214; 5%; No],EXACT,Unique exact normalized NASIS taxon/component-name match within the intersected map unit.,Annalake (27105214): weaker name/taxonomy score 11.7; Gogebic (27105215): weaker name/taxonomy score 0.0; Cathro (27105216): weaker name/taxonomy score -13.0; Pence (27105217): weaker name/taxonomy score -20.0,27105213,Tula,5,No ,Spodosols,Aquods,Fragiaquods,Argic Fragiaquods,coarse-loamy,,,Somewhat poorly drained,No,,
32609,S2013TN001001,35.964583,-84.282806,TN001,1887391,FoC,"Fullerton-Pailo complex, 5 to 12 percent slopes",,I2014USTN005,NEON TN Anderson Co.,Fullerton,"Fine, kaolinitic, thermic Typic Paleudults",3.0,Fullerton [26465199; 65%; No] | Pailo [26465197; 26%; No] | Minvale [26465198; 9%; No],EXACT,Unique exact normalized NASIS taxon/component-name match within the intersected map unit.,Minvale (26465198): weaker name/taxonomy score 68.8; Pailo (26465197): weaker name/taxonomy score 50.0,26465199,Fullerton,65,Yes,Ultisols,Udults,Paleudults,Typic Paleudults,fine,,,Well drained,No,,
32683,S2014AZ019001,31.9086667,-110.8377778,AZ667,1416069,Ao,"Anthony soils, very gravelly variants",,C2014USAZ013,NEON AZ Santa Rita,Rillino,,2.0,Anthony [26421195; 51%; No] | Anthony [26421196; 49%; No],UNMATCHED,No candidate has adequate name or taxonomic agreement.,All candidates lack sufficient correspondence to the sampled pedon.,,,,,,,,,,,,,,,
32878,S2014AL007001,32.9510611,-87.3941,AL007,2232549,MsF,"Maubila-Smithdale complex, 15 to 35 percent slopes",,I2014USAL029,NEON AL Bibb (Talladaga NF),Smithdale,"Fine-loamy, siliceous, subactive, thermic Typic Hapludults",3.0,Maubila [26916502; 50%; No] | Smithdale [26916503; 35%; No] | Bibb [26916501; 5%; Yes],EXACT,Unique exact normalized NASIS taxon/component-name match within the intersected map unit.,Maubila (26916502): weaker name/taxonomy score 53.1; Bibb (26916501): weaker name/taxonomy score -34.6,26916503,Smithdale,35,Yes,Ultisols,Udults,Hapludults,Typic Hapludults,fine-loamy,,,Well drained,No,,
33023,S2014PR079001,18.0218444,-67.0760833,PR787,1379800,CeA,"Cartagena clay, 0 to 2 percent slopes",,I2014USPR044,NEON PR  Palmarejo,Cartagena,"Fine, mixed, superactive, isohyperthermic Sodic Haplusterts",8.0,Cartagena [27627145; 80%; No] | Fe [27627142; 5%; No] | Aguirre [27627143; 5%; Yes] | Guanica [27627144; 5%; Yes] | Fraternidad [27627141; 2%; No] | Urban land [27627138; 1%; No] | Vayas [27627139; 1%; Yes] | Poncena [27627140; 1%; No],EXACT,Unique exact normalized NASIS taxon/component-name match within the intersected map unit.,Fe (27627142): weaker name/taxonomy score 66.4; Fraternidad (27627141): weaker name/taxonomy score 57.5; Poncena (27627140): weaker name/taxonomy score 37.5; Urban land (27627138): weaker name/taxonomy score 14.7; Aguirre (27627143): weaker name/taxonomy score 13.1; Guanica (27627144): weaker name/taxonomy score 8.8; Vayas (27627139): weaker name/taxonomy score -10.0,27627145,Cartagena,80,Yes,Vertisols,Usterts,Haplusterts,Sodic Haplusterts,fine,,,Somewhat poorly drained,No,,
33127,S2014MD003001,38.8983028,-76.5588333,MD003,137789,MaC,"Marr-Dodon complex, 5 to 10 percent slopes",,I2014USMD052,NEON MD Anne Arundel (SERC),Adelphia,"Fine-loamy, mixed, active, mesic Aquic Hapludults",4.0,Marr [27484446; 50%; No] | Dodon [27484447; 35%; No] | Piccowaxen [27484445; 10%; No] | Howell [27484444; 5%; No],MEDIUM,No name match; unique candidate supported by at least three taxonomic ranks.,Marr (27484446): weaker name/taxonomy score 45.8; Howell (27484444): weaker name/taxonomy score 30.0; Piccowaxen (27484445): weaker name/taxonomy score -28.3,27484447,Dodon,35,Yes,Ultisols,Udults,Hapludults,Aquic Hapludults,fine-loamy,,,Moderately well drained,No,,
33204,S2014UT045001,40.1783389,-112.4538139,UT611,482173,64,"Taylorsflat loam, 1 to 5 percent slopes",,I2014USUT057,NEON UT Tooele Co Onaqui-Ault,Taylorsflat,"Fine-loamy, mixed, superactive, mesic Xeric Haplocalcids",4.0,Taylorsflat [26351902; 90%; No] | Hiko Peak [26351904; 4%; nan] | Spager [26351903; 3%; nan] | Birdow [26351905; 3%; nan],EXACT,Unique exact normalized NASIS taxon/component-name match within the intersected map unit.,Hiko Peak (26351904): weaker name/taxonomy score 47.0; Spager (26351903): weaker name/taxonomy score 8.2; Birdow (26351905): weaker name/taxonomy score -15.9,26351902,Taylorsflat,90,Yes,Aridisols,Calcids,Haplocalcids,Xeric Haplocalcids,fine-loamy,,"MED PPT,NIRR",Well drained,No,,
33539,S2014KS161502,39.10071,-96.56225,KS161,1472309,4625,"Dwight-Irwin complex, 1 to 3 percent slopes",,I2014USKS066,NEON KS Konza Core,Konza,"Fine, smectitic, mesic Pachic Udertic Argiustolls",5.0,Dwight [26334767; 45%; No] | Irwin [26334770; 40%; No] | Clime [26334768; 6%; No] | Wymore [26334769; 6%; No] | Rock outcrop [26334766; 3%; No],AMBIGUOUS,Multiple plausible candidates remain without a decisive name/taxonomy margin.,No plausible alternative rejected.,,,,,,,,,,,,,,,
33553,S2014KS161501,39.10354,-96.56356,KS161,1472305,4530,"Benfield-Florence complex, 5 to 30 percent slopes",,C2014USKS070,MLRA 76 near NEON Site,Florence,"Clayey-skeletal, smectitic, mesic Udic Argiustolls",9.0,Benfield [26334566; 45%; No] | Florence [26334567; 30%; No] | Clime [26334568; 5%; No] | Labette [26334570; 5%; No] | Sogn [26334572; 5%; No] | Tully [26334571; 4%; No] | Konza [26334569; 3%; No] | Pawnee [26334573; 2%; No] | Aquolls [26334574; 1%; Yes],EXACT,Unique exact normalized NASIS taxon/component-name match within the intersected map unit.,Labette (26334570): weaker name/taxonomy score 54.0; Benfield (26334566): weaker name/taxonomy score 33.1; Sogn (26334572): weaker name/taxonomy score 31.7; Tully (26334571): weaker name/taxonomy score 25.4; Clime (26334568): weaker name/taxonomy score 10.8; Konza (26334569): weaker name/taxonomy score 10.8; Aquolls (26334574): weaker name/taxonomy score 0.7; Pawnee (26334573): weaker name/taxonomy score -10.0,26334567,Florence,30,Yes,Mollisols,Ustolls,Argiustolls,Udic Argiustolls,clayey-skeletal,,,Well drained,No,,
33554,S2014KS161502,39.10071,-96.56225,KS161,1472309,4625,"Dwight-Irwin complex, 1 to 3 percent slopes",,C2014USKS070,MLRA 76 near NEON Site,Konza,"Fine, smectitic, mesic Pachic Udertic Argiustolls",5.0,Dwight [26334767; 45%; No] | Irwin [26334770; 40%; No] | Clime [26334768; 6%; No] | Wymore [26334769; 6%; No] | Rock outcrop [26334766; 3%; No],AMBIGUOUS,Multiple plausible candidates remain without a decisive name/taxonomy margin.,No plausible alternative rejected.,,,,,,,,,,,,,,,
33557,S2014KS045001,39.04175,-95.2043889,KS045,2421220,7550,"Rosendale-Bendena silty clay loams, 3 to 40 percent slopes",,I2014USKS072,NEON KS Douglas Co.,Rosendale,"Fine, smectitic, mesic Pachic Argiudolls",5.0,Rosendale [26317595; 55%; No] | Bendena [26317598; 27%; No] | Martin [26317596; 10%; No] | Wallula [26317597; 5%; No] | Rock outcrop [26317599; 3%; No],EXACT,Unique exact normalized NASIS taxon/component-name match within the intersected map unit.,Martin (26317596): weaker name/taxonomy score 44.7; Wallula (26317597): weaker name/taxonomy score 28.8; Bendena (26317598): weaker name/taxonomy score 17.5; Rock outcrop (26317599): weaker name/taxonomy score 6.7,26317595,Rosendale,55,Yes,Inceptisols,Udepts,Eutrudepts,Typic Eutrudepts,fine,,,Moderately well drained,No,,
33569,S2014KS161503,39.1082778,-96.6104722,KS161,1472302,4350,"Chase silty clay loam, rarely flooded",,I2014USKS075,NEON KS Riley Co,Chase,"Fine, smectitic, mesic Pachic Vertic Argiudolls",7.0,Chase [26334763; 80%; No] | Ivan [26334759; 5%; No] | Muscotah [26334761; 5%; No] | Reading [26334764; 5%; No] | Kennebec [26334760; 2%; No] | Martin [26334765; 2%; No] | Wabash [26334762; 1%; Yes],EXACT,Unique exact normalized NASIS taxon/component-name match within the intersected map unit.,Martin (26334765): weaker name/taxonomy score 46.4; Reading (26334764): weaker name/taxonomy score 45.8; Ivan (26334759): weaker name/taxonomy score 27.8; Muscotah (26334761): weaker name/taxonomy score 25.4; Kennebec (26334760): weaker name/taxonomy score 25.4; Wabash (26334762): weaker name/taxonomy score 12.7,26334763,Chase,80,Yes,Mollisols,Udolls,Argiudolls,Aquertic Argiudolls,fine,rarely flooded,,Somewhat poorly drained,No,,
33614,S2014CO013501,40.05236,-105.58324,CO645,763013,8776B,"Moran family-Lithic Cryorthents-Rubble land complex, 5 to 40 percent slopes",,I2014USCO078,NEON Co Boulder Co. Niwot Ridge,Typic Haplocryolls,"Coarse-loamy, mixed, superactive Typic Haplocryolls",4.0,Moran family [26663723; 60%; No] | Lithic Cryorthents [26663724; 20%; No] | Rubble land [26663725; 15%; No] | Leighcan family [26663722; 5%; No],UNMATCHED,No candidate has adequate name or taxonomic agreement.,All candidates lack sufficient correspondence to the sampled pedon.,,,,,,,,,,,,,,,
34175,S2015AL023004,31.8531111,-88.1610278,AL023,328570,UrB,"Urbo-Mooreville-Una complex, 0 to 3 percent slopes, frequently flooded",,I2015USAL049,NEON AL Lenoir Choctaw Co.,Urbo,"Fine, mixed, active, acid, thermic Vertic Epiaquepts",3.0,Urbo [26923239; 40%; No] | Mooreville [26923237; 20%; No] | Una [26923238; 20%; Yes],EXACT,Unique exact normalized NASIS taxon/component-name match within the intersected map unit.,Una (26923238): weaker name/taxonomy score 50.0; Mooreville (26923237): weaker name/taxonomy score 5.0,26923239,Urbo,40,Yes,Inceptisols,Aquepts,Epiaquepts,Vertic Epiaquepts,fine,,,Somewhat poorly drained,No,,
34187,S2015TN155001,35.6883889,-83.5018333,TN640,553583,SsC,"Spivey-Santeetlah-Nowhere complex, 8 to 15 percent slopes, very stony",,I2015USTN053,NEON TN Sevier GSM,Spivey,"Loamy-skeletal, isotic, mesic Typic Humudepts",4.0,Spivey [26800422; 50%; No] | Santeetlah [26800423; 25%; No] | Nowhere [26800424; 15%; Yes] | Minor soils [26800421; 10%; No],EXACT,Unique exact normalized NASIS taxon/component-name match within the intersected map unit.,Santeetlah (26800423): weaker name/taxonomy score 8.8; Nowhere (26800424): weaker name/taxonomy score 5.4; Minor soils (26800421): weaker name/taxonomy score 4.1,26800422,Spivey,50,Yes,Inceptisols,Udepts,Dystrudepts,Humic Dystrudepts,loamy-skeletal,,,Well drained,No,,
34193,S2015PR055001,17.96882,-66.86888,PR787,1716023,LcE,"La Covana-Limestone outcrop-Seboruco complex, 12 to 40 percent slopes",,I2015USPR055,NEON PR Guanica,Altamira,"Coarse-loamy, carbonatic, isohyperthermic Typic Haplocalcids",4.0,La Covana [27626967; 60%; No] | Limestone outcrop [27626968; 20%; No] | Seboruco [27626969; 15%; No] | Pitahaya [27626970; 5%; No],AMBIGUOUS,Multiple plausible candidates remain without a decisive name/taxonomy margin.,No plausible alternative rejected.,,,,,,,,,,,,,,,
34295,S2015WA011001,45.762384,-122.329686,WA011,71974,CnD,"Cinebar silt loam, 8 to 20 percent slopes",,I2015USWA064,NEON WA Abby Road,Kinney,"Fine-loamy, isotic, mesic Andic Humudepts",1.0,Cinebar [26506821; 100%; No],UNMATCHED,No candidate has adequate name or taxonomic agreement.,All candidates lack sufficient correspondence to the sampled pedon.,,,,,,,,,,,,,,,
34347,S2015WI069002,45.4926944,-89.5875,WI069,431643,3852B,"Padus-Pence sandy loams, 0 to 6 percent slopes",,I2015USWI070,NEON WI Tree Haven,Padwet,"Coarse-loamy, mixed, superactive, frigid Alfic Haplorthods",7.0,Padus [27558202; 50%; No] | Pence [27558203; 30%; No] | Manitowish [27558197; 5%; No] | Padus [27558199; 5%; No] | Tipler [27558201; 5%; No] | Sayner [27558200; 3%; No] | Worcester [27558198; 2%; No],AMBIGUOUS,Multiple plausible candidates remain without a decisive name/taxonomy margin.,No plausible alternative rejected.,,,,,,,,,,,,,,,
34348,S2015WI069001,45.5074944,-89.5888861,WI069,431633,3298B,"Moodig sandy loam, 0 to 4 percent slopes",,I2015USWI071,NEON WI Steigerwald,Pesabic,"Coarse-loamy, mixed, superactive, frigid Alfic Epiaquods",4.0,Moodig [27558099; 90%; No] | Capitola [27558096; 5%; Yes] | Hatley [27558097; 3%; No] | Sarwet [27558098; 2%; No],MEDIUM,No name match; unique candidate supported by at least three taxonomic ranks.,Sarwet (27558098): weaker name/taxonomy score 10.8; Hatley (27558097): weaker name/taxonomy score -14.6; Capitola (27558096): weaker name/taxonomy score -15.3,27558099,Moodig,90,Yes,Spodosols,Aquods,Epiaquods,Alfic Epiaquods,coarse-loamy,,,Somewhat poorly drained,No,,
34379,S2015AK240001,63.879713,-145.474663,AK657,2410043,29GE02,Gerstle-Tanana complex,,I2015USAK080,NEON AK Delta Junction,SND,"Coarse-loamy, mixed, superactive Typic Haplocryepts",4.0,29-Gerstle [26891740; 50%; No] | 29-Tanana [26891741; 40%; Yes] | 29-Tanacross [26891739; 5%; Yes] | 29-Salchaket [26891742; 5%; No],AMBIGUOUS,Multiple plausible candidates remain without a decisive name/taxonomy margin.,No plausible alternative rejected.,,,,,,,,,,,,,,,
34489,S2015KS045100,39.04306,-95.20285,KS045,2420283,7461,"Oska silty clay loam, 3 to 8 percent slopes, eroded",UKFS,C2016USKS001,Site_C NEON_6_UKFS,Oska,"Fine, smectitic, mesic Vertic Argiudolls",3.0,Oska [26317442; 85%; No] | Bendena [26317444; 10%; No] | Chillicothe [26317443; 5%; No],EXACT,Unique exact normalized NASIS taxon/component-name match within the intersected map unit.,Chillicothe (26317443): weaker name/taxonomy score 64.7; Bendena (26317444): weaker name/taxonomy score 6.4,26317442,Oska,85,Yes,Mollisols,Udolls,Argiudolls,Vertic Argiudolls,fine,eroded,,Well drained,No,,
34490,S2015KS045101,39.04177,-95.20136,KS045,2421220,7550,"Rosendale-Bendena silty clay loams, 3 to 40 percent slopes",UKFS,C2016USKS001,Site_C NEON_6_UKFS,Rosendale,"Loamy-skeletal, mixed, mesic Typic Hapludolls",5.0,Rosendale [26317595; 55%; No] | Bendena [26317598; 27%; No] | Martin [26317596; 10%; No] | Wallula [26317597; 5%; No] | Rock outcrop [26317599; 3%; No],EXACT,Unique exact normalized NASIS taxon/component-name match within the intersected map unit.,Wallula (26317597): weaker name/taxonomy score 48.8; Bendena (26317598): weaker name/taxonomy score 37.5; Rock outcrop (26317599): weaker name/taxonomy score 6.7; Martin (26317596): weaker name/taxonomy score 4.7,26317595,Rosendale,55,Yes,Inceptisols,Udepts,Eutrudepts,Typic Eutrudepts,fine,,,Moderately well drained,No,,
34491,S2015KS045102,39.03747,-95.19714,KS045,2421220,7550,"Rosendale-Bendena silty clay loams, 3 to 40 percent slopes",UKFS,C2016USKS001,Site_C NEON_6_UKFS,Bendena,"Loamy, mixed, superactive, mesic Lithic Hapludolls",5.0,Rosendale [26317595; 55%; No] | Bendena [26317598; 27%; No] | Martin [26317596; 10%; No] | Wallula [26317597; 5%; No] | Rock outcrop [26317599; 3%; No],EXACT,Unique exact normalized NASIS taxon/component-name match within the intersected map unit.,Wallula (26317597): weaker name/taxonomy score 25.0; Martin (26317596): weaker name/taxonomy score 5.4; Rock outcrop (26317599): weaker name/taxonomy score 0.0; Rosendale (26317595): weaker name/taxonomy score -22.5,26317598,Bendena,27,Yes,Mollisols,Udolls,Hapludolls,Lithic Hapludolls,clayey,,,Somewhat excessively drained,No,,
34492,S2015KS045103,39.03228,-95.18835,KS045,2421220,7550,"Rosendale-Bendena silty clay loams, 3 to 40 percent slopes",UKFS,C2016USKS001,Site_C NEON_6_UKFS,Wamego,"Fine, mixed, superactive, mesic Typic Argiudolls",5.0,Rosendale [26317595; 55%; No] | Bendena [26317598; 27%; No] | Martin [26317596; 10%; No] | Wallula [26317597; 5%; No] | Rock outcrop [26317599; 3%; No],AMBIGUOUS,Multiple plausible candidates remain without a decisive name/taxonomy margin.,No plausible alternative rejected.,,,,,,,,,,,,,,,
34493,S2015KS045104,39.03356,-95.18974,KS045,2421224,7305,"Martin silty clay loam, 7 to 12 percent slopes, eroded",UKFS,C2016USKS001,Site_C NEON_6_UKFS,Martin,"Fine, smectitic, mesic Aquertic Argiudolls",5.0,Martin [26317462; 85%; No] | Sibleyville [26317463; 5%; No] | Vinland [26317464; 5%; No] | Sogn [26317465; 3%; No] | Pawnee [26317461; 2%; No],EXACT,Unique exact normalized NASIS taxon/component-name match within the intersected map unit.,Pawnee (26317461): weaker name/taxonomy score 51.7; Sibleyville (26317463): weaker name/taxonomy score 44.1; Vinland (26317464): weaker name/taxonomy score 10.8; Sogn (26317465): weaker name/taxonomy score -13.0,26317462,Martin,85,Yes,Mollisols,Udolls,Argiudolls,Aquertic Argiudolls,fine,eroded,,Moderately well drained,No,,
34494,S2015KS045105,39.0315944,-95.1910278,KS045,2421224,7305,"Martin silty clay loam, 7 to 12 percent slopes, eroded",UKFS,C2016USKS001,Site_C NEON_6_UKFS,Martin,"Fine, smectitic, mesic Aquertic Argiudolls",5.0,Martin [26317462; 85%; No] | Sibleyville [26317463; 5%; No] | Vinland [26317464; 5%; No] | Sogn [26317465; 3%; No] | Pawnee [26317461; 2%; No],EXACT,Unique exact normalized NASIS taxon/component-name match within the intersected map unit.,Pawnee (26317461): weaker name/taxonomy score 51.7; Sibleyville (26317463): weaker name/taxonomy score 44.1; Vinland (26317464): weaker name/taxonomy score 10.8; Sogn (26317465): weaker name/taxonomy score -13.0,26317462,Martin,85,Yes,Mollisols,Udolls,Argiudolls,Aquertic Argiudolls,fine,eroded,,Moderately well drained,No,,
34495,S2015KS045106,39.0315519,-95.1959213,KS045,2421224,7305,"Martin silty clay loam, 7 to 12 percent slopes, eroded",UKFS,C2016USKS001,Site_C NEON_6_UKFS,Martin,"Fine, smectitic, mesic Aquertic Argiudolls",5.0,Martin [26317462; 85%; No] | Sibleyville [26317463; 5%; No] | Vinland [26317464; 5%; No] | Sogn [26317465; 3%; No] | Pawnee [26317461; 2%; No],EXACT,Unique exact normalized NASIS taxon/component-name match within the intersected map unit.,Pawnee (26317461): weaker name/taxonomy score 51.7; Sibleyville (26317463): weaker name/taxonomy score 44.1; Vinland (26317464): weaker name/taxonomy score 10.8; Sogn (26317465): weaker name/taxonomy score -13.0,26317462,Martin,85,Yes,Mollisols,Udolls,Argiudolls,Aquertic Argiudolls,fine,eroded,,Moderately well drained,No,,
34496,S2015KS045107,39.03373,-95.19885,KS045,2420283,7461,"Oska silty clay loam, 3 to 8 percent slopes, eroded",UKFS,C2016USKS001,Site_C NEON_6_UKFS,Oska,"Fine, smectitic, mesic Vertic Argiudolls",3.0,Oska [26317442; 85%; No] | Bendena [26317444; 10%; No] | Chillicothe [26317443; 5%; No],EXACT,Unique exact normalized NASIS taxon/component-name match within the intersected map unit.,Chillicothe (26317443): weaker name/taxonomy score 64.7; Bendena (26317444): weaker name/taxonomy score 6.4,26317442,Oska,85,Yes,Mollisols,Udolls,Argiudolls,Vertic Argiudolls,fine,eroded,,Well drained,No,,
34497,S2015KS045108,39.03651,-95.20154,KS045,2421220,7550,"Rosendale-Bendena silty clay loams, 3 to 40 percent slopes",UKFS,C2016USKS001,Site_C NEON_6_UKFS,Martin,"Fine, smectitic, mesic Aquertic Argiudolls",5.0,Rosendale [26317595; 55%; No] | Bendena [26317598; 27%; No] | Martin [26317596; 10%; No] | Wallula [26317597; 5%; No] | Rock outcrop [26317599; 3%; No],EXACT,Unique exact normalized NASIS taxon/component-name match within the intersected map unit.,Wallula (26317597): weaker name/taxonomy score 25.4; Rock outcrop (26317599): weaker name/taxonomy score 7.8; Bendena (26317598): weaker name/taxonomy score 5.4; Rosendale (26317595): weaker name/taxonomy score -10.7,26317596,Martin,10,No ,Mollisols,Udolls,Argiudolls,Aquertic Argiudolls,fine,,,Moderately well drained,No,,
34498,S2015KS045109,39.03625,-95.20457,KS045,2421224,7305,"Martin silty clay loam, 7 to 12 percent slopes, eroded",UKFS,C2016USKS001,Site_C NEON_6_UKFS,Martin,"Fine, smectitic, mesic Aquertic Argiudolls",5.0,Martin [26317462; 85%; No] | Sibleyville [26317463; 5%; No] | Vinland [26317464; 5%; No] | Sogn [26317465; 3%; No] | Pawnee [26317461; 2%; No],EXACT,Unique exact normalized NASIS taxon/component-name match within the intersected map unit.,Pawnee (26317461): weaker name/taxonomy score 51.7; Sibleyville (26317463): weaker name/taxonomy score 44.1; Vinland (26317464): weaker name/taxonomy score 10.8; Sogn (26317465): weaker name/taxonomy score -13.0,26317462,Martin,85,Yes,Mollisols,Udolls,Argiudolls,Aquertic Argiudolls,fine,eroded,,Moderately well drained,No,,
34499,S2015KS045110,39.03693,-95.20548,KS045,1468833,7302,"Martin silty clay loam, 3 to 7 percent slopes",UKFS,C2016USKS001,Site_C NEON_6_UKFS,Muscotah,"Fine, smectitic, mesic Aquertic Hapludolls",4.0,Martin [26317565; 85%; No] | Pawnee [26317564; 5%; No] | Elmont [26317566; 5%; No] | Vinland [26317567; 5%; No],AMBIGUOUS,Multiple plausible candidates remain without a decisive name/taxonomy margin.,No plausible alternative rejected.,,,,,,,,,,,,,,,
34500,S2015KS087100,39.05324,-95.19296,KS087,2505132,7501,"Pawnee clay loam, 4 to 8 percent slopes, eroded",UKFS,C2016USKS001,Site_C NEON_6_UKFS,Pawnee,"Fine, smectitic, mesic Oxyaquic Vertic Hapludalfs",6.0,Pawnee [26317933; 85%; No] | Morrill [26317936; 5%; No] | Shelby [26317937; 4%; No] | Grundy [26317932; 3%; No] | Wymore [26317935; 2%; No] | Typic epiaquoll [26317934; 1%; Yes],EXACT,Unique exact normalized NASIS taxon/component-name match within the intersected map unit.,Wymore (26317935): weaker name/taxonomy score -8.3; Shelby (26317937): weaker name/taxonomy score -14.2; Grundy (26317932): weaker name/taxonomy score -14.2; Morrill (26317936): weaker name/taxonomy score -20.0; Typic epiaquoll (26317934): weaker name/taxonomy score -33.3,26317933,Pawnee,85,Yes,Mollisols,Udolls,Argiudolls,Oxyaquic Vertic Argiudolls,fine,eroded,,Moderately well drained,No,,
34501,S2015KS087101,39.04743,-95.19851,KS087,2505132,7501,"Pawnee clay loam, 4 to 8 percent slopes, eroded",UKFS,C2016USKS001,Site_C NEON_6_UKFS,Pawnee,"Fine, smectitic, mesic Oxyaquic Vertic Argiudolls",6.0,Pawnee [26317933; 85%; No] | Morrill [26317936; 5%; No] | Shelby [26317937; 4%; No] | Grundy [26317932; 3%; No] | Wymore [26317935; 2%; No] | Typic epiaquoll [26317934; 1%; Yes],EXACT,Unique exact normalized NASIS taxon/component-name match within the intersected map unit.,Wymore (26317935): weaker name/taxonomy score 51.7; Shelby (26317937): weaker name/taxonomy score 45.8; Grundy (26317932): weaker name/taxonomy score 45.8; Morrill (26317936): weaker name/taxonomy score 40.0; Typic epiaquoll (26317934): weaker name/taxonomy score -13.3,26317933,Pawnee,85,Yes,Mollisols,Udolls,Argiudolls,Oxyaquic Vertic Argiudolls,fine,eroded,,Moderately well drained,No,,
34502,S2015KS087102,39.04756,-95.20259,KS087,2505132,7501,"Pawnee clay loam, 4 to 8 percent slopes, eroded",UKFS,C2016USKS001,Site_C NEON_6_UKFS,Wamego,"Fine, smectitic, mesic Typic Hapludalfs",6.0,Pawnee [26317933; 85%; No] | Morrill [26317936; 5%; No] | Shelby [26317937; 4%; No] | Grundy [26317932; 3%; No] | Wymore [26317935; 2%; No] | Typic epiaquoll [26317934; 1%; Yes],UNMATCHED,No candidate has adequate name or taxonomic agreement.,All candidates lack sufficient correspondence to the sampled pedon.,,,,,,,,,,,,,,,
34503,S2015KS087103,39.04537,-95.212,KS087,2505132,7501,"Pawnee clay loam, 4 to 8 percent slopes, eroded",UKFS,C2016USKS001,Site_C NEON_6_UKFS,Wymore,"Fine, smectitic, mesic Aquertic Argiudolls",6.0,Pawnee [26317933; 85%; No] | Morrill [26317936; 5%; No] | Shelby [26317937; 4%; No] | Grundy [26317932; 3%; No] | Wymore [26317935; 2%; No] | Typic epiaquoll [26317934; 1%; Yes],EXACT,Unique exact normalized NASIS taxon/component-name match within the intersected map unit.,Grundy (26317932): weaker name/taxonomy score 65.8; Morrill (26317936): weaker name/taxonomy score 56.2; Pawnee (26317933): weaker name/taxonomy score 51.7; Shelby (26317937): weaker name/taxonomy score 45.8; Typic epiaquoll (26317934): weaker name/taxonomy score -13.3,26317935,Wymore,2,No ,Mollisols,Udolls,Argiudolls,Aquertic Argiudolls,fine,eroded,,Moderately well drained,No,,
34504,S2015KS087104,39.04544,-95.1984,KS087,2420313,7550,"Rosendale-Bendena silty clay loams, 3 to 40 percent slopes",UKFS,C2016USKS001,Site_C NEON_6_UKFS,Rosendale,"Fine, mixed, superactive, mesic Typic Hapludolls",5.0,Rosendale [26317777; 55%; No] | Bendena [26317780; 27%; No] | Martin [26317778; 10%; No] | Wallula [26317779; 5%; No] | Rock outcrop [26317781; 3%; No],EXACT,Unique exact normalized NASIS taxon/component-name match within the intersected map unit.,Wallula (26317779): weaker name/taxonomy score 68.8; Bendena (26317780): weaker name/taxonomy score 37.5; Martin (26317778): weaker name/taxonomy score 24.7; Rock outcrop (26317781): weaker name/taxonomy score 6.7,26317777,Rosendale,55,Yes,Inceptisols,Udepts,Eutrudepts,Typic Eutrudepts,fine,,,Moderately well drained,No,,
34505,S2015KS087105,39.05554,-95.18948,KS087,2420242,7254,"Grundy silty clay loam, 3 to 7 percent slopes, eroded",UKFS,C2016USKS001,Site_C NEON_6_UKFS,Grundy,"Fine, smectitic, mesic Aquertic Argiudolls",4.0,Grundy [26317872; 85%; No] | Pawnee [26317873; 5%; No] | Sharpsburg [26317874; 5%; No] | Shelby [26317875; 5%; No],EXACT,Unique exact normalized NASIS taxon/component-name match within the intersected map unit.,Sharpsburg (26317874): weaker name/taxonomy score 48.8; Pawnee (26317873): weaker name/taxonomy score 45.8; Shelby (26317875): weaker name/taxonomy score 45.8,26317872,Grundy,85,Yes,Mollisols,Udolls,Argiudolls,Aquertic Argiudolls,fine,eroded,,Somewhat poorly drained,No,,
34506,S2015KS087106,39.0535,-95.20461,KS087,2420313,7550,"Rosendale-Bendena silty clay loams, 3 to 40 percent slopes",UKFS,C2016USKS001,Site_C NEON_6_UKFS,Oska,"Fine, smectitic, mesic Vertic Argiudolls",5.0,Rosendale [26317777; 55%; No] | Bendena [26317780; 27%; No] | Martin [26317778; 10%; No] | Wallula [26317779; 5%; No] | Rock outcrop [26317781; 3%; No],AMBIGUOUS,Multiple plausible candidates remain without a decisive name/taxonomy margin.,No plausible alternative rejected.,,,,,,,,,,,,,,,
34774,S2015KS061100,39.07098,-96.5889,KS061,1387187,4783,"Tully silty clay loam, 3 to 7 percent slopes",KONZ,C2016USKS016,Site_C NEON_6_KONZ,Tully,"Fine, mixed, superactive, mesic Pachic Argiustolls",9.0,Tully [26335523; 80%; No] | Clime [26335524; 5%; No] | Reading [26335528; 4%; No] | Labette [26335526; 3%; No] | Florence [26335525; 2%; No] | Martin [26335527; 2%; No] | Irwin [26335530; 2%; No] | Sogn [26335529; 1%; No] | Aquolls [26335531; 1%; Yes],EXACT,Unique exact normalized NASIS taxon/component-name match within the intersected map unit.,Irwin (26335530): weaker name/taxonomy score 60.0; Labette (26335526): weaker name/taxonomy score 45.8; Aquolls (26335531): weaker name/taxonomy score 33.5; Clime (26335524): weaker name/taxonomy score 27.0; Florence (26335525): weaker name/taxonomy score 25.4; Martin (26335527): weaker name/taxonomy score 6.4; Reading (26335528): weaker name/taxonomy score 0.0; Sogn (26335529): weaker name/taxonomy score 0.0,26335523,Tully,80,Yes,Mollisols,Ustolls,Argiustolls,Pachic Argiustolls,fine,,,Well drained,No,,
34775,S2015KS161100,39.07361,-96.57133,KS161,1472305,4530,"Benfield-Florence complex, 5 to 30 percent slopes",KONZ,C2016USKS016,Site_C NEON_6_KONZ,Benfield,"Fine, mixed, superactive, mesic Udertic Argiustolls",9.0,Benfield [26334566; 45%; No] | Florence [26334567; 30%; No] | Clime [26334568; 5%; No] | Labette [26334570; 5%; No] | Sogn [26334572; 5%; No] | Tully [26334571; 4%; No] | Konza [26334569; 3%; No] | Pawnee [26334573; 2%; No] | Aquolls [26334574; 1%; Yes],EXACT,Unique exact normalized NASIS taxon/component-name match within the intersected map unit.,Labette (26334570): weaker name/taxonomy score 54.0; Tully (26334571): weaker name/taxonomy score 45.4; Florence (26334567): weaker name/taxonomy score 33.1; Clime (26334568): weaker name/taxonomy score 25.4; Konza (26334569): weaker name/taxonomy score 25.4; Aquolls (26334574): weaker name/taxonomy score 20.7; Pawnee (26334573): weaker name/taxonomy score 10.0; Sogn (26334572): weaker name/taxonomy score 5.8,26334566,Benfield,45,Yes,Mollisols,Ustolls,Argiustolls,Udertic Argiustolls,fine,,,Well drained,No,,
34776,S2015KS161101,39.07495,-96.55602,KS161,1472305,4530,"Benfield-Florence complex, 5 to 30 percent slopes",KONZ,C2016USKS016,Site_C NEON_6_KONZ,Florence,"Clayey-skeletal, smectitic, mesic Udic Argiustolls",9.0,Benfield [26334566; 45%; No] | Florence [26334567; 30%; No] | Clime [26334568; 5%; No] | Labette [26334570; 5%; No] | Sogn [26334572; 5%; No] | Tully [26334571; 4%; No] | Konza [26334569; 3%; No] | Pawnee [26334573; 2%; No] | Aquolls [26334574; 1%; Yes],EXACT,Unique exact normalized NASIS taxon/component-name match within the intersected map unit.,Labette (26334570): weaker name/taxonomy score 54.0; Benfield (26334566): weaker name/taxonomy score 33.1; Sogn (26334572): weaker name/taxonomy score 31.7; Tully (26334571): weaker name/taxonomy score 25.4; Clime (26334568): weaker name/taxonomy score 10.8; Konza (26334569): weaker name/taxonomy score 10.8; Aquolls (26334574): weaker name/taxonomy score 0.7; Pawnee (26334573): weaker name/taxonomy score -10.0,26334567,Florence,30,Yes,Mollisols,Ustolls,Argiustolls,Udic Argiustolls,clayey-skeletal,,,Well drained,No,,
34777,S2015KS161102,39.11983,-96.54613,KS161,1472306,4550,"Clime silty clay loam, 20 to 40 percent slopes, very stony",KONZ,C2016USKS016,Site_C NEON_6_KONZ,Clime,"Fine, mixed, active, mesic Udorthentic Haplustolls",9.0,Clime [26334673; 80%; No] | Sogn [26334672; 4%; No] | Rock outcrop [26334667; 3%; No] | Tully [26334671; 3%; No] | Tuttle [26334674; 3%; No] | Ivan [26334668; 2%; No] | Kahola [26334669; 2%; No] | Martin [26334670; 2%; No] | Aquolls [26334675; 1%; Yes],EXACT,Unique exact normalized NASIS taxon/component-name match within the intersected map unit.,Tuttle (26334674): weaker name/taxonomy score 52.7; Tully (26334671): weaker name/taxonomy score 27.0; Aquolls (26334675): weaker name/taxonomy score 21.8; Sogn (26334672): weaker name/taxonomy score 20.0; Ivan (26334668): weaker name/taxonomy score 7.8; Kahola (26334669): weaker name/taxonomy score 6.4; Martin (26334670): weaker name/taxonomy score 6.4; Rock outcrop (26334667): weaker name/taxonomy score 4.1,26334673,Clime,80,Yes,Mollisols,Ustolls,Haplustolls,Udorthentic Haplustolls,fine,very stony,,Well drained,No,,
34778,S2015KS161103,39.11033,-96.55031,KS161,2668810,4590,"Clime-Sogn complex, 3 to 20 percent slopes",KONZ,C2016USKS016,Site_C NEON_6_KONZ,Sogn,"Loamy, mixed, superactive, mesic Lithic Haplustolls",6.0,Clime [26334514; 60%; No] | Sogn [26334518; 25%; No] | Labette [26334515; 5%; No] | Martin [26334516; 5%; No] | Rock outcrop [26334517; 4%; No] | Aquolls [26334519; 1%; Yes],EXACT,Unique exact normalized NASIS taxon/component-name match within the intersected map unit.,Clime (26334514): weaker name/taxonomy score 20.0; Rock outcrop (26334517): weaker name/taxonomy score 4.4; Aquolls (26334519): weaker name/taxonomy score 2.4; Labette (26334515): weaker name/taxonomy score 0.0; Martin (26334516): weaker name/taxonomy score -13.0,26334518,Sogn,25,Yes,Mollisols,Ustolls,Haplustolls,Lithic Haplustolls,clayey,,,Somewhat excessively drained,No,,
34779,S2015KS161104,39.11074,-96.55236,KS161,1472306,4550,"Clime silty clay loam, 20 to 40 percent slopes, very stony",KONZ,C2016USKS016,Site_C NEON_6_KONZ,Tuttle,"Fine, mixed, mesic Pachic Haplustolls",9.0,Clime [26334673; 80%; No] | Sogn [26334672; 4%; No] | Rock outcrop [26334667; 3%; No] | Tully [26334671; 3%; No] | Tuttle [26334674; 3%; No] | Ivan [26334668; 2%; No] | Kahola [26334669; 2%; No] | Martin [26334670; 2%; No] | Aquolls [26334675; 1%; Yes],EXACT,Unique exact normalized NASIS taxon/component-name match within the intersected map unit.,Clime (26334673): weaker name/taxonomy score 52.7; Tully (26334671): weaker name/taxonomy score 39.1; Aquolls (26334675): weaker name/taxonomy score 26.8; Sogn (26334672): weaker name/taxonomy score 20.0; Rock outcrop (26334667): weaker name/taxonomy score 7.8; Kahola (26334669): weaker name/taxonomy score 5.8; Martin (26334670): weaker name/taxonomy score 5.8; Ivan (26334668): weaker name/taxonomy score 0.0,26334674,Tuttle,3,No ,Mollisols,Ustolls,Haplustolls,Pachic Haplustolls,fine,,,Somewhat excessively drained,No,,
34780,S2015KS161105,39.10396,-96.59631,KS161,1472299,4053,"Ivan silty clay loam, channeled",KONZ,C2016USKS016,Site_C NEON_6_KONZ,Tully,"Fine, mixed, superactive, mesic Pachic Argiustolls",4.0,Ivan [26334663; 80%; No] | Martin [26334664; 10%; No] | Reading [26334665; 9%; No] | Aquolls [26334666; 1%; Yes],AMBIGUOUS,Multiple plausible candidates remain without a decisive name/taxonomy margin.,No plausible alternative rejected.,,,,,,,,,,,,,,,
34781,S2015KS161106,39.10603,-96.59763,KS161,2668810,4590,"Clime-Sogn complex, 3 to 20 percent slopes",KONZ,C2016USKS016,Site_C NEON_6_KONZ,Clime,"Fine, mixed, active, mesic Udorthentic Haplustolls",6.0,Clime [26334514; 60%; No] | Sogn [26334518; 25%; No] | Labette [26334515; 5%; No] | Martin [26334516; 5%; No] | Rock outcrop [26334517; 4%; No] | Aquolls [26334519; 1%; Yes],EXACT,Unique exact normalized NASIS taxon/component-name match within the intersected map unit.,Labette (26334515): weaker name/taxonomy score 31.7; Aquolls (26334519): weaker name/taxonomy score 21.8; Sogn (26334518): weaker name/taxonomy score 20.0; Martin (26334516): weaker name/taxonomy score 6.4; Rock outcrop (26334517): weaker name/taxonomy score 4.1,26334514,Clime,60,Yes,Mollisols,Ustolls,Haplustolls,Udorthentic Haplustolls,fine,,,Well drained,No,,
34782,S2015KS161107,39.09877,-96.60176,KS161,1472342,7690,"Wymore-Kennebec complex, 0 to 17 percent slopes",KONZ,C2016USKS016,Site_C NEON_6_KONZ,Ivan,"Fine, mixed, superactive, mesic Cumulic Haplustolls",5.0,Wymore [26334594; 45%; No] | Kennebec [26334592; 35%; No] | Clime [26334593; 10%; No] | Sogn [26334595; 9%; No] | Aquolls [26334596; 1%; Yes],AMBIGUOUS,Multiple plausible candidates remain without a decisive name/taxonomy margin.,No plausible alternative rejected.,,,,,,,,,,,,,,,
34783,S2015KS161108,39.09203,-96.58411,KS161,2668810,4590,"Clime-Sogn complex, 3 to 20 percent slopes",KONZ,C2016USKS016,Site_C NEON_6_KONZ,Kipson,"Fine, mixed, superactive, mesic, shallow Udorthentic Haplustolls",6.0,Clime [26334514; 60%; No] | Sogn [26334518; 25%; No] | Labette [26334515; 5%; No] | Martin [26334516; 5%; No] | Rock outcrop [26334517; 4%; No] | Aquolls [26334519; 1%; Yes],MEDIUM,No name match; unique candidate supported by at least three taxonomic ranks.,Sogn (26334518): weaker name/taxonomy score 41.0; Aquolls (26334519): weaker name/taxonomy score 21.4; Labette (26334515): weaker name/taxonomy score 20.0; Martin (26334516): weaker name/taxonomy score 11.7; Rock outcrop (26334517): weaker name/taxonomy score 3.9,26334514,Clime,60,Yes,Mollisols,Ustolls,Haplustolls,Udorthentic Haplustolls,fine,,,Well drained,No,,
34784,S2015KS161109,39.10068,-96.58558,KS161,2668810,4590,"Clime-Sogn complex, 3 to 20 percent slopes",KONZ,C2016USKS016,Site_C NEON_6_KONZ,Tully,"Fine, mixed, superactive, mesic Pachic Argiustolls",6.0,Clime [26334514; 60%; No] | Sogn [26334518; 25%; No] | Labette [26334515; 5%; No] | Martin [26334516; 5%; No] | Rock outcrop [26334517; 4%; No] | Aquolls [26334519; 1%; Yes],AMBIGUOUS,Multiple plausible candidates remain without a decisive name/taxonomy margin.,No plausible alternative rejected.,,,,,,,,,,,,,,,
34785,S2015KS161110,39.09044,-96.56269,KS161,1472305,4530,"Benfield-Florence complex, 5 to 30 percent slopes",KONZ,C2016USKS016,Site_C NEON_6_KONZ,Florence,"Clayey-skeletal, mixed, mesic Udic Argiustolls",9.0,Benfield [26334566; 45%; No] | Florence [26334567; 30%; No] | Clime [26334568; 5%; No] | Labette [26334570; 5%; No] | Sogn [26334572; 5%; No] | Tully [26334571; 4%; No] | Konza [26334569; 3%; No] | Pawnee [26334573; 2%; No] | Aquolls [26334574; 1%; Yes],EXACT,Unique exact normalized NASIS taxon/component-name match within the intersected map unit.,Labette (26334570): weaker name/taxonomy score 54.0; Benfield (26334566): weaker name/taxonomy score 33.1; Sogn (26334572): weaker name/taxonomy score 31.7; Tully (26334571): weaker name/taxonomy score 25.4; Clime (26334568): weaker name/taxonomy score 10.8; Konza (26334569): weaker name/taxonomy score 10.8; Aquolls (26334574): weaker name/taxonomy score 0.7; Pawnee (26334573): weaker name/taxonomy score -10.0,26334567,Florence,30,Yes,Mollisols,Ustolls,Argiustolls,Udic Argiustolls,clayey-skeletal,,,Well drained,No,,
34786,S2015KS161111,39.08433,-96.58242,KS161,2668810,4590,"Clime-Sogn complex, 3 to 20 percent slopes",KONZ,C2016USKS016,Site_C NEON_6_KONZ,Tully,"Fine, mixed, superactive, mesic Pachic Argiustolls",6.0,Clime [26334514; 60%; No] | Sogn [26334518; 25%; No] | Labette [26334515; 5%; No] | Martin [26334516; 5%; No] | Rock outcrop [26334517; 4%; No] | Aquolls [26334519; 1%; Yes],AMBIGUOUS,Multiple plausible candidates remain without a decisive name/taxonomy margin.,No plausible alternative rejected.,,,,,,,,,,,,,,,
34828,S2015CO075001,40.4762778,-103.0120278,CO075,94472,110,"Wagonwheel-Stoneham complex, 2 to 5 percent slopes",STER,C2016USCO024,Site_C NEON_5_STER,Sampson,"Fine-loamy, mixed, superactive, mesic Pachic Argiustolls",6.0,Wagonwheel [26570778; 45%; Unranked] | Stoneham [26570779; 30%; No] | Colby [26570776; 10%; No] | Keith [26570775; 6%; No] | Ulysses [26570774; 5%; No] | Duroc [26570777; 4%; No],AMBIGUOUS,Multiple plausible candidates remain without a decisive name/taxonomy margin.,No plausible alternative rejected.,,,,,,,,,,,,,,,
34829,S2015CO075002,40.4807222,-103.0189722,CO075,94473,111,"Wagonwheel-Colby-Stoneham association, 5 to 12 percent slopes",STER,C2016USCO024,Site_C NEON_5_STER,Stoneham,"Fine-loamy, mixed, superactive, mesic Calcidic Haplustalfs",6.0,Wagonwheel [26570749; 40%; Unranked] | Colby [26570750; 35%; No] | Stoneham [26570747; 15%; No] | Ulysses [26570745; 5%; No] | Keith [26570746; 3%; No] | Duroc [26570748; 2%; No],EXACT,Unique exact normalized NASIS taxon/component-name match within the intersected map unit.,Wagonwheel (26570749): weaker name/taxonomy score -28.3; Keith (26570746): weaker name/taxonomy score -29.2; Ulysses (26570745): weaker name/taxonomy score -30.7; Colby (26570750): weaker name/taxonomy score -34.6; Duroc (26570748): weaker name/taxonomy score -34.6,26570747,Stoneham,15,No ,Alfisols,Ustalfs,Haplustalfs,Aridic Haplustalfs,fine-loamy,,,Well drained,No,,
34830,S2015CO075003,40.4785278,-103.0194167,CO075,94473,111,"Wagonwheel-Colby-Stoneham association, 5 to 12 percent slopes",STER,C2016USCO024,Site_C NEON_5_STER,Colby,"Coarse-loamy, mixed, superactive, mesic Haplocalcidic Haplustepts",6.0,Wagonwheel [26570749; 40%; Unranked] | Colby [26570750; 35%; No] | Stoneham [26570747; 15%; No] | Ulysses [26570745; 5%; No] | Keith [26570746; 3%; No] | Duroc [26570748; 2%; No],EXACT,Unique exact normalized NASIS taxon/component-name match within the intersected map unit.,Wagonwheel (26570749): weaker name/taxonomy score -10.7; Ulysses (26570745): weaker name/taxonomy score -28.3; Duroc (26570748): weaker name/taxonomy score -33.0; Stoneham (26570747): weaker name/taxonomy score -34.6; Keith (26570746): weaker name/taxonomy score -40.0,26570750,Colby,35,Yes,Entisols,Orthents,Ustorthents,Aridic Ustorthents,fine-silty,,PE>31,Well drained,No,,
34831,S2015CO075004,40.4687222,-103.0115556,CO075,94579,92,"Rago loam, 0 to 3 percent slopes",STER,C2016USCO024,Site_C NEON_5_STER,Kuma,"Fine-silty, mixed, superactive, mesic Pachic Argiustolls",3.0,Rago [26571075; 80%; No] | Keith [26571073; 15%; No] | Ascalon [26571074; 5%; No],MEDIUM,No name match; unique candidate supported by at least three taxonomic ranks.,Keith (26571073): weaker name/taxonomy score 47.8; Ascalon (26571074): weaker name/taxonomy score 26.4,26571075,Rago,80,Yes,Mollisols,Ustolls,Argiustolls,Pachic Argiustolls,fine,,,Well drained,No,,
34832,S2015CO075005,40.4695556,-103.0166389,CO075,94472,110,"Wagonwheel-Stoneham complex, 2 to 5 percent slopes",STER,C2016USCO024,Site_C NEON_5_STER,Colby,"Coarse-loamy, mixed, superactive, mesic Aridic Haplustepts",6.0,Wagonwheel [26570778; 45%; Unranked] | Stoneham [26570779; 30%; No] | Colby [26570776; 10%; No] | Keith [26570775; 6%; No] | Ulysses [26570774; 5%; No] | Duroc [26570777; 4%; No],EXACT,Unique exact normalized NASIS taxon/component-name match within the intersected map unit.,Wagonwheel (26570778): weaker name/taxonomy score -10.7; Ulysses (26570774): weaker name/taxonomy score -28.3; Duroc (26570777): weaker name/taxonomy score -33.0; Stoneham (26570779): weaker name/taxonomy score -34.6; Keith (26570775): weaker name/taxonomy score -40.0,26570776,Colby,10,No ,Entisols,Orthents,Ustorthents,Aridic Ustorthents,fine-silty,,PE>31,Well drained,No,,
34833,S2015CO075006,40.4718889,-103.0250278,CO075,94481,119,"Wages loam, 3 to 5 percent slopes",STER,C2016USCO024,Site_C NEON_5_STER,Wages,"Fine, smectitic over carbonatic, mesic Calcidic Argiustolls",3.0,Wages [26571122; 85%; No] | Ascalon [26571121; 10%; No] | Satanta [26571120; 5%; No],EXACT,Unique exact normalized NASIS taxon/component-name match within the intersected map unit.,Ascalon (26571121): weaker name/taxonomy score 11.7; Satanta (26571120): weaker name/taxonomy score 5.8,26571122,Wages,85,Yes,Mollisols,Ustolls,Argiustolls,Aridic Argiustolls,fine-loamy,,"NIRR,WARM",Well drained,No,,
34834,S2015CO075007,40.4731111,-103.0185,CO075,94489,126,"Weld loam, 1 to 3 percent slopes",STER,C2016USCO024,Site_C NEON_5_STER,Platner,"Fine, smectitic, mesic Aridic Paleustolls",5.0,Weld [26570815; 80%; No] | Adena [26570814; 8%; No] | Colby [26570811; 7%; No] | Keith [26570812; 3%; No] | Baca [26570813; 2%; No],AMBIGUOUS,Multiple plausible candidates remain without a decisive name/taxonomy margin.,No plausible alternative rejected.,,,,,,,,,,,,,,,
34835,S2015CO075008,40.4651389,-103.0347222,CO075,94579,92,"Rago loam, 0 to 3 percent slopes",STER,C2016USCO024,Site_C NEON_5_STER,Weld,"Fine, smectitic, mesic Aridic Argiustolls",3.0,Rago [26571075; 80%; No] | Keith [26571073; 15%; No] | Ascalon [26571074; 5%; No],AMBIGUOUS,Multiple plausible candidates remain without a decisive name/taxonomy margin.,No plausible alternative rejected.,,,,,,,,,,,,,,,
34836,S2015CO075009,40.4637778,-103.0351944,CO075,94579,92,"Rago loam, 0 to 3 percent slopes",STER,C2016USCO024,Site_C NEON_5_STER,Sampson,"Fine-loamy, mixed, superactive, mesic Pachic Argiustolls",3.0,Rago [26571075; 80%; No] | Keith [26571073; 15%; No] | Ascalon [26571074; 5%; No],AMBIGUOUS,Multiple plausible candidates remain without a decisive name/taxonomy margin.,No plausible alternative rejected.,,,,,,,,,,,,,,,
34837,S2015CO075010,40.46075,-103.0302778,CO075,94489,126,"Weld loam, 1 to 3 percent slopes",STER,C2016USCO024,Site_C NEON_5_STER,Rago,"Fine, smectitic, mesic Pachic Argiustolls",5.0,Weld [26570815; 80%; No] | Adena [26570814; 8%; No] | Colby [26570811; 7%; No] | Keith [26570812; 3%; No] | Baca [26570813; 2%; No],AMBIGUOUS,Multiple plausible candidates remain without a decisive name/taxonomy margin.,No plausible alternative rejected.,,,,,,,,,,,,,,,
34838,S2015CO075011,40.4607778,-103.0331667,CO075,94489,126,"Weld loam, 1 to 3 percent slopes",STER,C2016USCO024,Site_C NEON_5_STER,Weld,"Fine, smectitic, mesic Calcidic Argiustolls",5.0,Weld [26570815; 80%; No] | Adena [26570814; 8%; No] | Colby [26570811; 7%; No] | Keith [26570812; 3%; No] | Baca [26570813; 2%; No],EXACT,Unique exact normalized NASIS taxon/component-name match within the intersected map unit.,Keith (26570812): weaker name/taxonomy score 47.8; Adena (26570814): weaker name/taxonomy score -12.2; Colby (26570811): weaker name/taxonomy score -12.2; Baca (26570813): weaker name/taxonomy score -20.0,26570815,Weld,80,Yes,Mollisols,Ustolls,Argiustolls,Aridic Argiustolls,fine,,,Well drained,No,,
34938,S2015ND093009,47.144874,-99.233198,ND093,2661634,C135D,"Zahl-Williams loams, 9 to 15 percent slopes",,C2016USND034,Site_C NEON ND Stutsman Co.,Zahl,"Fine-loamy, mixed, active, frigid Typic Calciustolls",8.0,Zahl [27719303; 41%; No] | Williams [27719304; 30%; No] | Zahill [27719306; 9%; No] | Bowbells [27719309; 9%; No] | Niobell [27719305; 3%; No] | Wabek [27719307; 3%; No] | Parnell [27719308; 3%; Yes] | Hamerly [27719310; 2%; No],EXACT,Unique exact normalized NASIS taxon/component-name match within the intersected map unit.,Niobell (27719305): weaker name/taxonomy score 26.4; Bowbells (27719309): weaker name/taxonomy score 25.8; Williams (27719304): weaker name/taxonomy score 25.8; Parnell (27719308): weaker name/taxonomy score 12.7; Hamerly (27719310): weaker name/taxonomy score 12.7; Zahill (27719306): weaker name/taxonomy score 8.0; Wabek (27719307): weaker name/taxonomy score 7.8,27719303,Zahl,41,Yes,Mollisols,Ustolls,Calciustolls,Typic Calciustolls,fine-loamy,,"A,L,9-15,wd,range,osd,SD",Well drained,No,,
34939,S2015ND093010,47.1465,-99.225673,ND093,2566841,C819B,"Lehr-Wabek loams, 2 to 6 percent slopes",,C2016USND034,Site_C NEON ND Stutsman Co.,Wabek,"Loamy-skeletal, mixed, frigid Entic Haplustolls",7.0,Lehr [27719367; 47%; No] | Wabek [27719366; 35%; No] | Bowdle [27719364; 10%; No] | Appam [27719363; 5%; No] | Tonka [27719362; 1%; Yes] | Parshall [27719365; 1%; No] | Divide [27719368; 1%; No],EXACT,Unique exact normalized NASIS taxon/component-name match within the intersected map unit.,Lehr (27719367): weaker name/taxonomy score 67.8; Appam (27719363): weaker name/taxonomy score 67.0; Bowdle (27719364): weaker name/taxonomy score 52.7; Parshall (27719365): weaker name/taxonomy score 25.4; Tonka (27719362): weaker name/taxonomy score 7.0; Divide (27719368): weaker name/taxonomy score 6.4,27719366,Wabek,35,Yes,Mollisols,Ustolls,Haplustolls,Entic Haplustolls,sandy-skeletal,,"A,L,2-6,exd,range,osd, SD",Excessively drained,No,,
34940,S2015ND093013,47.137,-99.229,ND093,2566846,C156F,"Zahl-Max-Bowbells loams, 6 to 35 percent slopes",,C2016USND034,Site_C NEON ND Stutsman Co.,Typic Caciaquoll,"Fine, smectitic, frigid Typic Calciaquolls",8.0,Zahl [27719277; 54%; No] | Max [27719278; 22%; No] | Bowbells [27719280; 18%; No] | Parnell [27719279; 2%; Yes] | Tonka [27719274; 1%; Yes] | Wabek [27719275; 1%; No] | Noonan [27719276; 1%; No] | Hamerly [27719281; 1%; No],AMBIGUOUS,Multiple plausible candidates remain without a decisive name/taxonomy margin.,No plausible alternative rejected.,,,,,,,,,,,,,,,
34941,S2015ND093017,47.137,-99.234,ND093,2595591,C870E,"Wabek-Lehr-Appam complex, 9 to 25 percent slopes",,C2016USND034,Site_C NEON ND Stutsman Co.,Schaller,"Sandy, mixed, frigid Entic Haplustolls",6.0,Wabek [27719356; 50%; No] | Lehr [27719359; 19%; No] | Appam [27719357; 17%; No] | Bowdle [27719360; 8%; No] | Divide [27719361; 4%; No] | Parnell [27719358; 2%; Yes],AMBIGUOUS,Multiple plausible candidates remain without a decisive name/taxonomy margin.,No plausible alternative rejected.,,,,,,,,,,,,,,,
34942,S2015ND093019,47.146553,-99.245216,ND093,2566844,C165F,"Zahl-Max-Parnell complex, 0 to 35 percent slopes",,C2016USND034,Site_C NEON ND Stutsman Co.,Max,"Fine-loamy, mixed, active, frigid Typic Haplustolls",8.0,Zahl [27720397; 33%; No] | Max [27720396; 26%; No] | Parnell [27720398; 22%; Yes] | Bowbells [27720399; 6%; No] | Vallers [27720393; 4%; Yes] | Wabek [27720392; 3%; No] | Noonan [27720394; 3%; No] | Tonka [27720395; 3%; Yes],EXACT,Unique exact normalized NASIS taxon/component-name match within the intersected map unit.,Bowbells (27720399): weaker name/taxonomy score 57.5; Zahl (27720397): weaker name/taxonomy score 30.0; Noonan (27720394): weaker name/taxonomy score 27.8; Wabek (27720392): weaker name/taxonomy score 22.8; Vallers (27720393): weaker name/taxonomy score 14.0; Parnell (27720398): weaker name/taxonomy score 9.3; Tonka (27720395): weaker name/taxonomy score 8.8,27720396,Max,26,Yes,Mollisols,Ustolls,Haplustolls,Typic Haplustolls,fine-loamy,,"A,L,15-25,wd,range,osd,nd",Well drained,No,,
34943,S2015ND093021,47.146,-99.244,ND093,2566844,C165F,"Zahl-Max-Parnell complex, 0 to 35 percent slopes",,C2016USND034,Site_C NEON ND Stutsman Co.,Colvin,"Fine-silty, mixed, superactive, frigid Typic Calciaquolls",8.0,Zahl [27720397; 33%; No] | Max [27720396; 26%; No] | Parnell [27720398; 22%; Yes] | Bowbells [27720399; 6%; No] | Vallers [27720393; 4%; Yes] | Wabek [27720392; 3%; No] | Noonan [27720394; 3%; No] | Tonka [27720395; 3%; Yes],AMBIGUOUS,Multiple plausible candidates remain without a decisive name/taxonomy margin.,No plausible alternative rejected.,,,,,,,,,,,,,,,
34944,S2015ND093022,47.146167,-99.263711,ND093,2566829,C132C,"Williams-Zahl-Zahill complex, 6 to 9 percent slopes",,C2016USND034,Site_C NEON ND Stutsman Co.,Southam,"Fine, smectitic, calcareous, frigid Vertic Endoaquolls",7.0,Williams [27720406; 50%; No] | Zahl [27720407; 20%; No] | Zahill [27720409; 15%; No] | Bowbells [27720412; 9%; No] | Hamerly [27720411; 3%; No] | Parnell [27720410; 2%; Yes] | Noonan [27720408; 1%; No],AMBIGUOUS,Multiple plausible candidates remain without a decisive name/taxonomy margin.,No plausible alternative rejected.,,,,,,,,,,,,,,,
34945,S2015ND093026,47.151072,-99.253018,ND093,3312341,C24A,"Parnell silty clay loam, 0 to 1 percent slopes, Missouri Coteau",,C2016USND034,Site_C NEON ND Stutsman Co.,Parnell,"Fine, smectitic, frigid Vertic Argiaquolls",7.0,Parnell [27720308; 64%; Yes] | Vallers [27720307; 10%; Yes] | Tonka [27720309; 10%; Yes] | Southam [27720310; 10%; Yes] | Hamerly [27720312; 3%; No] | Vallers [27720306; 2%; Yes] | Heil [27720311; 1%; Yes],EXACT,Unique exact normalized NASIS taxon/component-name match within the intersected map unit.,Hamerly (27720312): weaker name/taxonomy score 35.0; Vallers (27720306): weaker name/taxonomy score 35.0; Vallers (27720307): weaker name/taxonomy score 35.0; Southam (27720310): weaker name/taxonomy score 25.0; Tonka (27720309): weaker name/taxonomy score 5.8; Heil (27720311): weaker name/taxonomy score -7.3,27720308,Parnell,64,Yes,Mollisols,Aquolls,Argiaquolls,Vertic Argiaquolls,fine,,"A,SiCL,0-1,vpd,53B-DSM,SD,TP,FY23",Very poorly drained,Yes,2; 3,6268276; 6268277
34946,S2015ND093028,47.140568,-99.252037,ND093,3312344,C26A,"Tonka-Parnell complex, 0 to 1 percent slopes, Missouri Coteau",,C2016USND034,Site_C NEON ND Stutsman Co.,Parnell,"Fine, smectitic, frigid Vertic Argiaquolls",6.0,Tonka [27720297; 60%; Yes] | Parnell [27720298; 22%; Yes] | Vallers [27720295; 5%; Yes] | Vallers [27720296; 5%; Yes] | Wyard [27720299; 5%; No] | Bowbells [27720300; 3%; No],EXACT,Unique exact normalized NASIS taxon/component-name match within the intersected map unit.,Vallers (27720295): weaker name/taxonomy score 35.0; Vallers (27720296): weaker name/taxonomy score 35.0; Wyard (27720299): weaker name/taxonomy score 31.7; Bowbells (27720300): weaker name/taxonomy score 14.0; Tonka (27720297): weaker name/taxonomy score 5.8,27720298,Parnell,22,Yes,Mollisols,Aquolls,Argiaquolls,Vertic Argiaquolls,fine,,"A,SiCL,0-1,vpd,53B-DSM,SD,TP,FY23",Very poorly drained,Yes,2; 3,6268265; 6268266
34947,S2015ND093029,47.122,-99.239,ND093,2566841,C819B,"Lehr-Wabek loams, 2 to 6 percent slopes",,C2016USND034,Site_C NEON ND Stutsman Co.,McDonaldsville,"Loamy-skeletal, mixed, superactive, frigid Typic Calciaquolls",7.0,Lehr [27719367; 47%; No] | Wabek [27719366; 35%; No] | Bowdle [27719364; 10%; No] | Appam [27719363; 5%; No] | Tonka [27719362; 1%; Yes] | Parshall [27719365; 1%; No] | Divide [27719368; 1%; No],AMBIGUOUS,Multiple plausible candidates remain without a decisive name/taxonomy margin.,No plausible alternative rejected.,,,,,,,,,,,,,,,
34948,S2015ND093030,47.137925,-99.243418,ND093,3312341,C24A,"Parnell silty clay loam, 0 to 1 percent slopes, Missouri Coteau",,C2016USND034,Site_C NEON ND Stutsman Co.,SND,"Fine-loamy, carbonatic, frigid Cumulic Endoaquolls",7.0,Parnell [27720308; 64%; Yes] | Vallers [27720307; 10%; Yes] | Tonka [27720309; 10%; Yes] | Southam [27720310; 10%; Yes] | Hamerly [27720312; 3%; No] | Vallers [27720306; 2%; Yes] | Heil [27720311; 1%; Yes],EXACT,Unique exact normalized NASIS taxon/component-name match within the intersected map unit.,Hamerly (27720312): weaker name/taxonomy score 35.0; Parnell (27720308): weaker name/taxonomy score 27.0; Vallers (27720306): weaker name/taxonomy score 27.0; Vallers (27720307): weaker name/taxonomy score 27.0; Tonka (27720309): weaker name/taxonomy score 11.7; Heil (27720311): weaker name/taxonomy score -13.6,27720310,Southam,10,No ,Mollisols,Aquolls,Endoaquolls,Cumulic Vertic Endoaquolls,fine,,"A-sicl,0-1%,vpd,53B-DSM,SD,TP,FY23",Very poorly drained,Yes,2; 3,6268280; 6268281
34949,S2015ND093031,47.128,-99.243,ND093,2566841,C819B,"Lehr-Wabek loams, 2 to 6 percent slopes",,C2016USND034,Site_C NEON ND Stutsman Co.,Tonka,"Fine, smectitic, frigid Argiaquic Argialbolls",7.0,Lehr [27719367; 47%; No] | Wabek [27719366; 35%; No] | Bowdle [27719364; 10%; No] | Appam [27719363; 5%; No] | Tonka [27719362; 1%; Yes] | Parshall [27719365; 1%; No] | Divide [27719368; 1%; No],EXACT,Unique exact normalized NASIS taxon/component-name match within the intersected map unit.,Bowdle (27719364): weaker name/taxonomy score 6.4; Lehr (27719367): weaker name/taxonomy score 0.0; Divide (27719368): weaker name/taxonomy score 0.0; Appam (27719363): weaker name/taxonomy score -13.0; Wabek (27719366): weaker name/taxonomy score -13.0; Parshall (27719365): weaker name/taxonomy score -14.6,27719362,Tonka,1,No ,Mollisols,Albolls,Argialbolls,Argiaquic Argialbolls,fine,,"A,sil,0-1,pd,cult,osd,ND",Poorly drained,Yes,3; 2,6267856; 6267857
34950,S2015ND093032,47.130825,-99.243025,ND093,2595591,C870E,"Wabek-Lehr-Appam complex, 9 to 25 percent slopes",,C2016USND034,Site_C NEON ND Stutsman Co.,Roseglen,"Fine-loamy, mixed, superactive, frigid Pachic Haplustolls",6.0,Wabek [27719356; 50%; No] | Lehr [27719359; 19%; No] | Appam [27719357; 17%; No] | Bowdle [27719360; 8%; No] | Divide [27719361; 4%; No] | Parnell [27719358; 2%; Yes],AMBIGUOUS,Multiple plausible candidates remain without a decisive name/taxonomy margin.,No plausible alternative rejected.,,,,,,,,,,,,,,,
34951,S2015ND093033,47.128106,-99.243791,ND093,2566841,C819B,"Lehr-Wabek loams, 2 to 6 percent slopes",,C2016USND034,Site_C NEON ND Stutsman Co.,Tansem,"Coarse-loamy, mixed, active, frigid Typic Haplustolls",7.0,Lehr [27719367; 47%; No] | Wabek [27719366; 35%; No] | Bowdle [27719364; 10%; No] | Appam [27719363; 5%; No] | Tonka [27719362; 1%; Yes] | Parshall [27719365; 1%; No] | Divide [27719368; 1%; No],AMBIGUOUS,Multiple plausible candidates remain without a decisive name/taxonomy margin.,No plausible alternative rejected.,,,,,,,,,,,,,,,
34952,S2015ND093034,47.127281,-99.246569,ND093,3312344,C26A,"Tonka-Parnell complex, 0 to 1 percent slopes, Missouri Coteau",,C2016USND034,Site_C NEON ND Stutsman Co.,Zahl,"Coarse-loamy, mixed, superactive, frigid Typic Calciustolls",6.0,Tonka [27720297; 60%; Yes] | Parnell [27720298; 22%; Yes] | Vallers [27720295; 5%; Yes] | Vallers [27720296; 5%; Yes] | Wyard [27720299; 5%; No] | Bowbells [27720300; 3%; No],AMBIGUOUS,Multiple plausible candidates remain without a decisive name/taxonomy margin.,No plausible alternative rejected.,,,,,,,,,,,,,,,
35000,S2015AL063021,32.5322222,-87.8180556,AL063,329644,AS,Angie-Leaf association,,C2016USAL038,Site_C NEON AL Dead Lake,Annemaine,"Fine, mixed, semiactive, thermic Aquic Hapludults",2.0,Angie [27276241; 60%; No] | Leaf [27276240; 20%; Yes],AMBIGUOUS,Multiple plausible candidates remain without a decisive name/taxonomy margin.,No plausible alternative rejected.,,,,,,,,,,,,,,,
35001,S2015AL063001,32.5347694,-87.8153,AL063,329644,AS,Angie-Leaf association,,C2016USAL038,Site_C NEON AL Dead Lake,Angie,"Fine, mixed, semiactive, thermic Aquic Paleudults",2.0,Angie [27276241; 60%; No] | Leaf [27276240; 20%; Yes],EXACT,Unique exact normalized NASIS taxon/component-name match within the intersected map unit.,Leaf (27276240): weaker name/taxonomy score -12.2,27276241,Angie,60,Yes,Ultisols,Udults,Hapludults,Aquic Hapludults,clayey,(Annemaine),,Moderately well drained,No,,
35002,S2015AL063002,32.5341667,-87.8172222,AL063,329644,AS,Angie-Leaf association,,C2016USAL038,Site_C NEON AL Dead Lake,Annemaine,"Fine, mixed, semiactive, thermic Aquic Hapludults",2.0,Angie [27276241; 60%; No] | Leaf [27276240; 20%; Yes],AMBIGUOUS,Multiple plausible candidates remain without a decisive name/taxonomy margin.,No plausible alternative rejected.,,,,,,,,,,,,,,,
35003,S2015AL063003,32.5394444,-87.8144444,AL063,329670,Le,Leaf silt loam,,C2016USAL038,Site_C NEON AL Dead Lake,Bethera,"Fine, mixed, semiactive, thermic Typic Paleaquults",1.0,Leaf [27276267; 90%; Yes],AMBIGUOUS,Multiple plausible candidates remain without a decisive name/taxonomy margin.,No plausible alternative rejected.,,,,,,,,,,,,,,,
35004,S2015AL063004,32.5413889,-87.8127778,AL063,329670,Le,Leaf silt loam,,C2016USAL038,Site_C NEON AL Dead Lake,Angie,"Fine, mixed, semiactive, thermic Aquic Paleudults",1.0,Leaf [27276267; 90%; Yes],UNMATCHED,No candidate has adequate name or taxonomic agreement.,All candidates lack sufficient correspondence to the sampled pedon.,,,,,,,,,,,,,,,
35005,S2015AL063005,32.5356222,-87.8082556,AL063,329668,LF,Leaf-Angie association,,C2016USAL038,Site_C NEON AL Dead Lake,Angie,"Fine, mixed, semiactive, thermic Aquic Paleudults",2.0,Leaf [27276264; 41%; Yes] | Angie [27276263; 39%; No],EXACT,Unique exact normalized NASIS taxon/component-name match within the intersected map unit.,Leaf (27276264): weaker name/taxonomy score -12.2,27276263,Angie,39,Yes,Ultisols,Udults,Hapludults,Aquic Hapludults,clayey,,,Moderately well drained,No,,
35006,S2015AL063006,32.53535,-87.8101,AL063,329668,LF,Leaf-Angie association,,C2016USAL038,Site_C NEON AL Dead Lake,Angie-like,"Fine, mixed, semiactive, thermic Aquic Paleudults",2.0,Leaf [27276264; 41%; Yes] | Angie [27276263; 39%; No],EXACT,Unique exact normalized NASIS taxon/component-name match within the intersected map unit.,Leaf (27276264): weaker name/taxonomy score -10.0,27276263,Angie,39,Yes,Ultisols,Udults,Hapludults,Aquic Hapludults,clayey,,,Moderately well drained,No,,
35007,S2015AL063007,32.535375,-87.8117306,AL063,329668,LF,Leaf-Angie association,,C2016USAL038,Site_C NEON AL Dead Lake,Angie,"Fine, mixed, semiactive, thermic Aquic Paleudults",2.0,Leaf [27276264; 41%; Yes] | Angie [27276263; 39%; No],EXACT,Unique exact normalized NASIS taxon/component-name match within the intersected map unit.,Leaf (27276264): weaker name/taxonomy score -12.2,27276263,Angie,39,Yes,Ultisols,Udults,Hapludults,Aquic Hapludults,clayey,,,Moderately well drained,No,,
35008,S2015AL063008,32.5402778,-87.8003028,AL063,329668,LF,Leaf-Angie association,,C2016USAL038,Site_C NEON AL Dead Lake,Cahaba-like,"Fine-loamy, siliceous, semiactive, thermic Typic Hapludults",2.0,Leaf [27276264; 41%; Yes] | Angie [27276263; 39%; No],AMBIGUOUS,Multiple plausible candidates remain without a decisive name/taxonomy margin.,No plausible alternative rejected.,,,,,,,,,,,,,,,
35009,S2015AL063009,32.5386389,-87.8015556,AL063,329668,LF,Leaf-Angie association,,C2016USAL038,Site_C NEON AL Dead Lake,Cahaba,"Fine-loamy, siliceous, semiactive, thermic Typic Hapludults",2.0,Leaf [27276264; 41%; Yes] | Angie [27276263; 39%; No],AMBIGUOUS,Multiple plausible candidates remain without a decisive name/taxonomy margin.,No plausible alternative rejected.,,,,,,,,,,,,,,,
35010,S2015AL063010,32.5296611,-87.8107306,AL063,329684,Oc,Ochlockonee fine sandy loam,,C2016USAL038,Site_C NEON AL Dead Lake,Cahaba,"Fine-loamy, siliceous, semiactive, thermic Typic Hapludults",2.0,Ochlockonee [27276278; 90%; No] | Bibb [27276277; 1%; Yes],UNMATCHED,No candidate has adequate name or taxonomic agreement.,All candidates lack sufficient correspondence to the sampled pedon.,,,,,,,,,,,,,,,
35011,S2015AL063011,32.53945,-87.8022139,AL063,329668,LF,Leaf-Angie association,,C2016USAL038,Site_C NEON AL Dead Lake,Wehadkee,"Fine-loamy, mixed, active, nonacid, thermic Fluvaquentic Endoaquepts",2.0,Leaf [27276264; 41%; Yes] | Angie [27276263; 39%; No],UNMATCHED,No candidate has adequate name or taxonomic agreement.,All candidates lack sufficient correspondence to the sampled pedon.,,,,,,,,,,,,,,,
35012,S2015AL063012,32.5420722,-87.8072,AL063,329668,LF,Leaf-Angie association,,C2016USAL038,Site_C NEON AL Dead Lake,Leaf,"Fine, mixed, active, thermic Typic Albaquults",2.0,Leaf [27276264; 41%; Yes] | Angie [27276263; 39%; No],EXACT,Unique exact normalized NASIS taxon/component-name match within the intersected map unit.,Angie (27276263): weaker name/taxonomy score -12.2,27276264,Leaf,41,Yes,Ultisols,Aquults,Albaquults,Typic Albaquults,clayey,,,Poorly drained,Yes,2,6148245
35013,S2015AL063013,32.538631,-87.804742,AL063,329668,LF,Leaf-Angie association,,C2016USAL038,Site_C NEON AL Dead Lake,Tawcaw,"Fine, kaolinitic, thermic Fluvaquentic Dystrudepts",2.0,Leaf [27276264; 41%; Yes] | Angie [27276263; 39%; No],UNMATCHED,No candidate has adequate name or taxonomic agreement.,All candidates lack sufficient correspondence to the sampled pedon.,,,,,,,,,,,,,,,
35014,S2015AL063014,32.5345361,-87.8013222,AL065,329777,W,Water,,C2016USAL038,Site_C NEON AL Dead Lake,Leaf,"Fine, mixed, active, thermic Typic Albaquults",1.0,Water [27276421; 100%; No],UNMATCHED,No candidate has adequate name or taxonomic agreement.,All candidates lack sufficient correspondence to the sampled pedon.,,,,,,,,,,,,,,,
35015,S2015AL063015,32.5297222,-87.8180556,AL063,329684,Oc,Ochlockonee fine sandy loam,,C2016USAL038,Site_C NEON AL Dead Lake,Lenoir,"Fine, mixed, semiactive, thermic Aeric Paleaquults",2.0,Ochlockonee [27276278; 90%; No] | Bibb [27276277; 1%; Yes],UNMATCHED,No candidate has adequate name or taxonomic agreement.,All candidates lack sufficient correspondence to the sampled pedon.,,,,,,,,,,,,,,,
35016,S2015AL063016,32.5230556,-87.8147222,AL063,329684,Oc,Ochlockonee fine sandy loam,,C2016USAL038,Site_C NEON AL Dead Lake,Chenneby,"Fine-silty, mixed, active, thermic Fluvaquentic Dystrudepts",2.0,Ochlockonee [27276278; 90%; No] | Bibb [27276277; 1%; Yes],UNMATCHED,No candidate has adequate name or taxonomic agreement.,All candidates lack sufficient correspondence to the sampled pedon.,,,,,,,,,,,,,,,
35017,S2015AL063017,32.5202778,-87.8172222,AL063,329684,Oc,Ochlockonee fine sandy loam,,C2016USAL038,Site_C NEON AL Dead Lake,Ochlockonee-fine-silty,"Fine-silty, thermic Typic Udifluvents",2.0,Ochlockonee [27276278; 90%; No] | Bibb [27276277; 1%; Yes],EXACT,Unique exact normalized NASIS taxon/component-name match within the intersected map unit.,Bibb (27276277): weaker name/taxonomy score -17.3,27276278,Ochlockonee,90,Yes,Entisols,Fluvents,Udifluvents,Typic Udifluvents,coarse-loamy,,,Well drained,No,,
35018,S2015AL063018,32.5286611,-87.8133861,AL063,329684,Oc,Ochlockonee fine sandy loam,,C2016USAL038,Site_C NEON AL Dead Lake,Angie,"Fine, mixed, semiactive, thermic Aquic Paleudults",2.0,Ochlockonee [27276278; 90%; No] | Bibb [27276277; 1%; Yes],UNMATCHED,No candidate has adequate name or taxonomic agreement.,All candidates lack sufficient correspondence to the sampled pedon.,,,,,,,,,,,,,,,
35019,S2015AL063019,32.5270222,-87.8192,AL063,329684,Oc,Ochlockonee fine sandy loam,,C2016USAL038,Site_C NEON AL Dead Lake,Cahaba,"Fine-loamy, siliceous, semiactive, thermic Typic Hapludults",2.0,Ochlockonee [27276278; 90%; No] | Bibb [27276277; 1%; Yes],UNMATCHED,No candidate has adequate name or taxonomic agreement.,All candidates lack sufficient correspondence to the sampled pedon.,,,,,,,,,,,,,,,
35020,S2015AL063020,32.525125,-87.8177556,AL063,329684,Oc,Ochlockonee fine sandy loam,,C2016USAL038,Site_C NEON AL Dead Lake,Angie,"Fine, mixed, semiactive, thermic Aquic Paleudults",2.0,Ochlockonee [27276278; 90%; No] | Bibb [27276277; 1%; Yes],UNMATCHED,No candidate has adequate name or taxonomic agreement.,All candidates lack sufficient correspondence to the sampled pedon.,,,,,,,,,,,,,,,
35032,S2016OK149002,35.41985,-99.05237,OK149,2507761,CRoF,"Cordell-Rock outcrop complex, 1 to 20 percent slopes",,C2016USOK041,Site_C NEON OK Klemme Range,Cordell,"Loamy, mixed, active, thermic Lithic Haplustepts",3.0,Cordell [26781253; 59%; No] | Rock outcrop [26781254; 25%; No] | Obaro [26781255; 16%; No],EXACT,Unique exact normalized NASIS taxon/component-name match within the intersected map unit.,Obaro (26781255): weaker name/taxonomy score 31.7; Rock outcrop (26781254): weaker name/taxonomy score 3.7,26781253,Cordell,59,Yes,Inceptisols,Ustepts,Haplustepts,Lithic Haplustepts,loamy,,,Somewhat excessively drained,No,,
35033,S2016OK149003,35.41225,-99.06966,OK149,2507761,CRoF,"Cordell-Rock outcrop complex, 1 to 20 percent slopes",,C2016USOK041,Site_C NEON OK Klemme Range,Cordell-LIKE,"Loamy, mixed, active, thermic Lithic Ustorthents",3.0,Cordell [26781253; 59%; No] | Rock outcrop [26781254; 25%; No] | Obaro [26781255; 16%; No],EXACT,Unique exact normalized NASIS taxon/component-name match within the intersected map unit.,Rock outcrop (26781254): weaker name/taxonomy score 5.8; Obaro (26781255): weaker name/taxonomy score -28.3,26781253,Cordell,59,Yes,Inceptisols,Ustepts,Haplustepts,Lithic Haplustepts,loamy,,,Somewhat excessively drained,No,,
35034,S2016OK149004,35.41228,-99.08528,OK149,2507761,CRoF,"Cordell-Rock outcrop complex, 1 to 20 percent slopes",,C2016USOK041,Site_C NEON OK Klemme Range,Obaro,"Fine-silty, mixed, superactive, thermic Typic Haplustepts",3.0,Cordell [26781253; 59%; No] | Rock outcrop [26781254; 25%; No] | Obaro [26781255; 16%; No],EXACT,Unique exact normalized NASIS taxon/component-name match within the intersected map unit.,Cordell (26781253): weaker name/taxonomy score 31.7; Rock outcrop (26781254): weaker name/taxonomy score 8.2,26781255,Obaro,16,No ,Inceptisols,Ustepts,Haplustepts,Typic Haplustepts,fine-silty,,,Well drained,No,,
35035,S2016OK149005,35.40445,-99.0800278,OK149,2507768,CdlC2,"Cordell silty clay loam, 1 to 5 percent slopes, eroded",,C2016USOK041,Site_C NEON OK Klemme Range,Cordell,"Loamy, mixed, active, thermic Lithic Haplustepts",4.0,Cordell [26781249; 75%; No] | Obaro [26781252; 15%; No] | Carey [26781250; 6%; No] | Dill [26781251; 4%; No],EXACT,Unique exact normalized NASIS taxon/component-name match within the intersected map unit.,Dill (26781251): weaker name/taxonomy score 59.1; Obaro (26781252): weaker name/taxonomy score 31.7; Carey (26781250): weaker name/taxonomy score -22.5,26781249,Cordell,75,Yes,Inceptisols,Ustepts,Haplustepts,Lithic Haplustepts,loamy,,,Somewhat excessively drained,No,,
35036,S2016OK149007,35.41999,-99.05707,OK149,2507761,CRoF,"Cordell-Rock outcrop complex, 1 to 20 percent slopes",,C2016USOK041,Site_C NEON OK Klemme Range,Cordell-like,"Loamy, mixed, active, thermic Lithic Ustorthents",3.0,Cordell [26781253; 59%; No] | Rock outcrop [26781254; 25%; No] | Obaro [26781255; 16%; No],EXACT,Unique exact normalized NASIS taxon/component-name match within the intersected map unit.,Rock outcrop (26781254): weaker name/taxonomy score 5.8; Obaro (26781255): weaker name/taxonomy score -28.3,26781253,Cordell,59,Yes,Inceptisols,Ustepts,Haplustepts,Lithic Haplustepts,loamy,,,Somewhat excessively drained,No,,
35037,S2016OK149010,35.39908,-99.0604,OK149,2507761,CRoF,"Cordell-Rock outcrop complex, 1 to 20 percent slopes",,C2016USOK041,Site_C NEON OK Klemme Range,Obaro,"Fine-silty, mixed, superactive, thermic Typic Haplustepts",3.0,Cordell [26781253; 59%; No] | Rock outcrop [26781254; 25%; No] | Obaro [26781255; 16%; No],EXACT,Unique exact normalized NASIS taxon/component-name match within the intersected map unit.,Cordell (26781253): weaker name/taxonomy score 31.7; Rock outcrop (26781254): weaker name/taxonomy score 8.2,26781255,Obaro,16,No ,Inceptisols,Ustepts,Haplustepts,Typic Haplustepts,fine-silty,,,Well drained,No,,
35038,S2016OK149012,35.4028,-99.06477,OK149,2507768,CdlC2,"Cordell silty clay loam, 1 to 5 percent slopes, eroded",,C2016USOK041,Site_C NEON OK Klemme Range,Cordell,"Loamy, mixed, active, thermic Lithic Haplustepts",4.0,Cordell [26781249; 75%; No] | Obaro [26781252; 15%; No] | Carey [26781250; 6%; No] | Dill [26781251; 4%; No],EXACT,Unique exact normalized NASIS taxon/component-name match within the intersected map unit.,Dill (26781251): weaker name/taxonomy score 59.1; Obaro (26781252): weaker name/taxonomy score 31.7; Carey (26781250): weaker name/taxonomy score -22.5,26781249,Cordell,75,Yes,Inceptisols,Ustepts,Haplustepts,Lithic Haplustepts,loamy,,,Somewhat excessively drained,No,,
35039,S2016OK149014,35.39969,-99.05807,OK149,2507761,CRoF,"Cordell-Rock outcrop complex, 1 to 20 percent slopes",,C2016USOK041,Site_C NEON OK Klemme Range,Obaro,"Fine-silty, mixed, superactive, thermic Typic Haplustepts",3.0,Cordell [26781253; 59%; No] | Rock outcrop [26781254; 25%; No] | Obaro [26781255; 16%; No],EXACT,Unique exact normalized NASIS taxon/component-name match within the intersected map unit.,Cordell (26781253): weaker name/taxonomy score 31.7; Rock outcrop (26781254): weaker name/taxonomy score 8.2,26781255,Obaro,16,No ,Inceptisols,Ustepts,Haplustepts,Typic Haplustepts,fine-silty,,,Well drained,No,,
35040,S2016OK149015,35.42114,-99.05283,OK149,2507761,CRoF,"Cordell-Rock outcrop complex, 1 to 20 percent slopes",,C2016USOK041,Site_C NEON OK Klemme Range,Cordell-like,"Loamy, mixed, active, thermic Typic Haplustepts",3.0,Cordell [26781253; 59%; No] | Rock outcrop [26781254; 25%; No] | Obaro [26781255; 16%; No],EXACT,Unique exact normalized NASIS taxon/component-name match within the intersected map unit.,Obaro (26781255): weaker name/taxonomy score 51.7; Rock outcrop (26781254): weaker name/taxonomy score 5.8,26781253,Cordell,59,Yes,Inceptisols,Ustepts,Haplustepts,Lithic Haplustepts,loamy,,,Somewhat excessively drained,No,,
35041,S2016OK149016,35.4107111,-99.0692889,OK149,2507768,CdlC2,"Cordell silty clay loam, 1 to 5 percent slopes, eroded",,C2016USOK041,Site_C NEON OK Klemme Range,Cordell,"Loamy, mixed, active, thermic Lithic Haplustepts",4.0,Cordell [26781249; 75%; No] | Obaro [26781252; 15%; No] | Carey [26781250; 6%; No] | Dill [26781251; 4%; No],EXACT,Unique exact normalized NASIS taxon/component-name match within the intersected map unit.,Dill (26781251): weaker name/taxonomy score 59.1; Obaro (26781252): weaker name/taxonomy score 31.7; Carey (26781250): weaker name/taxonomy score -22.5,26781249,Cordell,75,Yes,Inceptisols,Ustepts,Haplustepts,Lithic Haplustepts,loamy,,,Somewhat excessively drained,No,,
35042,S2016OK149019,35.40391,-99.07738,OK149,2507768,CdlC2,"Cordell silty clay loam, 1 to 5 percent slopes, eroded",,C2016USOK041,Site_C NEON OK Klemme Range,Cordell-Eroded,"Loamy, mixed, active, thermic Lithic Ustorthents",4.0,Cordell [26781249; 75%; No] | Obaro [26781252; 15%; No] | Carey [26781250; 6%; No] | Dill [26781251; 4%; No],EXACT,Unique exact normalized NASIS taxon/component-name match within the intersected map unit.,Dill (26781251): weaker name/taxonomy score -0.9; Carey (26781250): weaker name/taxonomy score -22.5; Obaro (26781252): weaker name/taxonomy score -28.3,26781249,Cordell,75,Yes,Inceptisols,Ustepts,Haplustepts,Lithic Haplustepts,loamy,,,Somewhat excessively drained,No,,
35043,S2016OK149020,35.40145,-99.0562,OK149,2507768,CdlC2,"Cordell silty clay loam, 1 to 5 percent slopes, eroded",,C2016USOK041,Site_C NEON OK Klemme Range,Cordell,"Loamy, mixed, active, thermic Lithic Haplustepts",4.0,Cordell [26781249; 75%; No] | Obaro [26781252; 15%; No] | Carey [26781250; 6%; No] | Dill [26781251; 4%; No],EXACT,Unique exact normalized NASIS taxon/component-name match within the intersected map unit.,Dill (26781251): weaker name/taxonomy score 59.1; Obaro (26781252): weaker name/taxonomy score 31.7; Carey (26781250): weaker name/taxonomy score -22.5,26781249,Cordell,75,Yes,Inceptisols,Ustepts,Haplustepts,Lithic Haplustepts,loamy,,,Somewhat excessively drained,No,,
35044,S2016OK149025,35.4189,-99.0472,OK149,2507761,CRoF,"Cordell-Rock outcrop complex, 1 to 20 percent slopes",,C2016USOK041,Site_C NEON OK Klemme Range,Cordell-LIKE,"Loamy, mixed, active, thermic Lithic Ustorthents",3.0,Cordell [26781253; 59%; No] | Rock outcrop [26781254; 25%; No] | Obaro [26781255; 16%; No],EXACT,Unique exact normalized NASIS taxon/component-name match within the intersected map unit.,Rock outcrop (26781254): weaker name/taxonomy score 5.8; Obaro (26781255): weaker name/taxonomy score -28.3,26781253,Cordell,59,Yes,Inceptisols,Ustepts,Haplustepts,Lithic Haplustepts,loamy,,,Somewhat excessively drained,No,,
35045,S2016OK149029,35.41554,-99.04898,OK149,2507761,CRoF,"Cordell-Rock outcrop complex, 1 to 20 percent slopes",,C2016USOK041,Site_C NEON OK Klemme Range,Obaro,"Fine-silty, mixed, superactive, thermic Typic Haplustepts",3.0,Cordell [26781253; 59%; No] | Rock outcrop [26781254; 25%; No] | Obaro [26781255; 16%; No],EXACT,Unique exact normalized NASIS taxon/component-name match within the intersected map unit.,Cordell (26781253): weaker name/taxonomy score 31.7; Rock outcrop (26781254): weaker name/taxonomy score 8.2,26781255,Obaro,16,No ,Inceptisols,Ustepts,Haplustepts,Typic Haplustepts,fine-silty,,,Well drained,No,,
35046,S2016OK149030,35.409889,-99.0712778,OK149,2507761,CRoF,"Cordell-Rock outcrop complex, 1 to 20 percent slopes",,C2016USOK041,Site_C NEON OK Klemme Range,Cordell,"Loamy, mixed, active, thermic Lithic Haplustepts",3.0,Cordell [26781253; 59%; No] | Rock outcrop [26781254; 25%; No] | Obaro [26781255; 16%; No],EXACT,Unique exact normalized NASIS taxon/component-name match within the intersected map unit.,Obaro (26781255): weaker name/taxonomy score 31.7; Rock outcrop (26781254): weaker name/taxonomy score 3.7,26781253,Cordell,59,Yes,Inceptisols,Ustepts,Haplustepts,Lithic Haplustepts,loamy,,,Somewhat excessively drained,No,,
35064,S2015VA187002,38.8950833,-78.1429167,VA187,518823,22E,"Lew loam, 25 to 65 percent slopes, very stony",SCBI,C2016USVA049,Site_C NEON_6_SCBI,Thurmont,"Fine-loamy, mixed, active, mesic Oxyaquic Hapludults",1.0,Lew [27340363; 90%; No],UNMATCHED,No candidate has adequate name or taxonomic agreement.,All candidates lack sufficient correspondence to the sampled pedon.,,,,,,,,,,,,,,,
35065,S2015VA187004,38.8968333,-78.1463611,VA187,518847,32E,"Myersville and Montalto soils, 25 to 65 percent slopes, very stony",SCBI,C2016USVA049,Site_C NEON_6_SCBI,Montalto,"Fine, mixed, semiactive, mesic Ultic Hapludalfs",2.0,Myersville [27340385; 50%; No] | Montalto [27340386; 40%; No],EXACT,Unique exact normalized NASIS taxon/component-name match within the intersected map unit.,Myersville (27340385): weaker name/taxonomy score 67.8,27340386,Montalto,40,Yes,Alfisols,Udalfs,Hapludalfs,Ultic Hapludalfs,fine,,,Well drained,No,,
35066,S2015VA187005,38.90059,-78.16213,VA187,518843,31D,"Myersville-Catoctin silt loams, 15 to 25 percent slopes, very stony",SCBI,C2016USVA049,Site_C NEON_6_SCBI,Lew,"Loamy-skeletal, mixed, active, mesic Ultic Hapludalfs",2.0,Myersville [27340377; 50%; No] | Catoctin [27340378; 40%; No],AMBIGUOUS,Multiple plausible candidates remain without a decisive name/taxonomy margin.,No plausible alternative rejected.,,,,,,,,,,,,,,,
35067,S2015VA187006,38.89746,-78.15221,VA187,518841,30D,"Myersville silt loam, 15 to 25 percent slopes",SCBI,C2016USVA049,Site_C NEON_6_SCBI,Myersville,"Fine-loamy, mixed, active, mesic Ultic Hapludalfs",1.0,Myersville [27340374; 80%; No],EXACT,Unique exact normalized NASIS taxon/component-name match within the intersected map unit.,,27340374,Myersville,80,Yes,Alfisols,Udalfs,Hapludalfs,Ultic Hapludalfs,fine-loamy,,NORTH,Well drained,No,,
35068,S2015VA187007,38.88478,-78.13045,VA187,518816,19B,"Hawksbill cobbly loam, 2 to 7 percent slopes, occasionally flooded",SCBI,C2016USVA049,Site_C NEON_6_SCBI,Lew,"Loamy-skeletal, mixed, active, mesic Ultic Hapludalfs",2.0,Hawksbill [27340321; 85%; No] | Purdy [27340320; 5%; Yes],AMBIGUOUS,Multiple plausible candidates remain without a decisive name/taxonomy margin.,No plausible alternative rejected.,,,,,,,,,,,,,,,
35069,S2015VA187008,38.8877,-78.1473,VA187,518823,22E,"Lew loam, 25 to 65 percent slopes, very stony",SCBI,C2016USVA049,Site_C NEON_6_SCBI,Lew,"Loamy-skeletal, mixed, active, mesic Ultic Hapludalfs",1.0,Lew [27340363; 90%; No],EXACT,Unique exact normalized NASIS taxon/component-name match within the intersected map unit.,,27340363,Lew,90,Yes,Alfisols,Udalfs,Hapludalfs,Ultic Hapludalfs,loamy-skeletal,,NORTH,Well drained,No,,
35070,S2015VA187010,38.88486,-78.12541,VA187,518823,22E,"Lew loam, 25 to 65 percent slopes, very stony",SCBI,C2016USVA049,Site_C NEON_6_SCBI,Lew,"Loamy-skeletal, mixed, active, mesic Ultic Hapludalfs",1.0,Lew [27340363; 90%; No],EXACT,Unique exact normalized NASIS taxon/component-name match within the intersected map unit.,,27340363,Lew,90,Yes,Alfisols,Udalfs,Hapludalfs,Ultic Hapludalfs,loamy-skeletal,,NORTH,Well drained,No,,
35071,S2015VA187011,38.87974,-78.1398,VA187,518846,32D,"Myersville and Montalto soils, 15 to 25 percent slopes, very stony",SCBI,C2016USVA049,Site_C NEON_6_SCBI,Myersville,"Fine-loamy, mixed, active, mesic Ultic Hapludalfs",2.0,Myersville [27340383; 50%; No] | Montalto [27340384; 40%; No],EXACT,Unique exact normalized NASIS taxon/component-name match within the intersected map unit.,Montalto (27340384): weaker name/taxonomy score 67.8,27340383,Myersville,50,Yes,Alfisols,Udalfs,Hapludalfs,Ultic Hapludalfs,fine-loamy,,NORTH,Well drained,No,,
35072,S2015VA187013,38.8745,-78.1646111,VA187,518847,32E,"Myersville and Montalto soils, 25 to 65 percent slopes, very stony",SCBI,C2016USVA049,Site_C NEON_6_SCBI,Myersville,"Fine-loamy, mixed, active, mesic Ultic Hapludalfs",2.0,Myersville [27340385; 50%; No] | Montalto [27340386; 40%; No],EXACT,Unique exact normalized NASIS taxon/component-name match within the intersected map unit.,Montalto (27340386): weaker name/taxonomy score 67.8,27340385,Myersville,50,Yes,Alfisols,Udalfs,Hapludalfs,Ultic Hapludalfs,fine-loamy,,NORTH,Well drained,No,,
35073,S2015VA187014,38.86694,-78.16372,VA187,518843,31D,"Myersville-Catoctin silt loams, 15 to 25 percent slopes, very stony",SCBI,C2016USVA049,Site_C NEON_6_SCBI,Myersville,"Loamy-skeletal, mixed, active, mesic Ultic Hapludalfs",2.0,Myersville [27340377; 50%; No] | Catoctin [27340378; 40%; No],EXACT,Unique exact normalized NASIS taxon/component-name match within the intersected map unit.,Catoctin (27340378): weaker name/taxonomy score -16.1,27340377,Myersville,50,Yes,Alfisols,Udalfs,Hapludalfs,Ultic Hapludalfs,fine-loamy,,NORTH,Well drained,No,,
35074,S2015VA187017,38.8795,-78.13541,VA187,518845,32C,"Myersville and Montalto soils, 7 to 15 percent slopes, very stony",SCBI,C2016USVA049,Site_C NEON_6_SCBI,Myersville,"Fine-loamy, mixed, active, mesic Ultic Hapludalfs",2.0,Myersville [27340381; 50%; No] | Montalto [27340382; 40%; No],EXACT,Unique exact normalized NASIS taxon/component-name match within the intersected map unit.,Montalto (27340382): weaker name/taxonomy score 67.8,27340381,Myersville,50,Yes,Alfisols,Udalfs,Hapludalfs,Ultic Hapludalfs,fine-loamy,,,Well drained,No,,
35075,S2015VA187019,38.90084,-78.17563,VA187,518840,30C,"Myersville silt loam, 7 to 15 percent slopes",SCBI,C2016USVA049,Site_C NEON_6_SCBI,Myersville,"Fine-loamy, mixed, active, mesic Ultic Hapludalfs",1.0,Myersville [27340373; 80%; No],EXACT,Unique exact normalized NASIS taxon/component-name match within the intersected map unit.,,27340373,Myersville,80,Yes,Alfisols,Udalfs,Hapludalfs,Ultic Hapludalfs,fine-loamy,,NORTH,Well drained,No,,
35076,S2015VA187021,38.90075,-78.1530833,VA187,518846,32D,"Myersville and Montalto soils, 15 to 25 percent slopes, very stony",SCBI,C2016USVA049,Site_C NEON_6_SCBI,Myersville,"Fine-loamy, mixed, active, mesic Ultic Hapludalfs",2.0,Myersville [27340383; 50%; No] | Montalto [27340384; 40%; No],EXACT,Unique exact normalized NASIS taxon/component-name match within the intersected map unit.,Montalto (27340384): weaker name/taxonomy score 67.8,27340383,Myersville,50,Yes,Alfisols,Udalfs,Hapludalfs,Ultic Hapludalfs,fine-loamy,,NORTH,Well drained,No,,
35077,S2015VA187022,38.8823889,-78.1233889,VA187,518822,21D,"Lew channery loam, 7 to 25 percent slopes",SCBI,C2016USVA049,Site_C NEON_6_SCBI,Myersville,"Fine-loamy, mixed, active, mesic Ultic Hapludalfs",1.0,Lew [27340362; 85%; No],AMBIGUOUS,Multiple plausible candidates remain without a decisive name/taxonomy margin.,No plausible alternative rejected.,,,,,,,,,,,,,,,
35078,S2015VA187034,38.89109,-78.16071,VA187,518847,32E,"Myersville and Montalto soils, 25 to 65 percent slopes, very stony",SCBI,C2016USVA049,Site_C NEON_6_SCBI,Myersville,"Fine-loamy, mixed, active, mesic Ultic Hapludalfs",2.0,Myersville [27340385; 50%; No] | Montalto [27340386; 40%; No],EXACT,Unique exact normalized NASIS taxon/component-name match within the intersected map unit.,Montalto (27340386): weaker name/taxonomy score 67.8,27340385,Myersville,50,Yes,Alfisols,Udalfs,Hapludalfs,Ultic Hapludalfs,fine-loamy,,NORTH,Well drained,No,,
35079,S2015VA187035,38.88291,-78.16902,VA187,518847,32E,"Myersville and Montalto soils, 25 to 65 percent slopes, very stony",SCBI,C2016USVA049,Site_C NEON_6_SCBI,Myersville,"Fine-loamy, mixed, active, mesic Ultic Hapludalfs",2.0,Myersville [27340385; 50%; No] | Montalto [27340386; 40%; No],EXACT,Unique exact normalized NASIS taxon/component-name match within the intersected map unit.,Montalto (27340386): weaker name/taxonomy score 67.8,27340385,Myersville,50,Yes,Alfisols,Udalfs,Hapludalfs,Ultic Hapludalfs,fine-loamy,,NORTH,Well drained,No,,
35080,S2015VA187037,38.89209,-78.16164,VA187,518837,29C,"Montalto loam, 7 to 15 percent slopes",SCBI,C2016USVA049,Site_C NEON_6_SCBI,Montalto,"Fine, mixed, semiactive, mesic Ultic Hapludalfs",1.0,Montalto [27340331; 80%; No],EXACT,Unique exact normalized NASIS taxon/component-name match within the intersected map unit.,,27340331,Montalto,80,Yes,Alfisols,Udalfs,Hapludalfs,Ultic Hapludalfs,fine,,,Well drained,No,,
35081,S2015VA187043,38.89051,-78.15175,VA187,518823,22E,"Lew loam, 25 to 65 percent slopes, very stony",SCBI,C2016USVA049,Site_C NEON_6_SCBI,Lew,"Loamy-skeletal, mixed, active, mesic Ultic Hapludalfs",1.0,Lew [27340363; 90%; No],EXACT,Unique exact normalized NASIS taxon/component-name match within the intersected map unit.,,27340363,Lew,90,Yes,Alfisols,Udalfs,Hapludalfs,Ultic Hapludalfs,loamy-skeletal,,NORTH,Well drained,No,,
35128,S2016CO123001,40.8110278,-104.7294722,CO617,95160,65,"Terry sandy loam, 3 to 9 percent slopes",,C2016USCO056,Site_C NEON CO CPER,Ascalon,"Fine-loamy, mixed, superactive, mesic Aridic Argiustolls",5.0,Terry [26599243; 85%; No] | Tassel [26599240; 5%; No] | Olney [26599242; 4%; No] | Renohill [26599239; 3%; No] | Vona [26599241; 3%; No],UNMATCHED,No candidate has adequate name or taxonomic agreement.,All candidates lack sufficient correspondence to the sampled pedon.,,,,,,,,,,,,,,,
35129,S2016CO123002,40.8218528,-104.7130556,CO617,95169,73,"Vona sandy loam, 0 to 3 percent slopes",,C2016USCO056,Site_C NEON CO CPER,Haverson,"Fine-loamy, mixed, superactive, mesic Torrifluventic Haplustepts",3.0,Vona [26599277; 85%; No] | Remmit [26599276; 9%; No] | Olney [26599275; 6%; No],UNMATCHED,No candidate has adequate name or taxonomic agreement.,All candidates lack sufficient correspondence to the sampled pedon.,,,,,,,,,,,,,,,
35130,S2016CO123003,40.8255833,-104.6952778,CO617,95169,73,"Vona sandy loam, 0 to 3 percent slopes",,C2016USCO056,Site_C NEON CO CPER,Haxtun,"Fine-loamy, mixed, superactive, mesic Pachic Argiustolls",3.0,Vona [26599277; 85%; No] | Remmit [26599276; 9%; No] | Olney [26599275; 6%; No],UNMATCHED,No candidate has adequate name or taxonomic agreement.,All candidates lack sufficient correspondence to the sampled pedon.,,,,,,,,,,,,,,,
35131,S2016CO123004,40.8423333,-104.6981389,CO617,95132,4,"Ascalon fine sandy loam, 0 to 6 percent slopes",,C2016USCO056,Site_C NEON CO CPER,Ascalon,"Fine-loamy, mixed, superactive, mesic Aridic Argiustolls",3.0,Ascalon [26599030; 85%; No] | Olnest [26599031; 8%; No] | Otero [26599029; 7%; No],EXACT,Unique exact normalized NASIS taxon/component-name match within the intersected map unit.,Olnest (26599031): weaker name/taxonomy score -9.2; Otero (26599029): weaker name/taxonomy score -34.2,26599030,Ascalon,85,Yes,Mollisols,Ustolls,Argiustolls,Aridic Argiustolls,fine-loamy,,,Well drained,No,,
35132,S2016CO123005,40.8507222,-104.6994167,CO617,95175,9,Avar fine sandy loam,,C2016USCO056,Site_C NEON CO CPER,Avar,"Coarse-loamy, mixed, superactive, mesic Aridic Argiustolls",6.0,Avar [26599040; 80%; No] | Fluvaquentic Haplustolls [26599035; 6%; Yes] | Ascalon [26599036; 5%; No] | Haverson [26599038; 4%; No] | Nunn [26599037; 3%; No] | Bankard [26599039; 2%; No],EXACT,Unique exact normalized NASIS taxon/component-name match within the intersected map unit.,Bankard (26599039): weaker name/taxonomy score 19.1; Haverson (26599038): weaker name/taxonomy score 17.5; Ascalon (26599036): weaker name/taxonomy score 12.7; Fluvaquentic Haplustolls (26599035): weaker name/taxonomy score 5.0; Nunn (26599037): weaker name/taxonomy score 0.0,26599040,Avar,80,Yes,Aridisols,Argids,Natrargids,Ustollic Natrargids,fine-loamy,,,Well drained,No,,
35133,S2016CO123006,40.8564167,-104.6915556,CO617,95133,40,"Nunn loam, 0 to 6 percent slopes",,C2016USCO056,Site_C NEON CO CPER,Wapiti,"Fine-loamy, mixed, superactive, mesic Calcidic Argiustolls",3.0,Nunn [26599149; 85%; No] | Manzanst [26599148; 8%; No] | Avar [26599147; 7%; No],AMBIGUOUS,Multiple plausible candidates remain without a decisive name/taxonomy margin.,No plausible alternative rejected.,,,,,,,,,,,,,,,
35134,S2016CO123007,40.8619444,-104.684,CO617,95169,73,"Vona sandy loam, 0 to 3 percent slopes",,C2016USCO056,Site_C NEON CO CPER,Otero,"Coarse-loamy, mixed, superactive, calcareous, mesic Aridic Ustorthents",3.0,Vona [26599277; 85%; No] | Remmit [26599276; 9%; No] | Olney [26599275; 6%; No],UNMATCHED,No candidate has adequate name or taxonomic agreement.,All candidates lack sufficient correspondence to the sampled pedon.,,,,,,,,,,,,,,,
35135,S2016CO123008,40.8532361,-104.7278833,CO617,95132,4,"Ascalon fine sandy loam, 0 to 6 percent slopes",,C2016USCO056,Site_C NEON CO CPER,Wapiti,"Fine-loamy, mixed, superactive, mesic Calcidic Argiustolls",3.0,Ascalon [26599030; 85%; No] | Olnest [26599031; 8%; No] | Otero [26599029; 7%; No],AMBIGUOUS,Multiple plausible candidates remain without a decisive name/taxonomy margin.,No plausible alternative rejected.,,,,,,,,,,,,,,,
35136,S2016CO123009,40.8529722,-104.7448333,CO617,95111,20,"Cascajo gravelly sandy loam, 5 to 20 percent slopes",,C2016USCO056,Site_C NEON CO CPER,Paoli,"Coarse-loamy, mixed, superactive, mesic Pachic Haplustolls",3.0,Cascajo [26599076; 85%; No] | Stoneham [26599075; 14%; No] | Otero [26599074; 1%; No],EXACT,Unique exact normalized NASIS taxon/component-name match within the intersected map unit.,Stoneham (26599075): weaker name/taxonomy score 9.3; Otero (26599074): weaker name/taxonomy score 7.0,26599076,Cascajo,85,Yes,Aridisols,Orthids,Calciorthids,Ustollic Calciorthids,sandy-skeletal,,PE25-31,Excessively drained,No,,
35137,S2016CO123010,40.8077778,-104.6978611,CO617,95120,29,"Haverson loam, 0 to 3 percent slopes",,C2016USCO056,Site_C NEON CO CPER,Otero,"Coarse-loamy, mixed, superactive, calcareous, mesic Aridic Ustorthents",3.0,Haverson [26599313; 90%; No] | Nunn [26599312; 6%; No] | Fluvaquentic Haplustolls [26599311; 4%; Yes],UNMATCHED,No candidate has adequate name or taxonomic agreement.,All candidates lack sufficient correspondence to the sampled pedon.,,,,,,,,,,,,,,,
35138,S2016CO123011,40.7979444,-104.6845278,CO617,95138,45,"Olney fine sandy loam, 6 to 9 percent slopes",,C2016USCO056,Site_C NEON CO CPER,Ascalon,"Fine-loamy, mixed, superactive, mesic Aridic Argiustolls",4.0,Olney [26599162; 85%; No] | Stoneham [26599159; 5%; No] | Vona [26599160; 5%; No] | Ascalon [26599161; 5%; No],EXACT,Unique exact normalized NASIS taxon/component-name match within the intersected map unit.,Stoneham (26599159): weaker name/taxonomy score 14.0; Vona (26599160): weaker name/taxonomy score 12.7; Olney (26599162): weaker name/taxonomy score -8.3,26599161,Ascalon,5,No ,,,,,,,,,No,,
35139,S2016CO123012,40.7858611,-104.7078333,CO617,95151,57,"Renohill-Shingle complex, 3 to 9 percent slopes",,C2016USCO056,Site_C NEON CO CPER,Ascalon,"Fine-loamy, mixed, superactive, mesic Aridic Argiustolls",4.0,Renohill [26599213; 50%; No] | Shingle [26599214; 35%; No] | Midway [26599212; 8%; No] | Tassel [26599211; 7%; No],UNMATCHED,No candidate has adequate name or taxonomic agreement.,All candidates lack sufficient correspondence to the sampled pedon.,,,,,,,,,,,,,,,
35140,S2016CO123013,40.8008111,-104.7416472,CO617,95149,55,"Renohill fine sandy loam, 0 to 6 percent slopes",,C2016USCO056,Site_C NEON CO CPER,Ascalon,"Fine-loamy, mixed, superactive, mesic Aridic Argiustolls",5.0,Renohill [26599205; 85%; No] | Shingle [26599201; 5%; No] | Midway [26599204; 4%; No] | Ulm [26599202; 3%; No] | Other soils [26599203; 3%; No],UNMATCHED,No candidate has adequate name or taxonomic agreement.,All candidates lack sufficient correspondence to the sampled pedon.,,,,,,,,,,,,,,,
35141,S2016CO123014,40.7987222,-104.749,CO617,95160,65,"Terry sandy loam, 3 to 9 percent slopes",,C2016USCO056,Site_C NEON CO CPER,Renohill,"Fine, smectitic, mesic Aridic Haplustalfs",5.0,Terry [26599243; 85%; No] | Tassel [26599240; 5%; No] | Olney [26599242; 4%; No] | Renohill [26599239; 3%; No] | Vona [26599241; 3%; No],EXACT,Unique exact normalized NASIS taxon/component-name match within the intersected map unit.,Olney (26599242): weaker name/taxonomy score 10.8; Tassel (26599240): weaker name/taxonomy score 10.0; Vona (26599241): weaker name/taxonomy score 5.8; Terry (26599243): weaker name/taxonomy score -34.6,26599239,Renohill,3,No ,,,,,,,,,No,,
35142,S2016CO123015,40.8043333,-104.7561667,CO617,95132,4,"Ascalon fine sandy loam, 0 to 6 percent slopes",,C2016USCO056,Site_C NEON CO CPER,Olnest,"Fine-loamy, mixed, superactive, mesic Aridic Haplustalfs",3.0,Ascalon [26599030; 85%; No] | Olnest [26599031; 8%; No] | Otero [26599029; 7%; No],EXACT,Unique exact normalized NASIS taxon/component-name match within the intersected map unit.,Ascalon (26599030): weaker name/taxonomy score -14.6; Otero (26599029): weaker name/taxonomy score -27.3,26599031,Olnest,8,No ,Alfisols,Ustalfs,Haplustalfs,Aridic Haplustalfs,fine-loamy,,,Well drained,No,,
35143,S2016CO123016,40.8021111,-104.7714722,CO617,95151,57,"Renohill-Shingle complex, 3 to 9 percent slopes",,C2016USCO056,Site_C NEON CO CPER,Cushman,"Fine-loamy, mixed, superactive, mesic Aridic Argiustolls",4.0,Renohill [26599213; 50%; No] | Shingle [26599214; 35%; No] | Midway [26599212; 8%; No] | Tassel [26599211; 7%; No],UNMATCHED,No candidate has adequate name or taxonomic agreement.,All candidates lack sufficient correspondence to the sampled pedon.,,,,,,,,,,,,,,,
35144,S2016CO123017,40.8246667,-104.7859444,CO617,95151,57,"Renohill-Shingle complex, 3 to 9 percent slopes",,C2016USCO056,Site_C NEON CO CPER,Renohill,"Fine, smectitic, mesic Aridic Argiustolls",4.0,Renohill [26599213; 50%; No] | Shingle [26599214; 35%; No] | Midway [26599212; 8%; No] | Tassel [26599211; 7%; No],EXACT,Unique exact normalized NASIS taxon/component-name match within the intersected map unit.,Tassel (26599211): weaker name/taxonomy score 10.0; Shingle (26599214): weaker name/taxonomy score -26.0; Midway (26599212): weaker name/taxonomy score -35.0,26599213,Renohill,50,Yes,Aridisols,Argids,Haplargids,Ustollic Haplargids,fine,,DRY,Well drained,No,,
35261,S2016TX497001,33.40143,-97.56725,TX497,3054446,WeD,"Duffau-Weatherford complex, 3 to 8 percent slopes",,I2016USTX114,NEON TX LBJ Wise Co,Keeter,"Fine-silty, siliceous, active, thermic Udic Haplustalfs",7.0,Duffau [27215900; 48%; No] | Weatherford [27215901; 29%; No] | Wise [27215902; 9%; No] | Windthorst [27215905; 7%; No] | Keeter [27215906; 4%; No] | Selden [27215903; 2%; No] | Gullied land [27215904; 1%; No],HIGH,Multiple exact-name components; unique best taxonomic agreement selected.,Keeter (27215906): weaker name/taxonomy score 179.0; Duffau (27215900): weaker name/taxonomy score 64.4; Weatherford (27215901): weaker name/taxonomy score 48.7; Selden (27215903): weaker name/taxonomy score 43.7; Gullied land (27215904): weaker name/taxonomy score 9.5; Wise (27215902): weaker name/taxonomy score -25.0,27215905,Windthorst,7,No ,Alfisols,Ustalfs,Paleustalfs,Udic Paleustalfs,fine,,,Moderately well drained,No,,
35287,S2016MD003001,38.8684333,-76.5338139,MD003,609556,AdB,"Adelphia-Holmdel complex, 2 to 5 percent slopes",SERC,C2016USMD115,Site_C NEON_3_SERC,Woodstown,"Fine, mixed, active, nonacid, mesic Aquic Hapludults",4.0,Adelphia [27484140; 55%; No] | Holmdel [27484139; 25%; No] | Wist [27484137; 15%; No] | Shrewsbury [27484138; 5%; Yes],AMBIGUOUS,Multiple plausible candidates remain without a decisive name/taxonomy margin.,No plausible alternative rejected.,,,,,,,,,,,,,,,
35288,S2016MD003004,38.8726,-76.5539,MD003,609565,CRD,"Collington and Annapolis soils, 10 to 15 percent slopes",SERC,C2016USMD115,Site_C NEON_3_SERC,Collington,"Fine-loamy, mixed, active, mesic Typic Hapludults",5.0,Collington [27484254; 45%; No] | Annapolis [27484253; 30%; No] | Westphalia [27484250; 10%; No] | Wist [27484252; 10%; No] | Holmdel [27484251; 5%; No],EXACT,Unique exact normalized NASIS taxon/component-name match within the intersected map unit.,Annapolis (27484253): weaker name/taxonomy score 71.1; Holmdel (27484251): weaker name/taxonomy score 12.4; Wist (27484252): weaker name/taxonomy score 10.0; Westphalia (27484250): weaker name/taxonomy score 7.0,27484254,Collington,45,Yes,Ultisols,Udults,Hapludults,Typic Hapludults,fine-loamy,,,Well drained,No,,
35289,S2016MD003006,38.8812167,-76.5470889,MD003,137727,AsC,"Annapolis fine sandy loam, 5 to 10 percent slopes",SERC,C2016USMD115,Site_C NEON_3_SERC,Adelphia,"Fine-loamy, mixed, active, nonacid, mesic Aquic Hapludults",3.0,Annapolis [27484168; 80%; No] | Collington [27484166; 10%; No] | Donlonton [27484167; 10%; No],AMBIGUOUS,Multiple plausible candidates remain without a decisive name/taxonomy margin.,No plausible alternative rejected.,,,,,,,,,,,,,,,
35290,S2016MD003007,38.8738556,-76.5398833,MD003,137726,AsB,"Annapolis fine sandy loam, 2 to 5 percent slopes",SERC,C2016USMD115,Site_C NEON_3_SERC,Donlonton,"Fine, glauconitic, mesic Aquic Hapludults",3.0,Annapolis [27484165; 80%; No] | Collington [27484163; 10%; No] | Donlonton [27484164; 10%; No],EXACT,Unique exact normalized NASIS taxon/component-name match within the intersected map unit.,Annapolis (27484165): weaker name/taxonomy score 51.7; Collington (27484163): weaker name/taxonomy score 22.1,27484164,Donlonton,10,No ,,,,,,,,,No,,
35291,S2016MD003009,38.8974056,-76.5615472,MD003,137790,MaD,"Marr-Dodon complex, 10 to 15 percent slopes",SERC,C2016USMD115,Site_C NEON_3_SERC,Marr,"Fine-loamy, siliceous, active, mesic Oxyaquic Hapludults",4.0,Marr [27484450; 45%; No] | Dodon [27484451; 40%; No] | Piccowaxen [27484449; 10%; No] | Howell [27484448; 5%; No],EXACT,Unique exact normalized NASIS taxon/component-name match within the intersected map unit.,Dodon (27484451): weaker name/taxonomy score 60.0; Howell (27484448): weaker name/taxonomy score 20.0; Piccowaxen (27484449): weaker name/taxonomy score -35.0,27484450,Marr,45,Yes,Ultisols,Udults,Hapludults,Typic Hapludults,fine-loamy,,,Well drained,No,,
35292,S2016MD003010,38.9096389,-76.5464722,MD003,137738,CoC,"Collington-Wist complex, 5 to 10 percent slopes",SERC,C2016USMD115,Site_C NEON_3_SERC,Adelphia,"Coarse-loamy, mixed, active, mesic Aquic Hapludults",4.0,Collington [27484239; 45%; No] | Wist [27484238; 35%; No] | Adelphia [27484237; 15%; No] | Tinton [27484236; 5%; No],HIGH,Multiple exact-name components; unique best taxonomic agreement selected.,Wist (27484238): weaker name/taxonomy score 175.0; Collington (27484239): weaker name/taxonomy score 50.0; Tinton (27484236): weaker name/taxonomy score 47.0,27484237,Adelphia,15,No ,Ultisols,Udults,Hapludults,Aquic Hapludults,fine-loamy,,,Moderately well drained,No,,
35293,S2016MD003011,38.8985889,-76.5511889,MD003,137790,MaD,"Marr-Dodon complex, 10 to 15 percent slopes",SERC,C2016USMD115,Site_C NEON_3_SERC,Sassafras,"Fine-loamy, siliceous, active, mesic Typic Hapludults",4.0,Marr [27484450; 45%; No] | Dodon [27484451; 40%; No] | Piccowaxen [27484449; 10%; No] | Howell [27484448; 5%; No],MEDIUM,No name match; unique candidate supported by at least three taxonomic ranks.,Dodon (27484451): weaker name/taxonomy score 40.0; Howell (27484448): weaker name/taxonomy score 20.0; Piccowaxen (27484449): weaker name/taxonomy score -36.3,27484450,Marr,45,Yes,Ultisols,Udults,Hapludults,Typic Hapludults,fine-loamy,,,Well drained,No,,
35294,S2016MD003012,38.8785778,-76.5611583,MD003,609566,CSE,"Collington, Wist, and Westphalia soils, 15 to 25 percent slopes",SERC,C2016USMD115,Site_C NEON_3_SERC,Collington,"Fine-loamy, mixed, active, mesic Typic Hapludults",5.0,Collington [27484256; 35%; No] | Wist [27484255; 30%; No] | Westphalia [27484259; 20%; No] | Adelphia [27484258; 10%; No] | Widewater [27484257; 5%; Yes],EXACT,Unique exact normalized NASIS taxon/component-name match within the intersected map unit.,Wist (27484255): weaker name/taxonomy score 70.0; Adelphia (27484258): weaker name/taxonomy score 47.8; Westphalia (27484259): weaker name/taxonomy score 27.0; Widewater (27484257): weaker name/taxonomy score -12.6,27484256,Collington,35,Yes,Ultisols,Udults,Hapludults,Typic Hapludults,fine-loamy,,,Well drained,No,,
35295,S2016MD003013,38.8716667,-76.5442278,MD003,137829,SsA,"Shrewsbury loam, 0 to 2 percent slopes",SERC,C2016USMD115,Site_C NEON_3_SERC,Donlonton,"Fine-loamy, glauconitic, mesic Aquic Hapludults",4.0,Shrewsbury [27484671; 75%; Yes] | Holmdel [27484669; 15%; No] | Keansburg [27484668; 5%; Yes] | Fallsington [27484670; 5%; Yes],UNMATCHED,No candidate has adequate name or taxonomic agreement.,All candidates lack sufficient correspondence to the sampled pedon.,,,,,,,,,,,,,,,
35296,S2016MD003014,38.875861,-76.541361,MD003,609556,AdB,"Adelphia-Holmdel complex, 2 to 5 percent slopes",SERC,C2016USMD115,Site_C NEON_3_SERC,Donlonton,"Fine-loamy, glauconitic, mesic Aquic Hapludults",4.0,Adelphia [27484140; 55%; No] | Holmdel [27484139; 25%; No] | Wist [27484137; 15%; No] | Shrewsbury [27484138; 5%; Yes],AMBIGUOUS,Multiple plausible candidates remain without a decisive name/taxonomy margin.,No plausible alternative rejected.,,,,,,,,,,,,,,,
35297,S2016MD003019,38.8715861,-76.5509528,MD003,137829,SsA,"Shrewsbury loam, 0 to 2 percent slopes",SERC,C2016USMD115,Site_C NEON_3_SERC,Donlonton,"Fine-loamy, glauconitic, mesic Aquic Hapludults",4.0,Shrewsbury [27484671; 75%; Yes] | Holmdel [27484669; 15%; No] | Keansburg [27484668; 5%; Yes] | Fallsington [27484670; 5%; Yes],UNMATCHED,No candidate has adequate name or taxonomic agreement.,All candidates lack sufficient correspondence to the sampled pedon.,,,,,,,,,,,,,,,
35298,S2016MD003020,38.8700056,-76.5360833,MD003,137726,AsB,"Annapolis fine sandy loam, 2 to 5 percent slopes",SERC,C2016USMD115,Site_C NEON_3_SERC,Holmdel,"Fine-loamy, glauconitic, mesic Aquic Hapludults",3.0,Annapolis [27484165; 80%; No] | Collington [27484163; 10%; No] | Donlonton [27484164; 10%; No],AMBIGUOUS,Multiple plausible candidates remain without a decisive name/taxonomy margin.,No plausible alternative rejected.,,,,,,,,,,,,,,,
35299,S2016MD003022,38.87556,-76.55481,MD003,137790,MaD,"Marr-Dodon complex, 10 to 15 percent slopes",SERC,C2016USMD115,Site_C NEON_3_SERC,Dodon,"Fine, siliceous, active, mesic Aquic Hapludults",4.0,Marr [27484450; 45%; No] | Dodon [27484451; 40%; No] | Piccowaxen [27484449; 10%; No] | Howell [27484448; 5%; No],EXACT,Unique exact normalized NASIS taxon/component-name match within the intersected map unit.,Marr (27484450): weaker name/taxonomy score 40.0; Howell (27484448): weaker name/taxonomy score 26.4; Piccowaxen (27484449): weaker name/taxonomy score -30.7,27484451,Dodon,40,Yes,Ultisols,Udults,Hapludults,Aquic Hapludults,fine-loamy,,,Moderately well drained,No,,
35300,S2016MD003025,38.8861917,-76.5516667,MD003,137727,AsC,"Annapolis fine sandy loam, 5 to 10 percent slopes",SERC,C2016USMD115,Site_C NEON_3_SERC,Annapolis,"Fine-loamy, glauconitic, mesic Typic Hapludults",3.0,Annapolis [27484168; 80%; No] | Collington [27484166; 10%; No] | Donlonton [27484167; 10%; No],EXACT,Unique exact normalized NASIS taxon/component-name match within the intersected map unit.,Collington (27484166): weaker name/taxonomy score 11.1; Donlonton (27484167): weaker name/taxonomy score 7.8,27484168,Annapolis,80,Yes,Ultisols,Udults,Hapludults,Typic Hapludults,fine-loamy,,,Well drained,No,,
35301,S2016MD003026,38.9012833,-76.5504139,MD003,137829,SsA,"Shrewsbury loam, 0 to 2 percent slopes",SERC,C2016USMD115,Site_C NEON_3_SERC,Donlonton,"Fine, glauconitic, mesic Oxyaquic Hapludults",4.0,Shrewsbury [27484671; 75%; Yes] | Holmdel [27484669; 15%; No] | Keansburg [27484668; 5%; Yes] | Fallsington [27484670; 5%; Yes],UNMATCHED,No candidate has adequate name or taxonomic agreement.,All candidates lack sufficient correspondence to the sampled pedon.,,,,,,,,,,,,,,,
35302,S2016MD003027,38.8735556,-76.5438333,MD003,137726,AsB,"Annapolis fine sandy loam, 2 to 5 percent slopes",SERC,C2016USMD115,Site_C NEON_3_SERC,Annapolis,"Fine, glauconitic, mesic Typic Hapludults",3.0,Annapolis [27484165; 80%; No] | Collington [27484163; 10%; No] | Donlonton [27484164; 10%; No],EXACT,Unique exact normalized NASIS taxon/component-name match within the intersected map unit.,Collington (27484163): weaker name/taxonomy score 11.1; Donlonton (27484164): weaker name/taxonomy score 7.8,27484165,Annapolis,80,Yes,Ultisols,Udults,Hapludults,Typic Hapludults,fine-loamy,,,Well drained,No,,
35303,S2016MD003028,38.871862,-76.522134,MD003,137745,CxA,"Cumberstone-Mattapex complex, 0 to 2 percent slopes",SERC,C2016USMD115,Site_C NEON_3_SERC,Sharptown,"Fine-silty, mixed, active, mesic Aquic Hapludults",4.0,Cumberstone [27484276; 50%; No] | Mattapex [27484275; 40%; No] | Woodstown [27484273; 5%; No] | Shadyoak [27484274; 5%; Yes],AMBIGUOUS,Multiple plausible candidates remain without a decisive name/taxonomy margin.,No plausible alternative rejected.,,,,,,,,,,,,,,,
35304,S2016MD003029,38.87114,-76.5291563,MD003,609556,AdB,"Adelphia-Holmdel complex, 2 to 5 percent slopes",SERC,C2016USMD115,Site_C NEON_3_SERC,Donlonton,"Fine-loamy, glauconitic, mesic Aquic Hapludults",4.0,Adelphia [27484140; 55%; No] | Holmdel [27484139; 25%; No] | Wist [27484137; 15%; No] | Shrewsbury [27484138; 5%; Yes],AMBIGUOUS,Multiple plausible candidates remain without a decisive name/taxonomy margin.,No plausible alternative rejected.,,,,,,,,,,,,,,,
35305,S2016MD003030,38.9098639,-76.5491139,MD003,137755,DnB,"Donlonton fine sandy loam, 2 to 5 percent slopes",SERC,C2016USMD115,Site_C NEON_3_SERC,Fallsington,"Fine-loamy, siliceous, active, mesic Typic Endoaquults",5.0,Donlonton [27484316; 80%; No] | Tinton [27484312; 5%; No] | Colemantown [27484313; 5%; Yes] | Annapolis [27484314; 5%; No] | Adelphia [27484315; 5%; No],AMBIGUOUS,Multiple plausible candidates remain without a decisive name/taxonomy margin.,No plausible alternative rejected.,,,,,,,,,,,,,,,
35306,S2016MD003068,38.8799722,-76.5567778,MD003,137789,MaC,"Marr-Dodon complex, 5 to 10 percent slopes",SERC,C2016USMD115,Site_C NEON_3_SERC,Marr,"Fine-loamy, siliceous, active, mesic Typic Hapludults",4.0,Marr [27484446; 50%; No] | Dodon [27484447; 35%; No] | Piccowaxen [27484445; 10%; No] | Howell [27484444; 5%; No],EXACT,Unique exact normalized NASIS taxon/component-name match within the intersected map unit.,Dodon (27484447): weaker name/taxonomy score 40.0; Howell (27484444): weaker name/taxonomy score 20.0; Piccowaxen (27484445): weaker name/taxonomy score -35.0,27484446,Marr,50,Yes,Ultisols,Udults,Hapludults,Typic Hapludults,fine-loamy,,,Well drained,No,,
35322,S2016AK185001,68.66045,-149.3701,AK739,3375522,E45H2,Arctic Foothills-Arctic Upland-Glaciated Hills and Plains,,I2016USAK117,NEON AK North Slope Co.,Typic Histoturbels loamy-skeletal,"Loamy-skeletal, mixed, superactive, acid, pergelic Typic Histoturbels",7.0,"E45-Arctic tussock-gravelly frozen till slopes [26846719; 60%; Yes] | E45-Arctic scrub-sedge-gravelly frozen till slopes [26846720; 18%; Yes] | E45-Arctic dwarf scrub-gravelly till slopes [26846716; 12%; No] | E45-Arctic scrub-gravelly low flood plains [26846718; 4%; No] | E45-Arctic scrub-organic frozen mounds [26846721; 3%; No] | E45-Arctic sedge-organic drainageways, frozen [26846717; 2%; Yes] | E45-Arctic rock outcrop and rubbleland [26846722; 1%; No]",UNMATCHED,No candidate has adequate name or taxonomic agreement.,All candidates lack sufficient correspondence to the sampled pedon.,,,,,,,,,,,,,,,
35323,S2016AK185002,71.28171,-156.6502,AK760,3352349,E46C2,"Arctic Coastal Plain-Arctic Lowland-Coastal Plains, Low",,I2016USAK117,NEON AK North Slope Co.,"Typic Histoturbel, fine silty","Fine-silty, mixed, superactive, nonacid, pergelic Typic Histoturbels",6.0,"E46-Arctic sedge-loamy frozen low-center polygons [26868269; 31%; Yes] | E46-arctic water, fresh [26868272; 29%; Unranked] | E46-Arctic wet meadow-organic depressions [26868271; 15%; Yes] | E46-Arctic sedge-loamy low frozen coastal plains [26868268; 11%; Yes] | E46-Arctic scrub-organic frozen high-center polygons [26868267; 9%; Yes] | E46-Arctic scrub-organic frozen polygon rims [26868270; 5%; No]",MEDIUM,No name match; unique candidate supported by at least three taxonomic ranks.,"E46-arctic water, fresh (26868272): weaker name/taxonomy score 14.0; E46-Arctic scrub-organic frozen polygon rims (26868270): weaker name/taxonomy score 12.6; E46-Arctic scrub-organic frozen high-center polygons (26868267): weaker name/taxonomy score 12.2; E46-Arctic wet meadow-organic depressions (26868271): weaker name/taxonomy score 10.1; E46-Arctic sedge-loamy low frozen coastal plains (26868268): weaker name/taxonomy score 9.2",26868269,E46-Arctic sedge-loamy frozen low-center polygons,31,Yes,Gelisols,Turbels,Histoturbels,Typic Histoturbels,coarse-loamy,,MASTER,Very poorly drained,Yes,2,6054572
35338,S2016UT037001,38.2544389,-109.42745,UT633,55362,41,"Ignacio-Leanto fine sandy loams, 2 to 6 percent slopes",MOAB,C2016USUT118,Site_C NEON_8_MOAB,Windwhistle,"Coarse-loamy, mixed, superactive, mesic Ustic Haplargids",7.0,Ignacio [27399120; 40%; No] | Leanto [27399121; 35%; No] | Begay [27399125; 10%; nan] | Mido [27399124; 6%; nan] | Rizno [27399122; 4%; nan] | Windwhistle [27399123; 3%; nan] | Rock outcrop [27399126; 2%; nan],EXACT,Unique exact normalized NASIS taxon/component-name match within the intersected map unit.,Ignacio (27399120): weaker name/taxonomy score 19.7; Leanto (27399121): weaker name/taxonomy score 16.2; Mido (27399124): weaker name/taxonomy score 9.3; Rizno (27399122): weaker name/taxonomy score 8.8; Begay (27399125): weaker name/taxonomy score 4.4; Rock outcrop (27399126): weaker name/taxonomy score 3.0,27399123,Windwhistle,3,No ,,,,,,,,,,,
35339,S2016UT037002,38.2653,-109.412,UT633,55404,8,"Begay fine sandy loam, moist, 2 to 6 percent slopes",MOAB,C2016USUT118,Site_C NEON_8_MOAB,Mivida,"Coarse-loamy, mixed, superactive, mesic Aridic Calciustepts",4.0,Begay [27399310; 75%; No] | Mivida [27399312; 10%; nan] | Mido [27399313; 10%; nan] | Ignacio [27399311; 5%; nan],EXACT,Unique exact normalized NASIS taxon/component-name match within the intersected map unit.,Mido (27399313): weaker name/taxonomy score 21.0; Ignacio (27399311): weaker name/taxonomy score 10.8; Begay (27399310): weaker name/taxonomy score -13.6,27399312,Mivida,10,No ,,,,,,,,,,,
35340,S2016UT037003,38.2362083,-109.4064472,UT633,55328,104,"Windwhistle-Sazi very fine sandy loams, 1 to 3 percent slopes",MOAB,C2016USUT118,Site_C NEON_8_MOAB,Windwhistle,"Coarse-loamy, mixed, superactive, mesic Ustic Calciargids",6.0,Windwhistle [27398966; 40%; No] | Sazi [27398967; 35%; No] | Sazi [27398970; 10%; nan] | Begay [27398971; 10%; nan] | Ignacio [27398969; 3%; nan] | Strych [27398968; 2%; nan],EXACT,Unique exact normalized NASIS taxon/component-name match within the intersected map unit.,Ignacio (27398969): weaker name/taxonomy score 11.7; Strych (27398968): weaker name/taxonomy score 8.2; Sazi (27398967): weaker name/taxonomy score 4.7; Sazi (27398970): weaker name/taxonomy score 4.7; Begay (27398971): weaker name/taxonomy score 4.4,27398966,Windwhistle,40,Yes,Aridisols,Argids,Haplargids,Ustollic Haplargids,coarse-loamy,,DRY,Well drained,No,,
35341,S2016UT037004,38.2701611,-109.3500944,UT633,55394,70,"Rizno-Rock outcrop complex, 3 to 15 percent slopes",MOAB,C2016USUT118,Site_C NEON_8_MOAB,Aridic Lithic Haplustepts,"Clayey, mixed, superactive, mesic Aridic Lithic Haplustepts",7.0,Rizno [27399264; 45%; No] | Rock outcrop [27399265; 30%; Unranked] | Leanto [27399266; 5%; nan] | Ignacio [27399267; 5%; nan] | Bond [27399268; 5%; nan] | Sazi [27399269; 5%; nan] | Mido [27399270; 5%; nan],UNMATCHED,No candidate has adequate name or taxonomic agreement.,All candidates lack sufficient correspondence to the sampled pedon.,,,,,,,,,,,,,,,
35342,S2016UT037005,38.2694694,-109.3476861,UT633,55394,70,"Rizno-Rock outcrop complex, 3 to 15 percent slopes",MOAB,C2016USUT118,Site_C NEON_8_MOAB,Cahona,"Fine-loamy, mixed, superactive, mesic Calcidic Haplustalfs",7.0,Rizno [27399264; 45%; No] | Rock outcrop [27399265; 30%; Unranked] | Leanto [27399266; 5%; nan] | Ignacio [27399267; 5%; nan] | Bond [27399268; 5%; nan] | Sazi [27399269; 5%; nan] | Mido [27399270; 5%; nan],UNMATCHED,No candidate has adequate name or taxonomic agreement.,All candidates lack sufficient correspondence to the sampled pedon.,,,,,,,,,,,,,,,
35343,S2016UT037006,38.2614083,-109.3492972,UT633,55394,70,"Rizno-Rock outcrop complex, 3 to 15 percent slopes",MOAB,C2016USUT118,Site_C NEON_8_MOAB,Aridic Lithic Haplustepts,"Loamy, mixed, superactive, mesic Aridic Lithic Haplustepts",7.0,Rizno [27399264; 45%; No] | Rock outcrop [27399265; 30%; Unranked] | Leanto [27399266; 5%; nan] | Ignacio [27399267; 5%; nan] | Bond [27399268; 5%; nan] | Sazi [27399269; 5%; nan] | Mido [27399270; 5%; nan],UNMATCHED,No candidate has adequate name or taxonomic agreement.,All candidates lack sufficient correspondence to the sampled pedon.,,,,,,,,,,,,,,,
35344,S2016UT037007,38.2339194,-109.3933944,UT633,55328,104,"Windwhistle-Sazi very fine sandy loams, 1 to 3 percent slopes",MOAB,C2016USUT118,Site_C NEON_8_MOAB,Windwhistle,"Fine-loamy, mixed, superactive, mesic, shallow Ustic Calciargids",6.0,Windwhistle [27398966; 40%; No] | Sazi [27398967; 35%; No] | Sazi [27398970; 10%; nan] | Begay [27398971; 10%; nan] | Ignacio [27398969; 3%; nan] | Strych [27398968; 2%; nan],EXACT,Unique exact normalized NASIS taxon/component-name match within the intersected map unit.,Ignacio (27398969): weaker name/taxonomy score 11.7; Strych (27398968): weaker name/taxonomy score 8.2; Sazi (27398970): weaker name/taxonomy score 4.7; Begay (27398971): weaker name/taxonomy score 4.4; Sazi (27398967): weaker name/taxonomy score -15.3,27398966,Windwhistle,40,Yes,Aridisols,Argids,Haplargids,Ustollic Haplargids,coarse-loamy,,DRY,Well drained,No,,
35345,S2016UT037008,38.2064722,-109.4074722,UT633,55374,52,"Mivida fine sandy loam, 2 to 8 percent slopes",MOAB,C2016USUT118,Site_C NEON_8_MOAB,Barx,"Fine-loamy, mixed, superactive, mesic Ustic Calciargids",3.0,Mivida [27399178; 90%; No] | Begay [27399179; 5%; nan] | Redbank [27399180; 5%; nan],UNMATCHED,No candidate has adequate name or taxonomic agreement.,All candidates lack sufficient correspondence to the sampled pedon.,,,,,,,,,,,,,,,
35346,S2016UT037009,38.2109,-109.4149,UT633,55393,7,"Begay fine sandy loam, 2 to 6 percent slopes",MOAB,C2016USUT118,Site_C NEON_8_MOAB,Begay,"Coarse-loamy, mixed, superactive, mesic Ustic Haplocambids",6.0,Begay [27399258; 75%; No] | Mido [27399261; 8%; nan] | Mivida [27399260; 5%; nan] | Ignacio [27399262; 5%; nan] | Windwhistle [27399263; 5%; nan] | Rock outcrop [27399259; 2%; nan],EXACT,Unique exact normalized NASIS taxon/component-name match within the intersected map unit.,Ignacio (27399262): weaker name/taxonomy score 11.7; Mivida (27399260): weaker name/taxonomy score 6.4; Windwhistle (27399263): weaker name/taxonomy score 4.4; Mido (27399261): weaker name/taxonomy score 0.0; Rock outcrop (27399259): weaker name/taxonomy score 0.0,27399258,Begay,75,Yes,Aridisols,Cambids,Haplocambids,Ustic Haplocambids,coarse-loamy,,DRY,Well drained,No,,
35347,S2016UT037010,38.2553,-109.3783,UT633,55393,7,"Begay fine sandy loam, 2 to 6 percent slopes",MOAB,C2016USUT118,Site_C NEON_8_MOAB,Begay,"Coarse-loamy, mixed, superactive, mesic Ustic Haplocambids",6.0,Begay [27399258; 75%; No] | Mido [27399261; 8%; nan] | Mivida [27399260; 5%; nan] | Ignacio [27399262; 5%; nan] | Windwhistle [27399263; 5%; nan] | Rock outcrop [27399259; 2%; nan],EXACT,Unique exact normalized NASIS taxon/component-name match within the intersected map unit.,Ignacio (27399262): weaker name/taxonomy score 11.7; Mivida (27399260): weaker name/taxonomy score 6.4; Windwhistle (27399263): weaker name/taxonomy score 4.4; Mido (27399261): weaker name/taxonomy score 0.0; Rock outcrop (27399259): weaker name/taxonomy score 0.0,27399258,Begay,75,Yes,Aridisols,Cambids,Haplocambids,Ustic Haplocambids,coarse-loamy,,DRY,Well drained,No,,
35348,S2016UT037011,38.2481944,-109.3925417,UT633,55328,104,"Windwhistle-Sazi very fine sandy loams, 1 to 3 percent slopes",MOAB,C2016USUT118,Site_C NEON_8_MOAB,Sazi,"Coarse-loamy, mixed, superactive, mesic Ustic Haplocalcids",6.0,Windwhistle [27398966; 40%; No] | Sazi [27398967; 35%; No] | Sazi [27398970; 10%; nan] | Begay [27398971; 10%; nan] | Ignacio [27398969; 3%; nan] | Strych [27398968; 2%; nan],HIGH,Multiple exact-name components; unique best taxonomic agreement selected.,Sazi (27398970): weaker name/taxonomy score 135.0; Begay (27398971): weaker name/taxonomy score 7.8; Strych (27398968): weaker name/taxonomy score 7.0; Ignacio (27398969): weaker name/taxonomy score 6.4; Windwhistle (27398966): weaker name/taxonomy score 4.7,27398967,Sazi,35,Yes,Aridisols,Calcids,Haplocalcids,Ustic Haplocalcids,coarse-loamy,,LOW PPT,Well drained,No,,
35391,S2016NM013001,32.5992722,-106.8596111,NM690,634597,WH,Wink-Harrisburg association,JORN,C2016USNM119,Site_C NEON_8_JORN,Harrisburg,"Coarse-loamy, mixed, superactive, thermic Typic Petrocalcids",6.0,Wink [27479796; 35%; No] | Harrisburg [27479795; 25%; No] | Simona [27479800; 20%; No] | Pajarito [27479797; 7%; No] | Pintura [27479799; 7%; No] | Onite [27479798; 6%; No],EXACT,Unique exact normalized NASIS taxon/component-name match within the intersected map unit.,Pajarito (27479797): weaker name/taxonomy score 11.7; Wink (27479796): weaker name/taxonomy score 5.0; Onite (27479798): weaker name/taxonomy score 4.7; Simona (27479800): weaker name/taxonomy score 4.4; Pintura (27479799): weaker name/taxonomy score -27.6,27479795,Harrisburg,25,Yes,Aridisols,Orthids,Paleorthids,Typic Paleorthids,coarse-loamy,,,Well drained,No,,
35392,S2016NM013002,32.6206639,-106.8450694,NM690,634598,WP,Wink-Pintura complex,JORN,C2016USNM119,Site_C NEON_8_JORN,Pajarito,"Coarse-loamy, mixed, superactive, thermic Typic Haplocambids",6.0,Wink [27479801; 45%; No] | Pintura [27479802; 35%; No] | Pajarito [27479803; 5%; No] | Onite [27479804; 5%; No] | Simona [27479805; 5%; No] | Harrisburg [27479806; 5%; No],EXACT,Unique exact normalized NASIS taxon/component-name match within the intersected map unit.,Harrisburg (27479806): weaker name/taxonomy score 11.7; Onite (27479804): weaker name/taxonomy score 10.8; Simona (27479805): weaker name/taxonomy score 10.0; Wink (27479801): weaker name/taxonomy score 5.8; Pintura (27479802): weaker name/taxonomy score -26.0,27479803,Pajarito,5,No ,Aridisols,Orthids,Camborthids,Typic Camborthids,coarse-loamy,,"NIRR,LOW PPT",Well drained,No,,
35393,S2016NM013003,32.6282056,-106.8481,NM690,634598,WP,Wink-Pintura complex,JORN,C2016USNM119,Site_C NEON_8_JORN,Harrisburg,"Coarse-loamy, mixed, superactive, thermic, shallow Typic Petrocalcids",6.0,Wink [27479801; 45%; No] | Pintura [27479802; 35%; No] | Pajarito [27479803; 5%; No] | Onite [27479804; 5%; No] | Simona [27479805; 5%; No] | Harrisburg [27479806; 5%; No],EXACT,Unique exact normalized NASIS taxon/component-name match within the intersected map unit.,Simona (27479805): weaker name/taxonomy score 15.6; Pajarito (27479803): weaker name/taxonomy score 11.7; Wink (27479801): weaker name/taxonomy score 10.0; Onite (27479804): weaker name/taxonomy score 8.8; Pintura (27479802): weaker name/taxonomy score -27.6,27479806,Harrisburg,5,No ,Aridisols,Orthids,Paleorthids,Typic Paleorthids,coarse-loamy,,,Well drained,No,,
35394,S2016NM013004,32.590425,-106.824675,NM690,634579,OP,Onite-Pajarito association,JORN,C2016USNM119,Site_C NEON_8_JORN,Nations,"Coarse-loamy, mixed, superactive, thermic Calcic Petrocalcids",8.0,Onite [27479715; 40%; No] | Pajarito [27479716; 30%; No] | Pintura [27479717; 15%; No] | Dona Ana [27479718; 3%; No] | Berino [27479719; 3%; No] | Simona [27479720; 3%; No] | Harrisburg [27479721; 3%; No] | Wink [27479722; 3%; No],AMBIGUOUS,Multiple plausible candidates remain without a decisive name/taxonomy margin.,No plausible alternative rejected.,,,,,,,,,,,,,,,
35395,S2016NM013005,32.5755528,-106.8035083,NM690,634590,SH,Simona-Harrisburg association,JORN,C2016USNM119,Site_C NEON_8_JORN,Atoka,"Fine-loamy, mixed, superactive, thermic Typic Petrocalcids",6.0,Simona [27479759; 50%; No] | Harrisburg [27479760; 25%; No] | Wink [27479764; 7%; No] | Pajarito [27479761; 6%; No] | Onite [27479762; 6%; No] | Cruces [27479763; 6%; No],AMBIGUOUS,Multiple plausible candidates remain without a decisive name/taxonomy margin.,No plausible alternative rejected.,,,,,,,,,,,,,,,
35396,S2016NM013006,32.5898417,-106.8405806,NM690,634579,OP,Onite-Pajarito association,JORN,C2016USNM119,Site_C NEON_8_JORN,Wink,"Coarse-loamy, mixed, superactive, thermic Typic Haplocalcids",8.0,Onite [27479715; 40%; No] | Pajarito [27479716; 30%; No] | Pintura [27479717; 15%; No] | Dona Ana [27479718; 3%; No] | Berino [27479719; 3%; No] | Simona [27479720; 3%; No] | Harrisburg [27479721; 3%; No] | Wink [27479722; 3%; No],EXACT,Unique exact normalized NASIS taxon/component-name match within the intersected map unit.,Simona (27479720): weaker name/taxonomy score 14.0; Onite (27479715): weaker name/taxonomy score 7.8; Pajarito (27479716): weaker name/taxonomy score 5.8; Harrisburg (27479721): weaker name/taxonomy score 5.0; Berino (27479719): weaker name/taxonomy score -6.0; Dona Ana (27479718): weaker name/taxonomy score -14.2; Pintura (27479717): weaker name/taxonomy score -27.3,27479722,Wink,3,No ,Aridisols,Orthids,Calciorthids,Typic Calciorthids,coarse-loamy,,COOL,Well drained,No,,
35397,S2016NM013007,32.5893306,-106.8414972,NM690,634579,OP,Onite-Pajarito association,JORN,C2016USNM119,Site_C NEON_8_JORN,Simona,"Loamy, mixed, superactive, thermic, shallow Typic Petrocalcids",8.0,Onite [27479715; 40%; No] | Pajarito [27479716; 30%; No] | Pintura [27479717; 15%; No] | Dona Ana [27479718; 3%; No] | Berino [27479719; 3%; No] | Simona [27479720; 3%; No] | Harrisburg [27479721; 3%; No] | Wink [27479722; 3%; No],EXACT,Unique exact normalized NASIS taxon/component-name match within the intersected map unit.,Wink (27479722): weaker name/taxonomy score 14.0; Onite (27479715): weaker name/taxonomy score 12.7; Pajarito (27479716): weaker name/taxonomy score 5.0; Harrisburg (27479721): weaker name/taxonomy score 4.4; Dona Ana (27479718): weaker name/taxonomy score -5.0; Berino (27479719): weaker name/taxonomy score -8.3; Pintura (27479717): weaker name/taxonomy score -23.8,27479720,Simona,3,No ,Aridisols,Orthids,Paleorthids,Typic Paleorthids,loamy,,"NIRR,LOW PPT",Well drained,No,,
35398,S2016NM013008,32.62215,-106.8162806,NM690,634580,OR,Onite-Pintura complex,JORN,C2016USNM119,Site_C NEON_8_JORN,Berino,"Fine-loamy, mixed, superactive, thermic Typic Calciargids",6.0,Onite [27479723; 50%; No] | Pintura [27479724; 25%; No] | Pajarito [27479725; 7%; No] | Bucklebar [27479726; 6%; No] | Dona Ana [27479727; 6%; No] | Berino [27479728; 6%; No],EXACT,Unique exact normalized NASIS taxon/component-name match within the intersected map unit.,Bucklebar (27479726): weaker name/taxonomy score 34.0; Dona Ana (27479727): weaker name/taxonomy score 25.0; Onite (27479723): weaker name/taxonomy score 6.4; Pajarito (27479725): weaker name/taxonomy score -5.0; Pintura (27479724): weaker name/taxonomy score -29.2,27479728,Berino,6,No ,Aridisols,Argids,Haplargids,Typic Haplargids,fine-loamy,,"NIRR,LOW PPT",Well drained,No,,
35399,S2016NM013009,32.6173333,-106.8142778,NM690,634580,OR,Onite-Pintura complex,JORN,C2016USNM119,Site_C NEON_8_JORN,Wink,"Coarse-loamy, mixed, superactive, thermic Typic Haplocalcids",6.0,Onite [27479723; 50%; No] | Pintura [27479724; 25%; No] | Pajarito [27479725; 7%; No] | Bucklebar [27479726; 6%; No] | Dona Ana [27479727; 6%; No] | Berino [27479728; 6%; No],EXACT,Unique exact normalized NASIS taxon/component-name match within the intersected map unit.,Onite (27479723): weaker name/taxonomy score 10.8; Berino (27479728): weaker name/taxonomy score -5.0; Bucklebar (27479726): weaker name/taxonomy score -11.8; Dona Ana (27479727): weaker name/taxonomy score -14.2; Pintura (27479724): weaker name/taxonomy score -26.0,27479725,Pajarito,7,No ,Aridisols,Orthids,Camborthids,Typic Camborthids,coarse-loamy,,"IRR,LOW PPT",Well drained,No,,
35400,S2016NM013010,32.6149639,-106.8072694,NM690,634580,OR,Onite-Pintura complex,JORN,C2016USNM119,Site_C NEON_8_JORN,Calcic Petrocalcids,"Fine-loamy, mixed, superactive, thermic Calcic Petrocalcids",6.0,Onite [27479723; 50%; No] | Pintura [27479724; 25%; No] | Pajarito [27479725; 7%; No] | Bucklebar [27479726; 6%; No] | Dona Ana [27479727; 6%; No] | Berino [27479728; 6%; No],AMBIGUOUS,Multiple plausible candidates remain without a decisive name/taxonomy margin.,No plausible alternative rejected.,,,,,,,,,,,,,,,
35401,S2016NM013011,32.6004361,-106.8382722,NM690,634579,OP,Onite-Pajarito association,JORN,C2016USNM119,Site_C NEON_8_JORN,Nations,"Coarse-loamy, mixed, superactive, thermic Typic Petrocalcids",8.0,Onite [27479715; 40%; No] | Pajarito [27479716; 30%; No] | Pintura [27479717; 15%; No] | Dona Ana [27479718; 3%; No] | Berino [27479719; 3%; No] | Simona [27479720; 3%; No] | Harrisburg [27479721; 3%; No] | Wink [27479722; 3%; No],AMBIGUOUS,Multiple plausible candidates remain without a decisive name/taxonomy margin.,No plausible alternative rejected.,,,,,,,,,,,,,,,
35402,S2016NM013012,32.601675,-106.828675,NM690,634579,OP,Onite-Pajarito association,JORN,C2016USNM119,Site_C NEON_8_JORN,Nations,"Coarse-loamy, mixed, superactive, thermic Typic Petrocalcids",8.0,Onite [27479715; 40%; No] | Pajarito [27479716; 30%; No] | Pintura [27479717; 15%; No] | Dona Ana [27479718; 3%; No] | Berino [27479719; 3%; No] | Simona [27479720; 3%; No] | Harrisburg [27479721; 3%; No] | Wink [27479722; 3%; No],AMBIGUOUS,Multiple plausible candidates remain without a decisive name/taxonomy margin.,No plausible alternative rejected.,,,,,,,,,,,,,,,
35403,S2016NM013013,32.604775,-106.8022167,NM690,634580,OR,Onite-Pintura complex,JORN,C2016USNM119,Site_C NEON_8_JORN,Typic Petrocalcids,"Fine-loamy, mixed, superactive, thermic Typic Petrocalcids",6.0,Onite [27479723; 50%; No] | Pintura [27479724; 25%; No] | Pajarito [27479725; 7%; No] | Bucklebar [27479726; 6%; No] | Dona Ana [27479727; 6%; No] | Berino [27479728; 6%; No],AMBIGUOUS,Multiple plausible candidates remain without a decisive name/taxonomy margin.,No plausible alternative rejected.,,,,,,,,,,,,,,,
35404,S2016NM013014,32.6065444,-106.7939194,NM690,634580,OR,Onite-Pintura complex,JORN,C2016USNM119,Site_C NEON_8_JORN,Pajarito,"Coarse-loamy, mixed, superactive, thermic Typic Haplocambids",6.0,Onite [27479723; 50%; No] | Pintura [27479724; 25%; No] | Pajarito [27479725; 7%; No] | Bucklebar [27479726; 6%; No] | Dona Ana [27479727; 6%; No] | Berino [27479728; 6%; No],EXACT,Unique exact normalized NASIS taxon/component-name match within the intersected map unit.,Onite (27479723): weaker name/taxonomy score 10.8; Berino (27479728): weaker name/taxonomy score -5.0; Bucklebar (27479726): weaker name/taxonomy score -11.8; Dona Ana (27479727): weaker name/taxonomy score -15.6; Pintura (27479724): weaker name/taxonomy score -26.0,27479725,Pajarito,7,No ,Aridisols,Orthids,Camborthids,Typic Camborthids,coarse-loamy,,"IRR,LOW PPT",Well drained,No,,
35405,S2016NM013015,32.5957611,-106.8068833,NM690,634590,SH,Simona-Harrisburg association,JORN,C2016USNM119,Site_C NEON_8_JORN,Simona,"Loamy, mixed, superactive, thermic, shallow Typic Petrocalcids",6.0,Simona [27479759; 50%; No] | Harrisburg [27479760; 25%; No] | Wink [27479764; 7%; No] | Pajarito [27479761; 6%; No] | Onite [27479762; 6%; No] | Cruces [27479763; 6%; No],EXACT,Unique exact normalized NASIS taxon/component-name match within the intersected map unit.,Wink (27479764): weaker name/taxonomy score 14.0; Onite (27479762): weaker name/taxonomy score 12.7; Cruces (27479763): weaker name/taxonomy score 5.8; Pajarito (27479761): weaker name/taxonomy score 5.0; Harrisburg (27479760): weaker name/taxonomy score 4.4,27479759,Simona,50,Yes,Aridisols,Orthids,Paleorthids,Typic Paleorthids,loamy,,"NIRR,LOW PPT",Well drained,No,,
35406,S2016NM013016,32.6077417,-106.8571528,NM690,634597,WH,Wink-Harrisburg association,JORN,C2016USNM119,Site_C NEON_8_JORN,Bucklebar,"Fine-loamy, mixed, superactive, thermic Typic Haplargids",6.0,Wink [27479796; 35%; No] | Harrisburg [27479795; 25%; No] | Simona [27479800; 20%; No] | Pajarito [27479797; 7%; No] | Pintura [27479799; 7%; No] | Onite [27479798; 6%; No],AMBIGUOUS,Multiple plausible candidates remain without a decisive name/taxonomy margin.,No plausible alternative rejected.,,,,,,,,,,,,,,,
35444,S2016ND059001,46.805925,-100.915698,ND059,2699195,E1823A,"Parshall fine sandy loam, 0 to 2 percent slopes",NOGP,C2016USND122,Site_C NEON_10_NOGP,Parshall,"Coarse-loamy, mixed, superactive, frigid Pachic Haplustolls",6.0,Parshall [27699832; 68%; No] | Tally [27699833; 12%; No] | Arnegard [27699831; 10%; No] | Lihen [27699830; 5%; No] | Vebar [27699834; 3%; No] | Daglum [27699835; 2%; No],EXACT,Unique exact normalized NASIS taxon/component-name match within the intersected map unit.,Tally (27699833): weaker name/taxonomy score 56.2; Arnegard (27699831): weaker name/taxonomy score 53.1; Vebar (27699834): weaker name/taxonomy score 50.8; Lihen (27699830): weaker name/taxonomy score 25.4; Daglum (27699835): weaker name/taxonomy score 10.0,27699832,Parshall,68,Yes,Mollisols,Ustolls,Haplustolls,Pachic Haplustolls,coarse-loamy,,"EPA03A fsl,0-2%,eco-SD",Well drained,No,,
35445,S2016ND059003,46.800992,-100.916115,ND059,2699207,E0837C,"Wyola silty clay loam, 6 to 9 percent slopes",NOGP,C2016USND122,Site_C NEON_10_NOGP,Savage,"Fine, smectitic, frigid Vertic Argiustolls",7.0,Wyola [27699593; 69%; No] | Regent [27699587; 7%; No] | Grail [27699588; 6%; No] | Shambo [27699589; 6%; No] | Daglum [27699590; 5%; No] | Morton [27699591; 5%; No] | Chama [27699592; 2%; No],EXACT,Unique exact normalized NASIS taxon/component-name match within the intersected map unit.,Regent (27699587): weaker name/taxonomy score 71.7; Grail (27699588): weaker name/taxonomy score 67.0; Morton (27699591): weaker name/taxonomy score 46.4; Chama (27699592): weaker name/taxonomy score 32.7; Shambo (27699589): weaker name/taxonomy score 31.7; Daglum (27699590): weaker name/taxonomy score 31.7,27699593,Wyola,69,Yes,Mollisols,Ustolls,Argiustolls,Vertic Argiustolls,fine,,,Well drained,No,,
35446,S2016ND059005,46.768943,-100.917042,ND059,2520776,E3755A,"Temvik-Wilton silt loams, 0 to 3 percent slopes",NOGP,C2016USND122,Site_C NEON_10_NOGP,Temvik,"Fine-silty, mixed, superactive, frigid Typic Haplustolls",4.0,Temvik [27700237; 51%; No] | Wilton [27700240; 38%; No] | Williams [27700238; 9%; No] | Grassna [27700239; 2%; No],EXACT,Unique exact normalized NASIS taxon/component-name match within the intersected map unit.,Wilton (27700240): weaker name/taxonomy score 45.8; Grassna (27700239): weaker name/taxonomy score 40.0; Williams (27700238): weaker name/taxonomy score 5.0,27700237,Temvik,51,Yes,Mollisols,Ustolls,Haplustolls,Typic Haplustolls,fine-silty,,,Well drained,No,,
35447,S2016ND059007,46.78332,-100.90815,ND059,2699155,E2617F,"Cabba-Chama-Shambo loams, 9 to 50 percent slopes",NOGP,C2016USND122,Site_C NEON_10_NOGP,Golva,"Fine-silty, mixed, superactive, frigid Typic Haplustolls",6.0,Cabba [27699643; 41%; No] | Chama [27699644; 27%; No] | Shambo [27699645; 15%; No] | Amor [27699646; 10%; No] | Arnegard [27699647; 5%; No] | Rock outcrop [27699642; 2%; No],AMBIGUOUS,Multiple plausible candidates remain without a decisive name/taxonomy margin.,No plausible alternative rejected.,,,,,,,,,,,,,,,
35448,S2016ND059008,46.801622,-100.914473,ND059,1718353,E2601D,"Amor-Cabba loams, 9 to 15 percent slopes",NOGP,C2016USND122,Site_C NEON_10_NOGP,Savage,"Fine, smectitic, frigid Vertic Argiustolls",5.0,Amor [27699640; 51%; No] | Cabba [27699639; 33%; No] | Chama [27699638; 9%; No] | Shambo [27699637; 5%; No] | Arnegard [27699641; 2%; No],AMBIGUOUS,Multiple plausible candidates remain without a decisive name/taxonomy margin.,No plausible alternative rejected.,,,,,,,,,,,,,,,
35449,S2016ND059011,46.785917,-100.916085,ND059,2759666,E1025C,"Regent-Wyola silty clay loams, 6 to 9 percent slopes",NOGP,C2016USND122,Site_C NEON_10_NOGP,Morton,"Fine-silty, mixed, superactive, frigid Typic Argiustolls",6.0,Regent [27699453; 64%; No] | Wyola [27699454; 20%; No] | Cabba [27699449; 6%; No] | Moreau [27699450; 5%; No] | Grail [27699452; 3%; No] | Janesburg [27699451; 2%; No],AMBIGUOUS,Multiple plausible candidates remain without a decisive name/taxonomy margin.,No plausible alternative rejected.,,,,,,,,,,,,,,,
35450,S2016ND059013,46.807505,-100.903558,ND059,2520774,E1875D,"Telfer loamy fine sand, 6 to 15 percent slopes",NOGP,C2016USND122,Site_C NEON_10_NOGP,Schaller,"Sandy, mixed, frigid Entic Haplustolls",7.0,Telfer [27700182; 73%; No] | Lihen [27700181; 11%; No] | Beisigl [27700183; 5%; No] | Tally [27700184; 3%; No] | Vebar [27700185; 3%; No] | Seroco [27700186; 3%; No] | Ekalaka [27700180; 2%; No],AMBIGUOUS,Multiple plausible candidates remain without a decisive name/taxonomy margin.,No plausible alternative rejected.,,,,,,,,,,,,,,,
35451,S2016ND059014,46.785732,-100.912045,ND059,2699155,E2617F,"Cabba-Chama-Shambo loams, 9 to 50 percent slopes",NOGP,C2016USND122,Site_C NEON_10_NOGP,Savage,"Fine, smectitic, frigid Vertic Argiustolls",6.0,Cabba [27699643; 41%; No] | Chama [27699644; 27%; No] | Shambo [27699645; 15%; No] | Amor [27699646; 10%; No] | Arnegard [27699647; 5%; No] | Rock outcrop [27699642; 2%; No],AMBIGUOUS,Multiple plausible candidates remain without a decisive name/taxonomy margin.,No plausible alternative rejected.,,,,,,,,,,,,,,,
35452,S2016ND059016,46.79185,-100.917078,ND059,2699155,E2617F,"Cabba-Chama-Shambo loams, 9 to 50 percent slopes",NOGP,C2016USND122,Site_C NEON_10_NOGP,Sen,"Fine-silty, mixed, superactive, frigid Typic Haplustolls",6.0,Cabba [27699643; 41%; No] | Chama [27699644; 27%; No] | Shambo [27699645; 15%; No] | Amor [27699646; 10%; No] | Arnegard [27699647; 5%; No] | Rock outcrop [27699642; 2%; No],AMBIGUOUS,Multiple plausible candidates remain without a decisive name/taxonomy margin.,No plausible alternative rejected.,,,,,,,,,,,,,,,
35453,S2016ND059017,46.764807,-100.921602,ND059,2520776,E3755A,"Temvik-Wilton silt loams, 0 to 3 percent slopes",NOGP,C2016USND122,Site_C NEON_10_NOGP,Wilton,"Fine-silty, mixed, superactive, frigid Pachic Haplustolls",4.0,Temvik [27700237; 51%; No] | Wilton [27700240; 38%; No] | Williams [27700238; 9%; No] | Grassna [27700239; 2%; No],EXACT,Unique exact normalized NASIS taxon/component-name match within the intersected map unit.,Grassna (27700239): weaker name/taxonomy score 65.4; Temvik (27700237): weaker name/taxonomy score 45.8; Williams (27700238): weaker name/taxonomy score 15.0,27700240,Wilton,38,Yes,Mollisols,Ustolls,Haplustolls,Pachic Haplustolls,fine-silty,,,Well drained,No,,
35454,S2016ND059020,46.800505,-100.919598,ND059,2699227,E4555D,"Wabek-Manning complex, 6 to 15 percent slopes",NOGP,C2016USND122,Site_C NEON_10_NOGP,Chama,"Fine-silty, mixed, superactive, frigid Typic Calciustolls",8.0,Wabek [27699890; 41%; No] | Manning [27699891; 26%; No] | Wabek [27699896; 11%; No] | Williams [27699892; 7%; No] | Bowdle [27699893; 5%; No] | Lehr [27699897; 5%; No] | Schaller [27699895; 3%; No] | Chama [27699894; 2%; No],EXACT,Unique exact normalized NASIS taxon/component-name match within the intersected map unit.,Schaller (27699895): weaker name/taxonomy score 16.2; Manning (27699891): weaker name/taxonomy score 11.7; Williams (27699892): weaker name/taxonomy score 10.8; Lehr (27699897): weaker name/taxonomy score 7.8; Wabek (27699890): weaker name/taxonomy score 7.0; Wabek (27699896): weaker name/taxonomy score 7.0; Bowdle (27699893): weaker name/taxonomy score 0.0,27699894,Chama,2,No ,Mollisols,Ustolls,Calciustolls,Typic Calciustolls,fine-silty,,"ECM03D l,9-15%",Well drained,No,,
35455,S2016ND059021,46.798325,-100.904268,ND059,1718357,E2741D,"Cabba-Chama-Sen silt loams, 9 to 15 percent slopes",NOGP,C2016USND122,Site_C NEON_10_NOGP,Farnuf,"Fine-loamy, mixed, superactive, frigid Typic Argiustolls",8.0,Cabba [27700138; 42%; No] | Chama [27700144; 26%; No] | Sen [27700139; 16%; No] | Vebar [27700140; 5%; No] | Golva [27700141; 3%; No] | Janesburg [27700142; 3%; No] | Grassna [27700145; 3%; No] | Maschetah [27700143; 2%; No],AMBIGUOUS,Multiple plausible candidates remain without a decisive name/taxonomy margin.,No plausible alternative rejected.,,,,,,,,,,,,,,,
35456,S2016ND059022,46.786505,-100.910593,ND059,1718337,E0811A,"Grail silty clay loam, 0 to 2 percent slopes",NOGP,C2016USND122,Site_C NEON_10_NOGP,Cabba,"Loamy, mixed, superactive, calcareous, frigid Typic Ustorthents",5.0,Grail [27699458; 65%; No] | Wyola [27699456; 12%; No] | Grail [27699459; 10%; No] | Belfield [27699455; 9%; No] | Lawther [27699457; 4%; No],UNMATCHED,No candidate has adequate name or taxonomic agreement.,All candidates lack sufficient correspondence to the sampled pedon.,,,,,,,,,,,,,,,
35457,S2016ND059023,46.799135,-100.902753,ND059,1718331,E0651B,"Regent-Janesburg complex, 3 to 6 percent slopes",NOGP,C2016USND122,Site_C NEON_10_NOGP,Janesburg,"Fine, smectitic, frigid Typic Natrustolls",7.0,Regent [27699477; 40%; No] | Janesburg [27699478; 28%; No] | Reeder [27699479; 10%; No] | Wyola [27699483; 8%; No] | Belfield [27699480; 6%; No] | Dogtooth [27699481; 5%; No] | Barkof [27699482; 3%; No],EXACT,Unique exact normalized NASIS taxon/component-name match within the intersected map unit.,Belfield (27699480): weaker name/taxonomy score 44.1; Dogtooth (27699481): weaker name/taxonomy score 44.1; Regent (27699477): weaker name/taxonomy score 29.3; Wyola (27699483): weaker name/taxonomy score 25.0; Reeder (27699479): weaker name/taxonomy score 24.7; Barkof (27699482): weaker name/taxonomy score -10.7,27699478,Janesburg,28,Yes,Mollisols,Ustolls,Natrustolls,Typic Natrustolls,fine,,,Well drained,No,,
35458,S2016ND059024,46.766155,-100.92129,ND059,2520776,E3755A,"Temvik-Wilton silt loams, 0 to 3 percent slopes",NOGP,C2016USND122,Site_C NEON_10_NOGP,Wilton,"Fine-silty, mixed, superactive, frigid Pachic Haplustolls",4.0,Temvik [27700237; 51%; No] | Wilton [27700240; 38%; No] | Williams [27700238; 9%; No] | Grassna [27700239; 2%; No],EXACT,Unique exact normalized NASIS taxon/component-name match within the intersected map unit.,Grassna (27700239): weaker name/taxonomy score 65.4; Temvik (27700237): weaker name/taxonomy score 45.8; Williams (27700238): weaker name/taxonomy score 15.0,27700240,Wilton,38,Yes,Mollisols,Ustolls,Haplustolls,Pachic Haplustolls,fine-silty,,,Well drained,No,,
35459,S2016ND059027,46.80096,-100.904767,ND059,2494863,E2601C,"Amor-Cabba loams, 6 to 9 percent slopes",NOGP,C2016USND122,Site_C NEON_10_NOGP,Grail,"Fine, smectitic, frigid Pachic Vertic Argiustolls",5.0,Amor [27699635; 49%; No] | Cabba [27699636; 32%; No] | Shambo [27699632; 9%; No] | Regent [27699633; 5%; No] | Chama [27699634; 5%; No],MEDIUM,No name match; unique candidate supported by at least three taxonomic ranks.,Amor (27699635): weaker name/taxonomy score 27.8; Chama (27699634): weaker name/taxonomy score 27.0; Shambo (27699632): weaker name/taxonomy score 26.4; Cabba (27699636): weaker name/taxonomy score -33.0,27699633,Regent,5,No ,Mollisols,Ustolls,Argiustolls,Vertic Argiustolls,fine,,,Well drained,No,,
35460,S2016ND059030,46.781328,-100.921798,ND059,1718353,E2601D,"Amor-Cabba loams, 9 to 15 percent slopes",NOGP,C2016USND122,Site_C NEON_10_NOGP,Bryant,"Fine-silty, mixed, superactive, frigid Typic Haplustolls",5.0,Amor [27699640; 51%; No] | Cabba [27699639; 33%; No] | Chama [27699638; 9%; No] | Shambo [27699637; 5%; No] | Arnegard [27699641; 2%; No],AMBIGUOUS,Multiple plausible candidates remain without a decisive name/taxonomy margin.,No plausible alternative rejected.,,,,,,,,,,,,,,,
35461,S2016ND059029,46.790985,-100.921822,ND059,2699155,E2617F,"Cabba-Chama-Shambo loams, 9 to 50 percent slopes",NOGP,C2016USND122,Site_C NEON_10_NOGP,Amor,"Fine-loamy, mixed, superactive, frigid Typic Haplustolls",6.0,Cabba [27699643; 41%; No] | Chama [27699644; 27%; No] | Shambo [27699645; 15%; No] | Amor [27699646; 10%; No] | Arnegard [27699647; 5%; No] | Rock outcrop [27699642; 2%; No],EXACT,Unique exact normalized NASIS taxon/component-name match within the intersected map unit.,Shambo (27699645): weaker name/taxonomy score 81.0; Arnegard (27699647): weaker name/taxonomy score 51.7; Chama (27699644): weaker name/taxonomy score 15.6; Rock outcrop (27699642): weaker name/taxonomy score 4.4; Cabba (27699643): weaker name/taxonomy score -12.2,27699646,Amor,10,No ,Mollisols,Ustolls,Haplustolls,Typic Haplustolls,fine-loamy,,,Well drained,No,,
35546,S2016NH003001,44.0585778,-71.2781944,NH605,2780144,NOTCOM,No Digital Data Available,BART,C2016USNH123,Site_C NEON_12_BART,Wilmington,"Loamy, isotic, frigid, shallow Typic Endoaquods",1.0,NOTCOM [27611794; 100%; nan],UNMATCHED,No candidate has adequate name or taxonomic agreement.,All candidates lack sufficient correspondence to the sampled pedon.,,,,,,,,,,,,,,,
35547,S2016NH003002,44.0606139,-71.2631639,NH605,2780144,NOTCOM,No Digital Data Available,BART,C2016USNH123,Site_C NEON_12_BART,Adirondack,"Coarse-loamy, isotic, frigid Aquic Haplorthods",1.0,NOTCOM [27611794; 100%; nan],UNMATCHED,No candidate has adequate name or taxonomic agreement.,All candidates lack sufficient correspondence to the sampled pedon.,,,,,,,,,,,,,,,
35548,S2016NH003003,44.0462833,-71.3165278,NH605,2780144,NOTCOM,No Digital Data Available,BART,C2016USNH123,Site_C NEON_12_BART,Danforth,"Loamy-skeletal, mixed, active, frigid Typic Dystrudepts",1.0,NOTCOM [27611794; 100%; nan],UNMATCHED,No candidate has adequate name or taxonomic agreement.,All candidates lack sufficient correspondence to the sampled pedon.,,,,,,,,,,,,,,,
35549,S2016NH003004,44.0572667,-71.3061306,NH605,2780144,NOTCOM,No Digital Data Available,BART,C2016USNH123,Site_C NEON_12_BART,Monadnock or Berkshire,Frigid Typic Haplorthods,1.0,NOTCOM [27611794; 100%; nan],UNMATCHED,No candidate has adequate name or taxonomic agreement.,All candidates lack sufficient correspondence to the sampled pedon.,,,,,,,,,,,,,,,
35550,S2016NH003005,44.0579083,-71.2618806,NH605,2780144,NOTCOM,No Digital Data Available,BART,C2016USNH123,Site_C NEON_12_BART,Danforth,"Loamy-skeletal, isotic, frigid Typic Haplorthods",1.0,NOTCOM [27611794; 100%; nan],UNMATCHED,No candidate has adequate name or taxonomic agreement.,All candidates lack sufficient correspondence to the sampled pedon.,,,,,,,,,,,,,,,
35551,S2016NH003006,44.0537083,-71.3080528,NH605,2780144,NOTCOM,No Digital Data Available,BART,C2016USNH123,Site_C NEON_12_BART,Danforth,"Coarse-loamy over sandy or sandy-skeletal, isotic over mixed, frigid Typic Haplorthods",1.0,NOTCOM [27611794; 100%; nan],UNMATCHED,No candidate has adequate name or taxonomic agreement.,All candidates lack sufficient correspondence to the sampled pedon.,,,,,,,,,,,,,,,
35552,S2016NH003007,44.0692361,-71.2859611,NH605,2780144,NOTCOM,No Digital Data Available,BART,C2016USNH123,Site_C NEON_12_BART,Monadnock,"Coarse-loamy over sandy or sandy-skeletal, isotic over mixed, frigid Typic Haplorthods",1.0,NOTCOM [27611794; 100%; nan],UNMATCHED,No candidate has adequate name or taxonomic agreement.,All candidates lack sufficient correspondence to the sampled pedon.,,,,,,,,,,,,,,,
35596,S2016MI053001,46.23449,-89.56089,MI053,1455949,44C,"Karlin-Keweenaw-Sarona, dense substratum, complex, 6 to 25 percent slopes",UNDE,C2016USMI124,Site_C NEON_12_UNDE,Schweitzer,"Coarse-loamy, mixed, superactive, frigid Fragic Haplorthods",5.0,Karlin [27105166; 36%; No] | Keweenaw [27105165; 30%; No] | Sarona [27105167; 25%; No] | Sarwet [27105164; 6%; No] | Belding [27105163; 3%; No],AMBIGUOUS,Multiple plausible candidates remain without a decisive name/taxonomy margin.,No plausible alternative rejected.,,,,,,,,,,,,,,,
35597,S2016MI053002,46.24289,-89.5451,MI053,1455943,41,"Lupton-Pleine-Cathro complex, 0 to 1 percent slopes",UNDE,C2016USMI124,Site_C NEON_12_UNDE,Greenwood,"Dysic, frigid Typic Haplohemists",4.0,Lupton [27105372; 60%; Yes] | Pleine [27105371; 23%; Yes] | Cathro [27105373; 15%; Yes] | Gay [27105370; 2%; Yes],AMBIGUOUS,Multiple plausible candidates remain without a decisive name/taxonomy margin.,No plausible alternative rejected.,,,,,,,,,,,,,,,
35598,S2016MI053004,46.25454,-89.51286,MI053,1455950,44D,"Karlin-Keweenaw-Sarona, dense substratum, complex, 25 to 50 percent slopes",UNDE,C2016USMI124,Site_C NEON_12_UNDE,Newot,"Coarse-loamy, mixed, superactive, frigid Alfic Haplorthods",5.0,Karlin [27105171; 36%; No] | Keweenaw [27105170; 30%; No] | Sarona [27105172; 25%; No] | Sarwet [27105169; 6%; No] | Belding [27105168; 3%; No],AMBIGUOUS,Multiple plausible candidates remain without a decisive name/taxonomy margin.,No plausible alternative rejected.,,,,,,,,,,,,,,,
35599,S2016MI053007,46.2376,-89.54214,MI053,1456367,418A,"Loxley, Greenwood, and Dawson peats, 0 to 1 percent slopes",UNDE,C2016USMI124,Site_C NEON_12_UNDE,Cathro,"Loamy, mixed, euic, frigid Terric Haplosaprists",4.0,Loxley [27105657; 45%; Yes] | Greenwood [27105658; 30%; Yes] | Dawson [27105659; 20%; Yes] | Kinross [27105660; 5%; Yes],AMBIGUOUS,Multiple plausible candidates remain without a decisive name/taxonomy margin.,No plausible alternative rejected.,,,,,,,,,,,,,,,
35600,S2016MI053009,46.23689,-89.5045,MI053,1456367,418A,"Loxley, Greenwood, and Dawson peats, 0 to 1 percent slopes",UNDE,C2016USMI124,Site_C NEON_12_UNDE,Schweitzer,"Coarse-loamy, mixed, superactive, frigid Alfic Fragiorthods",4.0,Loxley [27105657; 45%; Yes] | Greenwood [27105658; 30%; Yes] | Dawson [27105659; 20%; Yes] | Kinross [27105660; 5%; Yes],UNMATCHED,No candidate has adequate name or taxonomic agreement.,All candidates lack sufficient correspondence to the sampled pedon.,,,,,,,,,,,,,,,
35601,S2016MI053010,46.2278,-89.53724,MI053,1455968,5172C,"Gogebic, sandy substratum-Pence-Cathro complex, 0 to 18 percent slopes",UNDE,C2016USMI124,Site_C NEON_12_UNDE,Mcmillan,"Sandy, mixed, frigid Lamellic Haplorthods",5.0,Gogebic [27105215; 60%; No] | Cathro [27105216; 15%; Yes] | Pence [27105217; 15%; No] | Tula [27105213; 5%; No] | Annalake [27105214; 5%; No],AMBIGUOUS,Multiple plausible candidates remain without a decisive name/taxonomy margin.,No plausible alternative rejected.,,,,,,,,,,,,,,,
35602,S2016MI053015,46.24295,-89.53498,MI053,1455943,41,"Lupton-Pleine-Cathro complex, 0 to 1 percent slopes",UNDE,C2016USMI124,Site_C NEON_12_UNDE,Greenwood,"Dysic, frigid Typic Haplohemists",4.0,Lupton [27105372; 60%; Yes] | Pleine [27105371; 23%; Yes] | Cathro [27105373; 15%; Yes] | Gay [27105370; 2%; Yes],UNMATCHED,No candidate has adequate name or taxonomic agreement.,All candidates lack sufficient correspondence to the sampled pedon.,,,,,,,,,,,,,,,
35603,S2016MI053026,46.23442,-89.51904,MI053,1455937,38C,"Gogebic fine sandy loam, sandy substratum, 6 to 18 percent slopes, stony",UNDE,C2016USMI124,Site_C NEON_12_UNDE,Sarona,"Coarse-loamy, mixed, superactive, frigid Alfic Haplorthods",3.0,Gogebic [27105616; 92%; No] | Karlin [27105617; 5%; No] | Tula [27105615; 3%; No],AMBIGUOUS,Multiple plausible candidates remain without a decisive name/taxonomy margin.,No plausible alternative rejected.,,,,,,,,,,,,,,,
35604,S2016MI053031,46.23114,-89.54215,MI053,1675884,36,"Gay-Pleine complex, 0 to 1 percent slopes, stony",UNDE,C2016USMI124,Site_C NEON_12_UNDE,Sarona,"Coarse-loamy, mixed, superactive, frigid Alfic Haplorthods",5.0,Gay [27105369; 50%; Yes] | Pleine [27105368; 30%; Yes] | Tonkey [27105366; 10%; Yes] | Foxpaw [27105365; 5%; Yes] | Cathro [27105367; 5%; Yes],AMBIGUOUS,Multiple plausible candidates remain without a decisive name/taxonomy margin.,No plausible alternative rejected.,,,,,,,,,,,,,,,
35606,S2016MI053032,46.23211,-89.53488,MI053,1455943,41,"Lupton-Pleine-Cathro complex, 0 to 1 percent slopes",UNDE,C2016USMI124,Site_C NEON_12_UNDE,Cathro,"Loamy, mixed, euic, frigid Terric Haplosaprists",4.0,Lupton [27105372; 60%; Yes] | Pleine [27105371; 23%; Yes] | Cathro [27105373; 15%; Yes] | Gay [27105370; 2%; Yes],EXACT,Unique exact normalized NASIS taxon/component-name match within the intersected map unit.,Lupton (27105372): weaker name/taxonomy score 31.7; Gay (27105370): weaker name/taxonomy score -12.2; Pleine (27105371): weaker name/taxonomy score -20.0,27105373,Cathro,15,Yes,Histosols,Saprists,Haplosaprists,Terric Haplosaprists,loamy,,,Very poorly drained,Yes,1; 3,6108843; 6108844
35607,S2016MI053033,46.23416,-89.54263,MI053,1455968,5172C,"Gogebic, sandy substratum-Pence-Cathro complex, 0 to 18 percent slopes",UNDE,C2016USMI124,Site_C NEON_12_UNDE,Sarona,"Coarse-loamy, mixed, superactive, frigid Alfic Haplorthods",5.0,Gogebic [27105215; 60%; No] | Cathro [27105216; 15%; Yes] | Pence [27105217; 15%; No] | Tula [27105213; 5%; No] | Annalake [27105214; 5%; No],AMBIGUOUS,Multiple plausible candidates remain without a decisive name/taxonomy margin.,No plausible alternative rejected.,,,,,,,,,,,,,,,
35608,S2016MI053034,46.23163,-89.53279,MI053,1455943,41,"Lupton-Pleine-Cathro complex, 0 to 1 percent slopes",UNDE,C2016USMI124,Site_C NEON_12_UNDE,Worcester,"Coarse-loamy, mixed, superactive, frigid Typic Endoaquods",4.0,Lupton [27105372; 60%; Yes] | Pleine [27105371; 23%; Yes] | Cathro [27105373; 15%; Yes] | Gay [27105370; 2%; Yes],UNMATCHED,No candidate has adequate name or taxonomic agreement.,All candidates lack sufficient correspondence to the sampled pedon.,,,,,,,,,,,,,,,
35609,S2016MI053016,46.25814,-89.54351,MI053,1455940,39C,"Gogebic silt loam, sandy substratum, 6 to 18 percent slopes, stony",UNDE,C2016USMI124,Site_C NEON_12_UNDE,Schweitzer,"Loamy-skeletal, mixed, frigid Alfic Haplorthods",4.0,Gogebic [27105648; 85%; No] | Stutts [27105647; 10%; No] | Tula [27105645; 3%; No] | Gay [27105646; 2%; Yes],AMBIGUOUS,Multiple plausible candidates remain without a decisive name/taxonomy margin.,No plausible alternative rejected.,,,,,,,,,,,,,,,
35738,S2016NH003008,44.0491917,-71.2635972,NH605,2780144,NOTCOM,No Digital Data Available,BART,C2016USNH123,Site_C NEON_12_BART,Rawsonville,"Coarse-loamy, isotic, frigid Typic Haplohumods",1.0,NOTCOM [27611794; 100%; nan],UNMATCHED,No candidate has adequate name or taxonomic agreement.,All candidates lack sufficient correspondence to the sampled pedon.,,,,,,,,,,,,,,,
35741,S2016NH003009,44.0529528,-71.2635972,NH605,2780144,NOTCOM,No Digital Data Available,BART,C2016USNH123,Site_C NEON_12_BART,Knob Lock,"Dysic, frigid Lithic Udifolists",1.0,NOTCOM [27611794; 100%; nan],UNMATCHED,No candidate has adequate name or taxonomic agreement.,All candidates lack sufficient correspondence to the sampled pedon.,,,,,,,,,,,,,,,
35742,S2016NH003010,44.0428917,-71.2729,NH605,2780144,NOTCOM,No Digital Data Available,BART,C2016USNH123,Site_C NEON_12_BART,Marlow,"Coarse-loamy, isotic, frigid Oxyaquic Haplorthods",1.0,NOTCOM [27611794; 100%; nan],UNMATCHED,No candidate has adequate name or taxonomic agreement.,All candidates lack sufficient correspondence to the sampled pedon.,,,,,,,,,,,,,,,
35743,S2016NH003011,44.0500028,-71.2667639,NH605,2780144,NOTCOM,No Digital Data Available,BART,C2016USNH123,Site_C NEON_12_BART,Marlow,"Loamy-skeletal, isotic, frigid Oxyaquic Haplorthods",1.0,NOTCOM [27611794; 100%; nan],UNMATCHED,No candidate has adequate name or taxonomic agreement.,All candidates lack sufficient correspondence to the sampled pedon.,,,,,,,,,,,,,,,
35744,S2016NH003012,44.0546111,-71.2824361,NH605,2780144,NOTCOM,No Digital Data Available,BART,C2016USNH123,Site_C NEON_12_BART,Series Not determined,"Loamy-skeletal over sandy or sandy-skeletal, isotic over mixed, frigid Histic Endoaquods",1.0,NOTCOM [27611794; 100%; nan],UNMATCHED,No candidate has adequate name or taxonomic agreement.,All candidates lack sufficient correspondence to the sampled pedon.,,,,,,,,,,,,,,,
35745,S2016NH003013,44.0415583,-71.2871583,NH605,2780144,NOTCOM,No Digital Data Available,BART,C2016USNH123,Site_C NEON_12_BART,Marlow,"Coarse-loamy, isotic, frigid Oxyaquic Haplorthods",1.0,NOTCOM [27611794; 100%; nan],UNMATCHED,No candidate has adequate name or taxonomic agreement.,All candidates lack sufficient correspondence to the sampled pedon.,,,,,,,,,,,,,,,
35746,S2016NH003014,44.0419028,-71.2778639,NH605,2780144,NOTCOM,No Digital Data Available,BART,C2016USNH123,Site_C NEON_12_BART,Marlow,"Coarse-loamy, isotic, frigid Oxyaquic Haplorthods",1.0,NOTCOM [27611794; 100%; nan],UNMATCHED,No candidate has adequate name or taxonomic agreement.,All candidates lack sufficient correspondence to the sampled pedon.,,,,,,,,,,,,,,,
35747,S2016NH003015,44.0499167,-71.29645,NH605,2780144,NOTCOM,No Digital Data Available,BART,C2016USNH123,Site_C NEON_12_BART,Series Not Determined,"Loamy-skeletal, isotic, frigid Aquic Haplorthods",1.0,NOTCOM [27611794; 100%; nan],UNMATCHED,No candidate has adequate name or taxonomic agreement.,All candidates lack sufficient correspondence to the sampled pedon.,,,,,,,,,,,,,,,
36333,S2016CA019001,37.0065278,-119.0056667,CA750,465136,161,"Sirretta family and Umpa family, wet, 2 to 25 percent slopes",,C2016USCA138,NEON CA Teakettle Fresno Co.,Generalgrant,"Sandy, isotic, mesic Vitrandic Humixerepts",5.0,Sirretta family [26638538; 55%; No] | Umpa family [26638539; 30%; No] | Unnamed [26638540; 5%; No] | Unnamed [26638541; 5%; No] | Cagwin family [26638542; 5%; No],UNMATCHED,No candidate has adequate name or taxonomic agreement.,All candidates lack sufficient correspondence to the sampled pedon.,,,,,,,,,,,,,,,
36335,S2016CA019003,37.0327,-119.26221,CA750,465112,137,"Holland family, 35 to 65 percent slopes",,I2016USCA139,NEON CA Soaproot Saddle Fresno Co.,Holland,"Fine-loamy, mixed, semiactive, mesic Ultic Haploxeralfs",4.0,Holland family [26638431; 85%; No] | Chaix family [26638432; 5%; No] | Chawanakee family [26638433; 5%; No] | Rock outcrop [26638434; 5%; No],MEDIUM,No name match; unique candidate supported by at least three taxonomic ranks.,Chawanakee family (26638433): weaker name/taxonomy score 8.8; Chaix family (26638432): weaker name/taxonomy score 7.4; Rock outcrop (26638434): weaker name/taxonomy score 3.7,26638431,Holland family,85,Yes,Alfisols,Xeralfs,Haploxeralfs,Ultic Haploxeralfs,fine-loamy,,,Well drained,No,,
36691,S2016WI099019,45.83038,-90.07524,WI099,627370,3045A,"Lupton, Cathro, and Tawas soils, 0 to 1 percent slopes",STEI,C2017USWI006,Site_C NEON_10_STEI,Springstead,"Sandy, mixed, frigid Oxyaquic Haplorthods",4.0,Lupton [27592773; 40%; Yes] | Cathro [27592772; 30%; Yes] | Tawas [27592774; 25%; Yes] | Seelyeville [27592771; 5%; Yes],UNMATCHED,No candidate has adequate name or taxonomic agreement.,All candidates lack sufficient correspondence to the sampled pedon.,,,,,,,,,,,,,,,
36692,S2016WI099006,45.81745,-90.07853,WI099,1379835,3744B,"Peeksville fine sandy loam, 0 to 4 percent slopes, very stony",STEI,C2017USWI006,Site_C NEON_10_STEI,Springstead,"Sandy, mixed, frigid Oxyaquic Haplorthods",3.0,Peeksville [27592614; 90%; No] | Shanagolden [27592612; 5%; No] | Cable [27592613; 5%; Yes],UNMATCHED,No candidate has adequate name or taxonomic agreement.,All candidates lack sufficient correspondence to the sampled pedon.,,,,,,,,,,,,,,,
36693,S2016WI099015,45.81076,-90.09988,WI099,627343,3182E,"Padus sandy loam, 15 to 35 percent slopes",STEI,C2017USWI006,Site_C NEON_10_STEI,Padus,"Loamy-skeletal, mixed, superactive, frigid Alfic Haplorthods",6.0,Padus [27592585; 82%; No] | Pence [27592584; 10%; No] | Pelissier [27592580; 3%; No] | Padus [27592582; 2%; No] | Sayner [27592583; 2%; No] | Stambaugh [27592581; 1%; No],AMBIGUOUS,Multiple components share the exact name without decisive taxonomic/phase evidence.,No alternative rejected; tied exact-name components retained.,,,,,,,,,,,,,,,
36694,S2016WI099008,45.80235,-90.06234,WI099,1395742,9012E,"Sayner-Lindquist complex, 15 to 30 percent slopes",STEI,C2017USWI006,Site_C NEON_10_STEI,Pence,"Sandy-skeletal, mixed, frigid Typic Haplorthods",6.0,Sayner [27592671; 60%; No] | Lindquist [27592670; 20%; No] | Vilas [27592666; 10%; No] | Pelissier [27592667; 5%; No] | Karlin [27592668; 3%; No] | Pence [27592669; 2%; No],EXACT,Unique exact normalized NASIS taxon/component-name match within the intersected map unit.,Sayner (27592671): weaker name/taxonomy score 52.7; Lindquist (27592670): weaker name/taxonomy score 45.0; Pelissier (27592667): weaker name/taxonomy score 15.0; Karlin (27592668): weaker name/taxonomy score 6.4; Vilas (27592666): weaker name/taxonomy score 0.0,27592669,Pence,2,No ,,,,,,,,,No,,
36698,S2016WI099026,45.79353,-90.09663,WI099,627341,3182B,"Padus sandy loam, 0 to 6 percent slopes",STEI,C2017USWI006,Site_C NEON_10_STEI,Worcester,"Coarse-loamy, mixed, frigid Oxyaquic Dystrudepts",6.0,Padus [27592579; 80%; No] | Pence [27592574; 10%; No] | Tipler [27592577; 5%; No] | Worcester [27592575; 2%; No] | Stambaugh [27592576; 2%; No] | Padus [27592578; 1%; No],EXACT,Unique exact normalized NASIS taxon/component-name match within the intersected map unit.,Tipler (27592577): weaker name/taxonomy score -6.0; Padus (27592579): weaker name/taxonomy score -15.0; Padus (27592578): weaker name/taxonomy score -15.0; Pence (27592574): weaker name/taxonomy score -30.0; Stambaugh (27592576): weaker name/taxonomy score -32.2,27592575,Worcester,2,No ,Spodosols,Aquods,Endoaquods,Argic Endoaquods,coarse-loamy,,,Somewhat poorly drained,No,,
36700,S2016WI099024,45.83593,-90.07283,WI099,1395739,9051A,"Minocqua, Cable and Pleine soils, 0 to 2 percent slopes, very stony",STEI,C2017USWI006,Site_C NEON_10_STEI,Loxley,"Dysic, frigid Typic Haplosaprists",4.0,Minocqua [27592185; 40%; Yes] | Cable [27592187; 30%; Yes] | Pleine [27592186; 20%; Yes] | Cathro [27592184; 10%; Yes],UNMATCHED,No candidate has adequate name or taxonomic agreement.,All candidates lack sufficient correspondence to the sampled pedon.,,,,,,,,,,,,,,,
36701,S2016WI099005,45.82626,-90.08606,WI099,1379841,3847B,"Newood fine sandy loam, drumlins, 2 to 6 percent slopes, very stony",STEI,C2017USWI006,Site_C NEON_10_STEI,Newood,"Coarse-loamy, mixed, frigid Oxyaquic Haplorthods",3.0,Newood [27592533; 85%; No] | Pesabic [27592531; 10%; No] | Chequamegon [27592532; 5%; No],EXACT,Unique exact normalized NASIS taxon/component-name match within the intersected map unit.,Chequamegon (27592532): weaker name/taxonomy score 8.2; Pesabic (27592531): weaker name/taxonomy score 5.4,27592533,Newood,85,Yes,Spodosols,Orthods,Haplorthods,Alfic Oxyaquic Haplorthods,coarse-loamy,,,Moderately well drained,No,,
36702,S2016WI099012,45.7857,-90.0483,WI099,1379841,3847B,"Newood fine sandy loam, drumlins, 2 to 6 percent slopes, very stony",STEI,C2017USWI006,Site_C NEON_10_STEI,Newot,"Coarse-loamy, mixed, superactive, frigid Alfic Haplorthods",3.0,Newood [27592533; 85%; No] | Pesabic [27592531; 10%; No] | Chequamegon [27592532; 5%; No],AMBIGUOUS,Multiple plausible candidates remain without a decisive name/taxonomy margin.,No plausible alternative rejected.,,,,,,,,,,,,,,,
36705,S2016WI069059,45.50896,-89.58864,WI069,431633,3298B,"Moodig sandy loam, 0 to 4 percent slopes",STEI,C2017USWI006,Site_C NEON_10_STEI,Moodig,"Coarse-loamy, mixed, superactive, frigid Alfic Epiaquods",4.0,Moodig [27558099; 90%; No] | Capitola [27558096; 5%; Yes] | Hatley [27558097; 3%; No] | Sarwet [27558098; 2%; No],EXACT,Unique exact normalized NASIS taxon/component-name match within the intersected map unit.,Sarwet (27558098): weaker name/taxonomy score 0.0; Capitola (27558096): weaker name/taxonomy score -15.0; Hatley (27558097): weaker name/taxonomy score -20.0,27558099,Moodig,90,Yes,Spodosols,Aquods,Epiaquods,Alfic Epiaquods,coarse-loamy,,,Somewhat poorly drained,No,,
36707,S2016WI069053,45.50556,-89.58755,WI069,431633,3298B,"Moodig sandy loam, 0 to 4 percent slopes",STEI,C2017USWI006,Site_C NEON_10_STEI,Capitola,"Coarse-loamy, mixed, superactive, frigid Aeric Epiaqualfs",4.0,Moodig [27558099; 90%; No] | Capitola [27558096; 5%; Yes] | Hatley [27558097; 3%; No] | Sarwet [27558098; 2%; No],EXACT,Unique exact normalized NASIS taxon/component-name match within the intersected map unit.,Hatley (27558097): weaker name/taxonomy score 15.0; Sarwet (27558098): weaker name/taxonomy score -10.0; Moodig (27558099): weaker name/taxonomy score -15.0,27558096,Capitola,5,No ,Alfisols,Aqualfs,Epiaqualfs,Aeric Epiaqualfs,coarse-loamy,,UNDRAINED,Poorly drained,Yes,2; 3,6210749; 6210750
36708,S2016WI099022,45.804369,-90.0523,WI099,627370,3045A,"Lupton, Cathro, and Tawas soils, 0 to 1 percent slopes",STEI,C2017USWI006,Site_C NEON_10_STEI,Cathro,"Coarse-loamy, mixed, superactive, frigid Humaqueptic Endoaquents",4.0,Lupton [27592773; 40%; Yes] | Cathro [27592772; 30%; Yes] | Tawas [27592774; 25%; Yes] | Seelyeville [27592771; 5%; Yes],EXACT,Unique exact normalized NASIS taxon/component-name match within the intersected map unit.,Seelyeville (27592771): weaker name/taxonomy score 0.0; Lupton (27592773): weaker name/taxonomy score -28.3; Tawas (27592774): weaker name/taxonomy score -33.6,27592772,Cathro,30,Yes,Histosols,Saprists,Haplosaprists,Terric Haplosaprists,loamy,,,Very poorly drained,Yes,1; 3,6228458; 6228459
36711,S2016WI099017,45.82207,-90.07333,WI099,1395741,9013A,"Tipler-Manitowish complex, 0 to 3 percent slopes",STEI,C2017USWI006,Site_C NEON_10_STEI,Newot,"Loamy-skeletal, mixed, superactive, frigid Typic Haplorthods",6.0,Tipler [27592196; 40%; No] | Manitowish [27592195; 35%; No] | Spiderlake [27592191; 10%; No] | Karlin [27592192; 5%; No] | Worcester [27592193; 5%; No] | Wormet [27592194; 5%; No],AMBIGUOUS,Multiple plausible candidates remain without a decisive name/taxonomy margin.,No plausible alternative rejected.,,,,,,,,,,,,,,,
36712,S2016WI099011,45.80484,-90.07486,WI099,627561,3644E,"Shanagolden fine sandy loam, 15 to 30 percent slopes, very stony",STEI,C2017USWI006,Site_C NEON_10_STEI,Newot,"Loamy-skeletal, mixed, superactive, frigid Typic Haplorthods",3.0,Shanagolden [27592696; 90%; No] | Butternut [27592694; 5%; No] | Peeksville [27592695; 5%; No],AMBIGUOUS,Multiple plausible candidates remain without a decisive name/taxonomy margin.,No plausible alternative rejected.,,,,,,,,,,,,,,,
36713,S2016WI099010,45.78768,-90.10432,WI099,1482737,3456B,"Magnor, very stony and Magnor silt loams, 0 to 4 percent slopes",STEI,C2017USWI006,Site_C NEON_10_STEI,Pesabic,"Coarse-loamy, mixed, superactive, frigid Alfic Epiaquods",7.0,Magnor [27592495; 55%; No] | Magnor [27592493; 25%; No] | Freeon [27592492; 10%; No] | Cebana [27592497; 4%; Yes] | Pesabic [27592494; 2%; No] | Capitola [27592496; 2%; Yes] | Almena [27592498; 2%; No],EXACT,Unique exact normalized NASIS taxon/component-name match within the intersected map unit.,Magnor (27592495): weaker name/taxonomy score -14.6; Cebana (27592497): weaker name/taxonomy score -14.6; Magnor (27592493): weaker name/taxonomy score -14.6; Freeon (27592492): weaker name/taxonomy score -14.6; Capitola (27592496): weaker name/taxonomy score -15.3; Almena (27592498): weaker name/taxonomy score -34.6,27592494,Pesabic,2,No ,Spodosols,Aquods,Epiaquods,Alfic Epiaquods,coarse-loamy,,,Somewhat poorly drained,No,,
36810,S2016MA027015,42.5386389,-72.1820833,MA614,278705,901E,"Berkshire-Marlow association, 15 to 45 percent slopes, extremely stony",HARV,C2017USMA029,Site_C NEON_12_HARV,Chichester,"Loamy-skeletal, mixed, superactive, frigid Typic Dystrudepts",6.0,Berkshire [27355481; 55%; No] | Marlow [27355478; 30%; No] | Lyman [27355483; 9%; No] | Peru [27355480; 4%; No] | Pillsbury [27355479; 1%; Yes] | Peacham [27355482; 1%; Yes],AMBIGUOUS,Multiple plausible candidates remain without a decisive name/taxonomy margin.,No plausible alternative rejected.,,,,,,,,,,,,,,,
37008,S2016WI069001,45.487633,-89.570051,WI069,431653,3774C,"Vilas-Sayner loamy sands, 6 to 15 percent slopes",TREE,C2017USWI048,Site_C NEON_10_TREE,Sayner,"Sandy, mixed, frigid Entic Haplorthods",5.0,Vilas [27558178; 55%; No] | Sayner [27558179; 35%; No] | Croswell [27558176; 5%; No] | Pence [27558177; 3%; No] | Au Gres [27558175; 2%; No],EXACT,Unique exact normalized NASIS taxon/component-name match within the intersected map unit.,Vilas (27558178): weaker name/taxonomy score 66.4; Pence (27558177): weaker name/taxonomy score 46.4; Croswell (27558176): weaker name/taxonomy score 45.0; Au Gres (27558175): weaker name/taxonomy score 10.8,27558179,Sayner,35,Yes,Spodosols,Orthods,Haplorthods,Entic Haplorthods,sandy,,,Excessively drained,No,,
37009,S2016WI069006,45.491413,-89.551492,WI069,431653,3774C,"Vilas-Sayner loamy sands, 6 to 15 percent slopes",TREE,C2017USWI048,Site_C NEON_10_TREE,Padwood,"Coarse-loamy, mixed, superactive, frigid Lamellic Oxyaquic Haplorthods",5.0,Vilas [27558178; 55%; No] | Sayner [27558179; 35%; No] | Croswell [27558176; 5%; No] | Pence [27558177; 3%; No] | Au Gres [27558175; 2%; No],AMBIGUOUS,Multiple plausible candidates remain without a decisive name/taxonomy margin.,No plausible alternative rejected.,,,,,,,,,,,,,,,
37010,S2016WI069009,45.48573,-89.56965,WI069,431626,3008A,"Lupton and Cathro soils, 0 to 1 percent slopes",TREE,C2017USWI048,Site_C NEON_10_TREE,Loxley,"Dysic, frigid Typic Haplosaprists",6.0,Lupton [27558190; 45%; Yes] | Cathro [27558189; 35%; Yes] | Capitola [27558185; 5%; Yes] | Beseman [27558186; 5%; Yes] | Loxley [27558187; 5%; Yes] | Markey [27558188; 5%; Yes],EXACT,Unique exact normalized NASIS taxon/component-name match within the intersected map unit.,Lupton (27558190): weaker name/taxonomy score 59.7; Markey (27558188): weaker name/taxonomy score 39.7; Cathro (27558189): weaker name/taxonomy score 33.8; Beseman (27558186): weaker name/taxonomy score 33.4; Capitola (27558185): weaker name/taxonomy score -22.0,27558187,Loxley,5,No ,Histosols,Saprists,Haplosaprists,Typic Haplosaprists,not used,,,Very poorly drained,Yes,1,6210766
37011,S2016WI069011,45.497054,-89.554761,WI069,431626,3008A,"Lupton and Cathro soils, 0 to 1 percent slopes",TREE,C2017USWI048,Site_C NEON_10_TREE,Cathro,"Loamy, mixed, euic, frigid Terric Haplosaprists",6.0,Lupton [27558190; 45%; Yes] | Cathro [27558189; 35%; Yes] | Capitola [27558185; 5%; Yes] | Beseman [27558186; 5%; Yes] | Loxley [27558187; 5%; Yes] | Markey [27558188; 5%; Yes],EXACT,Unique exact normalized NASIS taxon/component-name match within the intersected map unit.,Beseman (27558186): weaker name/taxonomy score 65.4; Markey (27558188): weaker name/taxonomy score 51.7; Lupton (27558190): weaker name/taxonomy score 31.7; Loxley (27558187): weaker name/taxonomy score 25.8; Capitola (27558185): weaker name/taxonomy score 0.0,27558189,Cathro,35,Yes,Histosols,Saprists,Haplosaprists,Terric Haplosaprists,loamy,,,Very poorly drained,Yes,1; 3,6210769; 6210770
37012,S2016WI069017,45.49215,-89.57683,WI069,431653,3774C,"Vilas-Sayner loamy sands, 6 to 15 percent slopes",TREE,C2017USWI048,Site_C NEON_10_TREE,Croswood,"Sandy, mixed, frigid Oxyaquic Haplorthods",5.0,Vilas [27558178; 55%; No] | Sayner [27558179; 35%; No] | Croswell [27558176; 5%; No] | Pence [27558177; 3%; No] | Au Gres [27558175; 2%; No],MEDIUM,No name match; unique candidate supported by at least three taxonomic ranks.,Vilas (27558178): weaker name/taxonomy score 45.4; Pence (27558177): weaker name/taxonomy score 45.4; Sayner (27558179): weaker name/taxonomy score 45.0; Au Gres (27558175): weaker name/taxonomy score 9.3,27558176,Croswell,5,No ,Spodosols,Orthods,Haplorthods,Oxyaquic Haplorthods,sandy,,,Moderately well drained,No,,
37013,S2016WI069019,45.49422,-89.57406,WI069,431613,3905B,"Cublake loamy sand, 0 to 4 percent slopes",TREE,C2017USWI048,Site_C NEON_10_TREE,Croswood,"Sandy, mixed, frigid Oxyaquic Haplorthods",5.0,Cublake [27558014; 85%; No] | Flink [27558015; 5%; No] | Croswell [27558016; 5%; No] | Vilas [27558017; 3%; No] | Annalake [27558018; 2%; No],AMBIGUOUS,Multiple plausible candidates remain without a decisive name/taxonomy margin.,No plausible alternative rejected.,,,,,,,,,,,,,,,
37014,S2016WI069020,45.49226,-89.56019,WI069,431654,3774E,"Vilas-Sayner loamy sands, 15 to 35 percent slopes",TREE,C2017USWI048,Site_C NEON_10_TREE,Sayner,"Sandy, mixed, frigid Entic Haplorthods",5.0,Vilas [27558171; 50%; No] | Sayner [27558170; 40%; No] | Pence [27558174; 5%; No] | Croswell [27558172; 3%; No] | Au Gres [27558173; 2%; No],EXACT,Unique exact normalized NASIS taxon/component-name match within the intersected map unit.,Vilas (27558171): weaker name/taxonomy score 66.4; Pence (27558174): weaker name/taxonomy score 46.4; Croswell (27558172): weaker name/taxonomy score 45.0; Au Gres (27558173): weaker name/taxonomy score 10.8,27558170,Sayner,40,Yes,Spodosols,Orthods,Haplorthods,Entic Haplorthods,sandy,,,Excessively drained,No,,
37015,S2016WI069021,45.497,-89.59826,WI069,431633,3298B,"Moodig sandy loam, 0 to 4 percent slopes",TREE,C2017USWI048,Site_C NEON_10_TREE,Sayner,"Sandy, mixed, frigid Entic Haplorthods",4.0,Moodig [27558099; 90%; No] | Capitola [27558096; 5%; Yes] | Hatley [27558097; 3%; No] | Sarwet [27558098; 2%; No],AMBIGUOUS,Multiple plausible candidates remain without a decisive name/taxonomy margin.,No plausible alternative rejected.,,,,,,,,,,,,,,,
37016,S2016WI069024,45.48918,-89.55028,WI069,431652,3774B,"Vilas-Sayner loamy sands, 1 to 6 percent slopes",TREE,C2017USWI048,Site_C NEON_10_TREE,Croswell,"Sandy, mixed, frigid Oxyaquic Haplorthods",6.0,Vilas [27558166; 60%; No] | Sayner [27558164; 30%; No] | Au Gres [27558169; 4%; No] | Croswell [27558168; 3%; No] | Croswood [27558167; 2%; No] | Pence [27558165; 1%; No],EXACT,Unique exact normalized NASIS taxon/component-name match within the intersected map unit.,Croswood (27558167): weaker name/taxonomy score 81.9; Sayner (27558164): weaker name/taxonomy score 50.0; Vilas (27558166): weaker name/taxonomy score 45.4; Pence (27558165): weaker name/taxonomy score 45.4; Au Gres (27558169): weaker name/taxonomy score 9.3,27558168,Croswell,3,No ,Spodosols,Orthods,Haplorthods,Oxyaquic Haplorthods,sandy,,,Moderately well drained,No,,
37017,S2016WI069041,45.49406,-89.58823,WI069,431650,3111B,"Sarwet sandy loam, 2 to 6 percent slopes",TREE,C2017USWI048,Site_C NEON_10_TREE,Moodig,"Coarse-loamy, mixed, superactive, frigid Alfic Epiaquods",4.0,Sarwet [27558158; 90%; No] | Goodwit [27558157; 5%; No] | Moodig [27558156; 3%; No] | Sarona [27558155; 2%; No],EXACT,Unique exact normalized NASIS taxon/component-name match within the intersected map unit.,Goodwit (27558157): weaker name/taxonomy score 21.5; Sarona (27558155): weaker name/taxonomy score 5.8; Sarwet (27558158): weaker name/taxonomy score 0.0,27558156,Moodig,3,No ,Spodosols,Aquods,Epiaquods,Alfic Epiaquods,coarse-loamy,,,Somewhat poorly drained,No,,
37018,S2016WI069050,45.48988,-89.59036,WI069,431650,3111B,"Sarwet sandy loam, 2 to 6 percent slopes",TREE,C2017USWI048,Site_C NEON_10_TREE,Croswood,"Sandy, mixed, frigid Oxyaquic Haplorthods",4.0,Sarwet [27558158; 90%; No] | Goodwit [27558157; 5%; No] | Moodig [27558156; 3%; No] | Sarona [27558155; 2%; No],AMBIGUOUS,Multiple plausible candidates remain without a decisive name/taxonomy margin.,No plausible alternative rejected.,,,,,,,,,,,,,,,
37151,S2016UT045011,40.1507611,-112.4560222,UT611,482174,65,"Taylorsflat loam, saline, 0 to 3 percent slopes",ONAQ,C2017USUT063,Site_C NEON_8_ONAQ,Taylorsflat,"Fine-loamy, mixed, superactive, mesic Xeric Haplocalcids",4.0,Taylorsflat [26351908; 90%; No] | Taylorsflat [26351906; 4%; No] | Spager [26351907; 3%; No] | Hiko Peak [26351909; 3%; No],AMBIGUOUS,Multiple components share the exact name without decisive taxonomic/phase evidence.,No alternative rejected; tied exact-name components retained.,,,,,,,,,,,,,,,
37152,S2016UT045015,40.1516583,-112.4782417,UT611,482173,64,"Taylorsflat loam, 1 to 5 percent slopes",ONAQ,C2017USUT063,Site_C NEON_8_ONAQ,Taylorsflat,"Fine-loamy, mixed, superactive, mesic Xeric Haplocalcids",4.0,Taylorsflat [26351902; 90%; No] | Hiko Peak [26351904; 4%; nan] | Spager [26351903; 3%; nan] | Birdow [26351905; 3%; nan],EXACT,Unique exact normalized NASIS taxon/component-name match within the intersected map unit.,Hiko Peak (26351904): weaker name/taxonomy score 47.0; Spager (26351903): weaker name/taxonomy score 8.2; Birdow (26351905): weaker name/taxonomy score -15.9,26351902,Taylorsflat,90,Yes,Aridisols,Calcids,Haplocalcids,Xeric Haplocalcids,fine-loamy,,"MED PPT,NIRR",Well drained,No,,
37153,S2016UT045024,40.1599389,-112.4851722,UT611,482173,64,"Taylorsflat loam, 1 to 5 percent slopes",ONAQ,C2017USUT063,Site_C NEON_8_ONAQ,Taylorsflat,"Fine-loamy, mixed, superactive, mesic Xeric Haplocalcids",4.0,Taylorsflat [26351902; 90%; No] | Hiko Peak [26351904; 4%; nan] | Spager [26351903; 3%; nan] | Birdow [26351905; 3%; nan],EXACT,Unique exact normalized NASIS taxon/component-name match within the intersected map unit.,Hiko Peak (26351904): weaker name/taxonomy score 47.0; Spager (26351903): weaker name/taxonomy score 8.2; Birdow (26351905): weaker name/taxonomy score -15.9,26351902,Taylorsflat,90,Yes,Aridisols,Calcids,Haplocalcids,Xeric Haplocalcids,fine-loamy,,"MED PPT,NIRR",Well drained,No,,
37154,S2016UT045008,40.1583972,-112.52135,UT611,482180,7,"Borvant gravelly loam, 2 to 15 percent slopes",ONAQ,C2017USUT063,Site_C NEON_8_ONAQ,Sterling,"Loamy-skeletal, mixed, superactive, mesic Typic Calcixerolls",6.0,Borvant [26352308; 85%; No] | Birdow [26352309; 3%; nan] | Kapod [26352310; 3%; nan] | Hiko Peak [26352311; 3%; nan] | Spager [26352312; 3%; nan] | Abela [26352313; 3%; nan],MEDIUM,No name match; unique candidate supported by at least three taxonomic ranks.,Borvant (26352308): weaker name/taxonomy score 29.3; Birdow (26352309): weaker name/taxonomy score 5.0; Kapod (26352310): weaker name/taxonomy score 0.0; Spager (26352312): weaker name/taxonomy score -5.0; Hiko Peak (26352311): weaker name/taxonomy score -15.9,26352313,Abela,3,No ,Mollisols,Xerolls,Calcixerolls,Typic Calcixerolls,loamy-skeletal,,,,,,
37155,S2016UT045032,40.1522056,-112.5379889,UT611,482143,38,"Lodar-Lundy-Rock outcrop association, 30 to 60 percent slopes",ONAQ,C2017USUT063,Site_C NEON_8_ONAQ,Jardal,"Loamy-skeletal, carbonatic, mesic Petrocalcic Palexerolls",7.0,Lodar [26352318; 40%; No] | Lundy [26352317; 30%; No] | Rock outcrop [26352320; 10%; No] | Cristo [26352314; 5%; No] | Datemark [26352315; 5%; No] | Podmor [26352316; 5%; No] | Abela [26352319; 5%; No],AMBIGUOUS,Multiple plausible candidates remain without a decisive name/taxonomy margin.,No plausible alternative rejected.,,,,,,,,,,,,,,,
37156,S2016UT045025,40.1454389,-112.5386806,UT611,482180,7,"Borvant gravelly loam, 2 to 15 percent slopes",ONAQ,C2017USUT063,Site_C NEON_8_ONAQ,Benning,"Fine-loamy, mixed, superactive, mesic Pachic Calcixerolls",6.0,Borvant [26352308; 85%; No] | Birdow [26352309; 3%; nan] | Kapod [26352310; 3%; nan] | Hiko Peak [26352311; 3%; nan] | Spager [26352312; 3%; nan] | Abela [26352313; 3%; nan],AMBIGUOUS,Multiple plausible candidates remain without a decisive name/taxonomy margin.,No plausible alternative rejected.,,,,,,,,,,,,,,,
37157,S2016UT045004,40.1858111,-112.472675,UT611,482128,24,"Hiko Peak-Taylorsflat complex, 1 to 15 percent slopes",ONAQ,C2017USUT063,Site_C NEON_8_ONAQ,Sevy,"Fine-loamy, mixed, superactive, mesic Xeric Calciargids",5.0,Hiko Peak [26352004; 45%; No] | Taylorsflat [26352003; 40%; No] | Spager [26352005; 5%; nan] | Medburn [26352006; 5%; nan] | Taylorsflat [26352007; 5%; nan],AMBIGUOUS,Multiple plausible candidates remain without a decisive name/taxonomy margin.,No plausible alternative rejected.,,,,,,,,,,,,,,,
37158,S2016UT045018,40.1972028,-112.4380278,UT611,482173,64,"Taylorsflat loam, 1 to 5 percent slopes",ONAQ,C2017USUT063,Site_C NEON_8_ONAQ,Strevell,"Coarse-loamy, mixed, superactive, mesic Xeric Haplocalcids",4.0,Taylorsflat [26351902; 90%; No] | Hiko Peak [26351904; 4%; nan] | Spager [26351903; 3%; nan] | Birdow [26351905; 3%; nan],AMBIGUOUS,Multiple plausible candidates remain without a decisive name/taxonomy margin.,No plausible alternative rejected.,,,,,,,,,,,,,,,
37159,S2016UT045029,40.2196139,-112.4733944,UT611,482180,7,"Borvant gravelly loam, 2 to 15 percent slopes",ONAQ,C2017USUT063,Site_C NEON_8_ONAQ,Borvant,"Loamy-skeletal, carbonatic, mesic, shallow Petrocalcic Calcixerepts",6.0,Borvant [26352308; 85%; No] | Birdow [26352309; 3%; nan] | Kapod [26352310; 3%; nan] | Hiko Peak [26352311; 3%; nan] | Spager [26352312; 3%; nan] | Abela [26352313; 3%; nan],EXACT,Unique exact normalized NASIS taxon/component-name match within the intersected map unit.,Kapod (26352310): weaker name/taxonomy score 5.8; Hiko Peak (26352311): weaker name/taxonomy score -11.2; Abela (26352313): weaker name/taxonomy score -14.2; Spager (26352312): weaker name/taxonomy score -14.6; Birdow (26352309): weaker name/taxonomy score -29.2,26352308,Borvant,85,Yes,Mollisols,Xerolls,Palexerolls,Petrocalcic Palexerolls,loamy-skeletal,,MED PPT,Well drained,No,,
37160,S2016UT045030,40.2014778,-112.5139111,UT611,482143,38,"Lodar-Lundy-Rock outcrop association, 30 to 60 percent slopes",ONAQ,C2017USUT063,Site_C NEON_8_ONAQ,Onaqui,"Loamy-skeletal, mixed, superactive, mesic Lithic Haploxerolls",7.0,Lodar [26352318; 40%; No] | Lundy [26352317; 30%; No] | Rock outcrop [26352320; 10%; No] | Cristo [26352314; 5%; No] | Datemark [26352315; 5%; No] | Podmor [26352316; 5%; No] | Abela [26352319; 5%; No],AMBIGUOUS,Multiple plausible candidates remain without a decisive name/taxonomy margin.,No plausible alternative rejected.,,,,,,,,,,,,,,,
37161,S2016UT045012,40.1847667,-112.5294694,UT611,482154,47,"Podmor-Onaqui-Rock outcrop association, 20 to 60 percent slopes",ONAQ,C2017USUT063,Site_C NEON_8_ONAQ,Onaqui,"Loamy-skeletal, mixed, superactive, frigid Lithic Haploxerolls",6.0,Podmor [26352273; 45%; No] | Onaqui [26352272; 35%; No] | Rock outcrop [26352277; 10%; No] | Flygare [26352274; 4%; nan] | Datemark [26352275; 3%; nan] | Loamy soils [26352276; 3%; nan],EXACT,Unique exact normalized NASIS taxon/component-name match within the intersected map unit.,Podmor (26352273): weaker name/taxonomy score 45.8; Loamy soils (26352276): weaker name/taxonomy score 12.4; Rock outcrop (26352277): weaker name/taxonomy score 7.8; Flygare (26352274): weaker name/taxonomy score 5.4; Datemark (26352275): weaker name/taxonomy score 5.0,26352272,Onaqui,35,Yes,Mollisols,Xerolls,Haploxerolls,Lithic Haploxerolls,loamy-skeletal,,MED PPT,Well drained,No,,
37196,S2016TN001001,35.9321111,-84.2701944,TN001,1887368,AoD2,"Armuchee channery silty clay loam, 12 to 20 percent slopes, eroded",ORNL,C2017USTN067,Site_C NEON_6_ORNL,Shady,"Fine-loamy, mixed, subactive, thermic Typic Hapludults",1.0,Armuchee [26465234; 100%; No],AMBIGUOUS,Multiple plausible candidates remain without a decisive name/taxonomy margin.,No plausible alternative rejected.,,,,,,,,,,,,,,,
37197,S2016TN001003,35.9656388,-84.2309444,TN001,1887368,AoD2,"Armuchee channery silty clay loam, 12 to 20 percent slopes, eroded",ORNL,C2017USTN067,Site_C NEON_6_ORNL,Montevallo,"Loamy-skeletal, mixed, subactive, thermic Typic Dystrudepts",1.0,Armuchee [26465234; 100%; No],UNMATCHED,No candidate has adequate name or taxonomic agreement.,All candidates lack sufficient correspondence to the sampled pedon.,,,,,,,,,,,,,,,
37198,S2016TN001009,35.97425,-84.2278611,TN001,1887433,ApE,"Armuchee-Montevallo complex, 25 to 60 percent slopes",ORNL,C2017USTN067,Site_C NEON_6_ORNL,Montevallo,"Loamy-skeletal, mixed, subactive, thermic, shallow Typic Dystrudepts",2.0,Armuchee [26465226; 70%; No] | Montevallo [26465225; 30%; No],EXACT,Unique exact normalized NASIS taxon/component-name match within the intersected map unit.,Armuchee (26465226): weaker name/taxonomy score -36.1,26465225,Montevallo,30,Yes,Inceptisols,Udepts,Dystrudepts,Typic Dystrudepts,loamy-skeletal,,,Well drained,No,,
37199,S2016TN001012,35.9528888,-84.2486111,TN001,1887433,ApE,"Armuchee-Montevallo complex, 25 to 60 percent slopes",ORNL,C2017USTN067,Site_C NEON_6_ORNL,Sunlight,"Loamy-skeletal, mixed, semiactive, thermic Inceptic Hapludults",2.0,Armuchee [26465226; 70%; No] | Montevallo [26465225; 30%; No],AMBIGUOUS,Multiple plausible candidates remain without a decisive name/taxonomy margin.,No plausible alternative rejected.,,,,,,,,,,,,,,,
37200,S2016TN001015,35.9648888,-84.2380833,TN001,1887366,AkC,"Armuchee silt loam, 5 to 12 percent slopes",ORNL,C2017USTN067,Site_C NEON_6_ORNL,Montevallo,"Loamy-skeletal, mixed, subactive, thermic, shallow Typic Dystrudepts",2.0,Armuchee [26465182; 94%; No] | Montevallo [26465181; 6%; No],EXACT,Unique exact normalized NASIS taxon/component-name match within the intersected map unit.,Armuchee (26465182): weaker name/taxonomy score -36.1,26465181,Montevallo,6,No ,Inceptisols,Udepts,Dystrudepts,Typic Dystrudepts,loamy-skeletal,,,Well drained,No,,
37201,S2016TN001018,35.9347499,-84.2784722,TN001,1887385,EoC,"Etowah loam, 5 to 12 percent slopes",ORNL,C2017USTN067,Site_C NEON_6_ORNL,Series Not Designated,"Loamy-skeletal, siliceous, subactive, thermic Typic Hapludults",2.0,Etowah [26465196; 93%; No] | Waynesboro [26465195; 7%; No],AMBIGUOUS,Multiple plausible candidates remain without a decisive name/taxonomy margin.,No plausible alternative rejected.,,,,,,,,,,,,,,,
37202,S2016TN001021,35.9552777,-84.2213888,TN001,1887392,FoD,"Fullerton-Pailo complex, 12 to 20 percent slopes",ORNL,C2017USTN067,Site_C NEON_6_ORNL,Minvale,"Fine-loamy, siliceous, subactive, thermic Typic Paleudults",3.0,Fullerton [26465273; 60%; No] | Pailo [26465272; 30%; No] | Minvale [26465271; 10%; No],EXACT,Unique exact normalized NASIS taxon/component-name match within the intersected map unit.,Fullerton (26465273): weaker name/taxonomy score 68.8; Pailo (26465272): weaker name/taxonomy score 51.7,26465271,Minvale,10,No ,Ultisols,Udults,Paleudults,Typic Paleudults,fine-loamy,,,Well drained,No,,
37216,S2016TN001027,35.9161944,-84.2631111,TN001,1887421,WbD,"Waynesboro loam, 15 to 25 percent slopes",ORNL,C2017USTN067,Site_C NEON_6_ORNL,Waynesboro,"Fine, kaolinitic, thermic Typic Paleudults",2.0,Waynesboro [26465287; 95%; No] | Etowah [26465288; 5%; No],EXACT,Unique exact normalized NASIS taxon/component-name match within the intersected map unit.,Etowah (26465288): weaker name/taxonomy score 68.8,26465287,Waynesboro,95,Yes,Ultisols,Udults,Paleudults,Typic Paleudults,fine,,,Well drained,No,,
37217,S2016TN001029,35.9575,-84.2616666,TN001,1887438,CfD,"Colbert-Lyerly-Rock outcrop complex, 5 to 20 percent slopes",ORNL,C2017USTN067,Site_C NEON_6_ORNL,Barfield,"Clayey, vermiculitic, thermic Lithic Hapludolls",4.0,Colbert [26465230; 39%; No] | Lyerly [26465228; 30%; No] | Rock outcrop [26465231; 23%; No] | Gladeville [26465229; 8%; No],AMBIGUOUS,Multiple plausible candidates remain without a decisive name/taxonomy margin.,No plausible alternative rejected.,,,,,,,,,,,,,,,
37218,S2016TN001031,35.9483333,-84.2219444,TN001,1894851,DwD,"Dewey silt loam, 12 to 20 percent slopes",ORNL,C2017USTN067,Site_C NEON_6_ORNL,Etowah,"Fine-loamy, siliceous, semiactive, thermic Typic Paleudults",2.0,Dewey [26465214; 93%; No] | Etowah [26465215; 7%; No],EXACT,Unique exact normalized NASIS taxon/component-name match within the intersected map unit.,Dewey (26465214): weaker name/taxonomy score 72.7,26465215,Etowah,7,No ,Ultisols,Udults,Paleudults,Typic Paleudults,fine-loamy,,,Well drained,No,,
37219,S2016TN001033,35.9616666,-84.2269444,TN001,1887366,AkC,"Armuchee silt loam, 5 to 12 percent slopes",ORNL,C2017USTN067,Site_C NEON_6_ORNL,Montevallo,"Loamy-skeletal, mixed, subactive, thermic Typic Dystrudepts",2.0,Armuchee [26465182; 94%; No] | Montevallo [26465181; 6%; No],EXACT,Unique exact normalized NASIS taxon/component-name match within the intersected map unit.,Armuchee (26465182): weaker name/taxonomy score -36.1,26465181,Montevallo,6,No ,Inceptisols,Udepts,Dystrudepts,Typic Dystrudepts,loamy-skeletal,,,Well drained,No,,
37220,S2016TN001040,35.9755734,-84.303656,TN001,1887410,MvD,"Montevallo channery silt loam, 12 to 20 percent slopes",ORNL,C2017USTN067,Site_C NEON_6_ORNL,Salacoa,"Fine-loamy, mixed, active, thermic Typic Hapludalfs",5.0,Montevallo [26465277; 90%; No] | Townley [26465278; 3%; No] | Armuchee [26465279; 3%; No] | Salacoa [26465280; 2%; No] | Loyston [26465281; 2%; No],EXACT,Unique exact normalized NASIS taxon/component-name match within the intersected map unit.,Loyston (26465281): weaker name/taxonomy score 30.0; Armuchee (26465279): weaker name/taxonomy score -10.7; Townley (26465278): weaker name/taxonomy score -15.0; Montevallo (26465277): weaker name/taxonomy score -27.6,26465280,Salacoa,2,No ,Alfisols,Udalfs,Hapludalfs,Typic Hapludalfs,fine-loamy,,,Well drained,No,,
37221,S2016TN145004,35.9066944,-84.2758611,TN145,1475631,FuD,"Fullerton-Pailo complex, 12 to 20 percent slopes",ORNL,C2017USTN067,Site_C NEON_6_ORNL,Bodine,"Loamy-skeletal, siliceous, semiactive, thermic Typic Paleudults",3.0,Fullerton [26709486; 60%; No] | Pailo [26709485; 30%; No] | Minvale [26709487; 10%; No],AMBIGUOUS,Multiple plausible candidates remain without a decisive name/taxonomy margin.,No plausible alternative rejected.,,,,,,,,,,,,,,,
37222,S2016TN145007,35.925528,-84.330012,TN145,1475631,FuD,"Fullerton-Pailo complex, 12 to 20 percent slopes",ORNL,C2017USTN067,Site_C NEON_6_ORNL,Bodine,"Loamy-skeletal, siliceous, semiactive, thermic Typic Paleudults",3.0,Fullerton [26709486; 60%; No] | Pailo [26709485; 30%; No] | Minvale [26709487; 10%; No],AMBIGUOUS,Multiple plausible candidates remain without a decisive name/taxonomy margin.,No plausible alternative rejected.,,,,,,,,,,,,,,,
37223,S2016TN145008,35.932852,-84.332737,TN145,1475632,FuE,"Fullerton-Pailo complex, 20 to 35 percent slopes",ORNL,C2017USTN067,Site_C NEON_6_ORNL,Minvale,"Fine-loamy, siliceous, subactive, thermic Typic Paleudults",3.0,Fullerton [26709380; 60%; No] | Pailo [26709379; 30%; No] | Minvale [26709381; 10%; No],EXACT,Unique exact normalized NASIS taxon/component-name match within the intersected map unit.,Fullerton (26709380): weaker name/taxonomy score 68.8; Pailo (26709379): weaker name/taxonomy score 51.7,26709381,Minvale,10,No ,Ultisols,Udults,Paleudults,Typic Paleudults,fine-loamy,,,Well drained,No,,
37224,S2016TN145010,35.9530555,-84.3322222,TN145,818240,MoE,"Montevallo channery silt loam, 20 to 35 percent slopes",ORNL,C2017USTN067,Site_C NEON_6_ORNL,Sunlight,"Loamy-skeletal, mixed, semiactive, thermic Inceptic Hapludults",5.0,Montevallo [26709420; 90%; No] | Armuchee [26709421; 3%; No] | Townley [26709422; 3%; No] | Loyston [26709423; 2%; No] | Salacoa [26709424; 2%; No],AMBIGUOUS,Multiple plausible candidates remain without a decisive name/taxonomy margin.,No plausible alternative rejected.,,,,,,,,,,,,,,,
37225,S2016TN145014,35.939941,-84.305628,TN145,1475630,FuC,"Fullerton-Pailo complex, 5 to 12 percent slopes",ORNL,C2017USTN067,Site_C NEON_6_ORNL,Fullerton,"Fine, kaolinitic, thermic Typic Paleudults",3.0,Fullerton [26709307; 68%; No] | Pailo [26709309; 30%; No] | Minvale [26709308; 2%; No],EXACT,Unique exact normalized NASIS taxon/component-name match within the intersected map unit.,Minvale (26709308): weaker name/taxonomy score 68.8; Pailo (26709309): weaker name/taxonomy score 50.0,26709307,Fullerton,68,Yes,Ultisols,Udults,Paleudults,Typic Paleudults,fine,,,Well drained,No,,
37227,S2016TN145032,35.9251943,-84.3299847,TN145,1475631,FuD,"Fullerton-Pailo complex, 12 to 20 percent slopes",ORNL,C2017USTN067,Site_C NEON_6_ORNL,Etowah,"Fine-loamy, siliceous, semiactive, thermic Typic Paleudults",3.0,Fullerton [26709486; 60%; No] | Pailo [26709485; 30%; No] | Minvale [26709487; 10%; No],AMBIGUOUS,Multiple plausible candidates remain without a decisive name/taxonomy margin.,No plausible alternative rejected.,,,,,,,,,,,,,,,
37228,S2016TN145035,35.9744444,-84.3502777,TN145,1475631,FuD,"Fullerton-Pailo complex, 12 to 20 percent slopes",ORNL,C2017USTN067,Site_C NEON_6_ORNL,Bodine,"Loamy-skeletal, siliceous, semiactive, thermic Typic Paleudults",3.0,Fullerton [26709486; 60%; No] | Pailo [26709485; 30%; No] | Minvale [26709487; 10%; No],AMBIGUOUS,Multiple plausible candidates remain without a decisive name/taxonomy margin.,No plausible alternative rejected.,,,,,,,,,,,,,,,
37229,S2016TN145068,35.9261111,-84.4269444,TN145,1475630,FuC,"Fullerton-Pailo complex, 5 to 12 percent slopes",ORNL,C2017USTN067,Site_C NEON_6_ORNL,Fullerton,"Fine, kaolinitic, thermic Typic Paleudults",3.0,Fullerton [26709307; 68%; No] | Pailo [26709309; 30%; No] | Minvale [26709308; 2%; No],EXACT,Unique exact normalized NASIS taxon/component-name match within the intersected map unit.,Minvale (26709308): weaker name/taxonomy score 68.8; Pailo (26709309): weaker name/taxonomy score 50.0,26709307,Fullerton,68,Yes,Ultisols,Udults,Paleudults,Typic Paleudults,fine,,,Well drained,No,,
37293,S2016TN155001,35.6843889,-83.5322778,TN640,553539,NtC,"Northcove-Maymead-Nowhere complex, 8 to 15 percent slopes, very stony",GRSM,C2017USTN078,Site_C NEON_6_GRSM,Spivey,"Loamy-skeletal, isotic, mesic Typic Humudepts",4.0,Northcove [26800352; 45%; No] | Maymead [26800353; 25%; No] | Minor soils [26800351; 15%; No] | Nowhere [26800354; 15%; Yes],AMBIGUOUS,Multiple plausible candidates remain without a decisive name/taxonomy margin.,No plausible alternative rejected.,,,,,,,,,,,,,,,
37294,S2016TN155002,35.67025,-83.5876111,TN640,553577,SoF,"Soco-Stecoah complex, 30 to 95 percent slopes, stony",GRSM,C2017USTN078,Site_C NEON_6_GRSM,Soco,"Coarse-loamy, mixed, active, mesic Typic Dystrudepts",3.0,Soco [26800415; 50%; No] | Stecoah [26800414; 30%; No] | Minor soils [26800413; 20%; No],EXACT,Unique exact normalized NASIS taxon/component-name match within the intersected map unit.,Stecoah (26800414): weaker name/taxonomy score 79.1; Minor soils (26800413): weaker name/taxonomy score 9.3,26800415,Soco,50,Yes,Inceptisols,Udepts,Dystrudepts,Typic Dystrudepts,coarse-loamy,,,Well drained,No,,
37295,S2016TN155003,35.6764722,-83.4747778,TN640,553575,SoD,"Soco-Stecoah complex, 15 to 30 percent slopes, stony",GRSM,C2017USTN078,Site_C NEON_6_GRSM,Soco,"Coarse-loamy, mixed, active, mesic Typic Dystrudepts",3.0,Soco [26800412; 50%; No] | Stecoah [26800411; 35%; No] | Minor soils [26800410; 15%; No],EXACT,Unique exact normalized NASIS taxon/component-name match within the intersected map unit.,Stecoah (26800411): weaker name/taxonomy score 79.1; Minor soils (26800410): weaker name/taxonomy score 9.3,26800412,Soco,50,Yes,Inceptisols,Udepts,Dystrudepts,Typic Dystrudepts,coarse-loamy,,,Well drained,No,,
37296,S2016TN155006,35.6789167,-83.6455556,TN640,553581,Dg,"Dellwood-Smokemont complex, 0 to 5 percent slopes, frequently flooded",GRSM,C2017USTN078,Site_C NEON_6_GRSM,Spivey,"Loamy-skeletal, isotic, mesic Typic Humudepts",3.0,Dellwood [26800420; 50%; No] | Smokemont [26800419; 30%; No] | Minor soils [26800418; 20%; No],AMBIGUOUS,Multiple plausible candidates remain without a decisive name/taxonomy margin.,No plausible alternative rejected.,,,,,,,,,,,,,,,
37297,S2016TN155007,35.68675,-83.5141389,TN640,553570,JbD,"Junaluska-Brasstown complex, 15 to 30 percent slopes, stony",GRSM,C2017USTN078,Site_C NEON_6_GRSM,Junaluska,"Fine-loamy, mixed, subactive, mesic Typic Hapludults",3.0,Junaluska [26800399; 45%; No] | Brasstown [26800400; 35%; No] | Minor soils [26800398; 20%; No],EXACT,Unique exact normalized NASIS taxon/component-name match within the intersected map unit.,Brasstown (26800400): weaker name/taxonomy score 67.8; Minor soils (26800398): weaker name/taxonomy score 7.0,26800399,Junaluska,45,Yes,Ultisols,Udults,Hapludults,Typic Hapludults,fine-loamy,,,Well drained,No,,
37298,S2016TN155009,35.6708056,-83.4901667,TN640,553585,SsD,"Spivey-Santeetlah complex, 15 to 30 percent slopes, very stony",GRSM,C2017USTN078,Site_C NEON_6_GRSM,Spivey,"Loamy-skeletal, isotic, mesic Typic Humudepts",3.0,Spivey [26800429; 50%; No] | Santeetlah [26800430; 30%; No] | Minor soils [26800428; 20%; No],EXACT,Unique exact normalized NASIS taxon/component-name match within the intersected map unit.,Santeetlah (26800430): weaker name/taxonomy score 8.8; Minor soils (26800428): weaker name/taxonomy score 4.1,26800429,Spivey,50,Yes,Inceptisols,Udepts,Dystrudepts,Humic Dystrudepts,loamy-skeletal,,,Well drained,No,,
37299,S2016TN155012,35.67075,-83.4818611,TN640,553585,SsD,"Spivey-Santeetlah complex, 15 to 30 percent slopes, very stony",GRSM,C2017USTN078,Site_C NEON_6_GRSM,Spivey,"Loamy-skeletal, isotic, mesic Typic Humudepts",3.0,Spivey [26800429; 50%; No] | Santeetlah [26800430; 30%; No] | Minor soils [26800428; 20%; No],EXACT,Unique exact normalized NASIS taxon/component-name match within the intersected map unit.,Santeetlah (26800430): weaker name/taxonomy score 8.8; Minor soils (26800428): weaker name/taxonomy score 4.1,26800429,Spivey,50,Yes,Inceptisols,Udepts,Dystrudepts,Humic Dystrudepts,loamy-skeletal,,,Well drained,No,,
37300,S2016TN155017,35.6698611,-83.5225,TN640,553583,SsC,"Spivey-Santeetlah-Nowhere complex, 8 to 15 percent slopes, very stony",GRSM,C2017USTN078,Site_C NEON_6_GRSM,Reddies,"Coarse-loamy over sandy or sandy-skeletal, mixed, superactive, mesic Oxyaquic Humudepts",4.0,Spivey [26800422; 50%; No] | Santeetlah [26800423; 25%; No] | Nowhere [26800424; 15%; Yes] | Minor soils [26800421; 10%; No],UNMATCHED,No candidate has adequate name or taxonomic agreement.,All candidates lack sufficient correspondence to the sampled pedon.,,,,,,,,,,,,,,,
37301,S2016TN155019,35.6787222,-83.6424722,TN640,557498,SsB,"Spivey-Santeetlah-Nowhere complex, 2 to 8 percent slopes, very stony",GRSM,C2017USTN078,Site_C NEON_6_GRSM,Tsali,"Loamy, mixed, subactive, mesic, shallow Typic Hapludults",4.0,Spivey [26800478; 50%; No] | Santeetlah [26800479; 25%; No] | Nowhere [26800480; 15%; Yes] | Minor soils [26800477; 10%; No],UNMATCHED,No candidate has adequate name or taxonomic agreement.,All candidates lack sufficient correspondence to the sampled pedon.,,,,,,,,,,,,,,,
37302,S2016TN155020,35.7033333,-83.3611111,TN640,553583,SsC,"Spivey-Santeetlah-Nowhere complex, 8 to 15 percent slopes, very stony",GRSM,C2017USTN078,Site_C NEON_6_GRSM,Northcove,"Loamy-skeletal, mixed, semiactive, mesic Typic Dystrudepts",4.0,Spivey [26800422; 50%; No] | Santeetlah [26800423; 25%; No] | Nowhere [26800424; 15%; Yes] | Minor soils [26800421; 10%; No],AMBIGUOUS,Multiple plausible candidates remain without a decisive name/taxonomy margin.,No plausible alternative rejected.,,,,,,,,,,,,,,,
37303,S2016TN155022,35.6856389,-83.3981667,TN640,553585,SsD,"Spivey-Santeetlah complex, 15 to 30 percent slopes, very stony",GRSM,C2017USTN078,Site_C NEON_6_GRSM,Junaluska,"Fine-loamy, mixed, subactive, mesic Typic Hapludults",3.0,Spivey [26800429; 50%; No] | Santeetlah [26800430; 30%; No] | Minor soils [26800428; 20%; No],UNMATCHED,No candidate has adequate name or taxonomic agreement.,All candidates lack sufficient correspondence to the sampled pedon.,,,,,,,,,,,,,,,
37304,S2016TN155025,35.5897222,-83.4757778,TN640,3244647,OcD,"Oconaluftee-Guyot-Cataloochee complex, 15 to 30 percent slopes, stony",GRSM,C2017USTN078,Site_C NEON_6_GRSM,Oconaluftee,"Fine-loamy, isotic, frigid Typic Humudepts",7.0,Oconaluftee [26800574; 30%; No] | Guyot [26800575; 25%; No] | Cataloochee [26800573; 20%; No] | Heintooga [26800577; 10%; No] | Breakneck [26800578; 10%; No] | Oconaluftee [26800576; 5%; No] | Rock outcrop [26800579; 0%; No],AMBIGUOUS,Multiple components share the exact name without decisive taxonomic/phase evidence.,No alternative rejected; tied exact-name components retained.,,,,,,,,,,,,,,,
37305,S2016TN155026,35.6834722,-83.6442778,TN640,553572,JtD,"Junaluska-Tsali complex, 15 to 30 percent slopes",GRSM,C2017USTN078,Site_C NEON_6_GRSM,Tsali,"Loamy, mixed, subactive, mesic, shallow Typic Hapludults",3.0,Junaluska [26800405; 60%; No] | Minor soils [26800404; 20%; No] | Tsali [26800406; 20%; No],EXACT,Unique exact normalized NASIS taxon/component-name match within the intersected map unit.,Junaluska (26800405): weaker name/taxonomy score 70.0; Minor soils (26800404): weaker name/taxonomy score 4.4,26800406,Tsali,20,Yes,Ultisols,Udults,Hapludults,Typic Hapludults,loamy,,,Well drained,No,,
37318,S2017AK068001,63.8798,-149.21539,AK725,3354737,E28EP1,Interior Alaska Mountains-Boreal Upland and Alpine-Plains and Hills,,I2017USAK080,NEON AK Eight Mile Lake,Typic Histoturbels,"Coarse-silty, mixed, superactive, subgelic Typic Histoturbels",9.0,E28-boreal taiga-gravelly frozen slopes [26836908; 43%; Yes] | E28-boreal forest-gravelly colluvial slopes [26836912; 28%; No] | E28-boreal alpine tussock-silty frozen loess slopes [26836905; 8%; Yes] | E28-boreal forest-loamy high flood plains [26836910; 7%; No] | E28-boreal alpine scrub-gravelly frozen circles [26836906; 6%; No] | E28-boreal alpine scrub-sedge-gravelly frozen slopes [26836909; 3%; Yes] | E28-boreal scrub-loamy drainageways [26836911; 3%; No] | E28-Boreal rock outcrop and rubbleland [26836904; 1%; Unranked] | E28-boreal scrub/sphagnum-organic frozen depressions [26836907; 1%; Yes],MEDIUM,No name match; unique candidate supported by at least three taxonomic ranks.,E28-boreal alpine scrub-gravelly frozen circles (26836906): weaker name/taxonomy score 21.7; E28-boreal alpine scrub-sedge-gravelly frozen slopes (26836909): weaker name/taxonomy score 9.0; E28-boreal forest-loamy high flood plains (26836910): weaker name/taxonomy score 8.3; E28-boreal forest-gravelly colluvial slopes (26836912): weaker name/taxonomy score 8.0; E28-boreal scrub/sphagnum-organic frozen depressions (26836907): weaker name/taxonomy score 7.0; E28-boreal taiga-gravelly frozen slopes (26836908): weaker name/taxonomy score 6.1; E28-Boreal rock outcrop and rubbleland (26836904): weaker name/taxonomy score 5.0; E28-boreal scrub-loamy drainageways (26836911): weaker name/taxonomy score 4.0,26836905,E28-boreal alpine tussock-silty frozen loess slopes,8,No ,Gelisols,Turbels,Histoturbels,Typic Histoturbels,coarse-silty,,MASTER_HPVW,Very poorly drained,Yes,2; 3,6046582; 6046583
37319,S2017AK090001,65.1533333,-147.05194,AK642,51774,138,"Typic Cryochrepts-Rock outcrop complex, 6 to 35 percent slopes",,I2017USAK081,NEON AK Caribou Creek Poker Flats Watershed (BONA),,,6.0,Typic Cryochrepts [26724691; 36%; No] | Typic Cryochrepts [26724692; 34%; No] | Rock outcrop [26724690; 15%; Unranked] | Aquepts [26724687; 5%; Yes] | Histic Pergelic Cryaquepts [26724688; 5%; Yes] | Rubble land [26724689; 5%; Unranked],UNMATCHED,No candidate has adequate name or taxonomic agreement.,All candidates lack sufficient correspondence to the sampled pedon.,,,,,,,,,,,,,,,
37371,S2017FL097001,28.0965277777,-81.418736111,FL097,1483856,16,"Immokalee fine sand, 0 to 2 percent slopes",DSNY,C2017USFL090,Site_C NEON_7_DSNY,Zolfo,"Sandy, siliceous, hyperthermic Oxyaquic Alorthods",6.0,Immokalee [26615006; 90%; No] | Basinger [26615007; 4%; Yes] | Wabasso [26615008; 2%; No] | Pomello [26615009; 2%; No] | Placid [26615010; 1%; Yes] | Jenada [26615011; 1%; Yes],MEDIUM,No name match; unique candidate supported by at least three taxonomic ranks.,Immokalee (26615006): weaker name/taxonomy score 10.0; Wabasso (26615008): weaker name/taxonomy score 5.8; Placid (26615010): weaker name/taxonomy score -13.6; Basinger (26615007): weaker name/taxonomy score -40.0; Jenada (26615011): weaker name/taxonomy score -40.0,26615009,Pomello,2,No ,Spodosols,Orthods,Alorthods,Oxyaquic Alorthods,sandy,,,Moderately well drained,No,,
37372,S2017FL097004,28.0995666662,-81.40015,FL097,1483845,5,"Basinger fine sand, 0 to 2 percent slopes",DSNY,C2017USFL090,Site_C NEON_7_DSNY,Myakka,"Sandy, siliceous, hyperthermic Aeric Alaquods",7.0,Basinger [26615031; 80%; Yes] | Myakka [26615032; 6%; No] | Immokalee [26615033; 4%; No] | Placid [26615035; 4%; Yes] | Pompano [26615037; 4%; Yes] | Felda [26615034; 1%; Yes] | Anclote [26615036; 1%; Yes],EXACT,Unique exact normalized NASIS taxon/component-name match within the intersected map unit.,Immokalee (26615033): weaker name/taxonomy score 54.0; Placid (26615035): weaker name/taxonomy score -14.2; Anclote (26615036): weaker name/taxonomy score -14.6; Pompano (26615037): weaker name/taxonomy score -29.2; Felda (26615034): weaker name/taxonomy score -33.6; Basinger (26615031): weaker name/taxonomy score -35.0,26615032,Myakka,6,No ,Spodosols,Aquods,Alaquods,Aeric Alaquods,sandy,,,Poorly drained,No,,
37373,S2017FL097006,28.0928111108,-81.3994833331,FL097,1483881,41,"Satellite sand, 0 to 2 percent slopes",DSNY,C2017USFL090,Site_C NEON_7_DSNY,Satellite,"Hyperthermic, uncoated Aquic Quartzipsamments",6.0,Satellite [26615062; 85%; No] | Myakka [26615061; 5%; No] | Immokalee [26615065; 4%; No] | Basinger [26615066; 3%; Yes] | Cassia [26615063; 2%; No] | Pompano [26615064; 1%; Yes],EXACT,Unique exact normalized NASIS taxon/component-name match within the intersected map unit.,Basinger (26615066): weaker name/taxonomy score 0.4; Pompano (26615064): weaker name/taxonomy score -7.6; Cassia (26615063): weaker name/taxonomy score -22.7; Immokalee (26615065): weaker name/taxonomy score -24.2; Myakka (26615061): weaker name/taxonomy score -27.3,26615062,Satellite,85,Yes,Entisols,Psamments,Quartzipsamments,Aquic Quartzipsamments,not used,,,Somewhat poorly drained,No,,
37374,S2017FL097010,28.1184222222,-81.4352805556,FL097,1483882,42,"Smyrna fine sand, 0 to 2 percent slopes",DSNY,C2017USFL090,Site_C NEON_7_DSNY,Smyrna,"Sandy, siliceous, hyperthermic Aeric Alaquods",6.0,Smyrna [26615078; 85%; No] | EauGallie [26615077; 5%; No] | Basinger [26615076; 4%; Yes] | Pomello [26615074; 2%; No] | Immokalee [26615075; 2%; No] | Placid [26615079; 2%; Yes],EXACT,Unique exact normalized NASIS taxon/component-name match within the intersected map unit.,Immokalee (26615075): weaker name/taxonomy score 49.3; EauGallie (26615077): weaker name/taxonomy score 44.7; Pomello (26615074): weaker name/taxonomy score 5.4; Placid (26615079): weaker name/taxonomy score -14.2; Basinger (26615076): weaker name/taxonomy score -35.0,26615078,Smyrna,85,Yes,Spodosols,Aquods,Alaquods,Aeric Alaquods,sandy,,,Poorly drained,No,,
37375,S2017FL097015,28.1116527779,-81.421797222,FL097,1483881,41,"Satellite sand, 0 to 2 percent slopes",DSNY,C2017USFL090,Site_C NEON_7_DSNY,Cassia,"Sandy, siliceous, hyperthermic Oxyaquic Alorthods",6.0,Satellite [26615062; 85%; No] | Myakka [26615061; 5%; No] | Immokalee [26615065; 4%; No] | Basinger [26615066; 3%; Yes] | Cassia [26615063; 2%; No] | Pompano [26615064; 1%; Yes],EXACT,Unique exact normalized NASIS taxon/component-name match within the intersected map unit.,Myakka (26615061): weaker name/taxonomy score 11.7; Immokalee (26615065): weaker name/taxonomy score 9.3; Basinger (26615066): weaker name/taxonomy score -25.0; Satellite (26615062): weaker name/taxonomy score -30.7; Pompano (26615064): weaker name/taxonomy score -34.6,26615063,Cassia,2,No ,Spodosols,Orthods,Alorthods,Oxyaquic Alorthods,sandy,,,Somewhat poorly drained,No,,
37376,S2017FL105022,28.0831083329,-81.3923694441,FL105,1425012,21,Immokalee sand,DSNY,C2017USFL090,Site_C NEON_7_DSNY,Satellite,"Hyperthermic, uncoated Aquic Quartzipsamments",5.0,Immokalee [26622313; 75%; No] | Immokalee [26622314; 10%; Yes] | Smyrna [26622315; 5%; No] | Myakka [26622316; 5%; No] | Basinger [26622317; 5%; Yes],UNMATCHED,No candidate has adequate name or taxonomic agreement.,All candidates lack sufficient correspondence to the sampled pedon.,,,,,,,,,,,,,,,
37377,S2017FL097023,28.0946416664,-81.4233499998,FL097,1483882,42,"Smyrna fine sand, 0 to 2 percent slopes",DSNY,C2017USFL090,Site_C NEON_7_DSNY,Basinger,"Siliceous, hyperthermic Spodic Psammaquents",6.0,Smyrna [26615078; 85%; No] | EauGallie [26615077; 5%; No] | Basinger [26615076; 4%; Yes] | Pomello [26615074; 2%; No] | Immokalee [26615075; 2%; No] | Placid [26615079; 2%; Yes],EXACT,Unique exact normalized NASIS taxon/component-name match within the intersected map unit.,Smyrna (26615078): weaker name/taxonomy score -22.0; Placid (26615079): weaker name/taxonomy score -22.0; Immokalee (26615075): weaker name/taxonomy score -23.8; Pomello (26615074): weaker name/taxonomy score -27.3; EauGallie (26615077): weaker name/taxonomy score -27.9,26615076,Basinger,4,No ,Entisols,Aquents,Psammaquents,Spodic Psammaquents,not used,,,Very poorly drained,Yes,2; 3,5997178; 5997179
37378,S2017FL097027,28.092062,-81.405325,FL097,1483856,16,"Immokalee fine sand, 0 to 2 percent slopes",DSNY,C2017USFL090,Site_C NEON_7_DSNY,Smyrna,"Sandy, siliceous, hyperthermic Aeric Alaquods",6.0,Immokalee [26615006; 90%; No] | Basinger [26615007; 4%; Yes] | Wabasso [26615008; 2%; No] | Pomello [26615009; 2%; No] | Placid [26615010; 1%; Yes] | Jenada [26615011; 1%; Yes],AMBIGUOUS,Multiple plausible candidates remain without a decisive name/taxonomy margin.,No plausible alternative rejected.,,,,,,,,,,,,,,,
37379,S2017FL105005,28.0394472222,-81.3934888892,FL105,1425013,22,Pomello fine sand,DSNY,C2017USFL090,Site_C NEON_7_DSNY,Pomello,"Sandy, siliceous, hyperthermic Oxyaquic Alorthods",5.0,Pomello [26622322; 80%; No] | Archbold [26622318; 5%; No] | Satellite [26622319; 5%; No] | Duette [26622320; 5%; No] | Immokalee [26622321; 5%; No],EXACT,Unique exact normalized NASIS taxon/component-name match within the intersected map unit.,Duette (26622320): weaker name/taxonomy score 45.4; Immokalee (26622321): weaker name/taxonomy score 8.8; Satellite (26622319): weaker name/taxonomy score -26.9; Archbold (26622318): weaker name/taxonomy score -30.7,26622322,Pomello,80,Yes,Spodosols,Orthods,Alorthods,Oxyaquic Alorthods,sandy,,,Moderately well drained,No,,
37381,S2017FL097044,28.1260277779,-81.43385,FL097,1483882,42,"Smyrna fine sand, 0 to 2 percent slopes",DSNY,C2017USFL090,Site_C NEON_7_DSNY,Smyrna,"Sandy, siliceous, hyperthermic Aeric Alaquods",6.0,Smyrna [26615078; 85%; No] | EauGallie [26615077; 5%; No] | Basinger [26615076; 4%; Yes] | Pomello [26615074; 2%; No] | Immokalee [26615075; 2%; No] | Placid [26615079; 2%; Yes],EXACT,Unique exact normalized NASIS taxon/component-name match within the intersected map unit.,Immokalee (26615075): weaker name/taxonomy score 49.3; EauGallie (26615077): weaker name/taxonomy score 44.7; Pomello (26615074): weaker name/taxonomy score 5.4; Placid (26615079): weaker name/taxonomy score -14.2; Basinger (26615076): weaker name/taxonomy score -35.0,26615078,Smyrna,85,Yes,Spodosols,Aquods,Alaquods,Aeric Alaquods,sandy,,,Poorly drained,No,,
37382,S2017FL105002,28.048116667,-81.417061111,FL105,1424997,5,EauGallie fine sand,DSNY,C2017USFL090,Site_C NEON_7_DSNY,Eaugallie,"Sandy, siliceous, hyperthermic Alfic Alaquods",6.0,EauGallie [26622235; 65%; No] | EauGallie [26622236; 20%; Yes] | Felda [26622231; 4%; Yes] | Pomona [26622232; 4%; No] | Malabar [26622233; 4%; Yes] | Wabasso [26622234; 3%; No],AMBIGUOUS,Multiple components share the exact name without decisive taxonomic/phase evidence.,No alternative rejected; tied exact-name components retained.,,,,,,,,,,,,,,,
37383,S2017FL105009,28.0729694445,-81.4287527773,FL105,1425009,17,Smyrna and Myakka fine sands,DSNY,C2017USFL090,Site_C NEON_7_DSNY,Smyrna,"Sandy, siliceous, hyperthermic Aeric Alaquods",7.0,Smyrna [26622298; 41%; No] | Myakka [26622299; 39%; No] | Smyrna [26622300; 15%; Yes] | Basinger [26622301; 2%; Yes] | Pomona [26622297; 1%; No] | Ona [26622302; 1%; No] | Immokalee [26622303; 1%; No],AMBIGUOUS,Multiple components share the exact name without decisive taxonomic/phase evidence.,No alternative rejected; tied exact-name components retained.,,,,,,,,,,,,,,,
37384,S2017FL105011,28.0706583333,-81.3840694444,FL105,1425014,23,"Ona-Ona, wet, fine sand, 0 to 2 percent slopes",DSNY,C2017USFL090,Site_C NEON_7_DSNY,Smyrna,"Sandy, siliceous, hyperthermic Aeric Alaquods",5.0,Ona [26622324; 75%; No] | Ona [26622323; 12%; Yes] | Myakka [26622325; 5%; No] | Basinger [26622326; 4%; Yes] | Immokalee [26622327; 4%; No],MEDIUM,No name match; unique candidate supported by at least three taxonomic ranks.,Ona (26622324): weaker name/taxonomy score 55.6; Ona (26622323): weaker name/taxonomy score 55.6; Immokalee (26622327): weaker name/taxonomy score 49.3; Basinger (26622326): weaker name/taxonomy score -35.0,26622325,Myakka,5,No ,Spodosols,Aquods,Alaquods,Aeric Alaquods,sandy,,,Poorly drained,No,,
37385,S2017FL105018,28.048116,-81.417061,FL105,1424997,5,EauGallie fine sand,DSNY,C2017USFL090,Site_C NEON_7_DSNY,Oldsmar,"Sandy, siliceous, hyperthermic Alfic Arenic Alaquods",6.0,EauGallie [26622235; 65%; No] | EauGallie [26622236; 20%; Yes] | Felda [26622231; 4%; Yes] | Pomona [26622232; 4%; No] | Malabar [26622233; 4%; Yes] | Wabasso [26622234; 3%; No],AMBIGUOUS,Multiple plausible candidates remain without a decisive name/taxonomy margin.,No plausible alternative rejected.,,,,,,,,,,,,,,,
37386,S2017FL105019,28.0746583334,-81.394827778,FL105,1425055,70,Duette fine sand,DSNY,C2017USFL090,Site_C NEON_7_DSNY,Pomello,"Sandy, siliceous, hyperthermic Oxyaquic Alorthods",4.0,Duette [26622493; 85%; No] | Electra [26622494; 5%; No] | Archbold [26622495; 5%; No] | Pomello [26622496; 5%; No],EXACT,Unique exact normalized NASIS taxon/component-name match within the intersected map unit.,Electra (26622494): weaker name/taxonomy score 70.0; Duette (26622493): weaker name/taxonomy score 45.4; Archbold (26622495): weaker name/taxonomy score -30.7,26622496,Pomello,5,No ,Spodosols,Orthods,Alorthods,Oxyaquic Alorthods,sandy,,,Moderately well drained,No,,
37387,S2017FL105036,28.0603388892,-81.3847444444,FL105,1425012,21,Immokalee sand,DSNY,C2017USFL090,Site_C NEON_7_DSNY,Pompano,"Siliceous, hyperthermic Typic Psammaquents",5.0,Immokalee [26622313; 75%; No] | Immokalee [26622314; 10%; Yes] | Smyrna [26622315; 5%; No] | Myakka [26622316; 5%; No] | Basinger [26622317; 5%; Yes],AMBIGUOUS,Multiple plausible candidates remain without a decisive name/taxonomy margin.,No plausible alternative rejected.,,,,,,,,,,,,,,,
37388,S2017TX497034,33.3213,-97.57744,TX497,373654,ByE,"Brackett-Aledo complex, 5 to 20 percent slopes",CLBJ,C2017USTX091,Site_C NEON_9_CLBJ,Pidcoke,"Loamy-skeletal, carbonatic, thermic Lithic Haplustolls",5.0,Brackett [27215998; 45%; No] | Aledo [27215999; 35%; No] | Rock outcrop [27216002; 8%; No] | Bolar [27216000; 6%; No] | Purves [27216001; 6%; No],AMBIGUOUS,Multiple plausible candidates remain without a decisive name/taxonomy margin.,No plausible alternative rejected.,,,,,,,,,,,,,,,
37389,S2017TX497039,33.3292694441,-97.5835805555,TX497,373702,WeC3,"Weatherford-Duffau complex, 2 to 8 percent slopes, severely eroded",CLBJ,C2017USTX091,Site_C NEON_9_CLBJ,Windthorst,"Fine-loamy, siliceous, superactive, thermic Udic Haplustalfs",6.0,Weatherford [27215894; 45%; No] | Duffau [27215895; 40%; No] | Windthorst [27215896; 5%; No] | Gullied land [27215898; 5%; No] | Keeter [27215897; 3%; No] | Selden [27215899; 2%; No],EXACT,Unique exact normalized NASIS taxon/component-name match within the intersected map unit.,Duffau (27215895): weaker name/taxonomy score 64.4; Keeter (27215897): weaker name/taxonomy score 52.8; Weatherford (27215894): weaker name/taxonomy score 48.7; Selden (27215899): weaker name/taxonomy score 44.4; Gullied land (27215898): weaker name/taxonomy score 9.5,27215896,Windthorst,5,No ,Alfisols,Ustalfs,Paleustalfs,Udic Paleustalfs,fine,,,Well drained,No,,
37390,S2017TX497044,33.4163805558,-97.6572694444,TX497,373661,DuB,"Duffau fine sandy loam, 1 to 3 percent slopes",CLBJ,C2017USTX091,Site_C NEON_9_CLBJ,Duffau,"Fine-loamy, siliceous, active, thermic Oxyaquic Haplustalfs",3.0,Duffau [27215827; 90%; No] | Windthorst [27215829; 8%; No] | Selden [27215828; 2%; No],EXACT,Unique exact normalized NASIS taxon/component-name match within the intersected map unit.,Windthorst (27215829): weaker name/taxonomy score 64.4; Selden (27215828): weaker name/taxonomy score 45.8,27215827,Duffau,90,Yes,Alfisols,Ustalfs,Paleustalfs,Udic Paleustalfs,fine-loamy,fine sandy loam,,Well drained,No,,
37391,S2017TX497048,33.3928000005,-97.5791194449,TX497,373666,KtC,"Keeter very fine sandy loam, 1 to 6 percent slopes",CLBJ,C2017USTX091,Site_C NEON_9_CLBJ,Keeter,"Fine-silty, siliceous, active, thermic Ultic Paleustalfs",5.0,Keeter [27216003; 80%; No] | Windthorst [27216007; 9%; No] | Weatherford [27216004; 6%; No] | Duffau [27216006; 3%; No] | Wise [27216005; 2%; No],EXACT,Unique exact normalized NASIS taxon/component-name match within the intersected map unit.,Windthorst (27216007): weaker name/taxonomy score 68.8; Duffau (27216006): weaker name/taxonomy score 60.0; Weatherford (27216004): weaker name/taxonomy score 36.5; Wise (27216005): weaker name/taxonomy score -13.0,27216003,Keeter,80,Yes,Alfisols,Ustalfs,Haplustalfs,Udic Haplustalfs,fine-silty,very fine sandy loam,,Well drained,No,,
37392,S2017TX497049,33.4133111106,-97.635988889,TX497,3054446,WeD,"Duffau-Weatherford complex, 3 to 8 percent slopes",CLBJ,C2017USTX091,Site_C NEON_9_CLBJ,Duffau,"Coarse-loamy, siliceous, active, thermic Ultic Paleustalfs",7.0,Duffau [27215900; 48%; No] | Weatherford [27215901; 29%; No] | Wise [27215902; 9%; No] | Windthorst [27215905; 7%; No] | Keeter [27215906; 4%; No] | Selden [27215903; 2%; No] | Gullied land [27215904; 1%; No],EXACT,Unique exact normalized NASIS taxon/component-name match within the intersected map unit.,Windthorst (27215905): weaker name/taxonomy score 64.4; Selden (27215903): weaker name/taxonomy score 25.8; Weatherford (27215901): weaker name/taxonomy score 24.1; Gullied land (27215904): weaker name/taxonomy score 7.8; Keeter (27215906): weaker name/taxonomy score 0.0; Wise (27215902): weaker name/taxonomy score -40.0,27215900,Duffau,48,Yes,Alfisols,Ustalfs,Paleustalfs,Udic Paleustalfs,fine-loamy,fine sandy loam,,Well drained,No,,
37393,S2017TX497050,33.3793611113,-97.6222805553,TX497,373667,KtC3,"Keeter very fine sandy loam, 2 to 6 percent slopes, severely eroded",CLBJ,C2017USTX091,Site_C NEON_9_CLBJ,Duffau,"Fine-loamy, siliceous, active, thermic Aquic Haplustalfs",5.0,Keeter [27215837; 80%; No] | Weatherford [27215838; 5%; No] | Gullied land [27215839; 5%; No] | Wise [27215840; 5%; No] | Windthorst [27215841; 5%; No],EXACT,Unique exact normalized NASIS taxon/component-name match within the intersected map unit.,Weatherford (27215838): weaker name/taxonomy score 48.7; Keeter (27215837): weaker name/taxonomy score 40.8; Gullied land (27215839): weaker name/taxonomy score 9.5; Wise (27215840): weaker name/taxonomy score -5.0,27215841,Windthorst,5,No ,Alfisols,Ustalfs,Paleustalfs,Udic Paleustalfs,fine,moderately eroded,,Moderately well drained,No,,
37394,S2017TX497051,33.3694500001,-97.5946194447,TX497,373662,DvC4,"Duffau-Gullied land complex, 3 to 8 percent slopes, severely eroded",CLBJ,C2017USTX091,Site_C NEON_9_CLBJ,Duffau,"Fine-loamy, siliceous, active, thermic Aquic Haplustalfs",5.0,Duffau [27215830; 50%; No] | Gullied land [27215831; 35%; No] | Windthorst [27215832; 8%; No] | Keeter [27215833; 5%; No] | Selden [27215834; 2%; No],EXACT,Unique exact normalized NASIS taxon/component-name match within the intersected map unit.,Selden (27215834): weaker name/taxonomy score 25.8; Windthorst (27215832): weaker name/taxonomy score 24.4; Keeter (27215833): weaker name/taxonomy score 20.0; Gullied land (27215831): weaker name/taxonomy score 7.8,27215830,Duffau,50,Yes,Alfisols,Ustalfs,Paleustalfs,Udic Paleustalfs,fine-loamy,severely eroded,,Well drained,No,,
37395,S2017TX497052,33.3996111106,-97.6197694444,TX497,373666,KtC,"Keeter very fine sandy loam, 1 to 6 percent slopes",CLBJ,C2017USTX091,Site_C NEON_9_CLBJ,Duffau,"Fine-loamy, siliceous, active, thermic Udic Haplustalfs",5.0,Keeter [27216003; 80%; No] | Windthorst [27216007; 9%; No] | Weatherford [27216004; 6%; No] | Duffau [27216006; 3%; No] | Wise [27216005; 2%; No],AMBIGUOUS,Multiple components share the exact name without decisive taxonomic/phase evidence.,No alternative rejected; tied exact-name components retained.,,,,,,,,,,,,,,,
37396,S2017TX497054,33.4082333331,-97.6036166667,TX497,3054446,WeD,"Duffau-Weatherford complex, 3 to 8 percent slopes",CLBJ,C2017USTX091,Site_C NEON_9_CLBJ,Weatherford,"Fine-loamy, siliceous, active, thermic Ultic Haplustalfs",7.0,Duffau [27215900; 48%; No] | Weatherford [27215901; 29%; No] | Wise [27215902; 9%; No] | Windthorst [27215905; 7%; No] | Keeter [27215906; 4%; No] | Selden [27215903; 2%; No] | Gullied land [27215904; 1%; No],EXACT,Unique exact normalized NASIS taxon/component-name match within the intersected map unit.,Selden (27215903): weaker name/taxonomy score 48.2; Windthorst (27215905): weaker name/taxonomy score 36.7; Keeter (27215906): weaker name/taxonomy score 36.5; Duffau (27215900): weaker name/taxonomy score 24.1; Gullied land (27215904): weaker name/taxonomy score 6.1; Wise (27215902): weaker name/taxonomy score -30.7,27215901,Weatherford,29,Yes,Alfisols,Ustalfs,Haplustalfs,Ultic Haplustalfs,fine-loamy,fine sandy loam,,Well drained,No,,
37397,S2017TX497058,33.3746194442,-97.578561111,TX497,3054446,WeD,"Duffau-Weatherford complex, 3 to 8 percent slopes",CLBJ,C2017USTX091,Site_C NEON_9_CLBJ,Duffau,"Fine-loamy, siliceous, superactive, thermic Udic Haplustalfs",7.0,Duffau [27215900; 48%; No] | Weatherford [27215901; 29%; No] | Wise [27215902; 9%; No] | Windthorst [27215905; 7%; No] | Keeter [27215906; 4%; No] | Selden [27215903; 2%; No] | Gullied land [27215904; 1%; No],EXACT,Unique exact normalized NASIS taxon/component-name match within the intersected map unit.,Windthorst (27215905): weaker name/taxonomy score 64.4; Selden (27215903): weaker name/taxonomy score 37.8; Weatherford (27215901): weaker name/taxonomy score 36.1; Keeter (27215906): weaker name/taxonomy score 24.0; Gullied land (27215904): weaker name/taxonomy score 7.8; Wise (27215902): weaker name/taxonomy score -40.0,27215900,Duffau,48,Yes,Alfisols,Ustalfs,Paleustalfs,Udic Paleustalfs,fine-loamy,fine sandy loam,,Well drained,No,,
37398,S2017TX497059,33.375830556,-97.6317388884,TX497,373699,VeC,"Venus loam, 3 to 8 percent slopes",CLBJ,C2017USTX091,Site_C NEON_9_CLBJ,Wise,"Coarse-loamy, siliceous, superactive, thermic Udic Haplustepts",4.0,Venus [27215937; 92%; No] | Aledo [27215939; 5%; No] | Sanger [27215938; 2%; No] | Frio [27215940; 1%; No],UNMATCHED,No candidate has adequate name or taxonomic agreement.,All candidates lack sufficient correspondence to the sampled pedon.,,,,,,,,,,,,,,,
37473,S2017ND093001,47.2077,-99.166983,ND093,2566846,C156F,"Zahl-Max-Bowbells loams, 6 to 35 percent slopes",DCFS,C2017USND099,Site_C NEON_10_DCFS,Zahl,"Fine-loamy, mixed, superactive, frigid Typic Calciustolls",8.0,Zahl [27719277; 54%; No] | Max [27719278; 22%; No] | Bowbells [27719280; 18%; No] | Parnell [27719279; 2%; Yes] | Tonka [27719274; 1%; Yes] | Wabek [27719275; 1%; No] | Noonan [27719276; 1%; No] | Hamerly [27719281; 1%; No],EXACT,Unique exact normalized NASIS taxon/component-name match within the intersected map unit.,Max (27719278): weaker name/taxonomy score 30.0; Noonan (27719276): weaker name/taxonomy score 27.0; Bowbells (27719280): weaker name/taxonomy score 25.8; Parnell (27719279): weaker name/taxonomy score 12.7; Hamerly (27719281): weaker name/taxonomy score 12.7; Tonka (27719274): weaker name/taxonomy score 7.8; Wabek (27719275): weaker name/taxonomy score 7.8,27719277,Zahl,54,Yes,Mollisols,Ustolls,Calciustolls,Typic Calciustolls,fine-loamy,,"A,L,15-35,wd,range,osd,SD",Well drained,No,,
37474,S2017ND093004,47.171435,-99.051345,ND093,2581364,G273B,"Sioux-Arvilla complex, 2 to 6 percent slopes",DCFS,C2017USND099,Site_C NEON_10_DCFS,Sioux,"Sandy or sandy-skeletal, mixed, superactive, frigid Entic Hapludolls",7.0,Sioux [27720215; 55%; No] | Arvilla [27720218; 26%; No] | Renshaw [27720217; 5%; No] | Osakis [27720216; 4%; No] | Lohnes [27720219; 4%; No] | Arvilla [27720220; 4%; No] | Wyrene [27720214; 2%; No],EXACT,Unique exact normalized NASIS taxon/component-name match within the intersected map unit.,Lohnes (27720219): weaker name/taxonomy score 66.4; Osakis (27720216): weaker name/taxonomy score 46.4; Renshaw (27720217): weaker name/taxonomy score 45.8; Arvilla (27720220): weaker name/taxonomy score 45.8; Arvilla (27720218): weaker name/taxonomy score 45.8; Wyrene (27720214): weaker name/taxonomy score 0.0,27720215,Sioux,55,Yes,Mollisols,Udolls,Hapludolls,Entic Hapludolls,sandy-skeletal,,"A-grsl,2-6%,ed,osd",Excessively drained,No,,
37475,S2017ND093007,47.16331,-99.115947,ND093,2566846,C156F,"Zahl-Max-Bowbells loams, 6 to 35 percent slopes",DCFS,C2017USND099,Site_C NEON_10_DCFS,Williams,"Fine-loamy, mixed, superactive, frigid Typic Argiustolls",8.0,Zahl [27719277; 54%; No] | Max [27719278; 22%; No] | Bowbells [27719280; 18%; No] | Parnell [27719279; 2%; Yes] | Tonka [27719274; 1%; Yes] | Wabek [27719275; 1%; No] | Noonan [27719276; 1%; No] | Hamerly [27719281; 1%; No],AMBIGUOUS,Multiple plausible candidates remain without a decisive name/taxonomy margin.,No plausible alternative rejected.,,,,,,,,,,,,,,,
37476,S2017ND093010,47.21001167,-99.17216167,ND093,2566844,C165F,"Zahl-Max-Parnell complex, 0 to 35 percent slopes",DCFS,C2017USND099,Site_C NEON_10_DCFS,Grail,"Fine, smectitic, frigid Vertic Argiustolls",8.0,Zahl [27720397; 33%; No] | Max [27720396; 26%; No] | Parnell [27720398; 22%; Yes] | Bowbells [27720399; 6%; No] | Vallers [27720393; 4%; Yes] | Wabek [27720392; 3%; No] | Noonan [27720394; 3%; No] | Tonka [27720395; 3%; Yes],AMBIGUOUS,Multiple plausible candidates remain without a decisive name/taxonomy margin.,No plausible alternative rejected.,,,,,,,,,,,,,,,
37477,S2017ND093011,47.201977,-99.173992,ND093,2566829,C132C,"Williams-Zahl-Zahill complex, 6 to 9 percent slopes",DCFS,C2017USND099,Site_C NEON_10_DCFS,Bowbells,"Fine-loamy, mixed, superactive, frigid Pachic Argiustolls",7.0,Williams [27720406; 50%; No] | Zahl [27720407; 20%; No] | Zahill [27720409; 15%; No] | Bowbells [27720412; 9%; No] | Hamerly [27720411; 3%; No] | Parnell [27720410; 2%; Yes] | Noonan [27720408; 1%; No],EXACT,Unique exact normalized NASIS taxon/component-name match within the intersected map unit.,Williams (27720406): weaker name/taxonomy score 57.5; Zahl (27720407): weaker name/taxonomy score 25.8; Noonan (27720408): weaker name/taxonomy score 25.0; Parnell (27720410): weaker name/taxonomy score 14.0; Hamerly (27720411): weaker name/taxonomy score 9.3; Zahill (27720409): weaker name/taxonomy score -10.0,27720412,Bowbells,9,No ,Mollisols,Ustolls,Argiustolls,Pachic Argiustolls,fine-loamy,,"A,L,3-6%,mwd,ESD-LO,cult,osd,SD,TPFY17",Moderately well drained,No,,
37478,S2017ND093014,47.119373,-99.057563,ND093,2566846,C156F,"Zahl-Max-Bowbells loams, 6 to 35 percent slopes",DCFS,C2017USND099,Site_C NEON_10_DCFS,Arnegard,"Fine-loamy, mixed, superactive, frigid Pachic Haplustolls",8.0,Zahl [27719277; 54%; No] | Max [27719278; 22%; No] | Bowbells [27719280; 18%; No] | Parnell [27719279; 2%; Yes] | Tonka [27719274; 1%; Yes] | Wabek [27719275; 1%; No] | Noonan [27719276; 1%; No] | Hamerly [27719281; 1%; No],AMBIGUOUS,Multiple plausible candidates remain without a decisive name/taxonomy margin.,No plausible alternative rejected.,,,,,,,,,,,,,,,
37479,S2017ND093016,47.15684333,-99.11399,ND093,2566846,C156F,"Zahl-Max-Bowbells loams, 6 to 35 percent slopes",DCFS,C2017USND099,Site_C NEON_10_DCFS,Bowbells,"Fine-loamy, mixed, superactive, frigid Pachic Argiustolls",8.0,Zahl [27719277; 54%; No] | Max [27719278; 22%; No] | Bowbells [27719280; 18%; No] | Parnell [27719279; 2%; Yes] | Tonka [27719274; 1%; Yes] | Wabek [27719275; 1%; No] | Noonan [27719276; 1%; No] | Hamerly [27719281; 1%; No],EXACT,Unique exact normalized NASIS taxon/component-name match within the intersected map unit.,Zahl (27719277): weaker name/taxonomy score 25.8; Noonan (27719276): weaker name/taxonomy score 25.0; Max (27719278): weaker name/taxonomy score 20.0; Wabek (27719275): weaker name/taxonomy score 16.2; Parnell (27719279): weaker name/taxonomy score 14.0; Hamerly (27719281): weaker name/taxonomy score 9.3; Tonka (27719274): weaker name/taxonomy score 5.4,27719280,Bowbells,18,Yes,Mollisols,Ustolls,Argiustolls,Pachic Argiustolls,fine-loamy,,"A,L,6-9,mwd,cult,ESD-LO,osd,SD",Moderately well drained,No,,
37480,S2017ND093020,47.169265,-99.05691833,ND093,2581321,G143C,"Barnes-Buse-Langhei loams, 6 to 9 percent slopes",DCFS,C2017USND099,Site_C NEON_10_DCFS,Aastad,"Fine-loamy, mixed, superactive, frigid Pachic Argiudolls",9.0,Barnes [27719402; 26%; No] | Buse [27719407; 25%; No] | Langhei [27719406; 18%; No] | Svea [27719401; 14%; No] | Sioux [27719403; 5%; No] | Parnell [27719404; 3%; Yes] | Tonka [27719405; 3%; Yes] | Cresbard [27719408; 3%; No] | Lanona [27719409; 3%; No],AMBIGUOUS,Multiple plausible candidates remain without a decisive name/taxonomy margin.,No plausible alternative rejected.,,,,,,,,,,,,,,,
37481,S2017ND093022,47.154924,-99.10682,ND093,3312341,C24A,"Parnell silty clay loam, 0 to 1 percent slopes, Missouri Coteau",DCFS,C2017USND099,Site_C NEON_10_DCFS,Badger,"Fine, smectitic, frigid Vertic Argiaquolls",7.0,Parnell [27720308; 64%; Yes] | Vallers [27720307; 10%; Yes] | Tonka [27720309; 10%; Yes] | Southam [27720310; 10%; Yes] | Hamerly [27720312; 3%; No] | Vallers [27720306; 2%; Yes] | Heil [27720311; 1%; Yes],MEDIUM,No name match; unique candidate supported by at least three taxonomic ranks.,Hamerly (27720312): weaker name/taxonomy score 36.2; Vallers (27720306): weaker name/taxonomy score 36.2; Vallers (27720307): weaker name/taxonomy score 36.2; Southam (27720310): weaker name/taxonomy score 25.4; Tonka (27720309): weaker name/taxonomy score 6.4; Heil (27720311): weaker name/taxonomy score -13.0,27720308,Parnell,64,Yes,Mollisols,Aquolls,Argiaquolls,Vertic Argiaquolls,fine,,"A,SiCL,0-1,vpd,53B-DSM,SD,TP,FY23",Very poorly drained,Yes,2; 3,6268276; 6268277
37482,S2017ND093023,47.21084,-99.171025,ND093,2566846,C156F,"Zahl-Max-Bowbells loams, 6 to 35 percent slopes",DCFS,C2017USND099,Site_C NEON_10_DCFS,Williams,"Fine-loamy, mixed, superactive, frigid Typic Argiustolls",8.0,Zahl [27719277; 54%; No] | Max [27719278; 22%; No] | Bowbells [27719280; 18%; No] | Parnell [27719279; 2%; Yes] | Tonka [27719274; 1%; Yes] | Wabek [27719275; 1%; No] | Noonan [27719276; 1%; No] | Hamerly [27719281; 1%; No],AMBIGUOUS,Multiple plausible candidates remain without a decisive name/taxonomy margin.,No plausible alternative rejected.,,,,,,,,,,,,,,,
37483,S2017ND093027,47.205558,-99.17562,ND093,2566846,C156F,"Zahl-Max-Bowbells loams, 6 to 35 percent slopes",DCFS,C2017USND099,Site_C NEON_10_DCFS,Bowbells,"Fine-loamy, superactive, frigid Pachic Argiustolls",8.0,Zahl [27719277; 54%; No] | Max [27719278; 22%; No] | Bowbells [27719280; 18%; No] | Parnell [27719279; 2%; Yes] | Tonka [27719274; 1%; Yes] | Wabek [27719275; 1%; No] | Noonan [27719276; 1%; No] | Hamerly [27719281; 1%; No],EXACT,Unique exact normalized NASIS taxon/component-name match within the intersected map unit.,Zahl (27719277): weaker name/taxonomy score 25.8; Noonan (27719276): weaker name/taxonomy score 25.0; Max (27719278): weaker name/taxonomy score 20.0; Wabek (27719275): weaker name/taxonomy score 16.2; Parnell (27719279): weaker name/taxonomy score 14.0; Hamerly (27719281): weaker name/taxonomy score 9.3; Tonka (27719274): weaker name/taxonomy score 5.4,27719280,Bowbells,18,Yes,Mollisols,Ustolls,Argiustolls,Pachic Argiustolls,fine-loamy,,"A,L,6-9,mwd,cult,ESD-LO,osd,SD",Moderately well drained,No,,
37484,S2017ND093029,47.199308,-99.174098,ND093,2566846,C156F,"Zahl-Max-Bowbells loams, 6 to 35 percent slopes",DCFS,C2017USND099,Site_C NEON_10_DCFS,Grail,"Fine, smectitic, nonacid, frigid Pachic Vertic Argiustolls",8.0,Zahl [27719277; 54%; No] | Max [27719278; 22%; No] | Bowbells [27719280; 18%; No] | Parnell [27719279; 2%; Yes] | Tonka [27719274; 1%; Yes] | Wabek [27719275; 1%; No] | Noonan [27719276; 1%; No] | Hamerly [27719281; 1%; No],AMBIGUOUS,Multiple plausible candidates remain without a decisive name/taxonomy margin.,No plausible alternative rejected.,,,,,,,,,,,,,,,
37485,S2017ND093030,47.17089667,-99.05664167,ND093,2581363,G273A,"Sioux-Arvilla complex, 0 to 2 percent slopes",DCFS,C2017USND099,Site_C NEON_10_DCFS,Renshaw,"Fine-loamy over sandy or sandy-skeletal, mixed, superactive, frigid Calcic Hapludolls",5.0,Sioux [27720229; 50%; No] | Arvilla [27720231; 36%; No] | Divide [27720228; 5%; No] | Osakis [27720230; 5%; No] | Arvilla [27720232; 4%; No],AMBIGUOUS,Multiple plausible candidates remain without a decisive name/taxonomy margin.,No plausible alternative rejected.,,,,,,,,,,,,,,,
37486,S2017ND093063,47.164857,-99.110863,ND093,3312341,C24A,"Parnell silty clay loam, 0 to 1 percent slopes, Missouri Coteau",DCFS,C2017USND099,Site_C NEON_10_DCFS,Parnell,"Fine, smectitic, frigid Vertic Argiaquolls",7.0,Parnell [27720308; 64%; Yes] | Vallers [27720307; 10%; Yes] | Tonka [27720309; 10%; Yes] | Southam [27720310; 10%; Yes] | Hamerly [27720312; 3%; No] | Vallers [27720306; 2%; Yes] | Heil [27720311; 1%; Yes],EXACT,Unique exact normalized NASIS taxon/component-name match within the intersected map unit.,Hamerly (27720312): weaker name/taxonomy score 35.0; Vallers (27720306): weaker name/taxonomy score 35.0; Vallers (27720307): weaker name/taxonomy score 35.0; Southam (27720310): weaker name/taxonomy score 25.0; Tonka (27720309): weaker name/taxonomy score 5.8; Heil (27720311): weaker name/taxonomy score -7.3,27720308,Parnell,64,Yes,Mollisols,Aquolls,Argiaquolls,Vertic Argiaquolls,fine,,"A,SiCL,0-1,vpd,53B-DSM,SD,TP,FY23",Very poorly drained,Yes,2; 3,6268276; 6268277
37515,S2017VA043001,39.08782,-77.95857,VA043,516525,21B,"Lakin loamy sand, 3 to 8 percent slopes",BLAN,C2017USVA102,Site_C NEON_6_BLAN,Thurmont,"Fine-loamy, mixed, active, mesic Oxyaquic Hapludults",1.0,Lakin [27336564; 80%; No],UNMATCHED,No candidate has adequate name or taxonomic agreement.,All candidates lack sufficient correspondence to the sampled pedon.,,,,,,,,,,,,,,,
37516,S2017VA043002,39.09215,-77.98098,VA043,516549,38B,"Poplimento-Webbtown complex, 3 to 8 percent slopes",BLAN,C2017USVA102,Site_C NEON_6_BLAN,Poplimento,"Mixed, subactive, mesic Ultic Hapludalfs",2.0,Poplimento [27336632; 45%; No] | Webbtown [27336631; 35%; No],EXACT,Unique exact normalized NASIS taxon/component-name match within the intersected map unit.,Webbtown (27336631): weaker name/taxonomy score -20.3,27336632,Poplimento,45,Yes,Alfisols,Udalfs,Hapludalfs,Ultic Hapludalfs,fine,,,Well drained,No,,
37517,S2017VA043005,39.0873055556,-77.9718611113,VA043,516532,26C,"Monongahela-Braddock complex, 8 to 15 percent slopes",BLAN,C2017USVA102,Site_C NEON_6_BLAN,Monongahela,"Fine-loamy, mixed, semiactive, mesic Typic Fragiudults",2.0,Monongahela [27336619; 40%; No] | Braddock [27336620; 35%; No],EXACT,Unique exact normalized NASIS taxon/component-name match within the intersected map unit.,Braddock (27336620): weaker name/taxonomy score 23.7,27336619,Monongahela,40,Yes,Ultisols,Udults,Fragiudults,Typic Fragiudults,fine-loamy,,SEV ER,Moderately well drained,No,,
37518,S2017VA043006,39.0838333333,-77.9640277777,VA043,516531,26B,"Monongahela-Braddock complex, 3 to 8 percent slopes",BLAN,C2017USVA102,Site_C NEON_6_BLAN,Braddock,"Fine, mixed, semiactive, mesic Typic Hapludults",2.0,Monongahela [27336617; 45%; No] | Braddock [27336618; 35%; No],HIGH,Multiple exact-name components; unique best taxonomic agreement selected.,Braddock (27336618): weaker name/taxonomy score 179.0,27336617,Monongahela,45,Yes,Ultisols,Udults,Fragiudults,Typic Fragiudults,fine-loamy,,SEV ER,Moderately well drained,No,,
37519,S2017VA043008,39.08469,-77.96536,VA043,516574,55D,"Udults-Udalfs association, 15 to 45 percent slopes",BLAN,C2017USVA102,Site_C NEON_6_BLAN,Poplimento,"Fine, mixed, subactive, mesic Ultic Hapludalfs",2.0,Udults [27336655; 50%; No] | Udalfs [27336656; 30%; No],AMBIGUOUS,Multiple plausible candidates remain without a decisive name/taxonomy margin.,No plausible alternative rejected.,,,,,,,,,,,,,,,
37520,S2017VA043010,39.0861944444,-77.9608333333,VA043,516569,50B,"Thurmont gravelly loam, 3 to 8 percent slopes",BLAN,C2017USVA102,Site_C NEON_6_BLAN,Thurmont,"Fine-loamy, mixed, active, mesic Oxyaquic Hapludults",1.0,Thurmont [27336652; 80%; No],EXACT,Unique exact normalized NASIS taxon/component-name match within the intersected map unit.,,27336652,Thurmont,80,Yes,Ultisols,Udults,Hapludults,Oxyaquic Hapludults,fine-loamy,,,Well drained,No,,
37521,S2017VA043011,39.08729,-77.97402,VA043,516570,51B,"Timberville silt loam, 0 to 7 percent slopes, frequently flooded",BLAN,C2017USVA102,Site_C NEON_6_BLAN,Timberville,"Fine, mixed, active, mesic Typic Hapludults",1.0,Timberville [27336680; 80%; No],EXACT,Unique exact normalized NASIS taxon/component-name match within the intersected map unit.,,27336680,Timberville,80,Yes,Ultisols,Udults,Hapludults,Typic Hapludults,fine,,,Well drained,No,,
37522,S2017VA043012,39.0818611113,-77.9613333331,VA043,516569,50B,"Thurmont gravelly loam, 3 to 8 percent slopes",BLAN,C2017USVA102,Site_C NEON_6_BLAN,Thurmont,"Fine-loamy, mixed, active, mesic Oxyaquic Hapludults",1.0,Thurmont [27336652; 80%; No],EXACT,Unique exact normalized NASIS taxon/component-name match within the intersected map unit.,,27336652,Thurmont,80,Yes,Ultisols,Udults,Hapludults,Oxyaquic Hapludults,fine-loamy,,,Well drained,No,,
37523,S2017VA043015,39.08743,-77.9548,VA043,516571,52B,"Udipsamments, 0 to 8 percent slopes",BLAN,C2017USVA102,Site_C NEON_6_BLAN,Chagrin,"Fine-loamy, mixed, active, mesic Dystric Fluventic Eutrudepts",1.0,Udipsamments [27336653; 75%; No],UNMATCHED,No candidate has adequate name or taxonomic agreement.,All candidates lack sufficient correspondence to the sampled pedon.,,,,,,,,,,,,,,,
37524,S2017VA043016,39.0865833332,-77.9639444446,VA043,516568,49B,"Thurmont loam, 3 to 8 percent slopes",BLAN,C2017USVA102,Site_C NEON_6_BLAN,Thurmont,"Fine-loamy, mixed, active, mesic Oxyaquic Hapludults",1.0,Thurmont [27336651; 80%; No],EXACT,Unique exact normalized NASIS taxon/component-name match within the intersected map unit.,,27336651,Thurmont,80,Yes,Ultisols,Udults,Hapludults,Oxyaquic Hapludults,fine-loamy,,,Well drained,No,,
37525,S2017VA043017,39.0864,-77.97121,VA043,516574,55D,"Udults-Udalfs association, 15 to 45 percent slopes",BLAN,C2017USVA102,Site_C NEON_6_BLAN,udults,,2.0,Udults [27336655; 50%; No] | Udalfs [27336656; 30%; No],EXACT,Unique exact normalized NASIS taxon/component-name match within the intersected map unit.,Udalfs (27336656): weaker name/taxonomy score 23.3,27336655,Udults,50,Yes,Ultisols,Udults,,,not used,,,Well drained,No,,
37526,S2017VA043019,39.0876944443,-77.96625,VA043,516509,10,Chagrin soils,BLAN,C2017USVA102,Site_C NEON_6_BLAN,Chagrin,"Fine-loamy, mixed, active, mesic Dystric Fluventic Eutrudepts",1.0,Chagrin [27336596; 80%; No],EXACT,Unique exact normalized NASIS taxon/component-name match within the intersected map unit.,,27336596,Chagrin,80,Yes,Inceptisols,Udepts,Eutrudepts,Dystric Fluventic Eutrudepts,fine-loamy,,,Well drained,No,,
37527,S2017VA043020,39.10078,-77.98061,VA043,516553,39B,"Poplimento-Webbtown complex, rocky, 3 to 8 percent slopes",BLAN,C2017USVA102,Site_C NEON_6_BLAN,Webbtown,"Loamy-skeletal, mixed, semiactive, mesic Ruptic-Alfic Eutrudepts",2.0,Poplimento [27336638; 45%; No] | Webbtown [27336637; 35%; No],EXACT,Unique exact normalized NASIS taxon/component-name match within the intersected map unit.,Poplimento (27336638): weaker name/taxonomy score -28.3,27336637,Webbtown,35,Yes,Inceptisols,Uderts,Eutrudepts,Ruptic-Alfic Eutrudepts,loamy-skeletal,,,Well drained,No,,
37528,S2017VA043031,39.0586944442,-78.0707499999,VA043,516544,35B,"Poplimento silt loam, 3 to 8 percent slopes",BLAN,C2017USVA102,Site_C NEON_6_BLAN,Poplimento,"Fine, mixed, subactive, mesic Ultic Hapludalfs",1.0,Poplimento [27336570; 80%; No],EXACT,Unique exact normalized NASIS taxon/component-name match within the intersected map unit.,,27336570,Poplimento,80,Yes,Alfisols,Udalfs,Hapludalfs,Ultic Hapludalfs,fine,,,Well drained,No,,
37529,S2017VA043032,39.0594722217,-78.0724722221,VA043,516544,35B,"Poplimento silt loam, 3 to 8 percent slopes",BLAN,C2017USVA102,Site_C NEON_6_BLAN,Poplimento,"Fine, mixed, subactive, mesic Ultic Hapludalfs",1.0,Poplimento [27336570; 80%; No],EXACT,Unique exact normalized NASIS taxon/component-name match within the intersected map unit.,,27336570,Poplimento,80,Yes,Alfisols,Udalfs,Hapludalfs,Ultic Hapludalfs,fine,,,Well drained,No,,
37530,S2017MA027005,42.4893333334,-72.2753888887,MA614,278718,927C,"Montauk-Scituate-Canton association, 3 to 15 percent slopes, extremely stony",HARV,C2017USMA029,Site_C NEON_12_HARV,Montauk,"Loamy-skeletal, mixed, active, mesic Oxyaquic Dystrudepts",4.0,Montauk [27355439; 40%; No] | Scituate [27355440; 30%; No] | Canton [27355441; 25%; No] | Ridgebury [27355438; 5%; Yes],EXACT,Unique exact normalized NASIS taxon/component-name match within the intersected map unit.,Scituate (27355440): weaker name/taxonomy score 69.3; Canton (27355441): weaker name/taxonomy score 50.8; Ridgebury (27355438): weaker name/taxonomy score 4.4,27355439,Montauk,40,Yes,Inceptisols,Udepts,Dystrudepts,Oxyaquic Dystrudepts,coarse-loamy,extremely stony,,Well drained,No,,
37531,S2017MA027006,42.4029166666,-72.2539999998,MA614,278711,915E,"Montauk-Canton association, 15 to 35 percent slopes, extremely stony",HARV,C2017USMA029,Site_C NEON_12_HARV,Canton,"Coarse-loamy over sandy or sandy-skeletal, mixed, superactive, mesic Typic Dystrudepts",5.0,Montauk [27355437; 45%; No] | Canton [27355434; 40%; No] | Scituate [27355435; 7%; No] | Ridgebury [27355436; 5%; Yes] | Chatfield [27355433; 3%; No],EXACT,Unique exact normalized NASIS taxon/component-name match within the intersected map unit.,Chatfield (27355433): weaker name/taxonomy score 74.0; Montauk (27355437): weaker name/taxonomy score 50.8; Scituate (27355435): weaker name/taxonomy score 50.0; Ridgebury (27355436): weaker name/taxonomy score 0.0,27355434,Canton,40,Yes,Inceptisols,Udepts,Dystrudepts,Typic Dystrudepts,coarse-loamy over sandy or sandy-skeletal,extremely stony,,Well drained,No,,
37532,S2017MA027017,42.4816388893,-72.2673055555,MA614,278718,927C,"Montauk-Scituate-Canton association, 3 to 15 percent slopes, extremely stony",HARV,C2017USMA029,Site_C NEON_12_HARV,Montauk,"Coarse-loamy, mixed, active, mesic Oxyaquic Dystrudepts",4.0,Montauk [27355439; 40%; No] | Scituate [27355440; 30%; No] | Canton [27355441; 25%; No] | Ridgebury [27355438; 5%; Yes],EXACT,Unique exact normalized NASIS taxon/component-name match within the intersected map unit.,Scituate (27355440): weaker name/taxonomy score 69.3; Canton (27355441): weaker name/taxonomy score 50.8; Ridgebury (27355438): weaker name/taxonomy score 4.4,27355439,Montauk,40,Yes,Inceptisols,Udepts,Dystrudepts,Oxyaquic Dystrudepts,coarse-loamy,extremely stony,,Well drained,No,,
37533,S2017MA027022,42.4340555555,-72.1989444446,MA614,278601,253C,"Hinckley loamy sand, 8 to 15 percent slopes",HARV,C2017USMA029,Site_C NEON_12_HARV,Windsor,"Mixed, mesic Typic Udipsamments",4.0,Hinckley [27355456; 85%; No] | Merrimac [27355457; 5%; No] | Windsor [27355458; 5%; No] | Sudbury [27355459; 5%; No],EXACT,Unique exact normalized NASIS taxon/component-name match within the intersected map unit.,Hinckley (27355456): weaker name/taxonomy score -2.7; Sudbury (27355459): weaker name/taxonomy score -22.0; Merrimac (27355457): weaker name/taxonomy score -27.3,27355458,Windsor,5,No ,Entisols,Psamments,Udipsamments,Typic Udipsamments,not used,,,Excessively drained,No,,
37534,S2017MA027030,42.4229444445,-72.2188888888,MA614,278603,253E,"Hinckley loamy sand, 25 to 35 percent slopes",HARV,C2017USMA029,Site_C NEON_12_HARV,Hinckley,"Sandy-skeletal, mixed, mesic Typic Udorthents",4.0,Hinckley [27355472; 85%; No] | Windsor [27355470; 10%; No] | Merrimac [27355469; 3%; No] | Sudbury [27355471; 2%; No],EXACT,Unique exact normalized NASIS taxon/component-name match within the intersected map unit.,Windsor (27355470): weaker name/taxonomy score -10.7; Sudbury (27355471): weaker name/taxonomy score -15.3; Merrimac (27355469): weaker name/taxonomy score -15.6,27355472,Hinckley,85,Yes,Entisols,Orthents,Udorthents,Typic Udorthents,sandy-skeletal,,,Excessively drained,No,,
37535,S2017MA027031,42.4673611111,-72.2603055551,MA614,278600,253B,"Hinckley loamy sand, 3 to 8 percent slopes",HARV,C2017USMA029,Site_C NEON_12_HARV,Agawam,"Coarse-loamy over sandy or sandy-skeletal, mixed, active, mesic Typic Dystrudepts",4.0,Hinckley [27355454; 85%; No] | Windsor [27355455; 8%; No] | Sudbury [27355452; 5%; No] | Agawam [27355453; 2%; No],EXACT,Unique exact normalized NASIS taxon/component-name match within the intersected map unit.,Sudbury (27355452): weaker name/taxonomy score 40.0; Hinckley (27355454): weaker name/taxonomy score -20.0; Windsor (27355455): weaker name/taxonomy score -34.6,27355453,Agawam,2,No ,Inceptisols,Udepts,Dystrudepts,Typic Dystrudepts,coarse-loamy over sandy or sandy-skeletal,,,Well drained,No,,
37536,S2017MA027058,42.4698333332,-72.2523611111,MA614,278711,915E,"Montauk-Canton association, 15 to 35 percent slopes, extremely stony",HARV,C2017USMA029,Site_C NEON_12_HARV,Montauk,"Coarse-loamy, mixed, active, mesic Oxyaquic Dystrudepts",5.0,Montauk [27355437; 45%; No] | Canton [27355434; 40%; No] | Scituate [27355435; 7%; No] | Ridgebury [27355436; 5%; Yes] | Chatfield [27355433; 3%; No],EXACT,Unique exact normalized NASIS taxon/component-name match within the intersected map unit.,Scituate (27355435): weaker name/taxonomy score 69.3; Canton (27355434): weaker name/taxonomy score 50.8; Chatfield (27355433): weaker name/taxonomy score 44.4; Ridgebury (27355436): weaker name/taxonomy score 4.4,27355437,Montauk,45,Yes,Inceptisols,Udepts,Dystrudepts,Oxyaquic Dystrudepts,coarse-loamy,extremely stony,,Well drained,No,,
37567,S2017CA039001,37.123772,-119.7509491,CA651,463318,AeD,"Ahwahnee and Vista rocky coarse sandy loams, 8 to 30 percent slopes",SJER,C2017USCA107,Site_C NEON_2_SJER,Friant,"Loamy, mixed, superactive, thermic Lithic Haploxerolls",5.0,Ahwahnee [26430877; 36%; No] | Vista [26430878; 34%; No] | Tollhouse [26430879; 10%; No] | Coarsegold [26430880; 10%; No] | Auberry [26430881; 10%; No],UNMATCHED,No candidate has adequate name or taxonomic agreement.,All candidates lack sufficient correspondence to the sampled pedon.,,,,,,,,,,,,,,,
37568,S2017CA039002,37.1106884,-119.7506089,CA651,463318,AeD,"Ahwahnee and Vista rocky coarse sandy loams, 8 to 30 percent slopes",SJER,C2017USCA107,Site_C NEON_2_SJER,Kernville,"Sandy-skeletal, mixed, thermic Entic Haploxerolls",5.0,Ahwahnee [26430877; 36%; No] | Vista [26430878; 34%; No] | Tollhouse [26430879; 10%; No] | Coarsegold [26430880; 10%; No] | Auberry [26430881; 10%; No],UNMATCHED,No candidate has adequate name or taxonomic agreement.,All candidates lack sufficient correspondence to the sampled pedon.,,,,,,,,,,,,,,,
37569,S2017CA039003,37.1073194,-119.7515,CA651,463318,AeD,"Ahwahnee and Vista rocky coarse sandy loams, 8 to 30 percent slopes",SJER,C2017USCA107,Site_C NEON_2_SJER,Tunis,"Loamy, mixed, superactive, thermic, shallow Typic Haploxerolls",5.0,Ahwahnee [26430877; 36%; No] | Vista [26430878; 34%; No] | Tollhouse [26430879; 10%; No] | Coarsegold [26430880; 10%; No] | Auberry [26430881; 10%; No],UNMATCHED,No candidate has adequate name or taxonomic agreement.,All candidates lack sufficient correspondence to the sampled pedon.,,,,,,,,,,,,,,,
37570,S2017CA039004,37.08647,-119.71939,CA651,463318,AeD,"Ahwahnee and Vista rocky coarse sandy loams, 8 to 30 percent slopes",SJER,C2017USCA107,Site_C NEON_2_SJER,Ahwahnee,"Coarse-loamy, mixed, active, thermic Mollic Haploxeralfs",5.0,Ahwahnee [26430877; 36%; No] | Vista [26430878; 34%; No] | Tollhouse [26430879; 10%; No] | Coarsegold [26430880; 10%; No] | Auberry [26430881; 10%; No],EXACT,Unique exact normalized NASIS taxon/component-name match within the intersected map unit.,Auberry (26430881): weaker name/taxonomy score 9.3; Tollhouse (26430879): weaker name/taxonomy score 8.2; Coarsegold (26430880): weaker name/taxonomy score 7.8; Vista (26430878): weaker name/taxonomy score -14.6,26430877,Ahwahnee,36,Yes,Alfisols,Xeralfs,Haploxeralfs,Mollic Haploxeralfs,coarse-loamy,,MAP 15-25,Well drained,No,,
37571,S2017CA039005,37.0786863,-119.720471,CA651,463321,ArF,"Ahwahnee and Vista very rocky coarse sandy loams, 30 to 75 percent slopes",SJER,C2017USCA107,Site_C NEON_2_SJER,Ahwahnee,"Coarse-loamy, mixed, active, thermic Mollic Haploxeralfs",6.0,Ahwahnee [26430896; 26%; No] | Vista [26430897; 24%; No] | Rock outcrop [26430898; 20%; No] | Tollhouse [26430893; 10%; No] | Coarsegold [26430894; 10%; No] | Auberry [26430895; 10%; No],EXACT,Unique exact normalized NASIS taxon/component-name match within the intersected map unit.,Auberry (26430895): weaker name/taxonomy score 9.3; Tollhouse (26430893): weaker name/taxonomy score 8.2; Coarsegold (26430894): weaker name/taxonomy score 7.8; Rock outcrop (26430898): weaker name/taxonomy score 0.0; Vista (26430897): weaker name/taxonomy score -14.6,26430896,Ahwahnee,26,Yes,Alfisols,Xeralfs,Haploxeralfs,Mollic Haploxeralfs,coarse-loamy,,MAP 15-25,Well drained,No,,
37572,S2017CA039006,37.0831894,-119.728046,CA651,463318,AeD,"Ahwahnee and Vista rocky coarse sandy loams, 8 to 30 percent slopes",SJER,C2017USCA107,Site_C NEON_2_SJER,Vista,"Sandy, mixed, thermic Entic Humixerepts",5.0,Ahwahnee [26430877; 36%; No] | Vista [26430878; 34%; No] | Tollhouse [26430879; 10%; No] | Coarsegold [26430880; 10%; No] | Auberry [26430881; 10%; No],EXACT,Unique exact normalized NASIS taxon/component-name match within the intersected map unit.,Auberry (26430881): weaker name/taxonomy score 5.8; Tollhouse (26430879): weaker name/taxonomy score 5.0; Coarsegold (26430880): weaker name/taxonomy score 4.7; Ahwahnee (26430877): weaker name/taxonomy score -34.6,26430878,Vista,34,Yes,Inceptisols,Ochrepts,Xerochrepts,Typic Xerochrepts,coarse-loamy,,MAP 10-16,Well drained,No,,
37573,S2017CA039007,37.1067467,-119.719975,CA651,463318,AeD,"Ahwahnee and Vista rocky coarse sandy loams, 8 to 30 percent slopes",SJER,C2017USCA107,Site_C NEON_2_SJER,Vista,"Mixed, thermic Typic Xeropsamments",5.0,Ahwahnee [26430877; 36%; No] | Vista [26430878; 34%; No] | Tollhouse [26430879; 10%; No] | Coarsegold [26430880; 10%; No] | Auberry [26430881; 10%; No],EXACT,Unique exact normalized NASIS taxon/component-name match within the intersected map unit.,Auberry (26430881): weaker name/taxonomy score 5.8; Tollhouse (26430879): weaker name/taxonomy score 5.0; Coarsegold (26430880): weaker name/taxonomy score 4.7; Ahwahnee (26430877): weaker name/taxonomy score -26.6,26430878,Vista,34,Yes,Inceptisols,Ochrepts,Xerochrepts,Typic Xerochrepts,coarse-loamy,,MAP 10-16,Well drained,No,,
37574,S2017CA039008,37.0966706,-119.7234196,CA651,463318,AeD,"Ahwahnee and Vista rocky coarse sandy loams, 8 to 30 percent slopes",SJER,C2017USCA107,Site_C NEON_2_SJER,Vista,"Mixed, thermic Typic Xeropsamments",5.0,Ahwahnee [26430877; 36%; No] | Vista [26430878; 34%; No] | Tollhouse [26430879; 10%; No] | Coarsegold [26430880; 10%; No] | Auberry [26430881; 10%; No],EXACT,Unique exact normalized NASIS taxon/component-name match within the intersected map unit.,Auberry (26430881): weaker name/taxonomy score 5.8; Tollhouse (26430879): weaker name/taxonomy score 5.0; Coarsegold (26430880): weaker name/taxonomy score 4.7; Ahwahnee (26430877): weaker name/taxonomy score -26.6,26430878,Vista,34,Yes,Inceptisols,Ochrepts,Xerochrepts,Typic Xerochrepts,coarse-loamy,,MAP 10-16,Well drained,No,,
37575,S2017CA039009,37.0783229,-119.7275475,CA651,463321,ArF,"Ahwahnee and Vista very rocky coarse sandy loams, 30 to 75 percent slopes",SJER,C2017USCA107,Site_C NEON_2_SJER,Kernville,"Mixed, thermic, shallow Typic Xeropsamments",6.0,Ahwahnee [26430896; 26%; No] | Vista [26430897; 24%; No] | Rock outcrop [26430898; 20%; No] | Tollhouse [26430893; 10%; No] | Coarsegold [26430894; 10%; No] | Auberry [26430895; 10%; No],UNMATCHED,No candidate has adequate name or taxonomic agreement.,All candidates lack sufficient correspondence to the sampled pedon.,,,,,,,,,,,,,,,
37576,S2017CA039010,37.1168321,-119.7304496,CA651,463318,AeD,"Ahwahnee and Vista rocky coarse sandy loams, 8 to 30 percent slopes",SJER,C2017USCA107,Site_C NEON_2_SJER,Feethill,"Fine-loamy, mixed, superactive, thermic Typic Argixerolls",5.0,Ahwahnee [26430877; 36%; No] | Vista [26430878; 34%; No] | Tollhouse [26430879; 10%; No] | Coarsegold [26430880; 10%; No] | Auberry [26430881; 10%; No],UNMATCHED,No candidate has adequate name or taxonomic agreement.,All candidates lack sufficient correspondence to the sampled pedon.,,,,,,,,,,,,,,,
37625,S2017MA027001,42.4241944445,-72.2583888891,MA614,278718,927C,"Montauk-Scituate-Canton association, 3 to 15 percent slopes, extremely stony",HARV,C2017USMA029,Site_C NEON_12_HARV,Canton,"Loamy-skeletal over sandy or sandy-skeletal, mixed, superactive, mesic Typic Dystrudepts",4.0,Montauk [27355439; 40%; No] | Scituate [27355440; 30%; No] | Canton [27355441; 25%; No] | Ridgebury [27355438; 5%; Yes],EXACT,Unique exact normalized NASIS taxon/component-name match within the intersected map unit.,Montauk (27355439): weaker name/taxonomy score 30.8; Scituate (27355440): weaker name/taxonomy score 30.0; Ridgebury (27355438): weaker name/taxonomy score 0.0,27355441,Canton,25,Yes,Inceptisols,Udepts,Dystrudepts,Typic Dystrudepts,coarse-loamy over sandy or sandy-skeletal,extremely stony,,Well drained,No,,
37626,S2017MA027008,42.4447777779,-72.2262222226,MA614,278718,927C,"Montauk-Scituate-Canton association, 3 to 15 percent slopes, extremely stony",HARV,C2017USMA029,Site_C NEON_12_HARV,Sutton,"Coarse-loamy, mixed, superactive, mesic Aquic Dystrudepts",4.0,Montauk [27355439; 40%; No] | Scituate [27355440; 30%; No] | Canton [27355441; 25%; No] | Ridgebury [27355438; 5%; Yes],AMBIGUOUS,Multiple plausible candidates remain without a decisive name/taxonomy margin.,No plausible alternative rejected.,,,,,,,,,,,,,,,
37627,S2017MA027018,42.4321111106,-72.2323055553,MA614,278718,927C,"Montauk-Scituate-Canton association, 3 to 15 percent slopes, extremely stony",HARV,C2017USMA029,Site_C NEON_12_HARV,Scituate,"Coarse-loamy, mixed, active, mesic Aquic Dystrudepts",4.0,Montauk [27355439; 40%; No] | Scituate [27355440; 30%; No] | Canton [27355441; 25%; No] | Ridgebury [27355438; 5%; Yes],EXACT,Unique exact normalized NASIS taxon/component-name match within the intersected map unit.,Montauk (27355439): weaker name/taxonomy score 69.3; Canton (27355441): weaker name/taxonomy score 55.0; Ridgebury (27355438): weaker name/taxonomy score 8.2,27355440,Scituate,30,Yes,Inceptisols,Udepts,Dystrudepts,Oxyaquic Dystrudepts,coarse-loamy,extremely stony,,Moderately well drained,No,,
37628,S2017MA027021,42.4522777777,-72.25075,MA614,3045270,58A,"Catden and Natchaug mucks, 0 to 2 percent slopes",HARV,C2017USMA029,Site_C NEON_12_HARV,Sudbury,"Sandy-skeletal, mixed, mesic Oxyaquic Udorthents",5.0,Catden [27355533; 45%; Yes] | Natchaug [27355536; 35%; Yes] | Scarboro [27355535; 10%; Yes] | Whitman [27355534; 5%; Yes] | Ridgebury [27355537; 5%; Yes],UNMATCHED,No candidate has adequate name or taxonomic agreement.,All candidates lack sufficient correspondence to the sampled pedon.,,,,,,,,,,,,,,,
37629,S2017MA027024,42.459811111,-72.2511388888,MA614,278718,927C,"Montauk-Scituate-Canton association, 3 to 15 percent slopes, extremely stony",HARV,C2017USMA029,Site_C NEON_12_HARV,Freetown,"Dysic, mesic Typic Haplosaprists",4.0,Montauk [27355439; 40%; No] | Scituate [27355440; 30%; No] | Canton [27355441; 25%; No] | Ridgebury [27355438; 5%; Yes],UNMATCHED,No candidate has adequate name or taxonomic agreement.,All candidates lack sufficient correspondence to the sampled pedon.,,,,,,,,,,,,,,,
37630,S2017MA027027,42.4302000003,-72.2534166667,MA614,278718,927C,"Montauk-Scituate-Canton association, 3 to 15 percent slopes, extremely stony",HARV,C2017USMA029,Site_C NEON_12_HARV,Leicester,"Loamy-skeletal, mixed, superactive, nonacid, mesic Typic Humaquepts",4.0,Montauk [27355439; 40%; No] | Scituate [27355440; 30%; No] | Canton [27355441; 25%; No] | Ridgebury [27355438; 5%; Yes],AMBIGUOUS,Multiple plausible candidates remain without a decisive name/taxonomy margin.,No plausible alternative rejected.,,,,,,,,,,,,,,,
37631,S2017MA027029,42.4661416668,-72.2377333333,MA614,278718,927C,"Montauk-Scituate-Canton association, 3 to 15 percent slopes, extremely stony",HARV,C2017USMA029,Site_C NEON_12_HARV,Canton,"Sandy-skeletal, mixed, mesic Typic Dystrudepts",4.0,Montauk [27355439; 40%; No] | Scituate [27355440; 30%; No] | Canton [27355441; 25%; No] | Ridgebury [27355438; 5%; Yes],EXACT,Unique exact normalized NASIS taxon/component-name match within the intersected map unit.,Montauk (27355439): weaker name/taxonomy score 30.8; Scituate (27355440): weaker name/taxonomy score 30.0; Ridgebury (27355438): weaker name/taxonomy score -20.0,27355441,Canton,25,Yes,Inceptisols,Udepts,Dystrudepts,Typic Dystrudepts,coarse-loamy over sandy or sandy-skeletal,extremely stony,,Well drained,No,,
37632,S2017MA027059,42.4807500002,-72.2756111113,MA614,278713,918B,"Ridgebury-Whitman association, 0 to 8 percent slopes, extremely stony",HARV,C2017USMA029,Site_C NEON_12_HARV,Newfields,"Coarse-loamy over sandy or sandy-skeletal, mixed, active, mesic Oxyaquic Dystrudepts",5.0,Ridgebury [27355528; 50%; Yes] | Whitman [27355531; 30%; Yes] | Woodbridge [27355530; 10%; No] | Natchaug [27355529; 5%; Yes] | Catden [27355532; 5%; Yes],MEDIUM,No name match; unique candidate supported by at least three taxonomic ranks.,Whitman (27355531): weaker name/taxonomy score 8.8; Ridgebury (27355528): weaker name/taxonomy score 7.8; Natchaug (27355529): weaker name/taxonomy score -15.9; Catden (27355532): weaker name/taxonomy score -35.3,27355530,Woodbridge,10,No ,Inceptisols,Udepts,Dystrudepts,Aquic Dystrudepts,coarse-loamy,extremely stony,,Moderately well drained,No,,
37633,S2017MA027013,42.3921111,-72.2544722,MA614,278717,926C,"Charlton-Chatfield association, 3 to 15 percent slopes, extremely stony",HARV,C2017USMA029,Site_C NEON_12_HARV,Chatfield,"Loamy-skeletal, mixed, superactive, mesic Typic Dystrudepts",9.0,Charlton [27355335; 45%; No] | Chatfield [27355333; 20%; No] | Canton [27355334; 10%; No] | Paxton [27355330; 5%; No] | Scituate [27355332; 5%; No] | Other soils [27355336; 5%; nan] | Montauk [27355338; 5%; No] | Ridgebury [27355331; 3%; Yes] | Woodbridge [27355337; 2%; No],EXACT,Unique exact normalized NASIS taxon/component-name match within the intersected map unit.,Charlton (27355335): weaker name/taxonomy score 56.5; Canton (27355334): weaker name/taxonomy score 54.0; Scituate (27355332): weaker name/taxonomy score 36.5; Paxton (27355330): weaker name/taxonomy score 29.3; Montauk (27355338): weaker name/taxonomy score 24.4; Woodbridge (27355337): weaker name/taxonomy score 23.7; Other soils (27355336): weaker name/taxonomy score 10.5; Ridgebury (27355331): weaker name/taxonomy score 7.8,27355333,Chatfield,20,Yes,Inceptisols,Udepts,Dystrudepts,Typic Dystrudepts,coarse-loamy,,,Well drained,No,,
37634,S2017MA027011,42.4557500002,-72.2384444443,MA614,278718,927C,"Montauk-Scituate-Canton association, 3 to 15 percent slopes, extremely stony",HARV,C2017USMA029,Site_C NEON_12_HARV,Newfields,"Coarse-loamy over sandy or sandy-skeletal, mixed, superactive, mesic Aquic Dystrudepts",4.0,Montauk [27355439; 40%; No] | Scituate [27355440; 30%; No] | Canton [27355441; 25%; No] | Ridgebury [27355438; 5%; Yes],AMBIGUOUS,Multiple plausible candidates remain without a decisive name/taxonomy margin.,No plausible alternative rejected.,,,,,,,,,,,,,,,
37645,S2017WA011001,45.772496,-122.346228,WA011,71974,CnD,"Cinebar silt loam, 8 to 20 percent slopes",ABBY,C2017USWA119,Site_C NEON_1_ABBY,Cinebar,"Medial, mixed, mesic Humic Haploxerands",1.0,Cinebar [26506821; 100%; No],EXACT,Unique exact normalized NASIS taxon/component-name match within the intersected map unit.,,26506821,Cinebar,100,Yes,Andisols,Xerands,Haploxerands,Humic Haploxerands,medial,,,Well drained,No,,
37646,S2017WA011002,45.738925,-122.309048,WA011,71976,CnG,"Cinebar silt loam, 30 to 70 percent slopes",ABBY,C2017USWA119,Site_C NEON_1_ABBY,Aschoff,"Loamy-skeletal, isotic, mesic Andic Humudepts",1.0,Cinebar [26506823; 100%; No],UNMATCHED,No candidate has adequate name or taxonomic agreement.,All candidates lack sufficient correspondence to the sampled pedon.,,,,,,,,,,,,,,,
37647,S2017WA011007,45.769037,-122.361193,WA011,72013,KeC,"Kinney silt loam, 3 to 15 percent slopes",ABBY,C2017USWA119,Site_C NEON_1_ABBY,Cinebar,"Medial, mixed, mesic Humic Haploxerands",1.0,Kinney [26506861; 100%; No],UNMATCHED,No candidate has adequate name or taxonomic agreement.,All candidates lack sufficient correspondence to the sampled pedon.,,,,,,,,,,,,,,,
37648,S2017WA011008,45.771195,-122.3551,WA011,72013,KeC,"Kinney silt loam, 3 to 15 percent slopes",ABBY,C2017USWA119,Site_C NEON_1_ABBY,Cinebar,"Medial, mixed, mesic Humic Haploxerands",1.0,Kinney [26506861; 100%; No],UNMATCHED,No candidate has adequate name or taxonomic agreement.,All candidates lack sufficient correspondence to the sampled pedon.,,,,,,,,,,,,,,,
37649,S2017WA011009,45.765477,-122.299477,WA011,71974,CnD,"Cinebar silt loam, 8 to 20 percent slopes",ABBY,C2017USWA119,Site_C NEON_1_ABBY,Kinney,"Fine-loamy, isotic, mesic Andic Humudepts",1.0,Cinebar [26506821; 100%; No],UNMATCHED,No candidate has adequate name or taxonomic agreement.,All candidates lack sufficient correspondence to the sampled pedon.,,,,,,,,,,,,,,,
37650,S2017WA011011,45.743446,-122.358761,WA011,72014,KeE,"Kinney silt loam, 15 to 30 percent slopes",ABBY,C2017USWA119,Site_C NEON_1_ABBY,Kinney,"Fine-loamy, isotic, mesic Andic Humudepts",1.0,Kinney [26506862; 100%; No],EXACT,Unique exact normalized NASIS taxon/component-name match within the intersected map unit.,,26506862,Kinney,100,Yes,Inceptisols,Udepts,Dystrudepts,Andic Dystrudepts,fine-loamy,,,Well drained,No,,
37651,S2017WA011016,45.746858,-122.332407,WA011,71975,CnE,"Cinebar silt loam, 20 to 30 percent slopes",ABBY,C2017USWA119,Site_C NEON_1_ABBY,Ferteg,"Medial over loamy-skeletal, amorphic over isotic, mesic Aquic Haploxerands",1.0,Cinebar [26506822; 100%; No],AMBIGUOUS,Multiple plausible candidates remain without a decisive name/taxonomy margin.,No plausible alternative rejected.,,,,,,,,,,,,,,,
37652,S2017WA011017,45.72612,-122.369901,WA011,72047,OmF,"Olympic stony clay loam, 30 to 60 percent slopes",ABBY,C2017USWA119,Site_C NEON_1_ABBY,Kinney,"Fine-loamy, isotic, mesic Andic Humudepts",1.0,Olympic [26506895; 100%; No],UNMATCHED,No candidate has adequate name or taxonomic agreement.,All candidates lack sufficient correspondence to the sampled pedon.,,,,,,,,,,,,,,,
37653,S2017WA011019,45.752477,-122.326053,WA011,71974,CnD,"Cinebar silt loam, 8 to 20 percent slopes",ABBY,C2017USWA119,Site_C NEON_1_ABBY,Cinebar,"Medial, mixed, mesic Humic Haploxerands",1.0,Cinebar [26506821; 100%; No],EXACT,Unique exact normalized NASIS taxon/component-name match within the intersected map unit.,,26506821,Cinebar,100,Yes,Andisols,Xerands,Haploxerands,Humic Haploxerands,medial,,,Well drained,No,,
37654,S2017WA011020,45.76763,-122.303468,WA011,71975,CnE,"Cinebar silt loam, 20 to 30 percent slopes",ABBY,C2017USWA119,Site_C NEON_1_ABBY,Kinney,"Fine-loamy, isotic, mesic Vitrandic Humudepts",1.0,Cinebar [26506822; 100%; No],UNMATCHED,No candidate has adequate name or taxonomic agreement.,All candidates lack sufficient correspondence to the sampled pedon.,,,,,,,,,,,,,,,
37655,S2017WA011021,45.743813,-122.317125,WA011,71975,CnE,"Cinebar silt loam, 20 to 30 percent slopes",ABBY,C2017USWA119,Site_C NEON_1_ABBY,Cinebar,"Medial, mixed, mesic Humic Haploxerands",1.0,Cinebar [26506822; 100%; No],EXACT,Unique exact normalized NASIS taxon/component-name match within the intersected map unit.,,26506822,Cinebar,100,Yes,Andisols,Xerands,Haploxerands,Humic Haploxerands,medial,,,Well drained,No,,
37656,S2017WA011023,45.744414,-122.381781,WA011,72046,OmE,"Olympic stony clay loam, 3 to 30 percent slopes",ABBY,C2017USWA119,Site_C NEON_1_ABBY,Kinney,"Fine-loamy, isotic, mesic Andic Humudepts",1.0,Olympic [26506894; 100%; No],UNMATCHED,No candidate has adequate name or taxonomic agreement.,All candidates lack sufficient correspondence to the sampled pedon.,,,,,,,,,,,,,,,
37657,S2017WA011026,45.770001,-122.387671,WA011,72046,OmE,"Olympic stony clay loam, 3 to 30 percent slopes",ABBY,C2017USWA119,Site_C NEON_1_ABBY,Kinney,"Fine-loamy, isotic, mesic Andic Humudepts",1.0,Olympic [26506894; 100%; No],UNMATCHED,No candidate has adequate name or taxonomic agreement.,All candidates lack sufficient correspondence to the sampled pedon.,,,,,,,,,,,,,,,
37658,S2017WA011028,45.745242,-122.3759,WA011,72013,KeC,"Kinney silt loam, 3 to 15 percent slopes",ABBY,C2017USWA119,Site_C NEON_1_ABBY,Huss,"Medial-skeletal, amorphic, mesic Typic Hapludands",1.0,Kinney [26506861; 100%; No],UNMATCHED,No candidate has adequate name or taxonomic agreement.,All candidates lack sufficient correspondence to the sampled pedon.,,,,,,,,,,,,,,,
37659,S2017WA011063,45.760386,-122.330201,WA011,71974,CnD,"Cinebar silt loam, 8 to 20 percent slopes",ABBY,C2017USWA119,Site_C NEON_1_ABBY,Cinebar,"Medial, mixed, mesic Humic Haploxerands",1.0,Cinebar [26506821; 100%; No],EXACT,Unique exact normalized NASIS taxon/component-name match within the intersected map unit.,,26506821,Cinebar,100,Yes,Andisols,Xerands,Haploxerands,Humic Haploxerands,medial,,,Well drained,No,,
37660,S2017WA011881,45.773042,-122.348235,WA011,71974,CnD,"Cinebar silt loam, 8 to 20 percent slopes",ABBY,C2017USWA119,Site_C NEON_1_ABBY,Cinebar,"Medial, mixed, mesic Humic Haploxerands",1.0,Cinebar [26506821; 100%; No],EXACT,Unique exact normalized NASIS taxon/component-name match within the intersected map unit.,,26506821,Cinebar,100,Yes,Andisols,Xerands,Haploxerands,Humic Haploxerands,medial,,,Well drained,No,,
37718,S2017WA059001,45.816429,-121.958466,WA760,2511987,NOTCOM,No Digital Data Available,,I2018USWA008,NEON WA Wind River WREF,Stabler,"Medial, amorphic, mesic Typic Hapludands",1.0,NOTCOM [26616659; 100%; nan],UNMATCHED,No candidate has adequate name or taxonomic agreement.,All candidates lack sufficient correspondence to the sampled pedon.,,,,,,,,,,,,,,,
37865,S2015GA007001,31.1960833337,-84.4733444446,GA603,325176,TwB,"Troup sand, 0 to 5 percent slopes",JERC,C2018USGA034,Site_C NEON_7_JERC,Wicksburg,"Clayey, kaolinitic, thermic Arenic Paleudults",1.0,Troup [26518286; 80%; No],AMBIGUOUS,Multiple plausible candidates remain without a decisive name/taxonomy margin.,No plausible alternative rejected.,,,,,,,,,,,,,,,
37866,S2015GA007003,31.2080527777,-84.4697277779,GA603,325177,TwC,"Troup sand, 5 to 8 percent slopes",JERC,C2018USGA034,Site_C NEON_7_JERC,Troup,"Loamy, kaolinitic, thermic Grossarenic Kandiudults",1.0,Troup [26518290; 88%; No],EXACT,Unique exact normalized NASIS taxon/component-name match within the intersected map unit.,,26518290,Troup,88,Yes,Ultisols,Udults,Kandiudults,Grossarenic Kandiudults,loamy,,,Somewhat excessively drained,No,,
37867,S2015GA007004,31.2103611108,-84.4685305555,GA603,325159,LmB,"Lucy loamy sand, 0 to 5 percent slopes",JERC,C2018USGA034,Site_C NEON_7_JERC,Benevolence,"Coarse-loamy, kaolinitic, thermic Typic Kandiudults",1.0,Lucy [26518282; 85%; No],AMBIGUOUS,Multiple plausible candidates remain without a decisive name/taxonomy margin.,No plausible alternative rejected.,,,,,,,,,,,,,,,
37868,S2015GA007005,31.1975138886,-84.4916055557,GA603,325178,WaB,"Wagram loamy sand, 0 to 5 percent slopes",JERC,C2018USGA034,Site_C NEON_7_JERC,Norfolk,"Fine-loamy, kaolinitic, thermic Typic Kandiudults",1.0,Wagram [26518265; 70%; No],AMBIGUOUS,Multiple plausible candidates remain without a decisive name/taxonomy margin.,No plausible alternative rejected.,,,,,,,,,,,,,,,
37869,S2015GA007006,31.1832277774,-84.4548222223,GA603,325138,BoA,"Bonneau loamy sand, 0 to 2 percent slopes",JERC,C2018USGA034,Site_C NEON_7_JERC,Wagram,"Loamy, kaolinitic, thermic Arenic Kandiudults",2.0,Bonneau [26518258; 95%; No] | Pelham [26518259; 5%; Yes],AMBIGUOUS,Multiple plausible candidates remain without a decisive name/taxonomy margin.,No plausible alternative rejected.,,,,,,,,,,,,,,,
37870,S2015GA007008,31.20227,-84.4647,GA603,325178,WaB,"Wagram loamy sand, 0 to 5 percent slopes",JERC,C2018USGA034,Site_C NEON_7_JERC,Troup,"Loamy, kaolinitic, thermic Grossarenic Kandiudults",1.0,Wagram [26518265; 70%; No],MEDIUM,No name match; unique candidate supported by at least three taxonomic ranks.,,26518265,Wagram,70,Yes,Ultisols,Udults,Kandiudults,Arenic Kandiudults,loamy,,,Well drained,No,,
37871,S2015GA007009,31.19824,-84.4674,GA603,325177,TwC,"Troup sand, 5 to 8 percent slopes",JERC,C2018USGA034,Site_C NEON_7_JERC,Bigbee,"Thermic, coated Typic Quartzipsamments",1.0,Troup [26518290; 88%; No],UNMATCHED,No candidate has adequate name or taxonomic agreement.,All candidates lack sufficient correspondence to the sampled pedon.,,,,,,,,,,,,,,,
37872,S2015GA007010,31.19632,-84.462,GA603,325176,TwB,"Troup sand, 0 to 5 percent slopes",JERC,C2018USGA034,Site_C NEON_7_JERC,Orangeburg,"Fine-loamy, kaolinitic, thermic Typic Kandiudults",1.0,Troup [26518286; 80%; No],AMBIGUOUS,Multiple plausible candidates remain without a decisive name/taxonomy margin.,No plausible alternative rejected.,,,,,,,,,,,,,,,
37873,S2015GA007011,31.19627,-84.4643,GA603,325176,TwB,"Troup sand, 0 to 5 percent slopes",JERC,C2018USGA034,Site_C NEON_7_JERC,Troup,"Loamy, kaolinitic, thermic Grossarenic Kandiudults",1.0,Troup [26518286; 80%; No],EXACT,Unique exact normalized NASIS taxon/component-name match within the intersected map unit.,,26518286,Troup,80,Yes,Ultisols,Udults,Kandiudults,Grossarenic Kandiudults,loamy,,,Somewhat excessively drained,No,,
37874,S2015GA007012,31.19437,-84.4603,GA603,325178,WaB,"Wagram loamy sand, 0 to 5 percent slopes",JERC,C2018USGA034,Site_C NEON_7_JERC,Orangeburg,"Fine-loamy, kaolinitic, thermic Typic Kandiudults",1.0,Wagram [26518265; 70%; No],AMBIGUOUS,Multiple plausible candidates remain without a decisive name/taxonomy margin.,No plausible alternative rejected.,,,,,,,,,,,,,,,
37875,S2015GA007014,31.1945944446,-84.4522666666,GA603,325166,OeB,"Orangeburg loamy sand, 2 to 5 percent slopes",JERC,C2018USGA034,Site_C NEON_7_JERC,Bonneau,"Loamy, siliceous, subactive, thermic Arenic Paleudults",1.0,Orangeburg [26518278; 80%; No],AMBIGUOUS,Multiple plausible candidates remain without a decisive name/taxonomy margin.,No plausible alternative rejected.,,,,,,,,,,,,,,,
37876,S2015GA007015,31.1873638889,-84.4560000001,GA603,325176,TwB,"Troup sand, 0 to 5 percent slopes",JERC,C2018USGA034,Site_C NEON_7_JERC,Troup,"Loamy, kaolinitic, thermic Grossarenic Kandiudults",1.0,Troup [26518286; 80%; No],EXACT,Unique exact normalized NASIS taxon/component-name match within the intersected map unit.,,26518286,Troup,80,Yes,Ultisols,Udults,Kandiudults,Grossarenic Kandiudults,loamy,,,Somewhat excessively drained,No,,
37877,S2015GA007016,31.1949833329,-84.4510833333,GA603,325166,OeB,"Orangeburg loamy sand, 2 to 5 percent slopes",JERC,C2018USGA034,Site_C NEON_7_JERC,Benevolence,"Coarse-loamy, kaolinitic, thermic Typic Kandiudults",1.0,Orangeburg [26518278; 80%; No],AMBIGUOUS,Multiple plausible candidates remain without a decisive name/taxonomy margin.,No plausible alternative rejected.,,,,,,,,,,,,,,,
37878,S2015GA007017,31.194863,-84.457,GA603,325178,WaB,"Wagram loamy sand, 0 to 5 percent slopes",JERC,C2018USGA034,Site_C NEON_7_JERC,Orangeburg,"Fine-loamy, kaolinitic, thermic Typic Kandiudults",1.0,Wagram [26518265; 70%; No],AMBIGUOUS,Multiple plausible candidates remain without a decisive name/taxonomy margin.,No plausible alternative rejected.,,,,,,,,,,,,,,,
37879,S2015GA007019,31.1904833332,-84.4542777776,GA603,325178,WaB,"Wagram loamy sand, 0 to 5 percent slopes",JERC,C2018USGA034,Site_C NEON_7_JERC,Norfolk,"Fine-loamy, kaolinitic, thermic Typic Kandiudults",1.0,Wagram [26518265; 70%; No],AMBIGUOUS,Multiple plausible candidates remain without a decisive name/taxonomy margin.,No plausible alternative rejected.,,,,,,,,,,,,,,,
37880,S2015GA007021,31.19195,-84.4562,GA603,325166,OeB,"Orangeburg loamy sand, 2 to 5 percent slopes",JERC,C2018USGA034,Site_C NEON_7_JERC,Orangeburg,"Fine-loamy, kaolinitic, thermic Typic Kandiudults",1.0,Orangeburg [26518278; 80%; No],EXACT,Unique exact normalized NASIS taxon/component-name match within the intersected map unit.,,26518278,Orangeburg,80,Yes,Ultisols,Udults,Kandiudults,Typic Kandiudults,fine-loamy,,,Well drained,No,,
37881,S2015GA007022,31.1834749999,-84.4707527777,GA603,325156,HvA,"Hornsville fine sandy loam, 0 to 2 percent slopes",JERC,C2018USGA034,Site_C NEON_7_JERC,Hornsville,"Fine, kaolinitic, thermic Aquic Hapludults",1.0,Hornsville [26518263; 100%; No],EXACT,Unique exact normalized NASIS taxon/component-name match within the intersected map unit.,,26518263,Hornsville,100,Yes,Ultisols,Udults,Hapludults,Aquic Hapludults,fine,,,Moderately well drained,No,,
37882,S2015GA007024,31.1755555555,-84.46925,GA603,325156,HvA,"Hornsville fine sandy loam, 0 to 2 percent slopes",JERC,C2018USGA034,Site_C NEON_7_JERC,Faceville,"Fine, kaolinitic, thermic Typic Kandiudults",1.0,Hornsville [26518263; 100%; No],AMBIGUOUS,Multiple plausible candidates remain without a decisive name/taxonomy margin.,No plausible alternative rejected.,,,,,,,,,,,,,,,
37883,S2015GA007025,31.1825555557,-84.4782222217,GA603,325157,KeC,"Kershaw sand, 2 to 12 percent slopes",JERC,C2018USGA034,Site_C NEON_7_JERC,Nankin,"Fine, kaolinitic, thermic Typic Kanhapludults",1.0,Kershaw [26518264; 100%; No],UNMATCHED,No candidate has adequate name or taxonomic agreement.,All candidates lack sufficient correspondence to the sampled pedon.,,,,,,,,,,,,,,,
37884,S2015GA007026,31.1867333332,-84.464605556,GA603,325178,WaB,"Wagram loamy sand, 0 to 5 percent slopes",JERC,C2018USGA034,Site_C NEON_7_JERC,Wagram,"Loamy, kaolinitic, thermic Arenic Kandiudults",1.0,Wagram [26518265; 70%; No],EXACT,Unique exact normalized NASIS taxon/component-name match within the intersected map unit.,,26518265,Wagram,70,Yes,Ultisols,Udults,Kandiudults,Arenic Kandiudults,loamy,,,Well drained,No,,
37885,S2015GA007027,31.1850277777,-84.4762777773,GA603,325176,TwB,"Troup sand, 0 to 5 percent slopes",JERC,C2018USGA034,Site_C NEON_7_JERC,Norfolk,"Fine-loamy, kaolinitic, thermic Typic Kandiudults",1.0,Troup [26518286; 80%; No],AMBIGUOUS,Multiple plausible candidates remain without a decisive name/taxonomy margin.,No plausible alternative rejected.,,,,,,,,,,,,,,,
37886,S2015GA007028,31.1782777775,-84.4701666667,GA603,325145,EnC,"Esto-Norfolk complex, 5 to 8 percent slopes",JERC,C2018USGA034,Site_C NEON_7_JERC,Nankin,"Fine, kaolinitic, thermic Typic Kanhapludults",2.0,Esto [26518272; 65%; No] | Norfolk [26518273; 35%; No],AMBIGUOUS,Multiple plausible candidates remain without a decisive name/taxonomy margin.,No plausible alternative rejected.,,,,,,,,,,,,,,,
37887,S2015GA007029,31.18668,-84.4645,GA603,325178,WaB,"Wagram loamy sand, 0 to 5 percent slopes",JERC,C2018USGA034,Site_C NEON_7_JERC,Bigbee,"Thermic, coated Typic Quartzipsamments",1.0,Wagram [26518265; 70%; No],UNMATCHED,No candidate has adequate name or taxonomic agreement.,All candidates lack sufficient correspondence to the sampled pedon.,,,,,,,,,,,,,,,
37888,S2017CO013008,40.1512805555,-105.4727805556,CO645,762958,2703B,"Cypher-Ratake families complex, 5 to 40 percent slopes",RMNP,C2018USCO035,Site_C NEON_4_RMNP,Teaspoon,"Coarse-loamy, superactive Lithic Argiustolls",5.0,Cypher family [26663509; 40%; No] | Ratake family [26663510; 35%; No] | Argiustolls [26663507; 10%; No] | Haplustalfs [26663508; 8%; No] | Rock outcrop [26663511; 7%; No],AMBIGUOUS,Multiple plausible candidates remain without a decisive name/taxonomy margin.,No plausible alternative rejected.,,,,,,,,,,,,,,,
37889,S2017CO013009,40.1543499999,-105.4752888891,CO645,762958,2703B,"Cypher-Ratake families complex, 5 to 40 percent slopes",RMNP,C2018USCO035,Site_C NEON_4_RMNP,Cypher,"Sandy-skeletal, mixed, superactive Lithic Ustorthents",5.0,Cypher family [26663509; 40%; No] | Ratake family [26663510; 35%; No] | Argiustolls [26663507; 10%; No] | Haplustalfs [26663508; 8%; No] | Rock outcrop [26663511; 7%; No],UNMATCHED,No candidate has adequate name or taxonomic agreement.,All candidates lack sufficient correspondence to the sampled pedon.,,,,,,,,,,,,,,,
37890,S2017CO013010,40.186711111,-105.5410888889,CO645,762992,7700C,"Leighcan family, 40 to 75 percent slopes",RMNP,C2018USCO035,Site_C NEON_4_RMNP,SND,"Loamy-skeletal, active Haplocryalfs",4.0,Leighcan family [26663423; 85%; No] | Dystrocryepts [26663421; 5%; No] | Frisco family [26663422; 5%; No] | Rock outcrop [26663424; 5%; No],UNMATCHED,No candidate has adequate name or taxonomic agreement.,All candidates lack sufficient correspondence to the sampled pedon.,,,,,,,,,,,,,,,
37891,S2017CO013011,40.2012611111,-105.4836194444,CO645,2108969,4703D,"Bullwark-Catamount families-Rock outcrop complex, 40 to 150 percent slopes",RMNP,C2018USCO035,Site_C NEON_4_RMNP,Catamount,"Sandy-skeletal, mixed, superactive Lithic Dystrocryepts",5.0,Bullwark family [26663480; 50%; No] | Catamount family [26663481; 25%; No] | Rock outcrop [26663479; 15%; No] | Cathedral family [26663477; 5%; No] | Frisco family [26663478; 5%; No],AMBIGUOUS,Multiple plausible candidates remain without a decisive name/taxonomy margin.,No plausible alternative rejected.,,,,,,,,,,,,,,,
37892,S2017CO013012,40.1999388885,-105.4924194441,CO645,2108969,4703D,"Bullwark-Catamount families-Rock outcrop complex, 40 to 150 percent slopes",RMNP,C2018USCO035,Site_C NEON_4_RMNP,SND,"Loamy, mixed, superactive Lithic Cryorthents",5.0,Bullwark family [26663480; 50%; No] | Catamount family [26663481; 25%; No] | Rock outcrop [26663479; 15%; No] | Cathedral family [26663477; 5%; No] | Frisco family [26663478; 5%; No],UNMATCHED,No candidate has adequate name or taxonomic agreement.,All candidates lack sufficient correspondence to the sampled pedon.,,,,,,,,,,,,,,,
37893,S2017CO013013,40.1958111106,-105.4914000002,CO645,762980,4704B,"Bullwark-Catamount families-Rubble land complex, 10 to 40 percent slopes",RMNP,C2018USCO035,Site_C NEON_4_RMNP,SND,"Fine-loamy, superactive, frigid Lithic Haplustalfs",5.0,Bullwark family [26663412; 50%; No] | Catamount family [26663413; 25%; No] | Rubble land [26663414; 15%; No] | Frisco family [26663410; 5%; No] | Ratake family [26663411; 5%; No],UNMATCHED,No candidate has adequate name or taxonomic agreement.,All candidates lack sufficient correspondence to the sampled pedon.,,,,,,,,,,,,,,,
37894,S2017CO013014,40.1973305553,-105.4686111111,CO645,763004,7790B,"Lithic Cryorthents, subalpine-Rubble land complex, 5 to 40 percent slopes",RMNP,C2018USCO035,Site_C NEON_4_RMNP,SND,"Loamy-skeletal, mixed, superactive Typic Haplocryalfs",5.0,Lithic Cryorthents [26663397; 60%; No] | Rubble land [26663398; 25%; No] | Lithic Cryorthents [26663394; 5%; No] | Leighcan family [26663395; 5%; No] | Moran family [26663396; 5%; No],UNMATCHED,No candidate has adequate name or taxonomic agreement.,All candidates lack sufficient correspondence to the sampled pedon.,,,,,,,,,,,,,,,
37895,S2017CO013015,40.1973611111,-105.4720499997,CO645,762959,2704D,"Typic Haplustolls-Cathedral family-Rock outcrop complex, 40 to 150 percent slopes",RMNP,C2018USCO035,Site_C NEON_4_RMNP,SND,"Loamy-skeletal, mixed, active Typic Haplocryalfs",5.0,Typic Haplustolls [26663464; 55%; No] | Rock outcrop [26663463; 15%; No] | Cathedral family [26663465; 15%; No] | Cypher family [26663461; 10%; No] | Argiustolls [26663462; 5%; No],UNMATCHED,No candidate has adequate name or taxonomic agreement.,All candidates lack sufficient correspondence to the sampled pedon.,,,,,,,,,,,,,,,
37896,S2017CO013016,40.1615694448,-105.5345305555,CO645,762986,7201B,"Leighcan family, till substratum, 5 to 40 percent slopes",RMNP,C2018USCO035,Site_C NEON_4_RMNP,SND,"Loamy-skeletal, mixed, active Typic Haplocryalfs",4.0,Leighcan family [26663599; 85%; No] | Haplocryalfs [26663596; 5%; No] | Eutrocryepts [26663597; 5%; No] | Haplocryolls [26663598; 5%; No],UNMATCHED,No candidate has adequate name or taxonomic agreement.,All candidates lack sufficient correspondence to the sampled pedon.,,,,,,,,,,,,,,,
37897,S2017CO013017,40.1630305555,-105.5423694441,CO645,762995,7709D,"Leighcan family-Rock outcrop complex, 40 to 150 percent slopes, south aspects",RMNP,C2018USCO035,Site_C NEON_4_RMNP,SND,"Loamy-skeletal, mixed, superactive Typic Haplocryalfs",4.0,Leighcan family [26663640; 50%; No] | Rock outcrop [26663639; 35%; No] | Typic Cryorthents [26663637; 10%; No] | Lithic Cryorthents [26663638; 5%; No],UNMATCHED,No candidate has adequate name or taxonomic agreement.,All candidates lack sufficient correspondence to the sampled pedon.,,,,,,,,,,,,,,,
37898,S2017CO013018,40.1636611111,-105.539211111,CO645,762986,7201B,"Leighcan family, till substratum, 5 to 40 percent slopes",RMNP,C2018USCO035,Site_C NEON_4_RMNP,SND,"Loamy-skeletal, mixed, superactive Typic Haplocryalfs",4.0,Leighcan family [26663599; 85%; No] | Haplocryalfs [26663596; 5%; No] | Eutrocryepts [26663597; 5%; No] | Haplocryolls [26663598; 5%; No],UNMATCHED,No candidate has adequate name or taxonomic agreement.,All candidates lack sufficient correspondence to the sampled pedon.,,,,,,,,,,,,,,,
37899,S2017CO013019,40.1580194446,-105.5436111111,CO645,762992,7700C,"Leighcan family, 40 to 75 percent slopes",RMNP,C2018USCO035,Site_C NEON_4_RMNP,SND,"Loamy-skeletal, mixed, superactive Typic Haplocryalfs",4.0,Leighcan family [26663423; 85%; No] | Dystrocryepts [26663421; 5%; No] | Frisco family [26663422; 5%; No] | Rock outcrop [26663424; 5%; No],UNMATCHED,No candidate has adequate name or taxonomic agreement.,All candidates lack sufficient correspondence to the sampled pedon.,,,,,,,,,,,,,,,
37900,S2017CO013020,40.1785444439,-105.5358166665,CO645,762959,2704D,"Typic Haplustolls-Cathedral family-Rock outcrop complex, 40 to 150 percent slopes",RMNP,C2018USCO035,Site_C NEON_4_RMNP,SND,"Sandy-skeletal, mixed, superactive, frigid Typic Haplustepts",5.0,Typic Haplustolls [26663464; 55%; No] | Rock outcrop [26663463; 15%; No] | Cathedral family [26663465; 15%; No] | Cypher family [26663461; 10%; No] | Argiustolls [26663462; 5%; No],UNMATCHED,No candidate has adequate name or taxonomic agreement.,All candidates lack sufficient correspondence to the sampled pedon.,,,,,,,,,,,,,,,
37901,S2017CO013021,40.1651444445,-105.5322944439,CO645,762986,7201B,"Leighcan family, till substratum, 5 to 40 percent slopes",RMNP,C2018USCO035,Site_C NEON_4_RMNP,Ericson,"Fine-loamy, mixed, superactive Typic Haplocryalfs",4.0,Leighcan family [26663599; 85%; No] | Haplocryalfs [26663596; 5%; No] | Eutrocryepts [26663597; 5%; No] | Haplocryolls [26663598; 5%; No],UNMATCHED,No candidate has adequate name or taxonomic agreement.,All candidates lack sufficient correspondence to the sampled pedon.,,,,,,,,,,,,,,,
37907,S2016AL007002,32.9220138888,-87.4291361109,AL065,329768,MsF,"Maubila-Smithdale complex, 15 to 35 percent slopes",TALL,C2018USAL037,Site_C NEON_7_TALL,Maubila,"Fine, mixed, subactive, thermic Aquic Hapludults",3.0,Maubila [27276446; 50%; No] | Smithdale [27276444; 35%; No] | Bibb [27276445; 5%; Yes],EXACT,Unique exact normalized NASIS taxon/component-name match within the intersected map unit.,Smithdale (27276444): weaker name/taxonomy score 53.1; Bibb (27276445): weaker name/taxonomy score -27.3,27276446,Maubila,50,Yes,Ultisols,Udults,Hapludults,Aquic Hapludults,fine,,,Moderately well drained,No,,
37908,S2016AL007004,32.9577194446,-87.4328000005,AL065,329766,MkC2,"Maubila flaggy loam, 2 to 8 percent slopes, eroded",TALL,C2018USAL037,Site_C NEON_7_TALL,Wadley,"Loamy, siliceous, subactive, thermic Grossarenic Paleudults",1.0,Maubila [27276470; 85%; No],AMBIGUOUS,Multiple plausible candidates remain without a decisive name/taxonomy margin.,No plausible alternative rejected.,,,,,,,,,,,,,,,
37909,S2016AL007005,32.8969416671,-87.3975750001,AL007,2232985,MsD,"Maubila-Smithdale-Boykin complex, 5 to 20 percent slopes",TALL,C2018USAL037,Site_C NEON_7_TALL,Unknown,"Fine-loamy, siliceous, semiactive, thermic Inceptic Hapludults",4.0,Maubila [26916485; 36%; No] | Smithdale [26916486; 34%; No] | Boykin [26916483; 20%; No] | Bibb [26916484; 2%; Yes],AMBIGUOUS,Multiple plausible candidates remain without a decisive name/taxonomy margin.,No plausible alternative rejected.,,,,,,,,,,,,,,,
37910,S2016AL007006,32.8986944442,-87.4463333331,AL065,329767,MsD,"Maubila-Smithdale-Boykin complex, 5 to 20 percent slopes",TALL,C2018USAL037,Site_C NEON_7_TALL,Wadley,"Loamy, siliceous, subactive, thermic Grossarenic Paleudults",4.0,Maubila [27276398; 45%; No] | Smithdale [27276395; 25%; No] | Boykin [27276396; 15%; No] | Bibb [27276397; 3%; Yes],MEDIUM,No name match; unique candidate supported by at least three taxonomic ranks.,Smithdale (27276395): weaker name/taxonomy score 34.0; Maubila (27276398): weaker name/taxonomy score 10.8; Bibb (27276397): weaker name/taxonomy score -20.0,27276396,Boykin,15,Yes,Ultisols,Udults,Paleudults,Arenic Paleudults,loamy,,,Well drained,No,,
37911,S2016AL007007,32.9742722219,-87.4271638891,AL065,725102,WbD,"Wadley-Smithdale-Boykin complex, 5 to 20 percent slopes",TALL,C2018USAL037,Site_C NEON_7_TALL,Maubila,"Fine, mixed, subactive, thermic Aquic Hapludults",4.0,Wadley [27276404; 45%; No] | Smithdale [27276403; 30%; No] | Boykin [27276402; 15%; No] | Bibb [27276401; 3%; Yes],AMBIGUOUS,Multiple plausible candidates remain without a decisive name/taxonomy margin.,No plausible alternative rejected.,,,,,,,,,,,,,,,
37912,S2016AL007009,32.899622222,-87.406875,AL007,2247144,WdE,"Wadley-Smithdale-Boykin complex, 5 to 20 percent slopes",TALL,C2018USAL037,Site_C NEON_7_TALL,Maubila,"Fine, mixed, subactive, thermic Aquic Hapludults",4.0,Wadley [26916475; 45%; No] | Smithdale [26916476; 30%; No] | Boykin [26916477; 15%; No] | Bibb [26916478; 3%; Yes],AMBIGUOUS,Multiple plausible candidates remain without a decisive name/taxonomy margin.,No plausible alternative rejected.,,,,,,,,,,,,,,,
37913,S2016AL007010,32.9266472223,-87.4188916667,AL007,2232549,MsF,"Maubila-Smithdale complex, 15 to 35 percent slopes",TALL,C2018USAL037,Site_C NEON_7_TALL,Bonneau,"Loamy, siliceous, subactive, thermic Arenic Paleudults",3.0,Maubila [26916502; 50%; No] | Smithdale [26916503; 35%; No] | Bibb [26916501; 5%; Yes],AMBIGUOUS,Multiple plausible candidates remain without a decisive name/taxonomy margin.,No plausible alternative rejected.,,,,,,,,,,,,,,,
37914,S2016AL007011,32.9561694441,-87.4103972223,AL007,2232549,MsF,"Maubila-Smithdale complex, 15 to 35 percent slopes",TALL,C2018USAL037,Site_C NEON_7_TALL,Bibb,"Coarse-loamy, siliceous, active, acid, thermic Typic Fluvaquents",3.0,Maubila [26916502; 50%; No] | Smithdale [26916503; 35%; No] | Bibb [26916501; 5%; Yes],EXACT,Unique exact normalized NASIS taxon/component-name match within the intersected map unit.,Maubila (26916502): weaker name/taxonomy score -27.3; Smithdale (26916503): weaker name/taxonomy score -34.6,26916501,Bibb,5,No ,Entisols,Aquents,Fluvaquents,Typic Fluvaquents,coarse-loamy,,,Poorly drained,Yes,2,6061468
37915,S2016AL007012,32.9188694443,-87.3977000003,AL007,2232985,MsD,"Maubila-Smithdale-Boykin complex, 5 to 20 percent slopes",TALL,C2018USAL037,Site_C NEON_7_TALL,Smithdale,"Fine-loamy, siliceous, subactive, thermic Typic Hapludults",4.0,Maubila [26916485; 36%; No] | Smithdale [26916486; 34%; No] | Boykin [26916483; 20%; No] | Bibb [26916484; 2%; Yes],EXACT,Unique exact normalized NASIS taxon/component-name match within the intersected map unit.,Maubila (26916485): weaker name/taxonomy score 53.1; Boykin (26916483): weaker name/taxonomy score 24.7; Bibb (26916484): weaker name/taxonomy score -34.6,26916486,Smithdale,34,Yes,Ultisols,Udults,Hapludults,Typic Hapludults,fine-loamy,,,Well drained,No,,
37916,S2016AL007013,32.8845833333,-87.4546388891,AL065,329768,MsF,"Maubila-Smithdale complex, 15 to 35 percent slopes",TALL,C2018USAL037,Site_C NEON_7_TALL,Columbus,"Fine-loamy, siliceous, semiactive, thermic Aquic Hapludults",3.0,Maubila [27276446; 50%; No] | Smithdale [27276444; 35%; No] | Bibb [27276445; 5%; Yes],MEDIUM,No name match; unique candidate supported by at least three taxonomic ranks.,Smithdale (27276444): weaker name/taxonomy score 44.1; Bibb (27276445): weaker name/taxonomy score -34.2,27276446,Maubila,50,Yes,Ultisols,Udults,Hapludults,Aquic Hapludults,fine,,,Moderately well drained,No,,
37917,S2016AL007015,32.910222222,-87.4210833332,AL007,2232549,MsF,"Maubila-Smithdale complex, 15 to 35 percent slopes",TALL,C2018USAL037,Site_C NEON_7_TALL,Maubila,"Fine, mixed, subactive, thermic Aquic Hapludults",3.0,Maubila [26916502; 50%; No] | Smithdale [26916503; 35%; No] | Bibb [26916501; 5%; Yes],EXACT,Unique exact normalized NASIS taxon/component-name match within the intersected map unit.,Smithdale (26916503): weaker name/taxonomy score 53.1; Bibb (26916501): weaker name/taxonomy score -27.3,26916502,Maubila,50,Yes,Ultisols,Udults,Hapludults,Aquic Hapludults,fine,,,Moderately well drained,No,,
37918,S2016AL007016,32.9702499998,-87.4152500004,AL007,2232549,MsF,"Maubila-Smithdale complex, 15 to 35 percent slopes",TALL,C2018USAL037,Site_C NEON_7_TALL,Maubila,"Fine, mixed, subactive, thermic Aquic Hapludults",3.0,Maubila [26916502; 50%; No] | Smithdale [26916503; 35%; No] | Bibb [26916501; 5%; Yes],EXACT,Unique exact normalized NASIS taxon/component-name match within the intersected map unit.,Smithdale (26916503): weaker name/taxonomy score 53.1; Bibb (26916501): weaker name/taxonomy score -27.3,26916502,Maubila,50,Yes,Ultisols,Udults,Hapludults,Aquic Hapludults,fine,,,Moderately well drained,No,,
37919,S2016AL007017,32.9099166668,-87.4089166662,AL007,2232549,MsF,"Maubila-Smithdale complex, 15 to 35 percent slopes",TALL,C2018USAL037,Site_C NEON_7_TALL,Maubila,"Fine, mixed, subactive, thermic Aquic Hapludults",3.0,Maubila [26916502; 50%; No] | Smithdale [26916503; 35%; No] | Bibb [26916501; 5%; Yes],EXACT,Unique exact normalized NASIS taxon/component-name match within the intersected map unit.,Smithdale (26916503): weaker name/taxonomy score 53.1; Bibb (26916501): weaker name/taxonomy score -27.3,26916502,Maubila,50,Yes,Ultisols,Udults,Hapludults,Aquic Hapludults,fine,,,Moderately well drained,No,,
37920,S2016AL007018,32.9161777782,-87.39,AL007,2232985,MsD,"Maubila-Smithdale-Boykin complex, 5 to 20 percent slopes",TALL,C2018USAL037,Site_C NEON_7_TALL,Maubila,"Fine, mixed, subactive, thermic Aquic Hapludults",4.0,Maubila [26916485; 36%; No] | Smithdale [26916486; 34%; No] | Boykin [26916483; 20%; No] | Bibb [26916484; 2%; Yes],EXACT,Unique exact normalized NASIS taxon/component-name match within the intersected map unit.,Smithdale (26916486): weaker name/taxonomy score 53.1; Boykin (26916483): weaker name/taxonomy score 10.8; Bibb (26916484): weaker name/taxonomy score -27.3,26916485,Maubila,36,Yes,Ultisols,Udults,Hapludults,Aquic Hapludults,fine,,,Moderately well drained,No,,
37921,S2016AL007020,32.955847222,-87.4270527776,AL065,329768,MsF,"Maubila-Smithdale complex, 15 to 35 percent slopes",TALL,C2018USAL037,Site_C NEON_7_TALL,Smithdale,"Fine-loamy, siliceous, subactive, thermic Typic Hapludults",3.0,Maubila [27276446; 50%; No] | Smithdale [27276444; 35%; No] | Bibb [27276445; 5%; Yes],EXACT,Unique exact normalized NASIS taxon/component-name match within the intersected map unit.,Maubila (27276446): weaker name/taxonomy score 53.1; Bibb (27276445): weaker name/taxonomy score -34.6,27276444,Smithdale,35,Yes,Ultisols,Udults,Hapludults,Typic Hapludults,fine-loamy,,,Well drained,No,,
37922,S2016AL007021,32.9499499999,-87.4077972221,AL007,2232675,MsG,"Maubila-Smithdale complex, 35 to 45 percent slopes",TALL,C2018USAL037,Site_C NEON_7_TALL,Bonneau,"Loamy, siliceous, subactive, thermic Arenic Paleudults",3.0,Maubila [26916456; 50%; No] | Smithdale [26916457; 35%; No] | Bibb [26916458; 1%; Yes],AMBIGUOUS,Multiple plausible candidates remain without a decisive name/taxonomy margin.,No plausible alternative rejected.,,,,,,,,,,,,,,,
37923,S2016AL007023,32.9293777773,-87.4121638891,AL007,2232549,MsF,"Maubila-Smithdale complex, 15 to 35 percent slopes",TALL,C2018USAL037,Site_C NEON_7_TALL,Unknown,"Fine-loamy, siliceous, semiactive, thermic Inceptic Hapludults",3.0,Maubila [26916502; 50%; No] | Smithdale [26916503; 35%; No] | Bibb [26916501; 5%; Yes],AMBIGUOUS,Multiple plausible candidates remain without a decisive name/taxonomy margin.,No plausible alternative rejected.,,,,,,,,,,,,,,,
37924,S2016AL007024,32.9239333332,-87.4217666668,AL007,2232549,MsF,"Maubila-Smithdale complex, 15 to 35 percent slopes",TALL,C2018USAL037,Site_C NEON_7_TALL,Smithdale,"Fine-loamy, siliceous, subactive, thermic Typic Hapludults",3.0,Maubila [26916502; 50%; No] | Smithdale [26916503; 35%; No] | Bibb [26916501; 5%; Yes],EXACT,Unique exact normalized NASIS taxon/component-name match within the intersected map unit.,Maubila (26916502): weaker name/taxonomy score 53.1; Bibb (26916501): weaker name/taxonomy score -34.6,26916503,Smithdale,35,Yes,Ultisols,Udults,Hapludults,Typic Hapludults,fine-loamy,,,Well drained,No,,
37925,S2016AL007025,32.8993388885,-87.3965666664,AL007,2232985,MsD,"Maubila-Smithdale-Boykin complex, 5 to 20 percent slopes",TALL,C2018USAL037,Site_C NEON_7_TALL,Boykin,"Loamy, siliceous, active, thermic Arenic Paleudults",4.0,Maubila [26916485; 36%; No] | Smithdale [26916486; 34%; No] | Boykin [26916483; 20%; No] | Bibb [26916484; 2%; Yes],EXACT,Unique exact normalized NASIS taxon/component-name match within the intersected map unit.,Smithdale (26916486): weaker name/taxonomy score 24.7; Maubila (26916485): weaker name/taxonomy score 10.8; Bibb (26916484): weaker name/taxonomy score -6.0,26916483,Boykin,20,Yes,Ultisols,Udults,Paleudults,Arenic Paleudults,loamy,,,Well drained,No,,
37926,S2016AL007026,32.8997499995,-87.4492499997,AL065,329767,MsD,"Maubila-Smithdale-Boykin complex, 5 to 20 percent slopes",TALL,C2018USAL037,Site_C NEON_7_TALL,Boykin,"Loamy, siliceous, active, thermic Arenic Paleudults",4.0,Maubila [27276398; 45%; No] | Smithdale [27276395; 25%; No] | Boykin [27276396; 15%; No] | Bibb [27276397; 3%; Yes],EXACT,Unique exact normalized NASIS taxon/component-name match within the intersected map unit.,Smithdale (27276395): weaker name/taxonomy score 24.7; Maubila (27276398): weaker name/taxonomy score 10.8; Bibb (27276397): weaker name/taxonomy score -6.0,27276396,Boykin,15,Yes,Ultisols,Udults,Paleudults,Arenic Paleudults,loamy,,,Well drained,No,,
37927,S2016AL007027,32.8911805555,-87.4315444448,AL065,329767,MsD,"Maubila-Smithdale-Boykin complex, 5 to 20 percent slopes",TALL,C2018USAL037,Site_C NEON_7_TALL,Bibb,"Coarse-loamy, siliceous, active, acid, thermic Typic Fluvaquents",4.0,Maubila [27276398; 45%; No] | Smithdale [27276395; 25%; No] | Boykin [27276396; 15%; No] | Bibb [27276397; 3%; Yes],EXACT,Unique exact normalized NASIS taxon/component-name match within the intersected map unit.,Boykin (27276396): weaker name/taxonomy score -6.0; Maubila (27276398): weaker name/taxonomy score -27.3; Smithdale (27276395): weaker name/taxonomy score -34.6,27276397,Bibb,3,No ,Entisols,Aquents,Fluvaquents,Typic Fluvaquents,coarse-loamy,,,Poorly drained,Yes,2,6148305
37928,S2016AL007029,32.9014166666,-87.4322888893,AL065,329766,MkC2,"Maubila flaggy loam, 2 to 8 percent slopes, eroded",TALL,C2018USAL037,Site_C NEON_7_TALL,Wadley,"Loamy, siliceous, subactive, thermic Grossarenic Paleudults",1.0,Maubila [27276470; 85%; No],AMBIGUOUS,Multiple plausible candidates remain without a decisive name/taxonomy margin.,No plausible alternative rejected.,,,,,,,,,,,,,,,
37929,S2016AL007030,32.9542999998,-87.4035972221,AL007,2232675,MsG,"Maubila-Smithdale complex, 35 to 45 percent slopes",TALL,C2018USAL037,Site_C NEON_7_TALL,Bibb,"Coarse-loamy, siliceous, active, acid, thermic Typic Fluvaquents",3.0,Maubila [26916456; 50%; No] | Smithdale [26916457; 35%; No] | Bibb [26916458; 1%; Yes],EXACT,Unique exact normalized NASIS taxon/component-name match within the intersected map unit.,Maubila (26916456): weaker name/taxonomy score -27.3; Smithdale (26916457): weaker name/taxonomy score -34.6,26916458,Bibb,1,No ,Entisols,Aquents,Fluvaquents,Typic Fluvaquents,coarse-loamy,,,Poorly drained,Yes,2,6061455
37930,S2016AL007031,32.8991222222,-87.3892861111,AL007,2232549,MsF,"Maubila-Smithdale complex, 15 to 35 percent slopes",TALL,C2018USAL037,Site_C NEON_7_TALL,Smithdale,"Fine-loamy, siliceous, subactive, thermic Typic Hapludults",3.0,Maubila [26916502; 50%; No] | Smithdale [26916503; 35%; No] | Bibb [26916501; 5%; Yes],EXACT,Unique exact normalized NASIS taxon/component-name match within the intersected map unit.,Maubila (26916502): weaker name/taxonomy score 53.1; Bibb (26916501): weaker name/taxonomy score -34.6,26916503,Smithdale,35,Yes,Ultisols,Udults,Hapludults,Typic Hapludults,fine-loamy,,,Well drained,No,,
37931,S2016AL007032,32.9104722224,-87.4210555556,AL007,2232549,MsF,"Maubila-Smithdale complex, 15 to 35 percent slopes",TALL,C2018USAL037,Site_C NEON_7_TALL,Wadley,"Loamy, siliceous, subactive, thermic Grossarenic Paleudults",3.0,Maubila [26916502; 50%; No] | Smithdale [26916503; 35%; No] | Bibb [26916501; 5%; Yes],AMBIGUOUS,Multiple plausible candidates remain without a decisive name/taxonomy margin.,No plausible alternative rejected.,,,,,,,,,,,,,,,
37932,S2016AL007044,32.9527499998,-87.3977666664,AL007,2232549,MsF,"Maubila-Smithdale complex, 15 to 35 percent slopes",TALL,C2018USAL037,Site_C NEON_7_TALL,Maubila,"Fine, mixed, subactive, thermic Aquic Hapludults",3.0,Maubila [26916502; 50%; No] | Smithdale [26916503; 35%; No] | Bibb [26916501; 5%; Yes],EXACT,Unique exact normalized NASIS taxon/component-name match within the intersected map unit.,Smithdale (26916503): weaker name/taxonomy score 53.1; Bibb (26916501): weaker name/taxonomy score -27.3,26916502,Maubila,50,Yes,Ultisols,Udults,Hapludults,Aquic Hapludults,fine,,,Moderately well drained,No,,
37933,S2016FL107002,29.7036111111,-81.8569444444,FL107,323427,6,"Tavares fine sand, 0 to 5 percent slopes",OSBS,C2018USFL038,Site_C NEON_7_OSBS,Candler,"Hyperthermic, uncoated Lamellic Quartzipsamments",5.0,Tavares [26572415; 85%; No] | Candler [26572416; 5%; No] | Apopka [26572417; 4%; No] | Narcoossee [26572418; 3%; No] | Zolfo [26572419; 3%; No],EXACT,Unique exact normalized NASIS taxon/component-name match within the intersected map unit.,Tavares (26572415): weaker name/taxonomy score 30.0; Narcoossee (26572418): weaker name/taxonomy score -11.8; Zolfo (26572419): weaker name/taxonomy score -14.2; Apopka (26572417): weaker name/taxonomy score -34.6,26572416,Candler,5,No ,Entisols,Psamments,Quartzipsamments,Lamellic Quartzipsamments,not used,,,Excessively drained,No,,
37934,S2016FL107003,29.694811111,-81.9476000001,FL107,323385,21,"Apopka sand, 5 to 8 percent slopes",OSBS,C2018USFL038,Site_C NEON_7_OSBS,Tavares,"Hyperthermic, uncoated Typic Quartzipsamments",5.0,Apopka [26572208; 90%; No] | Bonneau [26572204; 3%; No] | Candler [26572207; 3%; No] | Sparr [26572205; 2%; No] | Millhopper [26572206; 2%; No],AMBIGUOUS,Multiple plausible candidates remain without a decisive name/taxonomy margin.,No plausible alternative rejected.,,,,,,,,,,,,,,,
37935,S2016FL107005,29.7225,-81.9858333333,FL107,323416,5,"Placid fine sand, frequently ponded, 0 to 1 percent slopes",OSBS,C2018USFL038,Site_C NEON_7_OSBS,Placid,"Sandy, siliceous, hyperthermic Typic Humaquepts",6.0,Placid [26572353; 80%; Yes] | Basinger [26572356; 7%; Yes] | Myakka [26572354; 5%; No] | Gentry [26572351; 3%; Yes] | Samsula [26572352; 3%; Yes] | Felda [26572355; 2%; Yes],EXACT,Unique exact normalized NASIS taxon/component-name match within the intersected map unit.,Samsula (26572352): weaker name/taxonomy score -9.2; Myakka (26572354): weaker name/taxonomy score -14.2; Felda (26572355): weaker name/taxonomy score -27.3; Basinger (26572356): weaker name/taxonomy score -30.0; Gentry (26572351): weaker name/taxonomy score -40.0,26572353,Placid,80,Yes,Inceptisols,Aquepts,Humaquepts,Typic Humaquepts,sandy,,,Very poorly drained,Yes,2; 3,5984404; 5984405
37936,S2016FL107007,29.6900888888,-81.9628000005,FL107,323383,2,"Candler fine sand, 5 to 8 percent slopes",OSBS,C2018USFL038,Site_C NEON_7_OSBS,Candler,"Hyperthermic, uncoated Lamellic Quartzipsamments",4.0,Candler [26572200; 90%; No] | Tavares [26572198; 5%; No] | Apopka [26572199; 3%; No] | Placid [26572197; 2%; Yes],EXACT,Unique exact normalized NASIS taxon/component-name match within the intersected map unit.,Tavares (26572198): weaker name/taxonomy score 38.0; Apopka (26572199): weaker name/taxonomy score -26.6; Placid (26572197): weaker name/taxonomy score -26.6,26572200,Candler,90,Yes,Entisols,Psamments,Quartzipsamments,Lamellic Quartzipsamments,not used,,,Excessively drained,No,,
37937,S2016FL107008,29.6986138884,-82.0177472222,FL107,323391,27,"Samsula muck, frequently ponded, 0 to 1 percent slopes",OSBS,C2018USFL038,Site_C NEON_7_OSBS,Candler,"Hyperthermic, uncoated Lamellic Quartzipsamments",7.0,Samsula [26572233; 85%; Yes] | Myakka [26572234; 3%; Yes] | Kaliga [26572238; 3%; Yes] | Basinger [26572239; 3%; Yes] | Anclote [26572235; 2%; Yes] | Floridana [26572236; 2%; Yes] | Sanibel [26572237; 2%; Yes],UNMATCHED,No candidate has adequate name or taxonomic agreement.,All candidates lack sufficient correspondence to the sampled pedon.,,,,,,,,,,,,,,,
37938,S2016FL107010,29.6916666666,-81.9419444444,FL107,323372,1,"Candler fine sand, 0 to 5 percent slopes",OSBS,C2018USFL038,Site_C NEON_7_OSBS,Tavares,"Hyperthermic, uncoated Typic Quartzipsamments",7.0,Candler [26572147; 85%; No] | Astatula [26572141; 4%; No] | Adamsville [26572142; 3%; No] | Apopka [26572143; 3%; No] | Tavares [26572144; 2%; No] | Arredondo [26572145; 2%; No] | Millhopper [26572146; 1%; No],EXACT,Unique exact normalized NASIS taxon/component-name match within the intersected map unit.,Astatula (26572141): weaker name/taxonomy score 54.0; Adamsville (26572142): weaker name/taxonomy score 32.4; Candler (26572147): weaker name/taxonomy score 30.0; Arredondo (26572145): weaker name/taxonomy score -26.9; Apopka (26572143): weaker name/taxonomy score -29.2; Millhopper (26572146): weaker name/taxonomy score -35.9,26572144,Tavares,2,No ,Entisols,Psamments,Quartzipsamments,Typic Quartzipsamments,not used,,,Moderately well drained,No,,
37939,S2016FL107011,29.7214277776,-81.9872277779,FL107,323391,27,"Samsula muck, frequently ponded, 0 to 1 percent slopes",OSBS,C2018USFL038,Site_C NEON_7_OSBS,Adamsville,"Hyperthermic, uncoated Aquic Quartzipsamments",7.0,Samsula [26572233; 85%; Yes] | Myakka [26572234; 3%; Yes] | Kaliga [26572238; 3%; Yes] | Basinger [26572239; 3%; Yes] | Anclote [26572235; 2%; Yes] | Floridana [26572236; 2%; Yes] | Sanibel [26572237; 2%; Yes],UNMATCHED,No candidate has adequate name or taxonomic agreement.,All candidates lack sufficient correspondence to the sampled pedon.,,,,,,,,,,,,,,,
37940,S2016FL107013,29.6819722217,-81.9618055555,FL107,323372,1,"Candler fine sand, 0 to 5 percent slopes",OSBS,C2018USFL038,Site_C NEON_7_OSBS,Candler,"Hyperthermic, uncoated Lamellic Quartzipsamments",7.0,Candler [26572147; 85%; No] | Astatula [26572141; 4%; No] | Adamsville [26572142; 3%; No] | Apopka [26572143; 3%; No] | Tavares [26572144; 2%; No] | Arredondo [26572145; 2%; No] | Millhopper [26572146; 1%; No],EXACT,Unique exact normalized NASIS taxon/component-name match within the intersected map unit.,Adamsville (26572142): weaker name/taxonomy score 44.5; Tavares (26572144): weaker name/taxonomy score 38.0; Astatula (26572141): weaker name/taxonomy score 37.3; Arredondo (26572145): weaker name/taxonomy score -18.9; Millhopper (26572146): weaker name/taxonomy score -19.6; Apopka (26572143): weaker name/taxonomy score -26.6,26572147,Candler,85,Yes,Entisols,Psamments,Quartzipsamments,Lamellic Quartzipsamments,not used,,,Excessively drained,No,,
37941,S2016FL107014,29.6926666662,-81.9583611112,FL107,323372,1,"Candler fine sand, 0 to 5 percent slopes",OSBS,C2018USFL038,Site_C NEON_7_OSBS,Candler,"Hyperthermic, uncoated Lamellic Quartzipsamments",7.0,Candler [26572147; 85%; No] | Astatula [26572141; 4%; No] | Adamsville [26572142; 3%; No] | Apopka [26572143; 3%; No] | Tavares [26572144; 2%; No] | Arredondo [26572145; 2%; No] | Millhopper [26572146; 1%; No],EXACT,Unique exact normalized NASIS taxon/component-name match within the intersected map unit.,Adamsville (26572142): weaker name/taxonomy score 36.5; Tavares (26572144): weaker name/taxonomy score 30.0; Astatula (26572141): weaker name/taxonomy score 29.3; Arredondo (26572145): weaker name/taxonomy score -26.9; Millhopper (26572146): weaker name/taxonomy score -27.6; Apopka (26572143): weaker name/taxonomy score -34.6,26572147,Candler,85,Yes,Entisols,Psamments,Quartzipsamments,Lamellic Quartzipsamments,not used,,,Excessively drained,No,,
37942,S2016FL107015,29.7100694444,-81.9694999999,FL107,323391,27,"Samsula muck, frequently ponded, 0 to 1 percent slopes",OSBS,C2018USFL038,Site_C NEON_7_OSBS,Narcoossee,"Sandy, siliceous, hyperthermic Oxyaquic Alorthods",7.0,Samsula [26572233; 85%; Yes] | Myakka [26572234; 3%; Yes] | Kaliga [26572238; 3%; Yes] | Basinger [26572239; 3%; Yes] | Anclote [26572235; 2%; Yes] | Floridana [26572236; 2%; Yes] | Sanibel [26572237; 2%; Yes],AMBIGUOUS,Multiple plausible candidates remain without a decisive name/taxonomy margin.,No plausible alternative rejected.,,,,,,,,,,,,,,,
37943,S2016FL107016,29.6822083335,-81.9677,FL107,323416,5,"Placid fine sand, frequently ponded, 0 to 1 percent slopes",OSBS,C2018USFL038,Site_C NEON_7_OSBS,Placid,"Sandy, siliceous, hyperthermic Typic Humaquepts",6.0,Placid [26572353; 80%; Yes] | Basinger [26572356; 7%; Yes] | Myakka [26572354; 5%; No] | Gentry [26572351; 3%; Yes] | Samsula [26572352; 3%; Yes] | Felda [26572355; 2%; Yes],EXACT,Unique exact normalized NASIS taxon/component-name match within the intersected map unit.,Samsula (26572352): weaker name/taxonomy score -9.2; Myakka (26572354): weaker name/taxonomy score -14.2; Felda (26572355): weaker name/taxonomy score -27.3; Basinger (26572356): weaker name/taxonomy score -30.0; Gentry (26572351): weaker name/taxonomy score -40.0,26572353,Placid,80,Yes,Inceptisols,Aquepts,Humaquepts,Typic Humaquepts,sandy,,,Very poorly drained,Yes,2; 3,5984404; 5984405
37944,S2016FL107017,29.7036888888,-81.9920000002,FL107,323431,63,"Okeechobee, frequently ponded, 0 to 1 percent slopes",OSBS,C2018USFL038,Site_C NEON_7_OSBS,Myakka,"Sandy, siliceous, hyperthermic Aeric Alaquods",3.0,Okeechobee [26572434; 90%; Yes] | Placid [26572433; 5%; Yes] | Samsula [26572435; 5%; Yes],UNMATCHED,No candidate has adequate name or taxonomic agreement.,All candidates lack sufficient correspondence to the sampled pedon.,,,,,,,,,,,,,,,
37945,S2016FL107018,29.6864527776,-81.9429166666,FL107,323416,5,"Placid fine sand, frequently ponded, 0 to 1 percent slopes",OSBS,C2018USFL038,Site_C NEON_7_OSBS,Arredondo,"Loamy, siliceous, semiactive, hyperthermic Grossarenic Paleudults",6.0,Placid [26572353; 80%; Yes] | Basinger [26572356; 7%; Yes] | Myakka [26572354; 5%; No] | Gentry [26572351; 3%; Yes] | Samsula [26572352; 3%; Yes] | Felda [26572355; 2%; Yes],UNMATCHED,No candidate has adequate name or taxonomic agreement.,All candidates lack sufficient correspondence to the sampled pedon.,,,,,,,,,,,,,,,
37946,S2016FL107020,29.6958083332,-81.9594194444,FL107,323416,5,"Placid fine sand, frequently ponded, 0 to 1 percent slopes",OSBS,C2018USFL038,Site_C NEON_7_OSBS,Adamsville,"Hyperthermic, uncoated Aquic Quartzipsamments",6.0,Placid [26572353; 80%; Yes] | Basinger [26572356; 7%; Yes] | Myakka [26572354; 5%; No] | Gentry [26572351; 3%; Yes] | Samsula [26572352; 3%; Yes] | Felda [26572355; 2%; Yes],UNMATCHED,No candidate has adequate name or taxonomic agreement.,All candidates lack sufficient correspondence to the sampled pedon.,,,,,,,,,,,,,,,
37947,S2016FL107021,29.6955888885,-81.9532000001,FL107,323416,5,"Placid fine sand, frequently ponded, 0 to 1 percent slopes",OSBS,C2018USFL038,Site_C NEON_7_OSBS,Samsula,"Sandy or sandy-skeletal, siliceous, dysic, hyperthermic Terric Haplosaprists",6.0,Placid [26572353; 80%; Yes] | Basinger [26572356; 7%; Yes] | Myakka [26572354; 5%; No] | Gentry [26572351; 3%; Yes] | Samsula [26572352; 3%; Yes] | Felda [26572355; 2%; Yes],EXACT,Unique exact normalized NASIS taxon/component-name match within the intersected map unit.,Placid (26572353): weaker name/taxonomy score -9.2; Myakka (26572354): weaker name/taxonomy score -9.2; Felda (26572355): weaker name/taxonomy score -28.3; Basinger (26572356): weaker name/taxonomy score -30.7; Gentry (26572351): weaker name/taxonomy score -40.0,26572352,Samsula,3,No ,Histosols,Saprists,Haplosaprists,Terric Haplosaprists,sandy or sandy-skeletal,,,Very poorly drained,Yes,1; 3,5984402; 5984403
37948,S2016FL107022,29.6892999998,-81.9609000004,FL107,1530343,99,Water,OSBS,C2018USFL038,Site_C NEON_7_OSBS,Pamlico,"Sandy or sandy-skeletal, siliceous, dysic, thermic Terric Haplosaprists",1.0,Water [26572455; 100%; Unranked],UNMATCHED,No candidate has adequate name or taxonomic agreement.,All candidates lack sufficient correspondence to the sampled pedon.,,,,,,,,,,,,,,,
37949,S2016FL107023,29.7225333335,-81.9856444443,FL107,323391,27,"Samsula muck, frequently ponded, 0 to 1 percent slopes",OSBS,C2018USFL038,Site_C NEON_7_OSBS,Ona,"Sandy, siliceous, hyperthermic Typic Alaquods",7.0,Samsula [26572233; 85%; Yes] | Myakka [26572234; 3%; Yes] | Kaliga [26572238; 3%; Yes] | Basinger [26572239; 3%; Yes] | Anclote [26572235; 2%; Yes] | Floridana [26572236; 2%; Yes] | Sanibel [26572237; 2%; Yes],AMBIGUOUS,Multiple plausible candidates remain without a decisive name/taxonomy margin.,No plausible alternative rejected.,,,,,,,,,,,,,,,
37950,S2016FL107024,29.7238444444,-81.9868805556,FL107,323391,27,"Samsula muck, frequently ponded, 0 to 1 percent slopes",OSBS,C2018USFL038,Site_C NEON_7_OSBS,Samsula,"Sandy or sandy-skeletal, siliceous, dysic, hyperthermic Terric Haplosaprists",7.0,Samsula [26572233; 85%; Yes] | Myakka [26572234; 3%; Yes] | Kaliga [26572238; 3%; Yes] | Basinger [26572239; 3%; Yes] | Anclote [26572235; 2%; Yes] | Floridana [26572236; 2%; Yes] | Sanibel [26572237; 2%; Yes],EXACT,Unique exact normalized NASIS taxon/component-name match within the intersected map unit.,Kaliga (26572238): weaker name/taxonomy score 56.2; Sanibel (26572237): weaker name/taxonomy score -5.0; Myakka (26572234): weaker name/taxonomy score -9.2; Anclote (26572235): weaker name/taxonomy score -10.0; Basinger (26572239): weaker name/taxonomy score -30.7; Floridana (26572236): weaker name/taxonomy score -31.2,26572233,Samsula,85,Yes,Histosols,Saprists,Haplosaprists,Terric Haplosaprists,sandy or sandy-skeletal,,,Very poorly drained,Yes,1; 3,5984317; 5984318
37951,S2016FL107026,29.6934000004,-81.9922999996,FL107,323383,2,"Candler fine sand, 5 to 8 percent slopes",OSBS,C2018USFL038,Site_C NEON_7_OSBS,Apopka,"Loamy, siliceous, subactive, hyperthermic Grossarenic Paleudults",4.0,Candler [26572200; 90%; No] | Tavares [26572198; 5%; No] | Apopka [26572199; 3%; No] | Placid [26572197; 2%; Yes],EXACT,Unique exact normalized NASIS taxon/component-name match within the intersected map unit.,Placid (26572197): weaker name/taxonomy score -28.3; Tavares (26572198): weaker name/taxonomy score -29.2; Candler (26572200): weaker name/taxonomy score -34.6,26572199,Apopka,3,No ,Ultisols,Udults,Paleudults,Grossarenic Paleudults,loamy,,,Well drained,No,,
37952,S2016FL107031,29.6887888887,-81.9912972222,FL107,323372,1,"Candler fine sand, 0 to 5 percent slopes",OSBS,C2018USFL038,Site_C NEON_7_OSBS,Tavares,"Hyperthermic, uncoated Typic Quartzipsamments",7.0,Candler [26572147; 85%; No] | Astatula [26572141; 4%; No] | Adamsville [26572142; 3%; No] | Apopka [26572143; 3%; No] | Tavares [26572144; 2%; No] | Arredondo [26572145; 2%; No] | Millhopper [26572146; 1%; No],EXACT,Unique exact normalized NASIS taxon/component-name match within the intersected map unit.,Astatula (26572141): weaker name/taxonomy score 62.0; Adamsville (26572142): weaker name/taxonomy score 40.4; Candler (26572147): weaker name/taxonomy score 38.0; Arredondo (26572145): weaker name/taxonomy score -18.9; Apopka (26572143): weaker name/taxonomy score -21.2; Millhopper (26572146): weaker name/taxonomy score -27.9,26572144,Tavares,2,No ,Entisols,Psamments,Quartzipsamments,Typic Quartzipsamments,not used,,,Moderately well drained,No,,
37953,S2016FL107048,29.6792222224,-81.9464166662,FL107,323383,2,"Candler fine sand, 5 to 8 percent slopes",OSBS,C2018USFL038,Site_C NEON_7_OSBS,Apopka,"Loamy, siliceous, subactive, hyperthermic Grossarenic Paleudults",4.0,Candler [26572200; 90%; No] | Tavares [26572198; 5%; No] | Apopka [26572199; 3%; No] | Placid [26572197; 2%; Yes],EXACT,Unique exact normalized NASIS taxon/component-name match within the intersected map unit.,Placid (26572197): weaker name/taxonomy score -28.3; Tavares (26572198): weaker name/taxonomy score -29.2; Candler (26572200): weaker name/taxonomy score -34.6,26572199,Apopka,3,No ,Ultisols,Udults,Paleudults,Grossarenic Paleudults,loamy,,,Well drained,No,,
37954,S2016FL107050,29.6895055553,-82.0055916664,FL107,1530343,99,Water,OSBS,C2018USFL038,Site_C NEON_7_OSBS,Tavares,"Hyperthermic, uncoated Typic Quartzipsamments",1.0,Water [26572455; 100%; Unranked],UNMATCHED,No candidate has adequate name or taxonomic agreement.,All candidates lack sufficient correspondence to the sampled pedon.,,,,,,,,,,,,,,,
37955,S2016FL107051,29.6775777774,-82.0079111109,FL107,1530343,99,Water,OSBS,C2018USFL038,Site_C NEON_7_OSBS,Adamsville,"Hyperthermic, uncoated Aquic Quartzipsamments",1.0,Water [26572455; 100%; Unranked],UNMATCHED,No candidate has adequate name or taxonomic agreement.,All candidates lack sufficient correspondence to the sampled pedon.,,,,,,,,,,,,,,,
38229,S2017PR079001,18.02438,-67.077,PR787,1379800,CeA,"Cartagena clay, 0 to 2 percent slopes",LAJA,C2018USPR058,Site_C NEON_3_LAJA,Cartagena,"Fine, mixed, superactive, isohyperthermic Sodic Haplusterts",8.0,Cartagena [27627145; 80%; No] | Fe [27627142; 5%; No] | Aguirre [27627143; 5%; Yes] | Guanica [27627144; 5%; Yes] | Fraternidad [27627141; 2%; No] | Urban land [27627138; 1%; No] | Vayas [27627139; 1%; Yes] | Poncena [27627140; 1%; No],EXACT,Unique exact normalized NASIS taxon/component-name match within the intersected map unit.,Fe (27627142): weaker name/taxonomy score 66.4; Fraternidad (27627141): weaker name/taxonomy score 57.5; Poncena (27627140): weaker name/taxonomy score 37.5; Urban land (27627138): weaker name/taxonomy score 14.7; Aguirre (27627143): weaker name/taxonomy score 13.1; Guanica (27627144): weaker name/taxonomy score 8.8; Vayas (27627139): weaker name/taxonomy score -10.0,27627145,Cartagena,80,Yes,Vertisols,Usterts,Haplusterts,Sodic Haplusterts,fine,,,Somewhat poorly drained,No,,
38230,S2017PR079002,18.03524,-67.07352,PR787,334704,FrA,"Fraternidad clay, 0 to 2 perecent slopes",LAJA,C2018USPR058,Site_C NEON_3_LAJA,Santa Isabel,"Fine, smectitic, isohyperthermic Typic Haplusterts",5.0,Fraternidad [27627125; 80%; No] | Paso Seco [27627123; 5%; No] | Cartagena [27627124; 5%; No] | Santa Isabel [27627126; 5%; No] | Poncena [27627127; 5%; No],EXACT,Unique exact normalized NASIS taxon/component-name match within the intersected map unit.,Fraternidad (27627125): weaker name/taxonomy score 69.1; Cartagena (27627124): weaker name/taxonomy score 53.3; Paso Seco (27627123): weaker name/taxonomy score 50.0; Poncena (27627127): weaker name/taxonomy score 27.4,27627126,Santa Isabel,5,No ,Vertisols,Usterts,Haplusterts,Typic Haplusterts,fine,,,Moderately well drained,No,,
38231,S2017PR079004,18.01759,-67.08112,PR787,1379800,CeA,"Cartagena clay, 0 to 2 percent slopes",LAJA,C2018USPR058,Site_C NEON_3_LAJA,Cartagena,"Fine, mixed, superactive, isohyperthermic Sodic Haplusterts",8.0,Cartagena [27627145; 80%; No] | Fe [27627142; 5%; No] | Aguirre [27627143; 5%; Yes] | Guanica [27627144; 5%; Yes] | Fraternidad [27627141; 2%; No] | Urban land [27627138; 1%; No] | Vayas [27627139; 1%; Yes] | Poncena [27627140; 1%; No],EXACT,Unique exact normalized NASIS taxon/component-name match within the intersected map unit.,Fe (27627142): weaker name/taxonomy score 66.4; Fraternidad (27627141): weaker name/taxonomy score 57.5; Poncena (27627140): weaker name/taxonomy score 37.5; Urban land (27627138): weaker name/taxonomy score 14.7; Aguirre (27627143): weaker name/taxonomy score 13.1; Guanica (27627144): weaker name/taxonomy score 8.8; Vayas (27627139): weaker name/taxonomy score -10.0,27627145,Cartagena,80,Yes,Vertisols,Usterts,Haplusterts,Sodic Haplusterts,fine,,,Somewhat poorly drained,No,,
38232,S2017PR079005,18.02552,-67.08495,PR787,1379800,CeA,"Cartagena clay, 0 to 2 percent slopes",LAJA,C2018USPR058,Site_C NEON_3_LAJA,Cartagena,"Fine, mixed, superactive, isohyperthermic Sodic Haplusterts",8.0,Cartagena [27627145; 80%; No] | Fe [27627142; 5%; No] | Aguirre [27627143; 5%; Yes] | Guanica [27627144; 5%; Yes] | Fraternidad [27627141; 2%; No] | Urban land [27627138; 1%; No] | Vayas [27627139; 1%; Yes] | Poncena [27627140; 1%; No],EXACT,Unique exact normalized NASIS taxon/component-name match within the intersected map unit.,Fe (27627142): weaker name/taxonomy score 66.4; Fraternidad (27627141): weaker name/taxonomy score 57.5; Poncena (27627140): weaker name/taxonomy score 37.5; Urban land (27627138): weaker name/taxonomy score 14.7; Aguirre (27627143): weaker name/taxonomy score 13.1; Guanica (27627144): weaker name/taxonomy score 8.8; Vayas (27627139): weaker name/taxonomy score -10.0,27627145,Cartagena,80,Yes,Vertisols,Usterts,Haplusterts,Sodic Haplusterts,fine,,,Somewhat poorly drained,No,,
38233,S2017PR079009,18.03214,-67.06933,PR787,334704,FrA,"Fraternidad clay, 0 to 2 perecent slopes",LAJA,C2018USPR058,Site_C NEON_3_LAJA,Fraternidad,"Fine, smectitic, isohyperthermic Typic Haplusterts",5.0,Fraternidad [27627125; 80%; No] | Paso Seco [27627123; 5%; No] | Cartagena [27627124; 5%; No] | Santa Isabel [27627126; 5%; No] | Poncena [27627127; 5%; No],EXACT,Unique exact normalized NASIS taxon/component-name match within the intersected map unit.,Santa Isabel (27627126): weaker name/taxonomy score 69.1; Cartagena (27627124): weaker name/taxonomy score 50.5; Paso Seco (27627123): weaker name/taxonomy score 47.0; Poncena (27627127): weaker name/taxonomy score 27.8,27627125,Fraternidad,80,Yes,Vertisols,Usterts,Haplusterts,Typic Haplusterts,fine,,,Moderately well drained,No,,
38234,S2017PR079010,18.02638,-67.08287,PR787,1379800,CeA,"Cartagena clay, 0 to 2 percent slopes",LAJA,C2018USPR058,Site_C NEON_3_LAJA,Fraternidad,"Fine, smectitic, isohyperthermic Typic Haplusterts",8.0,Cartagena [27627145; 80%; No] | Fe [27627142; 5%; No] | Aguirre [27627143; 5%; Yes] | Guanica [27627144; 5%; Yes] | Fraternidad [27627141; 2%; No] | Urban land [27627138; 1%; No] | Vayas [27627139; 1%; Yes] | Poncena [27627140; 1%; No],EXACT,Unique exact normalized NASIS taxon/component-name match within the intersected map unit.,Fe (27627142): weaker name/taxonomy score 50.8; Cartagena (27627145): weaker name/taxonomy score 50.5; Poncena (27627140): weaker name/taxonomy score 27.8; Urban land (27627138): weaker name/taxonomy score 16.7; Guanica (27627144): weaker name/taxonomy score 15.6; Aguirre (27627143): weaker name/taxonomy score 7.8; Vayas (27627139): weaker name/taxonomy score -11.2,27627141,Fraternidad,2,No ,Vertisols,Usterts,Haplusterts,Typic Haplusterts,fine,,,Moderately well drained,No,,
38235,S2017PR079011,18.01787,-67.08452,PR787,1379800,CeA,"Cartagena clay, 0 to 2 percent slopes",LAJA,C2018USPR058,Site_C NEON_3_LAJA,Cartagena,"Fine, mixed, superactive, isohyperthermic Sodic Haplusterts",8.0,Cartagena [27627145; 80%; No] | Fe [27627142; 5%; No] | Aguirre [27627143; 5%; Yes] | Guanica [27627144; 5%; Yes] | Fraternidad [27627141; 2%; No] | Urban land [27627138; 1%; No] | Vayas [27627139; 1%; Yes] | Poncena [27627140; 1%; No],EXACT,Unique exact normalized NASIS taxon/component-name match within the intersected map unit.,Fe (27627142): weaker name/taxonomy score 66.4; Fraternidad (27627141): weaker name/taxonomy score 57.5; Poncena (27627140): weaker name/taxonomy score 37.5; Urban land (27627138): weaker name/taxonomy score 14.7; Aguirre (27627143): weaker name/taxonomy score 13.1; Guanica (27627144): weaker name/taxonomy score 8.8; Vayas (27627139): weaker name/taxonomy score -10.0,27627145,Cartagena,80,Yes,Vertisols,Usterts,Haplusterts,Sodic Haplusterts,fine,,,Somewhat poorly drained,No,,
38236,S2017PR079012,18.0225,-67.08388,PR787,1379800,CeA,"Cartagena clay, 0 to 2 percent slopes",LAJA,C2018USPR058,Site_C NEON_3_LAJA,Fraternidad,"Fine, smectitic, isohyperthermic Typic Haplusterts",8.0,Cartagena [27627145; 80%; No] | Fe [27627142; 5%; No] | Aguirre [27627143; 5%; Yes] | Guanica [27627144; 5%; Yes] | Fraternidad [27627141; 2%; No] | Urban land [27627138; 1%; No] | Vayas [27627139; 1%; Yes] | Poncena [27627140; 1%; No],EXACT,Unique exact normalized NASIS taxon/component-name match within the intersected map unit.,Fe (27627142): weaker name/taxonomy score 50.8; Cartagena (27627145): weaker name/taxonomy score 50.5; Poncena (27627140): weaker name/taxonomy score 27.8; Urban land (27627138): weaker name/taxonomy score 16.7; Guanica (27627144): weaker name/taxonomy score 15.6; Aguirre (27627143): weaker name/taxonomy score 7.8; Vayas (27627139): weaker name/taxonomy score -11.2,27627141,Fraternidad,2,No ,Vertisols,Usterts,Haplusterts,Typic Haplusterts,fine,,,Moderately well drained,No,,
38237,S2017PR079014,18.02329,-67.08044,PR787,334704,FrA,"Fraternidad clay, 0 to 2 perecent slopes",LAJA,C2018USPR058,Site_C NEON_3_LAJA,Cartagena,"Fine, mixed, superactive, isohyperthermic Sodic Haplusterts",5.0,Fraternidad [27627125; 80%; No] | Paso Seco [27627123; 5%; No] | Cartagena [27627124; 5%; No] | Santa Isabel [27627126; 5%; No] | Poncena [27627127; 5%; No],EXACT,Unique exact normalized NASIS taxon/component-name match within the intersected map unit.,Fraternidad (27627125): weaker name/taxonomy score 57.5; Santa Isabel (27627126): weaker name/taxonomy score 53.3; Paso Seco (27627123): weaker name/taxonomy score 47.8; Poncena (27627127): weaker name/taxonomy score 37.5,27627124,Cartagena,5,No ,Vertisols,Usterts,Haplusterts,Sodic Haplusterts,fine,,,Somewhat poorly drained,No,,
38238,S2017PR079015,18.03429,-67.06707,PR787,334720,MiD,"Mariana gravelly clay loam, 12 to 20 percent slopes",LAJA,C2018USPR058,Site_C NEON_3_LAJA,Mariana,"Fine, mixed, active, isohyperthermic Typic Haplohumults",2.0,Mariana [27626753; 95%; No] | Mariana [27626752; 5%; No],AMBIGUOUS,Multiple components share the exact name without decisive taxonomic/phase evidence.,No alternative rejected; tied exact-name components retained.,,,,,,,,,,,,,,,
38239,S2017PR079016,18.03026,-67.07106,PR787,334704,FrA,"Fraternidad clay, 0 to 2 perecent slopes",LAJA,C2018USPR058,Site_C NEON_3_LAJA,Fraternidad,"Fine, smectitic, isohyperthermic Typic Haplusterts",5.0,Fraternidad [27627125; 80%; No] | Paso Seco [27627123; 5%; No] | Cartagena [27627124; 5%; No] | Santa Isabel [27627126; 5%; No] | Poncena [27627127; 5%; No],EXACT,Unique exact normalized NASIS taxon/component-name match within the intersected map unit.,Santa Isabel (27627126): weaker name/taxonomy score 69.1; Cartagena (27627124): weaker name/taxonomy score 50.5; Paso Seco (27627123): weaker name/taxonomy score 47.0; Poncena (27627127): weaker name/taxonomy score 27.8,27627125,Fraternidad,80,Yes,Vertisols,Usterts,Haplusterts,Typic Haplusterts,fine,,,Moderately well drained,No,,
38240,S2017PR079017,18.01751,-67.07508,PR787,334704,FrA,"Fraternidad clay, 0 to 2 perecent slopes",LAJA,C2018USPR058,Site_C NEON_3_LAJA,Cartagena,"Fine, mixed, superactive, isohyperthermic Sodic Haplusterts",5.0,Fraternidad [27627125; 80%; No] | Paso Seco [27627123; 5%; No] | Cartagena [27627124; 5%; No] | Santa Isabel [27627126; 5%; No] | Poncena [27627127; 5%; No],EXACT,Unique exact normalized NASIS taxon/component-name match within the intersected map unit.,Fraternidad (27627125): weaker name/taxonomy score 57.5; Santa Isabel (27627126): weaker name/taxonomy score 53.3; Paso Seco (27627123): weaker name/taxonomy score 47.8; Poncena (27627127): weaker name/taxonomy score 37.5,27627124,Cartagena,5,No ,Vertisols,Usterts,Haplusterts,Sodic Haplusterts,fine,,,Somewhat poorly drained,No,,
38241,S2017PR079020,18.03091,-67.0761,PR787,334704,FrA,"Fraternidad clay, 0 to 2 perecent slopes",LAJA,C2018USPR058,Site_C NEON_3_LAJA,Fraternidad,"Fine, smectitic, isohyperthermic Typic Haplusterts",5.0,Fraternidad [27627125; 80%; No] | Paso Seco [27627123; 5%; No] | Cartagena [27627124; 5%; No] | Santa Isabel [27627126; 5%; No] | Poncena [27627127; 5%; No],EXACT,Unique exact normalized NASIS taxon/component-name match within the intersected map unit.,Santa Isabel (27627126): weaker name/taxonomy score 69.1; Cartagena (27627124): weaker name/taxonomy score 50.5; Paso Seco (27627123): weaker name/taxonomy score 47.0; Poncena (27627127): weaker name/taxonomy score 27.8,27627125,Fraternidad,80,Yes,Vertisols,Usterts,Haplusterts,Typic Haplusterts,fine,,,Moderately well drained,No,,
38242,S2017PR079022,18.02947,-67.07357,PR787,334704,FrA,"Fraternidad clay, 0 to 2 perecent slopes",LAJA,C2018USPR058,Site_C NEON_3_LAJA,Fraternidad,"Fine, smectitic, isohyperthermic Typic Haplusterts",5.0,Fraternidad [27627125; 80%; No] | Paso Seco [27627123; 5%; No] | Cartagena [27627124; 5%; No] | Santa Isabel [27627126; 5%; No] | Poncena [27627127; 5%; No],EXACT,Unique exact normalized NASIS taxon/component-name match within the intersected map unit.,Santa Isabel (27627126): weaker name/taxonomy score 69.1; Cartagena (27627124): weaker name/taxonomy score 50.5; Paso Seco (27627123): weaker name/taxonomy score 47.0; Poncena (27627127): weaker name/taxonomy score 27.8,27627125,Fraternidad,80,Yes,Vertisols,Usterts,Haplusterts,Typic Haplusterts,fine,,,Moderately well drained,No,,
38243,S2017PR079025,18.03461,-67.0648,PR787,1379800,CeA,"Cartagena clay, 0 to 2 percent slopes",LAJA,C2018USPR058,Site_C NEON_3_LAJA,Cartagena,"Fine, mixed, superactive, isohyperthermic Sodic Haplusterts",8.0,Cartagena [27627145; 80%; No] | Fe [27627142; 5%; No] | Aguirre [27627143; 5%; Yes] | Guanica [27627144; 5%; Yes] | Fraternidad [27627141; 2%; No] | Urban land [27627138; 1%; No] | Vayas [27627139; 1%; Yes] | Poncena [27627140; 1%; No],EXACT,Unique exact normalized NASIS taxon/component-name match within the intersected map unit.,Fe (27627142): weaker name/taxonomy score 66.4; Fraternidad (27627141): weaker name/taxonomy score 57.5; Poncena (27627140): weaker name/taxonomy score 37.5; Urban land (27627138): weaker name/taxonomy score 14.7; Aguirre (27627143): weaker name/taxonomy score 13.1; Guanica (27627144): weaker name/taxonomy score 8.8; Vayas (27627139): weaker name/taxonomy score -10.0,27627145,Cartagena,80,Yes,Vertisols,Usterts,Haplusterts,Sodic Haplusterts,fine,,,Somewhat poorly drained,No,,
38244,S2017PR079027,18.03512,-67.07068,PR787,334704,FrA,"Fraternidad clay, 0 to 2 perecent slopes",LAJA,C2018USPR058,Site_C NEON_3_LAJA,Fraternidad,"Fine, smectitic, isohyperthermic Typic Haplusterts",5.0,Fraternidad [27627125; 80%; No] | Paso Seco [27627123; 5%; No] | Cartagena [27627124; 5%; No] | Santa Isabel [27627126; 5%; No] | Poncena [27627127; 5%; No],EXACT,Unique exact normalized NASIS taxon/component-name match within the intersected map unit.,Santa Isabel (27627126): weaker name/taxonomy score 69.1; Cartagena (27627124): weaker name/taxonomy score 50.5; Paso Seco (27627123): weaker name/taxonomy score 47.0; Poncena (27627127): weaker name/taxonomy score 27.8,27627125,Fraternidad,80,Yes,Vertisols,Usterts,Haplusterts,Typic Haplusterts,fine,,,Moderately well drained,No,,
38245,S2017PR079028,18.03762,-67.07178,PR787,334704,FrA,"Fraternidad clay, 0 to 2 perecent slopes",LAJA,C2018USPR058,Site_C NEON_3_LAJA,Jacana,"Fine, mixed, superactive, isohyperthermic Vertic Haplustolls",5.0,Fraternidad [27627125; 80%; No] | Paso Seco [27627123; 5%; No] | Cartagena [27627124; 5%; No] | Santa Isabel [27627126; 5%; No] | Poncena [27627127; 5%; No],UNMATCHED,No candidate has adequate name or taxonomic agreement.,All candidates lack sufficient correspondence to the sampled pedon.,,,,,,,,,,,,,,,
38246,S2017PR079029,18.02385,-67.04166,PR787,334692,AkA,"Aguirre clay, occasionally ponded, 0 to 2 percent slopes",LAJA,C2018USPR058,Site_C NEON_3_LAJA,Jacana,"Fine, mixed, superactive, isohyperthermic Vertic Haplustolls",4.0,Aguirre [27627156; 80%; Yes] | Guanica [27627158; 10%; Yes] | Cartagena [27627155; 5%; No] | Fe [27627157; 5%; No],UNMATCHED,No candidate has adequate name or taxonomic agreement.,All candidates lack sufficient correspondence to the sampled pedon.,,,,,,,,,,,,,,,
38247,S2017PR079030,18.03957,-67.07042,PR787,334704,FrA,"Fraternidad clay, 0 to 2 perecent slopes",LAJA,C2018USPR058,Site_C NEON_3_LAJA,San German,"Clayey-skeletal, mixed, superactive, isohyperthermic Lithic Haplustolls",5.0,Fraternidad [27627125; 80%; No] | Paso Seco [27627123; 5%; No] | Cartagena [27627124; 5%; No] | Santa Isabel [27627126; 5%; No] | Poncena [27627127; 5%; No],UNMATCHED,No candidate has adequate name or taxonomic agreement.,All candidates lack sufficient correspondence to the sampled pedon.,,,,,,,,,,,,,,,
38254,S2017AK240004,63.9120861106,-145.7663583331,AK683,1542112,618,"Donnelly-Nenana complex, 0 to 3 percent slopes",DEJU,C2018USAK060,Site_C NEON_1_DEJU,Donnelly,"Sandy-skeletal, mixed Typic Haplocryepts",3.0,Donnelly [26894457; 65%; No] | Nenana [26894459; 34%; No] | Volkmar [26894458; 1%; No],EXACT,Unique exact normalized NASIS taxon/component-name match within the intersected map unit.,Nenana (26894459): weaker name/taxonomy score 30.0; Volkmar (26894458): weaker name/taxonomy score 29.3,26894457,Donnelly,65,Yes,Inceptisols,Cryepts,Eutrocryepts,Typic Eutrocryepts,sandy-skeletal,,,Somewhat excessively drained,No,,
38255,S2017AK240005,63.8966305552,-145.7541,AK683,1542112,618,"Donnelly-Nenana complex, 0 to 3 percent slopes",DEJU,C2018USAK060,Site_C NEON_1_DEJU,Donnelly,"Sandy-skeletal, mixed Typic Haplocryepts",3.0,Donnelly [26894457; 65%; No] | Nenana [26894459; 34%; No] | Volkmar [26894458; 1%; No],EXACT,Unique exact normalized NASIS taxon/component-name match within the intersected map unit.,Nenana (26894459): weaker name/taxonomy score 30.0; Volkmar (26894458): weaker name/taxonomy score 29.3,26894457,Donnelly,65,Yes,Inceptisols,Cryepts,Eutrocryepts,Typic Eutrocryepts,sandy-skeletal,,,Somewhat excessively drained,No,,
38256,S2017AK240007,63.8665277777,-145.7270611106,AK683,1542104,610,"Butchlake-Southpaw complex, 0 to 12 percent slopes",DEJU,C2018USAK060,Site_C NEON_1_DEJU,Southpaw,"Coarse-loamy, mixed, superactive Typic Haplocryepts",4.0,Butchlake [26894499; 50%; No] | Southpaw [26894500; 40%; No] | Typic Aquiturbels [26894498; 5%; Yes] | Butchlake [26894501; 5%; No],EXACT,Unique exact normalized NASIS taxon/component-name match within the intersected map unit.,Butchlake (26894499): weaker name/taxonomy score 16.5; Butchlake (26894501): weaker name/taxonomy score 16.5; Typic Aquiturbels (26894498): weaker name/taxonomy score -23.6,26894500,Southpaw,40,Yes,Inceptisols,Cryepts,Eutrocryepts,Typic Eutrocryepts,coarse-loamy,,,Well drained,No,,
38257,S2017AK240008,63.8972055551,-145.7614361106,AK683,1542112,618,"Donnelly-Nenana complex, 0 to 3 percent slopes",DEJU,C2018USAK060,Site_C NEON_1_DEJU,Donnelly,"Sandy-skeletal, mixed Typic Haplocryepts",3.0,Donnelly [26894457; 65%; No] | Nenana [26894459; 34%; No] | Volkmar [26894458; 1%; No],EXACT,Unique exact normalized NASIS taxon/component-name match within the intersected map unit.,Nenana (26894459): weaker name/taxonomy score 30.0; Volkmar (26894458): weaker name/taxonomy score 29.3,26894457,Donnelly,65,Yes,Inceptisols,Cryepts,Eutrocryepts,Typic Eutrocryepts,sandy-skeletal,,,Somewhat excessively drained,No,,
38258,S2017AK240010,63.9372861109,-145.7518555555,AK683,1542133,639,"Nenana silt loam, 0 to 3 percent slopes",DEJU,C2018USAK060,Site_C NEON_1_DEJU,Donnelly,"Sandy-skeletal, mixed Typic Haplocryepts",3.0,Nenana [26894340; 85%; No] | Donnelly [26894338; 10%; No] | Volkmar [26894339; 5%; No],EXACT,Unique exact normalized NASIS taxon/component-name match within the intersected map unit.,Nenana (26894340): weaker name/taxonomy score 30.0; Volkmar (26894339): weaker name/taxonomy score 29.3,26894338,Donnelly,10,No ,Inceptisols,Cryepts,Eutrocryepts,Typic Eutrocryepts,sandy-skeletal,,,Somewhat excessively drained,No,,
38259,S2017AK240011,63.8807388888,-145.7238555553,AK683,1542104,610,"Butchlake-Southpaw complex, 0 to 12 percent slopes",DEJU,C2018USAK060,Site_C NEON_1_DEJU,Butchlake,"Loamy-skeletal, mixed, superactive Typic Haplocryepts",4.0,Butchlake [26894499; 50%; No] | Southpaw [26894500; 40%; No] | Typic Aquiturbels [26894498; 5%; Yes] | Butchlake [26894501; 5%; No],AMBIGUOUS,Multiple components share the exact name without decisive taxonomic/phase evidence.,No alternative rejected; tied exact-name components retained.,,,,,,,,,,,,,,,
38260,S2017AK240012,63.9208944445,-145.7880222219,AK683,1542133,639,"Nenana silt loam, 0 to 3 percent slopes",DEJU,C2018USAK060,Site_C NEON_1_DEJU,Donnelly,"Sandy-skeletal, mixed Typic Haplocryepts",3.0,Nenana [26894340; 85%; No] | Donnelly [26894338; 10%; No] | Volkmar [26894339; 5%; No],EXACT,Unique exact normalized NASIS taxon/component-name match within the intersected map unit.,Nenana (26894340): weaker name/taxonomy score 30.0; Volkmar (26894339): weaker name/taxonomy score 29.3,26894338,Donnelly,10,No ,Inceptisols,Cryepts,Eutrocryepts,Typic Eutrocryepts,sandy-skeletal,,,Somewhat excessively drained,No,,
38261,S2017AK240013,63.8397194443,-145.7427027776,AK683,1542104,610,"Butchlake-Southpaw complex, 0 to 12 percent slopes",DEJU,C2018USAK060,Site_C NEON_1_DEJU,Nenana,"Coarse-silty over sandy or sandy-skeletal, mixed, superactive Typic Haplocryepts",4.0,Butchlake [26894499; 50%; No] | Southpaw [26894500; 40%; No] | Typic Aquiturbels [26894498; 5%; Yes] | Butchlake [26894501; 5%; No],AMBIGUOUS,Multiple plausible candidates remain without a decisive name/taxonomy margin.,No plausible alternative rejected.,,,,,,,,,,,,,,,
38262,S2017AK240014,63.8309250005,-145.7480916669,AK683,1542160,666,"Typic Aquiturbels, 0 to 7 percent slopes",DEJU,C2018USAK060,Site_C NEON_1_DEJU,Donnelly,"Sandy-skeletal, mixed Typic Haplocryepts",3.0,Typic Aquiturbels [26894611; 90%; Yes] | Terric Hemistels [26894609; 5%; Yes] | Audrey [26894610; 5%; No],AMBIGUOUS,Multiple plausible candidates remain without a decisive name/taxonomy margin.,No plausible alternative rejected.,,,,,,,,,,,,,,,
38263,S2017AK240017,63.8831722217,-145.781241667,AK683,1542112,618,"Donnelly-Nenana complex, 0 to 3 percent slopes",DEJU,C2018USAK060,Site_C NEON_1_DEJU,Donnelly,"Sandy-skeletal, mixed Typic Haplocryepts",3.0,Donnelly [26894457; 65%; No] | Nenana [26894459; 34%; No] | Volkmar [26894458; 1%; No],EXACT,Unique exact normalized NASIS taxon/component-name match within the intersected map unit.,Nenana (26894459): weaker name/taxonomy score 30.0; Volkmar (26894458): weaker name/taxonomy score 29.3,26894457,Donnelly,65,Yes,Inceptisols,Cryepts,Eutrocryepts,Typic Eutrocryepts,sandy-skeletal,,,Somewhat excessively drained,No,,
38264,S2017AK240018,63.8377166665,-145.7554805554,AK683,1542098,604,"Babel mucky silt loam, 0 to 15 percent slopes",DEJU,C2018USAK060,Site_C NEON_1_DEJU,Butchlake,"Loamy-skeletal, mixed, superactive Typic Haplocryepts",3.0,Babel [26894480; 85%; No] | Butchlake [26894482; 10%; No] | Typic Aquiturbels [26894481; 5%; Yes],EXACT,Unique exact normalized NASIS taxon/component-name match within the intersected map unit.,Babel (26894480): weaker name/taxonomy score -5.0; Typic Aquiturbels (26894481): weaker name/taxonomy score -21.2,26894482,Butchlake,10,No ,Inceptisols,Cryepts,Eutrocryepts,Typic Eutrocryepts,loamy-skeletal,,,Well drained,No,,
38265,S2017AK240022,63.8740055555,-145.7222555557,AK683,1542160,666,"Typic Aquiturbels, 0 to 7 percent slopes",DEJU,C2018USAK060,Site_C NEON_1_DEJU,Terric hemistels,"Loamy, mixed, dysic, subgelic Terric Hemistels",3.0,Typic Aquiturbels [26894611; 90%; Yes] | Terric Hemistels [26894609; 5%; Yes] | Audrey [26894610; 5%; No],EXACT,Unique exact normalized NASIS taxon/component-name match within the intersected map unit.,Typic Aquiturbels (26894611): weaker name/taxonomy score 7.1; Audrey (26894610): weaker name/taxonomy score -13.6,26894609,Terric Hemistels,5,No ,Gelisols,Histels,Hemistels,Terric Hemistels,,,,Very poorly drained,Yes,1; 3,6059707; 6059708
38266,S2017AK240023,63.9344166666,-145.711694444,AK683,1542104,610,"Butchlake-Southpaw complex, 0 to 12 percent slopes",DEJU,C2018USAK060,Site_C NEON_1_DEJU,Donnelly,"Sandy-skeletal, mixed Typic Haplocryepts",4.0,Butchlake [26894499; 50%; No] | Southpaw [26894500; 40%; No] | Typic Aquiturbels [26894498; 5%; Yes] | Butchlake [26894501; 5%; No],AMBIGUOUS,Multiple plausible candidates remain without a decisive name/taxonomy margin.,No plausible alternative rejected.,,,,,,,,,,,,,,,
38267,S2017AK240024,63.886836111,-145.7748250002,AK683,1542112,618,"Donnelly-Nenana complex, 0 to 3 percent slopes",DEJU,C2018USAK060,Site_C NEON_1_DEJU,Southpaw,"Coarse-loamy, mixed, superactive Typic Haplocryepts",3.0,Donnelly [26894457; 65%; No] | Nenana [26894459; 34%; No] | Volkmar [26894458; 1%; No],AMBIGUOUS,Multiple plausible candidates remain without a decisive name/taxonomy margin.,No plausible alternative rejected.,,,,,,,,,,,,,,,
38268,S2017AK240025,63.8942583338,-145.7566,AK683,1542112,618,"Donnelly-Nenana complex, 0 to 3 percent slopes",DEJU,C2018USAK060,Site_C NEON_1_DEJU,Donnelly,"Sandy-skeletal, mixed Typic Haplocryepts",3.0,Donnelly [26894457; 65%; No] | Nenana [26894459; 34%; No] | Volkmar [26894458; 1%; No],EXACT,Unique exact normalized NASIS taxon/component-name match within the intersected map unit.,Nenana (26894459): weaker name/taxonomy score 30.0; Volkmar (26894458): weaker name/taxonomy score 29.3,26894457,Donnelly,65,Yes,Inceptisols,Cryepts,Eutrocryepts,Typic Eutrocryepts,sandy-skeletal,,,Somewhat excessively drained,No,,
38269,S2017AK240027,63.896086111,-145.7786055554,AK683,1542133,639,"Nenana silt loam, 0 to 3 percent slopes",DEJU,C2018USAK060,Site_C NEON_1_DEJU,Donnelly,"Sandy-skeletal, mixed Typic Haplocryepts",3.0,Nenana [26894340; 85%; No] | Donnelly [26894338; 10%; No] | Volkmar [26894339; 5%; No],EXACT,Unique exact normalized NASIS taxon/component-name match within the intersected map unit.,Nenana (26894340): weaker name/taxonomy score 30.0; Volkmar (26894339): weaker name/taxonomy score 29.3,26894338,Donnelly,10,No ,Inceptisols,Cryepts,Eutrocryepts,Typic Eutrocryepts,sandy-skeletal,,,Somewhat excessively drained,No,,
38270,S2017AK240045,63.880625,-145.7432916662,AK683,1542104,610,"Butchlake-Southpaw complex, 0 to 12 percent slopes",DEJU,C2018USAK060,Site_C NEON_1_DEJU,Donnelly,"Sandy-skeletal, mixed Typic Haplocryepts",4.0,Butchlake [26894499; 50%; No] | Southpaw [26894500; 40%; No] | Typic Aquiturbels [26894498; 5%; Yes] | Butchlake [26894501; 5%; No],AMBIGUOUS,Multiple plausible candidates remain without a decisive name/taxonomy margin.,No plausible alternative rejected.,,,,,,,,,,,,,,,
38271,S2017AK240016,63.8576500002,-145.7603027778,AK683,1542137,643,"Ninchuun silt loam, 0 to 15 percent slopes",DEJU,C2018USAK060,Site_C NEON_1_DEJU,Southpaw,"Coarse-loamy, mixed, superactive Aquic Haplocryepts",5.0,Ninchuun [26894558; 78%; Yes] | Typic Aquiturbels [26894556; 10%; Yes] | Audrey [26894557; 10%; No] | Typic Cryaquepts [26894554; 1%; Yes] | Ninchuun [26894555; 1%; Yes],AMBIGUOUS,Multiple plausible candidates remain without a decisive name/taxonomy margin.,No plausible alternative rejected.,,,,,,,,,,,,,,,
38272,S2017AK068002,63.8708944445,-149.2404222223,AK725,3354737,E28EP1,Interior Alaska Mountains-Boreal Upland and Alpine-Plains and Hills,HEAL,C2018USAK061,Site_C NEON_1_HEAL,"Alpine-tussock-scrub silty loess slopes, frozen","Coarse-silty, mixed, superactive, nonacid, subgelic Typic Gelaquents",9.0,E28-boreal taiga-gravelly frozen slopes [26836908; 43%; Yes] | E28-boreal forest-gravelly colluvial slopes [26836912; 28%; No] | E28-boreal alpine tussock-silty frozen loess slopes [26836905; 8%; Yes] | E28-boreal forest-loamy high flood plains [26836910; 7%; No] | E28-boreal alpine scrub-gravelly frozen circles [26836906; 6%; No] | E28-boreal alpine scrub-sedge-gravelly frozen slopes [26836909; 3%; Yes] | E28-boreal scrub-loamy drainageways [26836911; 3%; No] | E28-Boreal rock outcrop and rubbleland [26836904; 1%; Unranked] | E28-boreal scrub/sphagnum-organic frozen depressions [26836907; 1%; Yes],UNMATCHED,No candidate has adequate name or taxonomic agreement.,All candidates lack sufficient correspondence to the sampled pedon.,,,,,,,,,,,,,,,
38273,S2017AK068006,63.8693555556,-149.2879861111,AK725,3354737,E28EP1,Interior Alaska Mountains-Boreal Upland and Alpine-Plains and Hills,HEAL,C2018USAK061,Site_C NEON_1_HEAL,"Alpine-tussock-scrub silty loess slopes, frozen","Coarse-silty, mixed, superactive, acid, subgelic Typic Historthels",9.0,E28-boreal taiga-gravelly frozen slopes [26836908; 43%; Yes] | E28-boreal forest-gravelly colluvial slopes [26836912; 28%; No] | E28-boreal alpine tussock-silty frozen loess slopes [26836905; 8%; Yes] | E28-boreal forest-loamy high flood plains [26836910; 7%; No] | E28-boreal alpine scrub-gravelly frozen circles [26836906; 6%; No] | E28-boreal alpine scrub-sedge-gravelly frozen slopes [26836909; 3%; Yes] | E28-boreal scrub-loamy drainageways [26836911; 3%; No] | E28-Boreal rock outcrop and rubbleland [26836904; 1%; Unranked] | E28-boreal scrub/sphagnum-organic frozen depressions [26836907; 1%; Yes],AMBIGUOUS,Multiple plausible candidates remain without a decisive name/taxonomy margin.,No plausible alternative rejected.,,,,,,,,,,,,,,,
38274,S2017AK068007,63.8780749999,-149.2776805559,AK725,3354737,E28EP1,Interior Alaska Mountains-Boreal Upland and Alpine-Plains and Hills,HEAL,C2018USAK061,Site_C NEON_1_HEAL,"Alpine-tussock-scrub silty loess slopes, frozen","Coarse-silty, mixed, superactive, acid, subgelic Typic Histoturbels",9.0,E28-boreal taiga-gravelly frozen slopes [26836908; 43%; Yes] | E28-boreal forest-gravelly colluvial slopes [26836912; 28%; No] | E28-boreal alpine tussock-silty frozen loess slopes [26836905; 8%; Yes] | E28-boreal forest-loamy high flood plains [26836910; 7%; No] | E28-boreal alpine scrub-gravelly frozen circles [26836906; 6%; No] | E28-boreal alpine scrub-sedge-gravelly frozen slopes [26836909; 3%; Yes] | E28-boreal scrub-loamy drainageways [26836911; 3%; No] | E28-Boreal rock outcrop and rubbleland [26836904; 1%; Unranked] | E28-boreal scrub/sphagnum-organic frozen depressions [26836907; 1%; Yes],MEDIUM,No name match; unique candidate supported by at least three taxonomic ranks.,E28-boreal alpine scrub-gravelly frozen circles (26836906): weaker name/taxonomy score 16.6; E28-Boreal rock outcrop and rubbleland (26836904): weaker name/taxonomy score 12.5; E28-boreal alpine scrub-sedge-gravelly frozen slopes (26836909): weaker name/taxonomy score -3.6; E28-boreal scrub/sphagnum-organic frozen depressions (26836907): weaker name/taxonomy score -7.1; E28-boreal taiga-gravelly frozen slopes (26836908): weaker name/taxonomy score -7.6; E28-boreal scrub-loamy drainageways (26836911): weaker name/taxonomy score -27.9; E28-boreal forest-loamy high flood plains (26836910): weaker name/taxonomy score -27.9; E28-boreal forest-gravelly colluvial slopes (26836912): weaker name/taxonomy score -29.0,26836905,E28-boreal alpine tussock-silty frozen loess slopes,8,No ,Gelisols,Turbels,Histoturbels,Typic Histoturbels,coarse-silty,,MASTER_HPVW,Very poorly drained,Yes,2; 3,6046582; 6046583
38275,S2017AK068012,63.86955,-149.2733499998,AK725,3354737,E28EP1,Interior Alaska Mountains-Boreal Upland and Alpine-Plains and Hills,HEAL,C2018USAK061,Site_C NEON_1_HEAL,"Alpine-tussock-scrub silty loess slopes, frozen","Coarse-silty, mixed, superactive, acid, subgelic Typic Histoturbels",9.0,E28-boreal taiga-gravelly frozen slopes [26836908; 43%; Yes] | E28-boreal forest-gravelly colluvial slopes [26836912; 28%; No] | E28-boreal alpine tussock-silty frozen loess slopes [26836905; 8%; Yes] | E28-boreal forest-loamy high flood plains [26836910; 7%; No] | E28-boreal alpine scrub-gravelly frozen circles [26836906; 6%; No] | E28-boreal alpine scrub-sedge-gravelly frozen slopes [26836909; 3%; Yes] | E28-boreal scrub-loamy drainageways [26836911; 3%; No] | E28-Boreal rock outcrop and rubbleland [26836904; 1%; Unranked] | E28-boreal scrub/sphagnum-organic frozen depressions [26836907; 1%; Yes],AMBIGUOUS,Multiple plausible candidates remain without a decisive name/taxonomy margin.,No plausible alternative rejected.,,,,,,,,,,,,,,,
38276,S2017AK068016,63.8772111108,-149.2030722223,AK725,3354737,E28EP1,Interior Alaska Mountains-Boreal Upland and Alpine-Plains and Hills,HEAL,C2018USAK061,Site_C NEON_1_HEAL,"Alpine-sedge bog organic depressions, frozen","Loamy, mixed, dysic, subgelic Terric Hemistels",9.0,E28-boreal taiga-gravelly frozen slopes [26836908; 43%; Yes] | E28-boreal forest-gravelly colluvial slopes [26836912; 28%; No] | E28-boreal alpine tussock-silty frozen loess slopes [26836905; 8%; Yes] | E28-boreal forest-loamy high flood plains [26836910; 7%; No] | E28-boreal alpine scrub-gravelly frozen circles [26836906; 6%; No] | E28-boreal alpine scrub-sedge-gravelly frozen slopes [26836909; 3%; Yes] | E28-boreal scrub-loamy drainageways [26836911; 3%; No] | E28-Boreal rock outcrop and rubbleland [26836904; 1%; Unranked] | E28-boreal scrub/sphagnum-organic frozen depressions [26836907; 1%; Yes],AMBIGUOUS,Multiple plausible candidates remain without a decisive name/taxonomy margin.,No plausible alternative rejected.,,,,,,,,,,,,,,,
38277,S2017AK068017,63.8662249999,-149.2608222219,AK725,3354737,E28EP1,Interior Alaska Mountains-Boreal Upland and Alpine-Plains and Hills,HEAL,C2018USAK061,Site_C NEON_1_HEAL,Subalpine-riparian scrub loamy drains,"Coarse-loamy, mixed, superactive, nonacid Typic Fluvaquents",9.0,E28-boreal taiga-gravelly frozen slopes [26836908; 43%; Yes] | E28-boreal forest-gravelly colluvial slopes [26836912; 28%; No] | E28-boreal alpine tussock-silty frozen loess slopes [26836905; 8%; Yes] | E28-boreal forest-loamy high flood plains [26836910; 7%; No] | E28-boreal alpine scrub-gravelly frozen circles [26836906; 6%; No] | E28-boreal alpine scrub-sedge-gravelly frozen slopes [26836909; 3%; Yes] | E28-boreal scrub-loamy drainageways [26836911; 3%; No] | E28-Boreal rock outcrop and rubbleland [26836904; 1%; Unranked] | E28-boreal scrub/sphagnum-organic frozen depressions [26836907; 1%; Yes],AMBIGUOUS,Multiple plausible candidates remain without a decisive name/taxonomy margin.,No plausible alternative rejected.,,,,,,,,,,,,,,,
38278,S2017AK068018,63.8624138885,-149.2495166662,AK725,3354744,E28LM3,Interior Alaska Mountains-Boreal Alpine-Rounded Mountains,HEAL,C2018USAK061,Site_C NEON_1_HEAL,"Alpine-sedge bog organic depressions, frozen","Coarse-silty, mixed, superactive, acid, subgelic Typic Histoturbels",10.0,E28-boreal alpine dwarf scrub-gravelly colluvial slopes [26836972; 34%; No] | E28-boreal alpine scrub-gravelly colluvial slopes [26836966; 17%; No] | E28-boreal alpine scrub-sedge-gravelly frozen slopes [26836969; 13%; Yes] | E28-boreal rock outcrop and rubbleland [26836975; 12%; Unranked] | E28-boreal alpine tussock-scrub-silty frozen slopes [26836971; 10%; Yes] | E28-boreal forest-loamy eolian slopes [26836967; 4%; No] | E28-boreal subalpine scrub/meadow-gravelly swales [26836970; 4%; No] | E28-boreal taiga-silty frozen colluvial slopes [26836968; 3%; Yes] | E28-boreal subalpine-scrub-loamy drainageways [26836974; 2%; No] | E28-boreal subalpine woodland-gravelly colluvial slopes [26836973; 1%; No],AMBIGUOUS,Multiple plausible candidates remain without a decisive name/taxonomy margin.,No plausible alternative rejected.,,,,,,,,,,,,,,,
38279,S2017AK068020,63.8714222224,-149.2716750001,AK725,3354737,E28EP1,Interior Alaska Mountains-Boreal Upland and Alpine-Plains and Hills,HEAL,C2018USAK061,Site_C NEON_1_HEAL,Subalpine-riparian scrub loamy drains,"Coarse-loamy, mixed, superactive, nonacid Aquic Cryofluvents",9.0,E28-boreal taiga-gravelly frozen slopes [26836908; 43%; Yes] | E28-boreal forest-gravelly colluvial slopes [26836912; 28%; No] | E28-boreal alpine tussock-silty frozen loess slopes [26836905; 8%; Yes] | E28-boreal forest-loamy high flood plains [26836910; 7%; No] | E28-boreal alpine scrub-gravelly frozen circles [26836906; 6%; No] | E28-boreal alpine scrub-sedge-gravelly frozen slopes [26836909; 3%; Yes] | E28-boreal scrub-loamy drainageways [26836911; 3%; No] | E28-Boreal rock outcrop and rubbleland [26836904; 1%; Unranked] | E28-boreal scrub/sphagnum-organic frozen depressions [26836907; 1%; Yes],AMBIGUOUS,Multiple plausible candidates remain without a decisive name/taxonomy margin.,No plausible alternative rejected.,,,,,,,,,,,,,,,
38280,S2017AK068022,63.8872083332,-149.2129916667,AK725,3354737,E28EP1,Interior Alaska Mountains-Boreal Upland and Alpine-Plains and Hills,HEAL,C2018USAK061,Site_C NEON_1_HEAL,"Alpine-tussock-scrub silty loess slopes, frozen","Coarse-silty, mixed, superactive, acid, subgelic Typic Histoturbels",9.0,E28-boreal taiga-gravelly frozen slopes [26836908; 43%; Yes] | E28-boreal forest-gravelly colluvial slopes [26836912; 28%; No] | E28-boreal alpine tussock-silty frozen loess slopes [26836905; 8%; Yes] | E28-boreal forest-loamy high flood plains [26836910; 7%; No] | E28-boreal alpine scrub-gravelly frozen circles [26836906; 6%; No] | E28-boreal alpine scrub-sedge-gravelly frozen slopes [26836909; 3%; Yes] | E28-boreal scrub-loamy drainageways [26836911; 3%; No] | E28-Boreal rock outcrop and rubbleland [26836904; 1%; Unranked] | E28-boreal scrub/sphagnum-organic frozen depressions [26836907; 1%; Yes],MEDIUM,No name match; unique candidate supported by at least three taxonomic ranks.,E28-boreal alpine scrub-gravelly frozen circles (26836906): weaker name/taxonomy score 16.6; E28-Boreal rock outcrop and rubbleland (26836904): weaker name/taxonomy score 12.5; E28-boreal alpine scrub-sedge-gravelly frozen slopes (26836909): weaker name/taxonomy score -3.6; E28-boreal scrub/sphagnum-organic frozen depressions (26836907): weaker name/taxonomy score -7.1; E28-boreal taiga-gravelly frozen slopes (26836908): weaker name/taxonomy score -7.6; E28-boreal scrub-loamy drainageways (26836911): weaker name/taxonomy score -27.9; E28-boreal forest-loamy high flood plains (26836910): weaker name/taxonomy score -27.9; E28-boreal forest-gravelly colluvial slopes (26836912): weaker name/taxonomy score -29.0,26836905,E28-boreal alpine tussock-silty frozen loess slopes,8,No ,Gelisols,Turbels,Histoturbels,Typic Histoturbels,coarse-silty,,MASTER_HPVW,Very poorly drained,Yes,2; 3,6046582; 6046583
38281,S2017AK068026,63.88645,-149.19035,AK725,3354737,E28EP1,Interior Alaska Mountains-Boreal Upland and Alpine-Plains and Hills,HEAL,C2018USAK061,Site_C NEON_1_HEAL,Subalpine-riparian scrub loamy drains,"Coarse-silty, mixed, superactive, acid, subgelic Typic Histoturbels",9.0,E28-boreal taiga-gravelly frozen slopes [26836908; 43%; Yes] | E28-boreal forest-gravelly colluvial slopes [26836912; 28%; No] | E28-boreal alpine tussock-silty frozen loess slopes [26836905; 8%; Yes] | E28-boreal forest-loamy high flood plains [26836910; 7%; No] | E28-boreal alpine scrub-gravelly frozen circles [26836906; 6%; No] | E28-boreal alpine scrub-sedge-gravelly frozen slopes [26836909; 3%; Yes] | E28-boreal scrub-loamy drainageways [26836911; 3%; No] | E28-Boreal rock outcrop and rubbleland [26836904; 1%; Unranked] | E28-boreal scrub/sphagnum-organic frozen depressions [26836907; 1%; Yes],AMBIGUOUS,Multiple plausible candidates remain without a decisive name/taxonomy margin.,No plausible alternative rejected.,,,,,,,,,,,,,,,
38283,S2017AK068027,63.8676777778,-149.2560805553,AK725,3354737,E28EP1,Interior Alaska Mountains-Boreal Upland and Alpine-Plains and Hills,HEAL,C2018USAK061,Site_C NEON_1_HEAL,Subalpine-riparian scrub loamy drains,"Coarse-silty, mixed, superactive, acid, subgelic Aquic Gelorthents",9.0,E28-boreal taiga-gravelly frozen slopes [26836908; 43%; Yes] | E28-boreal forest-gravelly colluvial slopes [26836912; 28%; No] | E28-boreal alpine tussock-silty frozen loess slopes [26836905; 8%; Yes] | E28-boreal forest-loamy high flood plains [26836910; 7%; No] | E28-boreal alpine scrub-gravelly frozen circles [26836906; 6%; No] | E28-boreal alpine scrub-sedge-gravelly frozen slopes [26836909; 3%; Yes] | E28-boreal scrub-loamy drainageways [26836911; 3%; No] | E28-Boreal rock outcrop and rubbleland [26836904; 1%; Unranked] | E28-boreal scrub/sphagnum-organic frozen depressions [26836907; 1%; Yes],UNMATCHED,No candidate has adequate name or taxonomic agreement.,All candidates lack sufficient correspondence to the sampled pedon.,,,,,,,,,,,,,,,
38284,S2017AK068029,63.8695444443,-149.2568333334,AK725,3354737,E28EP1,Interior Alaska Mountains-Boreal Upland and Alpine-Plains and Hills,HEAL,C2018USAK061,Site_C NEON_1_HEAL,Subalpine-riparian scrub loamy drains,"Coarse-loamy, mixed, superactive, acid Typic Cryofluvents",9.0,E28-boreal taiga-gravelly frozen slopes [26836908; 43%; Yes] | E28-boreal forest-gravelly colluvial slopes [26836912; 28%; No] | E28-boreal alpine tussock-silty frozen loess slopes [26836905; 8%; Yes] | E28-boreal forest-loamy high flood plains [26836910; 7%; No] | E28-boreal alpine scrub-gravelly frozen circles [26836906; 6%; No] | E28-boreal alpine scrub-sedge-gravelly frozen slopes [26836909; 3%; Yes] | E28-boreal scrub-loamy drainageways [26836911; 3%; No] | E28-Boreal rock outcrop and rubbleland [26836904; 1%; Unranked] | E28-boreal scrub/sphagnum-organic frozen depressions [26836907; 1%; Yes],MEDIUM,No name match; unique candidate supported by at least three taxonomic ranks.,E28-boreal scrub-loamy drainageways (26836911): weaker name/taxonomy score 41.4; E28-Boreal rock outcrop and rubbleland (26836904): weaker name/taxonomy score 14.0; E28-boreal alpine scrub-gravelly frozen circles (26836906): weaker name/taxonomy score -5.0; E28-boreal scrub/sphagnum-organic frozen depressions (26836907): weaker name/taxonomy score -5.8; E28-boreal forest-gravelly colluvial slopes (26836912): weaker name/taxonomy score -11.2; E28-boreal alpine scrub-sedge-gravelly frozen slopes (26836909): weaker name/taxonomy score -25.1; E28-boreal taiga-gravelly frozen slopes (26836908): weaker name/taxonomy score -28.0; E28-boreal alpine tussock-silty frozen loess slopes (26836905): weaker name/taxonomy score -28.1,26836910,E28-boreal forest-loamy high flood plains,7,No ,Entisols,Fluvents,Cryofluvents,Typic Cryofluvents,coarse-loamy over sandy or sandy-skeletal,,MASTER_FST1,Well drained,No,,
38285,S2017AK068045,63.8752111111,-149.2193694443,AK725,3354737,E28EP1,Interior Alaska Mountains-Boreal Upland and Alpine-Plains and Hills,HEAL,C2018USAK061,Site_C NEON_1_HEAL,"Alpine-tussock-scrub silty loess slopes, frozen","Coarse-silty, mixed, superactive, nonacid, subgelic Typic Aquiturbels",9.0,E28-boreal taiga-gravelly frozen slopes [26836908; 43%; Yes] | E28-boreal forest-gravelly colluvial slopes [26836912; 28%; No] | E28-boreal alpine tussock-silty frozen loess slopes [26836905; 8%; Yes] | E28-boreal forest-loamy high flood plains [26836910; 7%; No] | E28-boreal alpine scrub-gravelly frozen circles [26836906; 6%; No] | E28-boreal alpine scrub-sedge-gravelly frozen slopes [26836909; 3%; Yes] | E28-boreal scrub-loamy drainageways [26836911; 3%; No] | E28-Boreal rock outcrop and rubbleland [26836904; 1%; Unranked] | E28-boreal scrub/sphagnum-organic frozen depressions [26836907; 1%; Yes],AMBIGUOUS,Multiple plausible candidates remain without a decisive name/taxonomy margin.,No plausible alternative rejected.,,,,,,,,,,,,,,,
38286,S2017AK068046,63.8730944442,-149.2168027777,AK725,3354737,E28EP1,Interior Alaska Mountains-Boreal Upland and Alpine-Plains and Hills,HEAL,C2018USAK061,Site_C NEON_1_HEAL,"Alpine-tussock-scrub silty loess slopes, frozen","Coarse-silty, mixed, superactive, nonacid, subgelic Typic Aquiturbels",9.0,E28-boreal taiga-gravelly frozen slopes [26836908; 43%; Yes] | E28-boreal forest-gravelly colluvial slopes [26836912; 28%; No] | E28-boreal alpine tussock-silty frozen loess slopes [26836905; 8%; Yes] | E28-boreal forest-loamy high flood plains [26836910; 7%; No] | E28-boreal alpine scrub-gravelly frozen circles [26836906; 6%; No] | E28-boreal alpine scrub-sedge-gravelly frozen slopes [26836909; 3%; Yes] | E28-boreal scrub-loamy drainageways [26836911; 3%; No] | E28-Boreal rock outcrop and rubbleland [26836904; 1%; Unranked] | E28-boreal scrub/sphagnum-organic frozen depressions [26836907; 1%; Yes],AMBIGUOUS,Multiple plausible candidates remain without a decisive name/taxonomy margin.,No plausible alternative rejected.,,,,,,,,,,,,,,,
38287,S2017AK068047,63.8722750001,-149.2212777778,AK725,3354737,E28EP1,Interior Alaska Mountains-Boreal Upland and Alpine-Plains and Hills,HEAL,C2018USAK061,Site_C NEON_1_HEAL,"Alpine-tussock-scrub silty loess slopes, frozen","Coarse-silty, mixed, superactive, acid, subgelic Typic Aquorthels",9.0,E28-boreal taiga-gravelly frozen slopes [26836908; 43%; Yes] | E28-boreal forest-gravelly colluvial slopes [26836912; 28%; No] | E28-boreal alpine tussock-silty frozen loess slopes [26836905; 8%; Yes] | E28-boreal forest-loamy high flood plains [26836910; 7%; No] | E28-boreal alpine scrub-gravelly frozen circles [26836906; 6%; No] | E28-boreal alpine scrub-sedge-gravelly frozen slopes [26836909; 3%; Yes] | E28-boreal scrub-loamy drainageways [26836911; 3%; No] | E28-Boreal rock outcrop and rubbleland [26836904; 1%; Unranked] | E28-boreal scrub/sphagnum-organic frozen depressions [26836907; 1%; Yes],AMBIGUOUS,Multiple plausible candidates remain without a decisive name/taxonomy margin.,No plausible alternative rejected.,,,,,,,,,,,,,,,
38659,S2017AZ019004,31.9068055555,-110.8154166666,AZ667,1421437,BhD,"Bernardino-Hathaway association, rolling",SRER,C2018USAZ074,Site_C NEON_8_SRER,Nahda,"Clayey-skeletal, mixed, superactive, thermic Argic Petrocalcids",3.0,Bernardino [26421206; 55%; No] | Hathaway [26421205; 25%; No] | Unnamed soils [26421207; 20%; No],UNMATCHED,No candidate has adequate name or taxonomic agreement.,All candidates lack sufficient correspondence to the sampled pedon.,,,,,,,,,,,,,,,
38660,S2017AZ019007,31.8976944446,-110.875222222,AZ667,1416068,An,Anthony soils,SRER,C2018USAZ074,Site_C NEON_8_SRER,Hayhook,"Coarse-loamy, mixed, superactive, thermic Typic Haplocambids",2.0,Anthony [26421193; 80%; No] | Unnamed soils [26421194; 20%; No],UNMATCHED,No candidate has adequate name or taxonomic agreement.,All candidates lack sufficient correspondence to the sampled pedon.,,,,,,,,,,,,,,,
38661,S2017AZ019013,31.8098055553,-110.8938888888,AZ667,1416068,An,Anthony soils,SRER,C2018USAZ074,Site_C NEON_8_SRER,Combate,"Coarse-loamy, mixed, superactive, nonacid, thermic Ustic Torrifluvents",2.0,Anthony [26421193; 80%; No] | Unnamed soils [26421194; 20%; No],AMBIGUOUS,Multiple plausible candidates remain without a decisive name/taxonomy margin.,No plausible alternative rejected.,,,,,,,,,,,,,,,
38662,S2017AZ019014,31.8739444446,-110.8870833333,AZ667,1427775,SoB,"Sonoita gravelly sandy loam, 1 to 8 percent slopes",SRER,C2018USAZ074,Site_C NEON_8_SRER,Sandy Haplocambids,"Sandy, mixed, superactive, thermic Typic Haplocambids",2.0,Sonoita [26421317; 85%; No] | Unnamed soils [26421318; 15%; No],UNMATCHED,No candidate has adequate name or taxonomic agreement.,All candidates lack sufficient correspondence to the sampled pedon.,,,,,,,,,,,,,,,
38663,S2017AZ019018,31.8978611108,-110.9082777775,AZ667,1427767,Pn,"Pima clay loam, sandy clay loam subsoil variant",SRER,C2018USAZ074,Site_C NEON_8_SRER,Fine-loamy Haplocambids,"Fine-loamy, mixed, superactive, calcareous, thermic Typic Torrifluvents",2.0,Pima [26421296; 90%; No] | Unnamed soils [26421297; 10%; No],EXACT,Unique exact normalized NASIS taxon/component-name match within the intersected map unit.,Unnamed soils (26421297): weaker name/taxonomy score 9.7,26421296,Pima,90,Yes,Mollisols,Ustolls,Haplustolls,Typic Haplustolls,fine-loamy,,,Well drained,No,,
38664,S2017AZ019023,31.8525833333,-110.8579722224,AZ667,801772,CtB,"Comoro soils, 0 to 5 percent slopes",SRER,C2018USAZ074,Site_C NEON_8_SRER,Sandy Haplocambids,"Sandy, mixed, superactive, thermic Ustic Haplocambids",2.0,Comoro [26421180; 51%; No] | Comoro [26421181; 49%; No],UNMATCHED,No candidate has adequate name or taxonomic agreement.,All candidates lack sufficient correspondence to the sampled pedon.,,,,,,,,,,,,,,,
38665,S2017AZ019024,31.8136388884,-110.8067499997,AZ667,1427814,WoE,"White House-Caralampi complex, 10 to 35 percent slopes",SRER,C2018USAZ074,Site_C NEON_8_SRER,Baboquivari,"Fine-loamy, mixed, superactive, thermic Ustic Haplargids",3.0,White House [26421339; 46%; No] | Caralampi [26421338; 45%; No] | Unnamed soils [26421340; 9%; No],AMBIGUOUS,Multiple plausible candidates remain without a decisive name/taxonomy margin.,No plausible alternative rejected.,,,,,,,,,,,,,,,
38666,S2017AZ019026,31.8333333333,-110.84375,AZ667,1427775,SoB,"Sonoita gravelly sandy loam, 1 to 8 percent slopes",SRER,C2018USAZ074,Site_C NEON_8_SRER,Bodecker,"Sandy-skeletal, mixed, thermic Ustic Torrifluvents",2.0,Sonoita [26421317; 85%; No] | Unnamed soils [26421318; 15%; No],UNMATCHED,No candidate has adequate name or taxonomic agreement.,All candidates lack sufficient correspondence to the sampled pedon.,,,,,,,,,,,,,,,
38667,S2018AZ019003,31.8404722224,-110.9170555555,AZ667,1416068,An,Anthony soils,SRER,C2018USAZ074,Site_C NEON_8_SRER,Hayhook,"Coarse-loamy, mixed, superactive, thermic Typic Haplocambids",2.0,Anthony [26421193; 80%; No] | Unnamed soils [26421194; 20%; No],UNMATCHED,No candidate has adequate name or taxonomic agreement.,All candidates lack sufficient correspondence to the sampled pedon.,,,,,,,,,,,,,,,
38668,S2018AZ019008,31.8669166666,-110.8148888884,AZ667,1427775,SoB,"Sonoita gravelly sandy loam, 1 to 8 percent slopes",SRER,C2018USAZ074,Site_C NEON_8_SRER,Eloma,"Clayey-skeletal, mixed, superactive, thermic Ustic Haplargids",2.0,Sonoita [26421317; 85%; No] | Unnamed soils [26421318; 15%; No],AMBIGUOUS,Multiple plausible candidates remain without a decisive name/taxonomy margin.,No plausible alternative rejected.,,,,,,,,,,,,,,,
38669,S2018AZ019016,31.9053611108,-110.8469722217,AZ667,1416068,An,Anthony soils,SRER,C2018USAZ074,Site_C NEON_8_SRER,Redo,"Sandy-skeletal, mixed, thermic Typic Haplocalcids",2.0,Anthony [26421193; 80%; No] | Unnamed soils [26421194; 20%; No],UNMATCHED,No candidate has adequate name or taxonomic agreement.,All candidates lack sufficient correspondence to the sampled pedon.,,,,,,,,,,,,,,,
38670,S2017AZ019043,31.91,-110.8373333332,AZ667,1416069,Ao,"Anthony soils, very gravelly variants",SRER,C2018USAZ074,Site_C NEON_8_SRER,Rillino,"Coarse-loamy, mixed, superactive, thermic Typic Haplocalcids",2.0,Anthony [26421195; 51%; No] | Anthony [26421196; 49%; No],UNMATCHED,No candidate has adequate name or taxonomic agreement.,All candidates lack sufficient correspondence to the sampled pedon.,,,,,,,,,,,,,,,
38671,S2018KS161022,39.2282944446,-96.5917777776,KS161,1472320,4784,"Tully silty clay loam, 3 to 7 percent slopes, eroded",KONA,C2018USKS075,Site_C NEON_5 KONA,Tully,"Fine, mixed, superactive, mesic Udic Argiustolls",8.0,Tully [26334624; 85%; No] | Martin [26334626; 5%; No] | Reading [26334627; 3%; No] | Clime [26334625; 2%; No] | Irwin [26334630; 2%; No] | Smolan [26334628; 1%; No] | Sogn [26334629; 1%; No] | Aquolls [26334631; 1%; Yes],EXACT,Unique exact normalized NASIS taxon/component-name match within the intersected map unit.,Smolan (26334628): weaker name/taxonomy score 46.4; Irwin (26334630): weaker name/taxonomy score 40.0; Aquolls (26334631): weaker name/taxonomy score 33.5; Clime (26334625): weaker name/taxonomy score 27.0; Martin (26334626): weaker name/taxonomy score 6.4; Reading (26334627): weaker name/taxonomy score 0.0; Sogn (26334629): weaker name/taxonomy score 0.0,26334624,Tully,85,Yes,Mollisols,Ustolls,Argiustolls,Pachic Argiustolls,fine,,,Well drained,No,,
38672,S2018KS161017,39.41203,-96.4874194444,KS149,1480696,4786,"Tully silty clay, 3 to 7 percent slopes, eroded",KONA,C2018USKS075,Site_C NEON_5 KONA,Tully,"Fine, mixed, superactive, mesic Pachic Argiustolls",5.0,Tully [26332023; 85%; No] | Clime [26332024; 5%; No] | Kennebec [26332025; 5%; No] | Reading [26332026; 4%; No] | Aquolls [26332027; 1%; Yes],EXACT,Unique exact normalized NASIS taxon/component-name match within the intersected map unit.,Aquolls (26332027): weaker name/taxonomy score 33.5; Clime (26332024): weaker name/taxonomy score 27.0; Kennebec (26332025): weaker name/taxonomy score 0.0; Reading (26332026): weaker name/taxonomy score 0.0,26332023,Tully,85,Yes,Mollisols,Ustolls,Argiustolls,Pachic Argiustolls,fine,,,Well drained,No,,
38673,S2018KS161008,39.2172111111,-96.6010388888,KS161,1472339,7682,"Wymore silty clay loam, 1 to 3 percent slopes, eroded",KONA,C2018USKS075,Site_C NEON_5 KONA,Smolan,"Fine, smectitic, mesic Udic Haplustalfs",4.0,Wymore [26334634; 90%; No] | Irwin [26334635; 8%; No] | Rock outcrop [26334632; 1%; No] | Konza [26334633; 1%; No],UNMATCHED,No candidate has adequate name or taxonomic agreement.,All candidates lack sufficient correspondence to the sampled pedon.,,,,,,,,,,,,,,,
38674,S2018KS161003,39.2149694442,-96.5990000004,KS161,1472294,3923,"Smolan silty clay loam, 3 to 7 percent slopes, eroded",KONA,C2018USKS075,Site_C NEON_5 KONA,Smolan,"Fine, smectitic, mesic Udic Argiustolls",5.0,Smolan [26334607; 90%; No] | Geary [26334608; 4%; No] | Irwin [26334610; 4%; No] | Tully [26334609; 1%; No] | Aquolls [26334611; 1%; Yes],EXACT,Unique exact normalized NASIS taxon/component-name match within the intersected map unit.,Geary (26334608): weaker name/taxonomy score 66.4; Irwin (26334610): weaker name/taxonomy score 46.4; Tully (26334609): weaker name/taxonomy score 46.4; Aquolls (26334611): weaker name/taxonomy score 26.8,26334607,Smolan,90,Yes,Mollisols,Ustolls,Argiustolls,Udic Argiustolls,fine,eroded,,Moderately well drained,No,,
38675,S2018KS161020,39.2172305555,-96.6010499999,KS161,1472339,7682,"Wymore silty clay loam, 1 to 3 percent slopes, eroded",KONA,C2018USKS075,Site_C NEON_5 KONA,Wymore,"Fine, smectitic, mesic Aquertic Argiudolls",4.0,Wymore [26334634; 90%; No] | Irwin [26334635; 8%; No] | Rock outcrop [26334632; 1%; No] | Konza [26334633; 1%; No],EXACT,Unique exact normalized NASIS taxon/component-name match within the intersected map unit.,Irwin (26334635): weaker name/taxonomy score 6.4; Konza (26334633): weaker name/taxonomy score 6.4; Rock outcrop (26334632): weaker name/taxonomy score 3.9,26334634,Wymore,90,Yes,Mollisols,Udolls,Argiudolls,Aquertic Argiudolls,fine,eroded,,Moderately well drained,No,,
38676,S2018KS161013,39.1264833333,-96.6420694446,KS161,1472292,3919,"Smolan silt loam, 1 to 3 percent slopes",KONA,C2018USKS075,Site_C NEON_5 KONA,Wymore,"Fine-silty, smectitic, mesic Typic Argiudolls",6.0,Smolan [26334597; 85%; No] | Geary [26334598; 5%; No] | Irwin [26334601; 4%; No] | Tully [26334599; 3%; No] | Wymore [26334600; 2%; No] | Aquolls [26334602; 1%; Yes],EXACT,Unique exact normalized NASIS taxon/component-name match within the intersected map unit.,Aquolls (26334602): weaker name/taxonomy score 21.4; Smolan (26334597): weaker name/taxonomy score 11.7; Geary (26334598): weaker name/taxonomy score 6.4; Irwin (26334601): weaker name/taxonomy score 6.4; Tully (26334599): weaker name/taxonomy score 6.4,26334600,Wymore,2,No ,Mollisols,Udolls,Argiudolls,Aquertic Argiudolls,fine,,,Moderately well drained,No,,
38677,S2018KS161004,39.1241222222,-96.6380611112,KS161,1472337,7680,"Wymore silty clay loam, 0 to 1 percent slopes",KONA,C2018USKS075,Site_C NEON_5 KONA,Wymore,"Fine, smectitic, mesic Aquertic Argiudolls",2.0,Wymore [26334583; 98%; No] | Baileyville [26334582; 2%; No],EXACT,Unique exact normalized NASIS taxon/component-name match within the intersected map unit.,Baileyville (26334582): weaker name/taxonomy score 44.1,26334583,Wymore,98,Yes,Mollisols,Udolls,Argiudolls,Aquertic Argiudolls,fine,,,Moderately well drained,No,,
38678,S2018KS161027,39.1236833333,-96.6423499997,KS161,1472294,3923,"Smolan silty clay loam, 3 to 7 percent slopes, eroded",KONA,C2018USKS075,Site_C NEON_5 KONA,Wymore,"Fine, smectitic, mesic Aquertic Hapludalfs",5.0,Smolan [26334607; 90%; No] | Geary [26334608; 4%; No] | Irwin [26334610; 4%; No] | Tully [26334609; 1%; No] | Aquolls [26334611; 1%; Yes],UNMATCHED,No candidate has adequate name or taxonomic agreement.,All candidates lack sufficient correspondence to the sampled pedon.,,,,,,,,,,,,,,,
38679,S2018KS161016,39.1205416666,-96.6385111109,KS161,1531806,7213,"Reading silt loam, moderately wet, very rarely flooded",KONA,C2018USKS075,Site_C NEON_5 KONA,Reading,"Fine-silty, mixed, superactive, mesic Typic Argiudolls",5.0,Reading [26334708; 85%; No] | Chase [26334709; 5%; No] | Rossville [26334710; 5%; No] | Muscotah [26334706; 4%; No] | Wabash [26334707; 1%; Yes],EXACT,Unique exact normalized NASIS taxon/component-name match within the intersected map unit.,Chase (26334709): weaker name/taxonomy score 45.8; Rossville (26334710): weaker name/taxonomy score 28.8; Muscotah (26334706): weaker name/taxonomy score 24.7; Wabash (26334707): weaker name/taxonomy score 5.4,26334708,Reading,85,Yes,Mollisols,Udolls,Argiudolls,Pachic Argiudolls,fine-silty,very rarely flooded,,Moderately well drained,No,,
38680,S2018KS161057,39.1083111111,-96.6147805553,KS161,1472314,4674,"Irwin silty clay loam, 3 to 7 percent slopes, eroded",KONA,C2018USKS075,Site_C NEON_5 KONA,Irwin,"Fine, mixed, superactive, mesic Udic Argiustolls",8.0,Irwin [26334649; 80%; No] | Clime [26334644; 5%; No] | Dwight [26334645; 5%; No] | Tully [26334647; 5%; No] | Labette [26334646; 2%; No] | Rock outcrop [26334643; 1%; No] | Wymore [26334648; 1%; No] | Aquolls [26334650; 1%; Yes],EXACT,Unique exact normalized NASIS taxon/component-name match within the intersected map unit.,Labette (26334646): weaker name/taxonomy score 60.0; Tully (26334647): weaker name/taxonomy score 40.0; Dwight (26334645): weaker name/taxonomy score 32.7; Clime (26334644): weaker name/taxonomy score 27.0; Aquolls (26334650): weaker name/taxonomy score 16.0; Wymore (26334648): weaker name/taxonomy score 6.4; Rock outcrop (26334643): weaker name/taxonomy score 4.1,26334649,Irwin,80,Yes,Mollisols,Ustolls,Argiustolls,Pachic Argiustolls,fine,eroded,,Moderately well drained,No,,
38681,S2018KS161048,39.1078416665,-96.6128611108,KS161,1472330,7174,"Reading silt loam, 1 to 3 percent slopes",KONA,C2018USKS075,Site_C NEON_5 KONA,Reading,"Fine, mixed, superactive, mesic Pachic Argiudolls",4.0,Reading [26334702; 90%; No] | Tully [26334705; 7%; No] | Ivan [26334703; 2%; No] | Osage [26334704; 1%; Yes],EXACT,Unique exact normalized NASIS taxon/component-name match within the intersected map unit.,Ivan (26334703): weaker name/taxonomy score 32.7; Tully (26334705): weaker name/taxonomy score 0.0; Osage (26334704): weaker name/taxonomy score -8.3,26334702,Reading,90,Yes,Mollisols,Udolls,Argiudolls,Pachic Argiudolls,fine-silty,rarely flooded,,Well drained,No,,
38682,S2018KS161019,39.2131694444,-96.5896388891,KS161,1472292,3919,"Smolan silt loam, 1 to 3 percent slopes",KONA,C2018USKS075,Site_C NEON_5 KONA,Smolan,"Fine, smectitic, mesic Udic Haplustalfs",6.0,Smolan [26334597; 85%; No] | Geary [26334598; 5%; No] | Irwin [26334601; 4%; No] | Tully [26334599; 3%; No] | Wymore [26334600; 2%; No] | Aquolls [26334602; 1%; Yes],EXACT,Unique exact normalized NASIS taxon/component-name match within the intersected map unit.,Aquolls (26334602): weaker name/taxonomy score 6.8; Wymore (26334600): weaker name/taxonomy score -8.3; Geary (26334598): weaker name/taxonomy score -13.6; Irwin (26334601): weaker name/taxonomy score -13.6; Tully (26334599): weaker name/taxonomy score -13.6,26334597,Smolan,85,Yes,Mollisols,Ustolls,Argiustolls,Pachic Argiustolls,fine,,,Moderately well drained,No,,
38683,S2018KS161035,39.2098999998,-96.5927694447,KS161,1472292,3919,"Smolan silt loam, 1 to 3 percent slopes",KONA,C2018USKS075,Site_C NEON_5 KONA,Smolan,"Fine, smectitic, mesic Udic Argiustolls",6.0,Smolan [26334597; 85%; No] | Geary [26334598; 5%; No] | Irwin [26334601; 4%; No] | Tully [26334599; 3%; No] | Wymore [26334600; 2%; No] | Aquolls [26334602; 1%; Yes],EXACT,Unique exact normalized NASIS taxon/component-name match within the intersected map unit.,Geary (26334598): weaker name/taxonomy score 66.4; Irwin (26334601): weaker name/taxonomy score 46.4; Tully (26334599): weaker name/taxonomy score 46.4; Aquolls (26334602): weaker name/taxonomy score 26.8; Wymore (26334600): weaker name/taxonomy score 11.7,26334597,Smolan,85,Yes,Mollisols,Ustolls,Argiustolls,Pachic Argiustolls,fine,,,Moderately well drained,No,,
38684,S2018KS161011,39.2229694445,-96.5955694442,KS161,1472328,7170,"Reading silt loam, rarely flooded",KONA,C2018USKS075,Site_C NEON_5 KONA,Reading,"Fine-silty, mixed, superactive, mesic Pachic Argiudolls",5.0,Reading [26334685; 90%; No] | Chase [26334686; 5%; No] | Ivan [26334687; 2%; No] | Martin [26334688; 2%; No] | Osage [26334689; 1%; Yes],EXACT,Unique exact normalized NASIS taxon/component-name match within the intersected map unit.,Martin (26334688): weaker name/taxonomy score 56.2; Chase (26334686): weaker name/taxonomy score 45.8; Ivan (26334687): weaker name/taxonomy score 32.7; Osage (26334689): weaker name/taxonomy score -8.3,26334685,Reading,90,Yes,Mollisols,Udolls,Argiudolls,Pachic Argiudolls,fine-silty,rarely flooded,,Well drained,No,,
38685,S2018KS161005,39.2214388889,-96.5828194448,KS161,1472294,3923,"Smolan silty clay loam, 3 to 7 percent slopes, eroded",KONA,C2018USKS075,Site_C NEON_5 KONA,Kahola,"Fine, mixed, superactive, mesic Pachic Argiudolls",5.0,Smolan [26334607; 90%; No] | Geary [26334608; 4%; No] | Irwin [26334610; 4%; No] | Tully [26334609; 1%; No] | Aquolls [26334611; 1%; Yes],AMBIGUOUS,Multiple plausible candidates remain without a decisive name/taxonomy margin.,No plausible alternative rejected.,,,,,,,,,,,,,,,
38958,S2018HI001100,19.553271,-155.317279,HI801,2371317,602,"Keamoku stony medial loam, 3 to 10 percent slopes",,I2018USHI080,NEON Tower Pu'u Maka'ala Natural Area Reserve (PUUM),,,3.0,Keamoku [27482726; 90%; No] | Oneula [27482725; 5%; No] | Lava flows [27482727; 5%; No],UNMATCHED,No candidate has adequate name or taxonomic agreement.,All candidates lack sufficient correspondence to the sampled pedon.,,,,,,,,,,,,,,,
39013,S2018WY029100,44.955971,-110.541984,WY665,3056522,2213,"Hobacker-Greyback-Shadow families, complex",,I2018USWY085,NEON Tower Yellowstone (YELL),,,5.0,Hobacker [27252120; 40%; No] | Greyback [27252121; 25%; No] | Shadow [27252122; 15%; No] | Arrowpeak [27252123; 10%; No] | Rock outcrop [27252124; 10%; No],UNMATCHED,No candidate has adequate name or taxonomic agreement.,All candidates lack sufficient correspondence to the sampled pedon.,,,,,,,,,,,,,,,
39020,S2018AK185001,71.24395,-156.421899,AK760,3352349,E46C2,"Arctic Coastal Plain-Arctic Lowland-Coastal Plains, Low",BARR,C2018USAK088,Site_C NEON_1_BARR,LCP Typic Histoturbels,"Coarse-silty, mixed, superactive, acid Typic Histoturbels",6.0,"E46-Arctic sedge-loamy frozen low-center polygons [26868269; 31%; Yes] | E46-arctic water, fresh [26868272; 29%; Unranked] | E46-Arctic wet meadow-organic depressions [26868271; 15%; Yes] | E46-Arctic sedge-loamy low frozen coastal plains [26868268; 11%; Yes] | E46-Arctic scrub-organic frozen high-center polygons [26868267; 9%; Yes] | E46-Arctic scrub-organic frozen polygon rims [26868270; 5%; No]",AMBIGUOUS,Multiple plausible candidates remain without a decisive name/taxonomy margin.,No plausible alternative rejected.,,,,,,,,,,,,,,,
39021,S2018AK185004,71.241282,-156.503321,AK760,3352349,E46C2,"Arctic Coastal Plain-Arctic Lowland-Coastal Plains, Low",BARR,C2018USAK088,Site_C NEON_1_BARR,HCP Glacic Aquiturbels,"Coarse-loamy, mixed, superactive, acid Glacic Aquiturbels",6.0,"E46-Arctic sedge-loamy frozen low-center polygons [26868269; 31%; Yes] | E46-arctic water, fresh [26868272; 29%; Unranked] | E46-Arctic wet meadow-organic depressions [26868271; 15%; Yes] | E46-Arctic sedge-loamy low frozen coastal plains [26868268; 11%; Yes] | E46-Arctic scrub-organic frozen high-center polygons [26868267; 9%; Yes] | E46-Arctic scrub-organic frozen polygon rims [26868270; 5%; No]",AMBIGUOUS,Multiple plausible candidates remain without a decisive name/taxonomy margin.,No plausible alternative rejected.,,,,,,,,,,,,,,,
39022,S2018AK185005,71.242379,-156.312632,AK760,3352349,E46C2,"Arctic Coastal Plain-Arctic Lowland-Coastal Plains, Low",BARR,C2018USAK088,Site_C NEON_1_BARR,HCP Typic Aquiturbels,"Coarse-loamy, mixed, superactive, acid Typic Aquiturbels",6.0,"E46-Arctic sedge-loamy frozen low-center polygons [26868269; 31%; Yes] | E46-arctic water, fresh [26868272; 29%; Unranked] | E46-Arctic wet meadow-organic depressions [26868271; 15%; Yes] | E46-Arctic sedge-loamy low frozen coastal plains [26868268; 11%; Yes] | E46-Arctic scrub-organic frozen high-center polygons [26868267; 9%; Yes] | E46-Arctic scrub-organic frozen polygon rims [26868270; 5%; No]",AMBIGUOUS,Multiple plausible candidates remain without a decisive name/taxonomy margin.,No plausible alternative rejected.,,,,,,,,,,,,,,,
39023,S2018AK185008,71.251637,-156.45188,AK760,3352349,E46C2,"Arctic Coastal Plain-Arctic Lowland-Coastal Plains, Low",BARR,C2018USAK088,Site_C NEON_1_BARR,HL typic Glacistels,"Mixed, dysic Typic Glacistels",6.0,"E46-Arctic sedge-loamy frozen low-center polygons [26868269; 31%; Yes] | E46-arctic water, fresh [26868272; 29%; Unranked] | E46-Arctic wet meadow-organic depressions [26868271; 15%; Yes] | E46-Arctic sedge-loamy low frozen coastal plains [26868268; 11%; Yes] | E46-Arctic scrub-organic frozen high-center polygons [26868267; 9%; Yes] | E46-Arctic scrub-organic frozen polygon rims [26868270; 5%; No]",AMBIGUOUS,Multiple plausible candidates remain without a decisive name/taxonomy margin.,No plausible alternative rejected.,,,,,,,,,,,,,,,
39024,S2018AK185011,71.302866,-156.623891,AK760,3352349,E46C2,"Arctic Coastal Plain-Arctic Lowland-Coastal Plains, Low",BARR,C2018USAK088,Site_C NEON_1_BARR,LCP Terric Hemistels,"Coarse-loamy, superactive, dysic Terric Hemistels",6.0,"E46-Arctic sedge-loamy frozen low-center polygons [26868269; 31%; Yes] | E46-arctic water, fresh [26868272; 29%; Unranked] | E46-Arctic wet meadow-organic depressions [26868271; 15%; Yes] | E46-Arctic sedge-loamy low frozen coastal plains [26868268; 11%; Yes] | E46-Arctic scrub-organic frozen high-center polygons [26868267; 9%; Yes] | E46-Arctic scrub-organic frozen polygon rims [26868270; 5%; No]",MEDIUM,No name match; unique candidate supported by at least three taxonomic ranks.,"E46-arctic water, fresh (26868272): weaker name/taxonomy score 13.3; E46-Arctic sedge-loamy low frozen coastal plains (26868268): weaker name/taxonomy score 11.3; E46-Arctic sedge-loamy frozen low-center polygons (26868269): weaker name/taxonomy score 10.1; E46-Arctic scrub-organic frozen polygon rims (26868270): weaker name/taxonomy score 9.8; E46-Arctic wet meadow-organic depressions (26868271): weaker name/taxonomy score -9.7",26868267,E46-Arctic scrub-organic frozen high-center polygons,9,No ,Gelisols,Histels,Hemistels,Terric Hemistels,loamy,,MASTER,Poorly drained,Yes,1,6054570
39025,S2018AK185012,71.253638,-156.38126,AK760,3352349,E46C2,"Arctic Coastal Plain-Arctic Lowland-Coastal Plains, Low",BARR,C2018USAK088,Site_C NEON_1_BARR,HCP Typic Aquiturbels,"Coarse-silty, mixed, superactive, acid Typic Aquiturbels",6.0,"E46-Arctic sedge-loamy frozen low-center polygons [26868269; 31%; Yes] | E46-arctic water, fresh [26868272; 29%; Unranked] | E46-Arctic wet meadow-organic depressions [26868271; 15%; Yes] | E46-Arctic sedge-loamy low frozen coastal plains [26868268; 11%; Yes] | E46-Arctic scrub-organic frozen high-center polygons [26868267; 9%; Yes] | E46-Arctic scrub-organic frozen polygon rims [26868270; 5%; No]",UNMATCHED,No candidate has adequate name or taxonomic agreement.,All candidates lack sufficient correspondence to the sampled pedon.,,,,,,,,,,,,,,,
39026,S2018AK185014,71.298618,-156.68647,AK760,3352349,E46C2,"Arctic Coastal Plain-Arctic Lowland-Coastal Plains, Low",BARR,C2018USAK088,Site_C NEON_1_BARR,LCP Typic Histoturbels,"Coarse-loamy, mixed, superactive, acid Typic Histoturbels",6.0,"E46-Arctic sedge-loamy frozen low-center polygons [26868269; 31%; Yes] | E46-arctic water, fresh [26868272; 29%; Unranked] | E46-Arctic wet meadow-organic depressions [26868271; 15%; Yes] | E46-Arctic sedge-loamy low frozen coastal plains [26868268; 11%; Yes] | E46-Arctic scrub-organic frozen high-center polygons [26868267; 9%; Yes] | E46-Arctic scrub-organic frozen polygon rims [26868270; 5%; No]",MEDIUM,No name match; unique candidate supported by at least three taxonomic ranks.,"E46-arctic water, fresh (26868272): weaker name/taxonomy score 12.7; E46-Arctic scrub-organic frozen high-center polygons (26868267): weaker name/taxonomy score 9.5; E46-Arctic sedge-loamy low frozen coastal plains (26868268): weaker name/taxonomy score 9.0; E46-Arctic scrub-organic frozen polygon rims (26868270): weaker name/taxonomy score -8.3; E46-Arctic wet meadow-organic depressions (26868271): weaker name/taxonomy score -12.2",26868269,E46-Arctic sedge-loamy frozen low-center polygons,31,Yes,Gelisols,Turbels,Histoturbels,Typic Histoturbels,coarse-loamy,,MASTER,Very poorly drained,Yes,2,6054572
39027,S2018AK185015,71.267069,-156.563065,AK760,3352349,E46C2,"Arctic Coastal Plain-Arctic Lowland-Coastal Plains, Low",BARR,C2018USAK088,Site_C NEON_1_BARR,HL Typic Aquiturbels,"Coarse-silty, mixed, superactive, acid Typic Aquiturbels",6.0,"E46-Arctic sedge-loamy frozen low-center polygons [26868269; 31%; Yes] | E46-arctic water, fresh [26868272; 29%; Unranked] | E46-Arctic wet meadow-organic depressions [26868271; 15%; Yes] | E46-Arctic sedge-loamy low frozen coastal plains [26868268; 11%; Yes] | E46-Arctic scrub-organic frozen high-center polygons [26868267; 9%; Yes] | E46-Arctic scrub-organic frozen polygon rims [26868270; 5%; No]",UNMATCHED,No candidate has adequate name or taxonomic agreement.,All candidates lack sufficient correspondence to the sampled pedon.,,,,,,,,,,,,,,,
39028,S2018AK185018,71.306555,-156.61743,AK760,3352349,E46C2,"Arctic Coastal Plain-Arctic Lowland-Coastal Plains, Low",BARR,C2018USAK088,Site_C NEON_1_BARR,VPD Typic Aquorthels,"Coarse-silty, mixed, superactive, acid Typic Aquorthels",6.0,"E46-Arctic sedge-loamy frozen low-center polygons [26868269; 31%; Yes] | E46-arctic water, fresh [26868272; 29%; Unranked] | E46-Arctic wet meadow-organic depressions [26868271; 15%; Yes] | E46-Arctic sedge-loamy low frozen coastal plains [26868268; 11%; Yes] | E46-Arctic scrub-organic frozen high-center polygons [26868267; 9%; Yes] | E46-Arctic scrub-organic frozen polygon rims [26868270; 5%; No]",AMBIGUOUS,Multiple plausible candidates remain without a decisive name/taxonomy margin.,No plausible alternative rejected.,,,,,,,,,,,,,,,
39029,S2018AK185019,71.226524,-156.547069,AK760,3352348,E46C1,"Arctic Coastal Plain-Arctic Lowland-Coastal Plains, High",BARR,C2018USAK088,Site_C NEON_1_BARR,HL Typic Hemistels,Dysic Typic Hemistels,6.0,"E46-arctic water, fresh [26868266; 27%; No] | E46-Arctic sedge-loamy frozen low-center polygons [26868265; 25%; Yes] | E46-Arctic tussock-loamy frozen plains [26868262; 20%; Yes] | E46-Arctic wet meadow-organic depressions [26868263; 15%; Yes] | E46-Arctic scrub-organic frozen polygon rims [26868264; 10%; No] | E46-Arctic sedge-organic frozen drainageways [26868261; 3%; Yes]",AMBIGUOUS,Multiple plausible candidates remain without a decisive name/taxonomy margin.,No plausible alternative rejected.,,,,,,,,,,,,,,,
39030,S2018AK185021,71.25564,-156.55086,AK760,3352349,E46C2,"Arctic Coastal Plain-Arctic Lowland-Coastal Plains, Low",BARR,C2018USAK088,Site_C NEON_1_BARR,VPD Typic Aquiturbels,"Coarse-silty, mixed, superactive, acid Typic Aquiturbels",6.0,"E46-Arctic sedge-loamy frozen low-center polygons [26868269; 31%; Yes] | E46-arctic water, fresh [26868272; 29%; Unranked] | E46-Arctic wet meadow-organic depressions [26868271; 15%; Yes] | E46-Arctic sedge-loamy low frozen coastal plains [26868268; 11%; Yes] | E46-Arctic scrub-organic frozen high-center polygons [26868267; 9%; Yes] | E46-Arctic scrub-organic frozen polygon rims [26868270; 5%; No]",UNMATCHED,No candidate has adequate name or taxonomic agreement.,All candidates lack sufficient correspondence to the sampled pedon.,,,,,,,,,,,,,,,
39031,S2018AK185022,71.246493,-156.395675,AK760,3352349,E46C2,"Arctic Coastal Plain-Arctic Lowland-Coastal Plains, Low",BARR,C2018USAK088,Site_C NEON_1_BARR,LCP Glacic Histoturbels,"Coarse-loamy, mixed, superactive, acid Glacic Histoturbels",6.0,"E46-Arctic sedge-loamy frozen low-center polygons [26868269; 31%; Yes] | E46-arctic water, fresh [26868272; 29%; Unranked] | E46-Arctic wet meadow-organic depressions [26868271; 15%; Yes] | E46-Arctic sedge-loamy low frozen coastal plains [26868268; 11%; Yes] | E46-Arctic scrub-organic frozen high-center polygons [26868267; 9%; Yes] | E46-Arctic scrub-organic frozen polygon rims [26868270; 5%; No]",AMBIGUOUS,Multiple plausible candidates remain without a decisive name/taxonomy margin.,No plausible alternative rejected.,,,,,,,,,,,,,,,
39032,S2018AK185024,71.306045,-156.640298,AK760,3352349,E46C2,"Arctic Coastal Plain-Arctic Lowland-Coastal Plains, Low",BARR,C2018USAK088,Site_C NEON_1_BARR,LCP Terric Hemistels,"Coarse-loamy, mixed, superactive, dysic Terric Hemistels",6.0,"E46-Arctic sedge-loamy frozen low-center polygons [26868269; 31%; Yes] | E46-arctic water, fresh [26868272; 29%; Unranked] | E46-Arctic wet meadow-organic depressions [26868271; 15%; Yes] | E46-Arctic sedge-loamy low frozen coastal plains [26868268; 11%; Yes] | E46-Arctic scrub-organic frozen high-center polygons [26868267; 9%; Yes] | E46-Arctic scrub-organic frozen polygon rims [26868270; 5%; No]",MEDIUM,No name match; unique candidate supported by at least three taxonomic ranks.,"E46-arctic water, fresh (26868272): weaker name/taxonomy score 13.3; E46-Arctic sedge-loamy low frozen coastal plains (26868268): weaker name/taxonomy score 11.3; E46-Arctic sedge-loamy frozen low-center polygons (26868269): weaker name/taxonomy score 10.1; E46-Arctic scrub-organic frozen polygon rims (26868270): weaker name/taxonomy score 9.8; E46-Arctic wet meadow-organic depressions (26868271): weaker name/taxonomy score -9.7",26868267,E46-Arctic scrub-organic frozen high-center polygons,9,No ,Gelisols,Histels,Hemistels,Terric Hemistels,loamy,,MASTER,Poorly drained,Yes,1,6054570
39033,S2018AK185026,71.268506,-156.651493,AK760,3352349,E46C2,"Arctic Coastal Plain-Arctic Lowland-Coastal Plains, Low",BARR,C2018USAK088,Site_C NEON_1_BARR,VPD Typic Histoturbels,"Coarse-loamy, mixed, superactive, acid Typic Histoturbels",6.0,"E46-Arctic sedge-loamy frozen low-center polygons [26868269; 31%; Yes] | E46-arctic water, fresh [26868272; 29%; Unranked] | E46-Arctic wet meadow-organic depressions [26868271; 15%; Yes] | E46-Arctic sedge-loamy low frozen coastal plains [26868268; 11%; Yes] | E46-Arctic scrub-organic frozen high-center polygons [26868267; 9%; Yes] | E46-Arctic scrub-organic frozen polygon rims [26868270; 5%; No]",MEDIUM,No name match; unique candidate supported by at least three taxonomic ranks.,"E46-arctic water, fresh (26868272): weaker name/taxonomy score 12.7; E46-Arctic scrub-organic frozen high-center polygons (26868267): weaker name/taxonomy score 9.5; E46-Arctic sedge-loamy low frozen coastal plains (26868268): weaker name/taxonomy score 9.0; E46-Arctic scrub-organic frozen polygon rims (26868270): weaker name/taxonomy score -8.3; E46-Arctic wet meadow-organic depressions (26868271): weaker name/taxonomy score -12.2",26868269,E46-Arctic sedge-loamy frozen low-center polygons,31,Yes,Gelisols,Turbels,Histoturbels,Typic Histoturbels,coarse-loamy,,MASTER,Very poorly drained,Yes,2,6054572
39034,S2018AK185027,71.316556,-156.621323,AK760,3352349,E46C2,"Arctic Coastal Plain-Arctic Lowland-Coastal Plains, Low",BARR,C2018USAK088,Site_C NEON_1_BARR,VPD Typic Histoturbels,"Coarse-silty, mixed, superactive, acid Typic Histoturbels",6.0,"E46-Arctic sedge-loamy frozen low-center polygons [26868269; 31%; Yes] | E46-arctic water, fresh [26868272; 29%; Unranked] | E46-Arctic wet meadow-organic depressions [26868271; 15%; Yes] | E46-Arctic sedge-loamy low frozen coastal plains [26868268; 11%; Yes] | E46-Arctic scrub-organic frozen high-center polygons [26868267; 9%; Yes] | E46-Arctic scrub-organic frozen polygon rims [26868270; 5%; No]",AMBIGUOUS,Multiple plausible candidates remain without a decisive name/taxonomy margin.,No plausible alternative rejected.,,,,,,,,,,,,,,,
39035,S2018AK185028,71.249974,-156.528198,AK760,3352349,E46C2,"Arctic Coastal Plain-Arctic Lowland-Coastal Plains, Low",BARR,C2018USAK088,Site_C NEON_1_BARR,LCP Typic Aquiturbels,"Coarse-silty, mixed, superactive, acid Typic Aquiturbels",6.0,"E46-Arctic sedge-loamy frozen low-center polygons [26868269; 31%; Yes] | E46-arctic water, fresh [26868272; 29%; Unranked] | E46-Arctic wet meadow-organic depressions [26868271; 15%; Yes] | E46-Arctic sedge-loamy low frozen coastal plains [26868268; 11%; Yes] | E46-Arctic scrub-organic frozen high-center polygons [26868267; 9%; Yes] | E46-Arctic scrub-organic frozen polygon rims [26868270; 5%; No]",UNMATCHED,No candidate has adequate name or taxonomic agreement.,All candidates lack sufficient correspondence to the sampled pedon.,,,,,,,,,,,,,,,
39036,S2018AK185031,71.251896,-156.510451,AK760,3352349,E46C2,"Arctic Coastal Plain-Arctic Lowland-Coastal Plains, Low",BARR,C2018USAK088,Site_C NEON_1_BARR,ALL Fluvaquentic Aquorthels,"Coarse-loamy, mixed, superactive, acid Fluvaquentic Aquorthels",6.0,"E46-Arctic sedge-loamy frozen low-center polygons [26868269; 31%; Yes] | E46-arctic water, fresh [26868272; 29%; Unranked] | E46-Arctic wet meadow-organic depressions [26868271; 15%; Yes] | E46-Arctic sedge-loamy low frozen coastal plains [26868268; 11%; Yes] | E46-Arctic scrub-organic frozen high-center polygons [26868267; 9%; Yes] | E46-Arctic scrub-organic frozen polygon rims [26868270; 5%; No]",MEDIUM,No name match; unique candidate supported by at least three taxonomic ranks.,"E46-arctic water, fresh (26868272): weaker name/taxonomy score 12.9; E46-Arctic scrub-organic frozen high-center polygons (26868267): weaker name/taxonomy score 9.7; E46-Arctic sedge-loamy frozen low-center polygons (26868269): weaker name/taxonomy score 5.5; E46-Arctic scrub-organic frozen polygon rims (26868270): weaker name/taxonomy score -9.2; E46-Arctic wet meadow-organic depressions (26868271): weaker name/taxonomy score -9.7",26868268,E46-Arctic sedge-loamy low frozen coastal plains,11,Yes,Gelisols,Orthels,Aquorthels,Fluvaquentic Aquorthels,coarse-loamy,,MASTER,Very poorly drained,Yes,2,6054571
39037,S2018AK185037,71.249919,-156.485505,AK760,3352349,E46C2,"Arctic Coastal Plain-Arctic Lowland-Coastal Plains, Low",BARR,C2018USAK088,Site_C NEON_1_BARR,HCP Glacic haplorthels,"Coarse-silty, mixed, superactive, acid Glacic Aquorthels",6.0,"E46-Arctic sedge-loamy frozen low-center polygons [26868269; 31%; Yes] | E46-arctic water, fresh [26868272; 29%; Unranked] | E46-Arctic wet meadow-organic depressions [26868271; 15%; Yes] | E46-Arctic sedge-loamy low frozen coastal plains [26868268; 11%; Yes] | E46-Arctic scrub-organic frozen high-center polygons [26868267; 9%; Yes] | E46-Arctic scrub-organic frozen polygon rims [26868270; 5%; No]",AMBIGUOUS,Multiple plausible candidates remain without a decisive name/taxonomy margin.,No plausible alternative rejected.,,,,,,,,,,,,,,,
39038,S2018AK185084,71.247738,-156.444745,AK760,3352349,E46C2,"Arctic Coastal Plain-Arctic Lowland-Coastal Plains, Low",BARR,C2018USAK088,Site_C NEON_1_BARR,HCP Sapric Glacistels,Dysic Sapric Glacistels,6.0,"E46-Arctic sedge-loamy frozen low-center polygons [26868269; 31%; Yes] | E46-arctic water, fresh [26868272; 29%; Unranked] | E46-Arctic wet meadow-organic depressions [26868271; 15%; Yes] | E46-Arctic sedge-loamy low frozen coastal plains [26868268; 11%; Yes] | E46-Arctic scrub-organic frozen high-center polygons [26868267; 9%; Yes] | E46-Arctic scrub-organic frozen polygon rims [26868270; 5%; No]",AMBIGUOUS,Multiple plausible candidates remain without a decisive name/taxonomy margin.,No plausible alternative rejected.,,,,,,,,,,,,,,,
39039,S2018AK185085,71.263609,-156.60437,AK760,3352349,E46C2,"Arctic Coastal Plain-Arctic Lowland-Coastal Plains, Low",BARR,C2018USAK088,Site_C NEON_1_BARR,HL Typic Aquiturbels,"Coarse-loamy, mixed, superactive, acid Typic Aquiturbels",6.0,"E46-Arctic sedge-loamy frozen low-center polygons [26868269; 31%; Yes] | E46-arctic water, fresh [26868272; 29%; Unranked] | E46-Arctic wet meadow-organic depressions [26868271; 15%; Yes] | E46-Arctic sedge-loamy low frozen coastal plains [26868268; 11%; Yes] | E46-Arctic scrub-organic frozen high-center polygons [26868267; 9%; Yes] | E46-Arctic scrub-organic frozen polygon rims [26868270; 5%; No]",AMBIGUOUS,Multiple plausible candidates remain without a decisive name/taxonomy margin.,No plausible alternative rejected.,,,,,,,,,,,,,,,
39067,S2018HI001004,19.5577777777,-155.2302777777,HI801,2371355,651,"Keei slightly decomposed plant material, 3 to 10 percent slopes",PUUM,C2018USHI090,Site_C NEON_2_PUUM,Makaopuhi,"Medial, ferrihydritic, isothermic Lithic Hapludands",3.0,Keei [27482825; 92%; No] | Lithic Haplosaprists [27482826; 5%; Yes] | Lava flows [27482827; 3%; No],UNMATCHED,No candidate has adequate name or taxonomic agreement.,All candidates lack sufficient correspondence to the sampled pedon.,,,,,,,,,,,,,,,
39068,S2018HI001006,19.5781944444,-155.3182777778,HI801,2371330,615,"Kau hydrous silt loam, 3 to 10 percent slopes",PUUM,C2018USHI090,Site_C NEON_2_PUUM,Kau,"Hydrous over fragmental, ferrihydritic, isomesic Typic Hapludands",1.0,Kau [27482756; 100%; No],EXACT,Unique exact normalized NASIS taxon/component-name match within the intersected map unit.,,27482756,Kau,100,Yes,Andisols,Udands,Hydrudands,Typic Hydrudands,hydrous-skeletal,,,Well drained,No,,
39069,S2018HI001007,19.5541388887,-155.2288611115,HI801,2371355,651,"Keei slightly decomposed plant material, 3 to 10 percent slopes",PUUM,C2018USHI090,Site_C NEON_2_PUUM,Kopua,"Hydrous, ferrihydritic, isothermic Lithic Hydrudands",3.0,Keei [27482825; 92%; No] | Lithic Haplosaprists [27482826; 5%; Yes] | Lava flows [27482827; 3%; No],UNMATCHED,No candidate has adequate name or taxonomic agreement.,All candidates lack sufficient correspondence to the sampled pedon.,,,,,,,,,,,,,,,
39070,S2018HI001010,19.5993888886,-155.3136944442,HI801,2371331,616,"Kahaluu highly decomposed plant material, 3 to 10 percent slopes",PUUM,C2018USHI090,Site_C NEON_2_PUUM,Kulani,"Medial, ferrihydritic, isomesic Typic Placudands",3.0,Kahaluu [27482757; 90%; No] | Lithic Haplosaprists [27482758; 5%; Yes] | Rock outcrop [27482759; 5%; No],UNMATCHED,No candidate has adequate name or taxonomic agreement.,All candidates lack sufficient correspondence to the sampled pedon.,,,,,,,,,,,,,,,
39071,S2018HI001014,19.5875277778,-155.3398611111,HI801,2371331,616,"Kahaluu highly decomposed plant material, 3 to 10 percent slopes",PUUM,C2018USHI090,Site_C NEON_2_PUUM,Lalaau,"Euic, isomesic Typic Udifolists",3.0,Kahaluu [27482757; 90%; No] | Lithic Haplosaprists [27482758; 5%; Yes] | Rock outcrop [27482759; 5%; No],AMBIGUOUS,Multiple plausible candidates remain without a decisive name/taxonomy margin.,No plausible alternative rejected.,,,,,,,,,,,,,,,
39072,S2018HI001015,19.5609166664,-155.2497222222,HI801,2371328,613,"Kiloa extremely cobbly highly decomposed plant material, 3 to 10 percent slopes",PUUM,C2018USHI090,Site_C NEON_2_PUUM,Makaopuhi,"Medial, ferrihydritic, isothermic Lithic Hapludands",2.0,Kiloa [27482750; 95%; No] | Lava flows [27482751; 5%; No],UNMATCHED,No candidate has adequate name or taxonomic agreement.,All candidates lack sufficient correspondence to the sampled pedon.,,,,,,,,,,,,,,,
39073,S2018HI001031,19.5535000001,-155.3192222221,HI801,2371264,519,"Lalaau very cobbly highly decomposed plant material, 2 to 10 percent slopes",PUUM,C2018USHI090,Site_C NEON_2_PUUM,Kulani,"Medial, ferrihydritic, isomesic Typic Placudands",2.0,Lalaau [27482628; 95%; No] | Lava flows [27482629; 5%; No],UNMATCHED,No candidate has adequate name or taxonomic agreement.,All candidates lack sufficient correspondence to the sampled pedon.,,,,,,,,,,,,,,,
39074,S2018HI001032,19.5505277777,-155.3161944442,HI801,2371264,519,"Lalaau very cobbly highly decomposed plant material, 2 to 10 percent slopes",PUUM,C2018USHI090,Site_C NEON_2_PUUM,Kahaluu,"Euic, isomesic, micro Lithic Udifolists",2.0,Lalaau [27482628; 95%; No] | Lava flows [27482629; 5%; No],AMBIGUOUS,Multiple plausible candidates remain without a decisive name/taxonomy margin.,No plausible alternative rejected.,,,,,,,,,,,,,,,
39075,S2018HI001034,19.5490555551,-155.3123888884,HI801,2371264,519,"Lalaau very cobbly highly decomposed plant material, 2 to 10 percent slopes",PUUM,C2018USHI090,Site_C NEON_2_PUUM,Lalaau,"Euic, isomesic Typic Udifolists",2.0,Lalaau [27482628; 95%; No] | Lava flows [27482629; 5%; No],EXACT,Unique exact normalized NASIS taxon/component-name match within the intersected map unit.,Lava flows (27482629): weaker name/taxonomy score 13.1,27482628,Lalaau,95,Yes,Histosols,Folists,Udifolists,Typic Udifolists,not used,,,Well drained,No,,
39076,S2018HI001036,19.554361111,-155.3233888891,HI801,2371264,519,"Lalaau very cobbly highly decomposed plant material, 2 to 10 percent slopes",PUUM,C2018USHI090,Site_C NEON_2_PUUM,Lalaau,"Euic, isomesic Typic Udifolists",2.0,Lalaau [27482628; 95%; No] | Lava flows [27482629; 5%; No],EXACT,Unique exact normalized NASIS taxon/component-name match within the intersected map unit.,Lava flows (27482629): weaker name/taxonomy score 13.1,27482628,Lalaau,95,Yes,Histosols,Folists,Udifolists,Typic Udifolists,not used,,,Well drained,No,,
39080,S2018KS161002,39.115422,-96.6387001,KS161,1531806,7213,"Reading silt loam, moderately wet, very rarely flooded",KONA,C2018USKS075,Site_C NEON_5 KONA,Reading,"Fine-silty, mixed, superactive, mesic Pachic Argiudolls",5.0,Reading [26334708; 85%; No] | Chase [26334709; 5%; No] | Rossville [26334710; 5%; No] | Muscotah [26334706; 4%; No] | Wabash [26334707; 1%; Yes],EXACT,Unique exact normalized NASIS taxon/component-name match within the intersected map unit.,Chase (26334709): weaker name/taxonomy score 45.8; Rossville (26334710): weaker name/taxonomy score 28.8; Muscotah (26334706): weaker name/taxonomy score 24.7; Wabash (26334707): weaker name/taxonomy score 5.4,26334708,Reading,85,Yes,Mollisols,Udolls,Argiudolls,Pachic Argiudolls,fine-silty,very rarely flooded,,Moderately well drained,No,,
39081,S2018KS161006,39.1247882,-96.6475661,KS161,1472294,3923,"Smolan silty clay loam, 3 to 7 percent slopes, eroded",KONA,C2018USKS075,Site_C NEON_5 KONA,Smolan,"Fine-silty, mixed, superactive, mesic Aquic Argiustolls",5.0,Smolan [26334607; 90%; No] | Geary [26334608; 4%; No] | Irwin [26334610; 4%; No] | Tully [26334609; 1%; No] | Aquolls [26334611; 1%; Yes],EXACT,Unique exact normalized NASIS taxon/component-name match within the intersected map unit.,Geary (26334608): weaker name/taxonomy score 46.4; Irwin (26334610): weaker name/taxonomy score 46.4; Tully (26334609): weaker name/taxonomy score 46.4; Aquolls (26334611): weaker name/taxonomy score 26.8,26334607,Smolan,90,Yes,Mollisols,Ustolls,Argiustolls,Udic Argiustolls,fine,eroded,,Moderately well drained,No,,
39082,S2018KS161023,39.2163143,-96.5958711,KS161,1472292,3919,"Smolan silt loam, 1 to 3 percent slopes",KONA,C2018USKS075,Site_C NEON_5 KONA,Wymore,"Fine, smectitic, mesic Aquertic Argiudolls",6.0,Smolan [26334597; 85%; No] | Geary [26334598; 5%; No] | Irwin [26334601; 4%; No] | Tully [26334599; 3%; No] | Wymore [26334600; 2%; No] | Aquolls [26334602; 1%; Yes],EXACT,Unique exact normalized NASIS taxon/component-name match within the intersected map unit.,Aquolls (26334602): weaker name/taxonomy score 21.4; Smolan (26334597): weaker name/taxonomy score 11.7; Geary (26334598): weaker name/taxonomy score 6.4; Irwin (26334601): weaker name/taxonomy score 6.4; Tully (26334599): weaker name/taxonomy score 6.4,26334600,Wymore,2,No ,Mollisols,Udolls,Argiudolls,Aquertic Argiudolls,fine,,,Moderately well drained,No,,
39083,S2018KS161030,39.1262982,-96.6452249,KS161,1472294,3923,"Smolan silty clay loam, 3 to 7 percent slopes, eroded",KONA,C2018USKS075,Site_C NEON_5 KONA,Wymore,"Fine, smectitic, mesic Aquertic Argiudolls",5.0,Smolan [26334607; 90%; No] | Geary [26334608; 4%; No] | Irwin [26334610; 4%; No] | Tully [26334609; 1%; No] | Aquolls [26334611; 1%; Yes],AMBIGUOUS,Multiple plausible candidates remain without a decisive name/taxonomy margin.,No plausible alternative rejected.,,,,,,,,,,,,,,,
39234,S2018VA071061,37.3764722,-80.52,VA071,516648,12,"Fluvaquents, nearly level",MLBS,C2018USVA096,Site_C NEON_6_MLBS,Series Not Designated,"Fine-loamy, mesic Fluvaquentic Dystrudepts",1.0,Fluvaquents [27354252; 80%; Yes],UNMATCHED,No candidate has adequate name or taxonomic agreement.,All candidates lack sufficient correspondence to the sampled pedon.,,,,,,,,,,,,,,,
39235,S2018VA071064,37.3753888,-80.5206111,VA071,516648,12,"Fluvaquents, nearly level",MLBS,C2018USVA096,Site_C NEON_6_MLBS,Series Not Designated,"Fine-loamy, mesic Typic Dystrudepts",1.0,Fluvaquents [27354252; 80%; Yes],UNMATCHED,No candidate has adequate name or taxonomic agreement.,All candidates lack sufficient correspondence to the sampled pedon.,,,,,,,,,,,,,,,
39236,S2018VA071013,37.432333,-80.55975,VA606,2525399,41D,"Berks-Weikert complex, 15 to 35 percent slopes",MLBS,C2018USVA096,Site_C NEON_6_MLBS,Series Not Designated,"Fine-loamy, mesic Lithic Dystrudepts",2.0,Berks [27404127; 45%; No] | Weikert [27404126; 40%; No],AMBIGUOUS,Multiple plausible candidates remain without a decisive name/taxonomy margin.,No plausible alternative rejected.,,,,,,,,,,,,,,,
39237,S2018VA071006,37.4266111,-80.56425,VA606,2525434,26C,"Jefferson loam, 3 to 15 percent slopes",MLBS,C2018USVA096,Site_C NEON_6_MLBS,Series Not Designated,"Fine-loamy, mesic Udepts",1.0,Jefferson [27403971; 85%; No],UNMATCHED,No candidate has adequate name or taxonomic agreement.,All candidates lack sufficient correspondence to the sampled pedon.,,,,,,,,,,,,,,,
39238,S2018VA071019,37.424222,-80.5513888,VA606,2525240,28C,"Shelocta channery silt loam, 3 to 15 percent slopes",MLBS,C2018USVA096,Site_C NEON_6_MLBS,Series Not Designated,"Fine-loamy, mesic Typic Hapludults",1.0,Shelocta [27403976; 80%; No],MEDIUM,No name match; unique candidate supported by at least three taxonomic ranks.,,27403976,Shelocta,80,Yes,Ultisols,Udults,Hapludults,Typic Hapludults,fine-loamy,,,Well drained,No,,
39239,S2018VA071004,37.4292777,-80.512,VA606,2525406,59D,"Gilpin channery silt loam, 15 to 35 percent slopes",MLBS,C2018USVA096,Site_C NEON_6_MLBS,Series Not Desiganted,"Loamy-skeletal, mesic Typic Hapludults",1.0,Gilpin [27404133; 85%; No],AMBIGUOUS,Multiple plausible candidates remain without a decisive name/taxonomy margin.,No plausible alternative rejected.,,,,,,,,,,,,,,,
39240,S2018VA071030,37.4302777,-80.5083888,VA606,2525407,59E,"Gilpin channery silt loam, 35 to 60 percent slopes",MLBS,C2018USVA096,Site_C NEON_6_MLBS,Grimsley,"Loamy-skeletal, mesic Typic Hapludults",1.0,Gilpin [27404134; 85%; No],AMBIGUOUS,Multiple plausible candidates remain without a decisive name/taxonomy margin.,No plausible alternative rejected.,,,,,,,,,,,,,,,
39241,S2018VA071009,37.3742222,-80.5186944,VA071,516648,12,"Fluvaquents, nearly level",MLBS,C2018USVA096,Site_C NEON_6_MLBS,Series Not Designated,"Fine-loamy, mesic Oxyaquic Hapludults",1.0,Fluvaquents [27354252; 80%; Yes],UNMATCHED,No candidate has adequate name or taxonomic agreement.,All candidates lack sufficient correspondence to the sampled pedon.,,,,,,,,,,,,,,,
39242,S2018VA071001,37.3605555,-80.5251944,VA071,516682,27C,"Lily-Bailegap complex, very stony, 2 to 15 percent slopes",MLBS,C2018USVA096,Site_C NEON_6_MLBS,Hazleton,"Loamy-skeletal, mesic Typic Dystrudepts",2.0,Lily [27354279; 55%; No] | Bailegap [27354278; 35%; No],UNMATCHED,No candidate has adequate name or taxonomic agreement.,All candidates lack sufficient correspondence to the sampled pedon.,,,,,,,,,,,,,,,
39243,S2018VA071014,37.4169444,-80.5576944,VA606,2525434,26C,"Jefferson loam, 3 to 15 percent slopes",MLBS,C2018USVA096,Site_C NEON_6_MLBS,Grimsley,"Loamy-skeletal, mesic Typic Hapludults",1.0,Jefferson [27403971; 85%; No],AMBIGUOUS,Multiple plausible candidates remain without a decisive name/taxonomy margin.,No plausible alternative rejected.,,,,,,,,,,,,,,,
39248,S2018CA019002,37.030584,-119.281624,CA750,465122,147,Rock outcrop,SOAP,C2018USCA099,Site_C NEON_2_SOAP,Cumulic Humixerepts,"Sandy, mixed, mesic Cumulic Humixerepts",2.0,Rock outcrop [26638481; 90%; No] | Unnamed [26638480; 10%; No],UNMATCHED,No candidate has adequate name or taxonomic agreement.,All candidates lack sufficient correspondence to the sampled pedon.,,,,,,,,,,,,,,,
39249,S2018CA019004,37.037565,-119.269463,CA750,465112,137,"Holland family, 35 to 65 percent slopes",SOAP,C2018USCA099,Site_C NEON_2_SOAP,Holland,"Fine-loamy, mixed, active, mesic Ultic Haploxeralfs",4.0,Holland family [26638431; 85%; No] | Chaix family [26638432; 5%; No] | Chawanakee family [26638433; 5%; No] | Rock outcrop [26638434; 5%; No],MEDIUM,No name match; unique candidate supported by at least three taxonomic ranks.,Chawanakee family (26638433): weaker name/taxonomy score 8.8; Chaix family (26638432): weaker name/taxonomy score 7.4; Rock outcrop (26638434): weaker name/taxonomy score 3.7,26638431,Holland family,85,Yes,Alfisols,Xeralfs,Haploxeralfs,Ultic Haploxeralfs,fine-loamy,,,Well drained,No,,
39250,S2018CA019005,37.032258,-119.263067,CA750,465112,137,"Holland family, 35 to 65 percent slopes",SOAP,C2018USCA099,Site_C NEON_2_SOAP,Holland,"Fine-loamy, mixed, active, mesic Ultic Haploxeralfs",4.0,Holland family [26638431; 85%; No] | Chaix family [26638432; 5%; No] | Chawanakee family [26638433; 5%; No] | Rock outcrop [26638434; 5%; No],MEDIUM,No name match; unique candidate supported by at least three taxonomic ranks.,Chawanakee family (26638433): weaker name/taxonomy score 8.8; Chaix family (26638432): weaker name/taxonomy score 7.4; Rock outcrop (26638434): weaker name/taxonomy score 3.7,26638431,Holland family,85,Yes,Alfisols,Xeralfs,Haploxeralfs,Ultic Haploxeralfs,fine-loamy,,,Well drained,No,,
39251,S2018CA019008,37.029275,-119.276133,CA750,465112,137,"Holland family, 35 to 65 percent slopes",SOAP,C2018USCA099,Site_C NEON_2_SOAP,Holland,"Fine-loamy, mixed, semiactive, mesic Ultic Haploxeralfs",4.0,Holland family [26638431; 85%; No] | Chaix family [26638432; 5%; No] | Chawanakee family [26638433; 5%; No] | Rock outcrop [26638434; 5%; No],MEDIUM,No name match; unique candidate supported by at least three taxonomic ranks.,Chawanakee family (26638433): weaker name/taxonomy score 8.8; Chaix family (26638432): weaker name/taxonomy score 7.4; Rock outcrop (26638434): weaker name/taxonomy score 3.7,26638431,Holland family,85,Yes,Alfisols,Xeralfs,Haploxeralfs,Ultic Haploxeralfs,fine-loamy,,,Well drained,No,,
39252,S2018CA019010,37.035056,-119.273853,CA750,465112,137,"Holland family, 35 to 65 percent slopes",SOAP,C2018USCA099,Site_C NEON_2_SOAP,Lithic xerorthent,"Loamy, mixed, superactive, mesic Lithic Xerorthents",4.0,Holland family [26638431; 85%; No] | Chaix family [26638432; 5%; No] | Chawanakee family [26638433; 5%; No] | Rock outcrop [26638434; 5%; No],UNMATCHED,No candidate has adequate name or taxonomic agreement.,All candidates lack sufficient correspondence to the sampled pedon.,,,,,,,,,,,,,,,
39253,S2018CA019012,37.030637,-119.276819,CA750,465112,137,"Holland family, 35 to 65 percent slopes",SOAP,C2018USCA099,Site_C NEON_2_SOAP,Holland,"Fine-loamy, mixed, active, mesic Ultic Haploxeralfs",4.0,Holland family [26638431; 85%; No] | Chaix family [26638432; 5%; No] | Chawanakee family [26638433; 5%; No] | Rock outcrop [26638434; 5%; No],MEDIUM,No name match; unique candidate supported by at least three taxonomic ranks.,Chawanakee family (26638433): weaker name/taxonomy score 8.8; Chaix family (26638432): weaker name/taxonomy score 7.4; Rock outcrop (26638434): weaker name/taxonomy score 3.7,26638431,Holland family,85,Yes,Alfisols,Xeralfs,Haploxeralfs,Ultic Haploxeralfs,fine-loamy,,,Well drained,No,,
39254,S2018CA019015,37.038204,-119.251802,CA750,465112,137,"Holland family, 35 to 65 percent slopes",SOAP,C2018USCA099,Site_C NEON_2_SOAP,Dystric Xeropsamments,"Mixed, mesic Dystric Xeropsamments",4.0,Holland family [26638431; 85%; No] | Chaix family [26638432; 5%; No] | Chawanakee family [26638433; 5%; No] | Rock outcrop [26638434; 5%; No],UNMATCHED,No candidate has adequate name or taxonomic agreement.,All candidates lack sufficient correspondence to the sampled pedon.,,,,,,,,,,,,,,,
39255,S2018CA019016,37.02852,-119.252873,CA750,465111,136,"Holland family, 5 to 35 percent slopes",SOAP,C2018USCA099,Site_C NEON_2_SOAP,Featherfalls,"Fine-loamy, mixed, semiactive, mesic Ultic Palexeralfs",3.0,Holland family [26638430; 90%; No] | Chaix family [26638428; 5%; No] | Unnamed [26638429; 5%; No],AMBIGUOUS,Multiple plausible candidates remain without a decisive name/taxonomy margin.,No plausible alternative rejected.,,,,,,,,,,,,,,,
39256,S2018CA019019,37.030717,-119.245806,CA750,465112,137,"Holland family, 35 to 65 percent slopes",SOAP,C2018USCA099,Site_C NEON_2_SOAP,Typic Humixerepts,"Loamy-skeletal, superactive, mesic Typic Humixerepts",4.0,Holland family [26638431; 85%; No] | Chaix family [26638432; 5%; No] | Chawanakee family [26638433; 5%; No] | Rock outcrop [26638434; 5%; No],UNMATCHED,No candidate has adequate name or taxonomic agreement.,All candidates lack sufficient correspondence to the sampled pedon.,,,,,,,,,,,,,,,
39257,S2018CA019025,37.03775,-119.258363,CA750,465112,137,"Holland family, 35 to 65 percent slopes",SOAP,C2018USCA099,Site_C NEON_2_SOAP,Lithic Humixerepts,"Loamy, mixed, superactive, mesic Lithic Humixerepts",4.0,Holland family [26638431; 85%; No] | Chaix family [26638432; 5%; No] | Chawanakee family [26638433; 5%; No] | Rock outcrop [26638434; 5%; No],UNMATCHED,No candidate has adequate name or taxonomic agreement.,All candidates lack sufficient correspondence to the sampled pedon.,,,,,,,,,,,,,,,
39258,S2018CA019026,37.030264,-119.270468,CA750,465141,166,"Tollhouse family-Rock outcrop complex, 30 to 60 percent slopes",SOAP,C2018USCA099,Site_C NEON_2_SOAP,Lithic Humixerepts,"Sandy-skeletal, superactive, mesic Lithic Humixerepts",5.0,Tollhouse family [26638558; 65%; No] | Rock outcrop [26638559; 25%; No] | Holland family [26638562; 4%; No] | Chaix family [26638560; 3%; No] | Auberry family [26638561; 3%; No],UNMATCHED,No candidate has adequate name or taxonomic agreement.,All candidates lack sufficient correspondence to the sampled pedon.,,,,,,,,,,,,,,,
39259,S2018CA019028,37.02531,-119.273376,CA750,465114,139,"Holland-Chaix families complex, 35 to 65 percent slopes",SOAP,C2018USCA099,Site_C NEON_2_SOAP,Holland,"Fine-loamy, mixed, semiactive, mesic Ultic Haploxeralfs",6.0,Holland family [26638440; 60%; No] | Chaix family [26638441; 20%; No] | Rock outcrop [26638442; 5%; No] | Unnamed [26638443; 5%; No] | Chawanakee family [26638444; 5%; No] | Tollhouse family [26638445; 5%; No],MEDIUM,No name match; unique candidate supported by at least three taxonomic ranks.,Tollhouse family (26638445): weaker name/taxonomy score 12.2; Unnamed (26638443): weaker name/taxonomy score 10.0; Chawanakee family (26638444): weaker name/taxonomy score 8.8; Rock outcrop (26638442): weaker name/taxonomy score 3.7; Chaix family (26638441): weaker name/taxonomy score -32.6,26638440,Holland family,60,Yes,Alfisols,Xeralfs,Haploxeralfs,Ultic Haploxeralfs,fine-loamy,,,Well drained,No,,
39260,S2018AL023002,31.8068056,-88.1939722,AL023,328570,UrB,"Urbo-Mooreville-Una complex, 0 to 3 percent slopes, frequently flooded",LENO,C2018USAL100,Site_C NEON_7_LENO,Urbo,"Fine, mixed, active, acid, thermic Vertic Epiaquepts",3.0,Urbo [26923239; 40%; No] | Mooreville [26923237; 20%; No] | Una [26923238; 20%; Yes],EXACT,Unique exact normalized NASIS taxon/component-name match within the intersected map unit.,Una (26923238): weaker name/taxonomy score 50.0; Mooreville (26923237): weaker name/taxonomy score 5.0,26923239,Urbo,40,Yes,Inceptisols,Aquepts,Epiaquepts,Vertic Epiaquepts,fine,,,Somewhat poorly drained,No,,
39261,S2018AL023003,31.8081944,-88.1883333,AL023,328570,UrB,"Urbo-Mooreville-Una complex, 0 to 3 percent slopes, frequently flooded",LENO,C2018USAL100,Site_C NEON_7_LENO,Mooreville,"Fine-loamy, siliceous, active, thermic Fluvaquentic Dystrudepts",3.0,Urbo [26923239; 40%; No] | Mooreville [26923237; 20%; No] | Una [26923238; 20%; Yes],EXACT,Unique exact normalized NASIS taxon/component-name match within the intersected map unit.,Urbo (26923239): weaker name/taxonomy score 5.0; Una (26923238): weaker name/taxonomy score 0.0,26923237,Mooreville,20,Yes,Inceptisols,Udepts,Dystrudepts,Fluvaquentic Dystrudepts,fine-loamy,,,Moderately well drained,No,,
39262,S2018AL023006,31.8141583,-88.1875333,AL023,328570,UrB,"Urbo-Mooreville-Una complex, 0 to 3 percent slopes, frequently flooded",LENO,C2018USAL100,Site_C NEON_7_LENO,Urbo,"Fine, mixed, active, acid, thermic Vertic Epiaquepts",3.0,Urbo [26923239; 40%; No] | Mooreville [26923237; 20%; No] | Una [26923238; 20%; Yes],EXACT,Unique exact normalized NASIS taxon/component-name match within the intersected map unit.,Una (26923238): weaker name/taxonomy score 50.0; Mooreville (26923237): weaker name/taxonomy score 5.0,26923239,Urbo,40,Yes,Inceptisols,Aquepts,Epiaquepts,Vertic Epiaquepts,fine,,,Somewhat poorly drained,No,,
39263,S2018AL023007,31.8124167,-88.2002778,AL023,328613,UnA,"Una clay, ponded",LENO,C2018USAL100,Site_C NEON_7_LENO,Una,"Fine, mixed, active, acid, thermic Typic Epiaquepts",2.0,Una [26923188; 90%; Yes] | Urbo [26923189; 10%; Yes],EXACT,Unique exact normalized NASIS taxon/component-name match within the intersected map unit.,Urbo (26923189): weaker name/taxonomy score 50.0,26923188,Una,90,Yes,Inceptisols,Aquepts,Epiaquepts,Typic Epiaquepts,fine,,,Poorly drained,Yes,2; 3; 4,6062214; 6062215; 6062216
39264,S2018AL023009,31.8114444,-88.1811528,AL023,328570,UrB,"Urbo-Mooreville-Una complex, 0 to 3 percent slopes, frequently flooded",LENO,C2018USAL100,Site_C NEON_7_LENO,Mooreville,"Fine-loamy, siliceous, active, thermic Fluvaquentic Dystrudepts",3.0,Urbo [26923239; 40%; No] | Mooreville [26923237; 20%; No] | Una [26923238; 20%; Yes],EXACT,Unique exact normalized NASIS taxon/component-name match within the intersected map unit.,Urbo (26923239): weaker name/taxonomy score 5.0; Una (26923238): weaker name/taxonomy score 0.0,26923237,Mooreville,20,Yes,Inceptisols,Udepts,Dystrudepts,Fluvaquentic Dystrudepts,fine-loamy,,,Moderately well drained,No,,
39265,S2018AL023011,31.8258361,-88.1830861,AL023,328570,UrB,"Urbo-Mooreville-Una complex, 0 to 3 percent slopes, frequently flooded",LENO,C2018USAL100,Site_C NEON_7_LENO,Mooreville,"Fine-loamy, siliceous, active, thermic Fluvaquentic Dystrudepts",3.0,Urbo [26923239; 40%; No] | Mooreville [26923237; 20%; No] | Una [26923238; 20%; Yes],EXACT,Unique exact normalized NASIS taxon/component-name match within the intersected map unit.,Urbo (26923239): weaker name/taxonomy score 5.0; Una (26923238): weaker name/taxonomy score 0.0,26923237,Mooreville,20,Yes,Inceptisols,Udepts,Dystrudepts,Fluvaquentic Dystrudepts,fine-loamy,,,Moderately well drained,No,,
39266,S2018AL023012,31.8081,-88.1800611,AL023,328570,UrB,"Urbo-Mooreville-Una complex, 0 to 3 percent slopes, frequently flooded",LENO,C2018USAL100,Site_C NEON_7_LENO,Urbo,"Fine, mixed, active, acid, thermic Vertic Epiaquepts",3.0,Urbo [26923239; 40%; No] | Mooreville [26923237; 20%; No] | Una [26923238; 20%; Yes],EXACT,Unique exact normalized NASIS taxon/component-name match within the intersected map unit.,Una (26923238): weaker name/taxonomy score 50.0; Mooreville (26923237): weaker name/taxonomy score 5.0,26923239,Urbo,40,Yes,Inceptisols,Aquepts,Epiaquepts,Vertic Epiaquepts,fine,,,Somewhat poorly drained,No,,
39267,S2018AL023014,31.8105,-88.1992222,AL023,328570,UrB,"Urbo-Mooreville-Una complex, 0 to 3 percent slopes, frequently flooded",LENO,C2018USAL100,Site_C NEON_7_LENO,Urbo,"Fine, mixed, active, acid, thermic Vertic Epiaquepts",3.0,Urbo [26923239; 40%; No] | Mooreville [26923237; 20%; No] | Una [26923238; 20%; Yes],EXACT,Unique exact normalized NASIS taxon/component-name match within the intersected map unit.,Una (26923238): weaker name/taxonomy score 50.0; Mooreville (26923237): weaker name/taxonomy score 5.0,26923239,Urbo,40,Yes,Inceptisols,Aquepts,Epiaquepts,Vertic Epiaquepts,fine,,,Somewhat poorly drained,No,,
39268,S2018AL023015,31.8157778,-88.1916417,AL023,328570,UrB,"Urbo-Mooreville-Una complex, 0 to 3 percent slopes, frequently flooded",LENO,C2018USAL100,Site_C NEON_7_LENO,Mooreville,"Fine-loamy, siliceous, active, thermic Fluvaquentic Dystrudepts",3.0,Urbo [26923239; 40%; No] | Mooreville [26923237; 20%; No] | Una [26923238; 20%; Yes],EXACT,Unique exact normalized NASIS taxon/component-name match within the intersected map unit.,Urbo (26923239): weaker name/taxonomy score 5.0; Una (26923238): weaker name/taxonomy score 0.0,26923237,Mooreville,20,Yes,Inceptisols,Udepts,Dystrudepts,Fluvaquentic Dystrudepts,fine-loamy,,,Moderately well drained,No,,
39269,S2018AL023016,31.8177944,-88.1845778,AL023,328570,UrB,"Urbo-Mooreville-Una complex, 0 to 3 percent slopes, frequently flooded",LENO,C2018USAL100,Site_C NEON_7_LENO,Urbo,"Fine, mixed, active, acid, thermic Vertic Epiaquepts",3.0,Urbo [26923239; 40%; No] | Mooreville [26923237; 20%; No] | Una [26923238; 20%; Yes],EXACT,Unique exact normalized NASIS taxon/component-name match within the intersected map unit.,Una (26923238): weaker name/taxonomy score 50.0; Mooreville (26923237): weaker name/taxonomy score 5.0,26923239,Urbo,40,Yes,Inceptisols,Aquepts,Epiaquepts,Vertic Epiaquepts,fine,,,Somewhat poorly drained,No,,
39270,S2018AL023017,31.8416583,-88.16845,AL023,328570,UrB,"Urbo-Mooreville-Una complex, 0 to 3 percent slopes, frequently flooded",LENO,C2018USAL100,Site_C NEON_7_LENO,Mooreville,"Fine-loamy, siliceous, active, thermic Fluvaquentic Dystrudepts",3.0,Urbo [26923239; 40%; No] | Mooreville [26923237; 20%; No] | Una [26923238; 20%; Yes],EXACT,Unique exact normalized NASIS taxon/component-name match within the intersected map unit.,Urbo (26923239): weaker name/taxonomy score 5.0; Una (26923238): weaker name/taxonomy score 0.0,26923237,Mooreville,20,Yes,Inceptisols,Udepts,Dystrudepts,Fluvaquentic Dystrudepts,fine-loamy,,,Moderately well drained,No,,
39271,S2018AL023019,31.8187,-88.194775,AL023,328570,UrB,"Urbo-Mooreville-Una complex, 0 to 3 percent slopes, frequently flooded",LENO,C2018USAL100,Site_C NEON_7_LENO,Urbo,"Fine, mixed, active, acid, thermic Vertic Epiaquepts",3.0,Urbo [26923239; 40%; No] | Mooreville [26923237; 20%; No] | Una [26923238; 20%; Yes],EXACT,Unique exact normalized NASIS taxon/component-name match within the intersected map unit.,Una (26923238): weaker name/taxonomy score 50.0; Mooreville (26923237): weaker name/taxonomy score 5.0,26923239,Urbo,40,Yes,Inceptisols,Aquepts,Epiaquepts,Vertic Epiaquepts,fine,,,Somewhat poorly drained,No,,
39272,S2018AL023020,31.8247444,-88.1926222,AL023,328570,UrB,"Urbo-Mooreville-Una complex, 0 to 3 percent slopes, frequently flooded",LENO,C2018USAL100,Site_C NEON_7_LENO,Lenoir,"Fine, mixed, semiactive, thermic Aeric Paleaquults",3.0,Urbo [26923239; 40%; No] | Mooreville [26923237; 20%; No] | Una [26923238; 20%; Yes],UNMATCHED,No candidate has adequate name or taxonomic agreement.,All candidates lack sufficient correspondence to the sampled pedon.,,,,,,,,,,,,,,,
39273,S2018AL023021,31.8344333,-88.1703139,AL023,328570,UrB,"Urbo-Mooreville-Una complex, 0 to 3 percent slopes, frequently flooded",LENO,C2018USAL100,Site_C NEON_7_LENO,Mooreville,"Fine-loamy, siliceous, active, thermic Fluvaquentic Dystrudepts",3.0,Urbo [26923239; 40%; No] | Mooreville [26923237; 20%; No] | Una [26923238; 20%; Yes],EXACT,Unique exact normalized NASIS taxon/component-name match within the intersected map unit.,Urbo (26923239): weaker name/taxonomy score 5.0; Una (26923238): weaker name/taxonomy score 0.0,26923237,Mooreville,20,Yes,Inceptisols,Udepts,Dystrudepts,Fluvaquentic Dystrudepts,fine-loamy,,,Moderately well drained,No,,
39274,S2018AL023022,31.8154167,-88.2043333,AL023,328570,UrB,"Urbo-Mooreville-Una complex, 0 to 3 percent slopes, frequently flooded",LENO,C2018USAL100,Site_C NEON_7_LENO,Mantachie,"Fine-loamy, siliceous, active, acid, thermic Fluventic Endoaquepts",3.0,Urbo [26923239; 40%; No] | Mooreville [26923237; 20%; No] | Una [26923238; 20%; Yes],AMBIGUOUS,Multiple plausible candidates remain without a decisive name/taxonomy margin.,No plausible alternative rejected.,,,,,,,,,,,,,,,
39275,S2018AL023023,31.8088583,-88.1800694,AL023,328600,BeB,"Bigbee loamy sand, 0 to 5 percent slopes, rarely flooded",LENO,C2018USAL100,Site_C NEON_7_LENO,Riverview,"Fine-loamy, active, thermic Fluventic Dystrudepts",4.0,Bigbee [26923208; 90%; No] | Urbo [26923209; 2%; Yes] | Bibb [26923210; 2%; Yes] | Kinston [26923211; 1%; Yes],AMBIGUOUS,Multiple plausible candidates remain without a decisive name/taxonomy margin.,No plausible alternative rejected.,,,,,,,,,,,,,,,
39276,S2018AL023027,31.8168056,-88.2002778,AL023,328613,UnA,"Una clay, ponded",LENO,C2018USAL100,Site_C NEON_7_LENO,Urbo,"Fine, mixed, active, acid, thermic Vertic Epiaquepts",2.0,Una [26923188; 90%; Yes] | Urbo [26923189; 10%; Yes],EXACT,Unique exact normalized NASIS taxon/component-name match within the intersected map unit.,Una (26923188): weaker name/taxonomy score 50.0,26923189,Urbo,10,No ,Inceptisols,Aquepts,Epiaquepts,Vertic Epiaquepts,fine,,,Somewhat poorly drained,Yes,4,6062217
39277,S2018AL023029,31.8308083,-88.1711139,AL023,328561,RvA,"Riverview loam, 0 to 2 percent slopes, occasionally flooded",LENO,C2018USAL100,Site_C NEON_7_LENO,Riverview,"Fine-loamy, mixed, active, thermic Fluventic Dystrudepts",3.0,Riverview [26923153; 85%; No] | Una [26923152; 5%; Yes] | Urbo [26923154; 5%; Yes],EXACT,Unique exact normalized NASIS taxon/component-name match within the intersected map unit.,Urbo (26923154): weaker name/taxonomy score 5.4; Una (26923152): weaker name/taxonomy score 0.0,26923153,Riverview,85,Yes,Inceptisols,Udepts,Dystrudepts,Fluventic Dystrudepts,fine-loamy,,,Well drained,No,,
39278,S2018PR153001,17.97266,-66.85137,PR787,1716023,LcE,"La Covana-Limestone outcrop-Seboruco complex, 12 to 40 percent slopes",GUAN,C2018USPR101,Site_C NEON_3_GUAN,Tuque,"Clayey, carbonatic, isohyperthermic Calcic Lithic Petrocalcids",4.0,La Covana [27626967; 60%; No] | Limestone outcrop [27626968; 20%; No] | Seboruco [27626969; 15%; No] | Pitahaya [27626970; 5%; No],MEDIUM,No name match; unique candidate supported by at least three taxonomic ranks.,Limestone outcrop (27626968): weaker name/taxonomy score -4.8; Pitahaya (27626970): weaker name/taxonomy score -14.6; Seboruco (27626969): weaker name/taxonomy score -14.6,27626967,La Covana,60,Yes,Aridisols,Calcids,Petrocalcids,Calcic Lithic Petrocalcids,clayey-skeletal,,,Well drained,No,,
39279,S2018PR059002,17.970141,-66.824778,PR688,326850,TuF,"Tuque stony clay loam, 12 to 60 percent slopes",GUAN,C2018USPR101,Site_C NEON_3_GUAN,Pitahaya,"Clayey-skeletal, mixed, superactive, nonacid, isohyperthermic, shallow Typic Torriorthents",1.0,Tuque [27626052; 100%; No],UNMATCHED,No candidate has adequate name or taxonomic agreement.,All candidates lack sufficient correspondence to the sampled pedon.,,,,,,,,,,,,,,,
39280,S2018PR153003,17.973025,-66.861828,PR787,1407028,PsF,"Pitahaya-Limestone outcrop-Seboruco complex, 40 to 60 percent slopes",GUAN,C2018USPR101,Site_C NEON_3_GUAN,La Covana,"Clayey-skeletal, carbonatic, isohyperthermic Calcic Lithic Petrocalcids",4.0,Pitahaya [27626922; 60%; No] | Limestone outcrop [27626921; 20%; No] | Seboruco [27626923; 15%; No] | La Covana [27626924; 5%; No],EXACT,Unique exact normalized NASIS taxon/component-name match within the intersected map unit.,Limestone outcrop (27626921): weaker name/taxonomy score 0.1; Pitahaya (27626922): weaker name/taxonomy score -7.6; Seboruco (27626923): weaker name/taxonomy score -11.8,27626924,La Covana,5,No ,Aridisols,Calcids,Petrocalcids,Calcic Lithic Petrocalcids,clayey-skeletal,,,Well drained,No,,
39281,S2018PR153004,17.969092,-66.852851,PR787,1716023,LcE,"La Covana-Limestone outcrop-Seboruco complex, 12 to 40 percent slopes",GUAN,C2018USPR101,Site_C NEON_3_GUAN,Seboruco,"Fine-loamy, mixed, superactive, isohyperthermic Typic Calciargids",4.0,La Covana [27626967; 60%; No] | Limestone outcrop [27626968; 20%; No] | Seboruco [27626969; 15%; No] | Pitahaya [27626970; 5%; No],EXACT,Unique exact normalized NASIS taxon/component-name match within the intersected map unit.,Limestone outcrop (27626968): weaker name/taxonomy score 0.4; La Covana (27626967): weaker name/taxonomy score -11.8; Pitahaya (27626970): weaker name/taxonomy score -40.0,27626969,Seboruco,15,Yes,Aridisols,Argids,Calciargids,Typic Calciargids,fine-loamy,,,Well drained,No,,
39282,S2018PR055006,17.963656,-66.87581,PR787,1407028,PsF,"Pitahaya-Limestone outcrop-Seboruco complex, 40 to 60 percent slopes",GUAN,C2018USPR101,Site_C NEON_3_GUAN,La Covana,"Clayey-skeletal, carbonatic, isohyperthermic Calcic Lithic Petrocalcids",4.0,Pitahaya [27626922; 60%; No] | Limestone outcrop [27626921; 20%; No] | Seboruco [27626923; 15%; No] | La Covana [27626924; 5%; No],EXACT,Unique exact normalized NASIS taxon/component-name match within the intersected map unit.,Limestone outcrop (27626921): weaker name/taxonomy score 0.1; Pitahaya (27626922): weaker name/taxonomy score -7.6; Seboruco (27626923): weaker name/taxonomy score -11.8,27626924,La Covana,5,No ,Aridisols,Calcids,Petrocalcids,Calcic Lithic Petrocalcids,clayey-skeletal,,,Well drained,No,,
39283,S2018PR059008,17.965624,-66.832204,PR688,326850,TuF,"Tuque stony clay loam, 12 to 60 percent slopes",GUAN,C2018USPR101,Site_C NEON_3_GUAN,Seboruco,"Fine-loamy, mixed, superactive, isohyperthermic Typic Calciargids",1.0,Tuque [27626052; 100%; No],UNMATCHED,No candidate has adequate name or taxonomic agreement.,All candidates lack sufficient correspondence to the sampled pedon.,,,,,,,,,,,,,,,
39284,S2018PR055009,17.979265,-66.868003,PR787,1716017,MoC,"Montalva clay, 5 to 12 percent slopes",GUAN,C2018USPR101,Site_C NEON_3_GUAN,Montalva,"Fine, mixed, superactive, isohyperthermic Typic Haplotorrerts",3.0,Montalva [27626961; 80%; No] | El Papayo [27626962; 10%; No] | Melones [27626963; 10%; No],EXACT,Unique exact normalized NASIS taxon/component-name match within the intersected map unit.,Melones (27626963): weaker name/taxonomy score 34.0; El Papayo (27626962): weaker name/taxonomy score -31.8,27626961,Montalva,80,Yes,Vertisols,Torrerts,Haplotorrerts,Typic Haplotorrerts,fine,,,Well drained,No,,
39285,S2018PR055010,17.9723,-66.87153,PR787,1716023,LcE,"La Covana-Limestone outcrop-Seboruco complex, 12 to 40 percent slopes",GUAN,C2018USPR101,Site_C NEON_3_GUAN,La Covana,"Clayey-skeletal, carbonatic, isohyperthermic Calcic Lithic Petrocalcids",4.0,La Covana [27626967; 60%; No] | Limestone outcrop [27626968; 20%; No] | Seboruco [27626969; 15%; No] | Pitahaya [27626970; 5%; No],EXACT,Unique exact normalized NASIS taxon/component-name match within the intersected map unit.,Limestone outcrop (27626968): weaker name/taxonomy score 0.1; Pitahaya (27626970): weaker name/taxonomy score -7.6; Seboruco (27626969): weaker name/taxonomy score -11.8,27626967,La Covana,60,Yes,Aridisols,Calcids,Petrocalcids,Calcic Lithic Petrocalcids,clayey-skeletal,,,Well drained,No,,
39286,S2018PR055012,17.95146,-66.89913,PR787,1407028,PsF,"Pitahaya-Limestone outcrop-Seboruco complex, 40 to 60 percent slopes",GUAN,C2018USPR101,Site_C NEON_3_GUAN,La Covana,"Clayey-skeletal, carbonatic, isohyperthermic Calcic Lithic Petrocalcids",4.0,Pitahaya [27626922; 60%; No] | Limestone outcrop [27626921; 20%; No] | Seboruco [27626923; 15%; No] | La Covana [27626924; 5%; No],EXACT,Unique exact normalized NASIS taxon/component-name match within the intersected map unit.,Limestone outcrop (27626921): weaker name/taxonomy score 0.1; Pitahaya (27626922): weaker name/taxonomy score -7.6; Seboruco (27626923): weaker name/taxonomy score -11.8,27626924,La Covana,5,No ,Aridisols,Calcids,Petrocalcids,Calcic Lithic Petrocalcids,clayey-skeletal,,,Well drained,No,,
39287,S2018PR059013,17.963535,-66.837886,PR688,326850,TuF,"Tuque stony clay loam, 12 to 60 percent slopes",GUAN,C2018USPR101,Site_C NEON_3_GUAN,Pitahaya,"Clayey-skeletal, mixed, superactive, nonacid, isohyperthermic, shallow Typic Torriorthents",1.0,Tuque [27626052; 100%; No],UNMATCHED,No candidate has adequate name or taxonomic agreement.,All candidates lack sufficient correspondence to the sampled pedon.,,,,,,,,,,,,,,,
39288,S2018PR153014,17.95561,-66.85236,PR787,1407028,PsF,"Pitahaya-Limestone outcrop-Seboruco complex, 40 to 60 percent slopes",GUAN,C2018USPR101,Site_C NEON_3_GUAN,Pitahaya,"Clayey-skeletal, mixed, superactive, nonacid, isohyperthermic, shallow Typic Torriorthents",4.0,Pitahaya [27626922; 60%; No] | Limestone outcrop [27626921; 20%; No] | Seboruco [27626923; 15%; No] | La Covana [27626924; 5%; No],EXACT,Unique exact normalized NASIS taxon/component-name match within the intersected map unit.,Limestone outcrop (27626921): weaker name/taxonomy score -2.4; La Covana (27626924): weaker name/taxonomy score -7.6; Seboruco (27626923): weaker name/taxonomy score -40.0,27626922,Pitahaya,60,Yes,Entisols,Orthents,Torriorthents,Typic Torriorthents,clayey-skeletal,,,Well drained,No,,
39289,S2018PR153015,17.97677,-66.86211,PR787,1716023,LcE,"La Covana-Limestone outcrop-Seboruco complex, 12 to 40 percent slopes",GUAN,C2018USPR101,Site_C NEON_3_GUAN,Altamira,"Coarse-loamy, carbonatic, isohyperthermic Typic Haplocalcids",4.0,La Covana [27626967; 60%; No] | Limestone outcrop [27626968; 20%; No] | Seboruco [27626969; 15%; No] | Pitahaya [27626970; 5%; No],AMBIGUOUS,Multiple plausible candidates remain without a decisive name/taxonomy margin.,No plausible alternative rejected.,,,,,,,,,,,,,,,
39290,S2018PR055016,17.967822,-66.884843,PR787,1716023,LcE,"La Covana-Limestone outcrop-Seboruco complex, 12 to 40 percent slopes",GUAN,C2018USPR101,Site_C NEON_3_GUAN,La Covana,"Clayey-skeletal, carbonatic, isohyperthermic Calcic Lithic Petrocalcids",4.0,La Covana [27626967; 60%; No] | Limestone outcrop [27626968; 20%; No] | Seboruco [27626969; 15%; No] | Pitahaya [27626970; 5%; No],EXACT,Unique exact normalized NASIS taxon/component-name match within the intersected map unit.,Limestone outcrop (27626968): weaker name/taxonomy score 0.1; Pitahaya (27626970): weaker name/taxonomy score -7.6; Seboruco (27626969): weaker name/taxonomy score -11.8,27626967,La Covana,60,Yes,Aridisols,Calcids,Petrocalcids,Calcic Lithic Petrocalcids,clayey-skeletal,,,Well drained,No,,
39291,S2018PR059017,17.965356,-66.835344,PR688,326850,TuF,"Tuque stony clay loam, 12 to 60 percent slopes",GUAN,C2018USPR101,Site_C NEON_3_GUAN,Pitahaya,"Clayey-skeletal, mixed, superactive, nonacid, isohyperthermic, shallow Typic Torriorthents",1.0,Tuque [27626052; 100%; No],UNMATCHED,No candidate has adequate name or taxonomic agreement.,All candidates lack sufficient correspondence to the sampled pedon.,,,,,,,,,,,,,,,
39292,S2018PR055020,17.954059,-66.89295,PR787,1407028,PsF,"Pitahaya-Limestone outcrop-Seboruco complex, 40 to 60 percent slopes",GUAN,C2018USPR101,Site_C NEON_3_GUAN,Seboruco,"Fine-loamy, mixed, superactive, isohyperthermic Typic Calciargids",4.0,Pitahaya [27626922; 60%; No] | Limestone outcrop [27626921; 20%; No] | Seboruco [27626923; 15%; No] | La Covana [27626924; 5%; No],EXACT,Unique exact normalized NASIS taxon/component-name match within the intersected map unit.,Limestone outcrop (27626921): weaker name/taxonomy score 0.4; La Covana (27626924): weaker name/taxonomy score -11.8; Pitahaya (27626922): weaker name/taxonomy score -40.0,27626923,Seboruco,15,Yes,Aridisols,Argids,Calciargids,Typic Calciargids,fine-loamy,,,Well drained,No,,
39293,S2018PR059022,17.957765,-66.833972,PR688,326850,TuF,"Tuque stony clay loam, 12 to 60 percent slopes",GUAN,C2018USPR101,Site_C NEON_3_GUAN,La Covana,"Clayey-skeletal, carbonatic, isohyperthermic Calcic Lithic Petrocalcids",1.0,Tuque [27626052; 100%; No],UNMATCHED,No candidate has adequate name or taxonomic agreement.,All candidates lack sufficient correspondence to the sampled pedon.,,,,,,,,,,,,,,,
39294,S2018PR055023,17.98348,-66.87925,PR787,1716023,LcE,"La Covana-Limestone outcrop-Seboruco complex, 12 to 40 percent slopes",GUAN,C2018USPR101,Site_C NEON_3_GUAN,Seboruco,"Fine-loamy, mixed, superactive, isohyperthermic Typic Calciargids",4.0,La Covana [27626967; 60%; No] | Limestone outcrop [27626968; 20%; No] | Seboruco [27626969; 15%; No] | Pitahaya [27626970; 5%; No],EXACT,Unique exact normalized NASIS taxon/component-name match within the intersected map unit.,Limestone outcrop (27626968): weaker name/taxonomy score 0.4; La Covana (27626967): weaker name/taxonomy score -11.8; Pitahaya (27626970): weaker name/taxonomy score -40.0,27626969,Seboruco,15,Yes,Aridisols,Argids,Calciargids,Typic Calciargids,fine-loamy,,,Well drained,No,,
39295,S2018PR055024,17.961525,-66.900723,PR787,1407028,PsF,"Pitahaya-Limestone outcrop-Seboruco complex, 40 to 60 percent slopes",GUAN,C2018USPR101,Site_C NEON_3_GUAN,Seboruco,"Fine-loamy, mixed, superactive, isohyperthermic Typic Calciargids",4.0,Pitahaya [27626922; 60%; No] | Limestone outcrop [27626921; 20%; No] | Seboruco [27626923; 15%; No] | La Covana [27626924; 5%; No],EXACT,Unique exact normalized NASIS taxon/component-name match within the intersected map unit.,Limestone outcrop (27626921): weaker name/taxonomy score 0.4; La Covana (27626924): weaker name/taxonomy score -11.8; Pitahaya (27626922): weaker name/taxonomy score -40.0,27626923,Seboruco,15,Yes,Aridisols,Argids,Calciargids,Typic Calciargids,fine-loamy,,,Well drained,No,,
39304,S2018WA059002,45.811136,-121.990738,WA760,2511987,NOTCOM,No Digital Data Available,WREF,C2018USWA105,Site_C NEON_1_WREF,Stabler,"Medial, amorphic, mesic Vitric Hapludands",1.0,NOTCOM [26616659; 100%; nan],UNMATCHED,No candidate has adequate name or taxonomic agreement.,All candidates lack sufficient correspondence to the sampled pedon.,,,,,,,,,,,,,,,
39305,S2018WA059011,45.8345992,-121.983504,WA760,2511987,NOTCOM,No Digital Data Available,WREF,C2018USWA105,Site_C NEON_1_WREF,Stabler,"Medial, amorphic, frigid Vitric Hapludands",1.0,NOTCOM [26616659; 100%; nan],UNMATCHED,No candidate has adequate name or taxonomic agreement.,All candidates lack sufficient correspondence to the sampled pedon.,,,,,,,,,,,,,,,
39306,S2018WA059012,45.840464,-121.863428,WA760,2511987,NOTCOM,No Digital Data Available,WREF,C2018USWA105,Site_C NEON_1_WREF,Vitrandic Humudepts,"Loamy-skeletal, mixed, superactive, mesic Vitrandic Humudepts",1.0,NOTCOM [26616659; 100%; nan],UNMATCHED,No candidate has adequate name or taxonomic agreement.,All candidates lack sufficient correspondence to the sampled pedon.,,,,,,,,,,,,,,,
39307,S2018WA059013,45.835772,-122.018913,WA760,2511987,NOTCOM,No Digital Data Available,WREF,C2018USWA105,Site_C NEON_1_WREF,Stabler,"Medial, amorphic, frigid Vitric Hapludands",1.0,NOTCOM [26616659; 100%; nan],UNMATCHED,No candidate has adequate name or taxonomic agreement.,All candidates lack sufficient correspondence to the sampled pedon.,,,,,,,,,,,,,,,
39308,S2018WA059016,45.826278,-121.993817,WA760,2511987,NOTCOM,No Digital Data Available,WREF,C2018USWA105,Site_C NEON_1_WREF,Stabler,"Medial, amorphic, mesic Vitric Hapludands",1.0,NOTCOM [26616659; 100%; nan],UNMATCHED,No candidate has adequate name or taxonomic agreement.,All candidates lack sufficient correspondence to the sampled pedon.,,,,,,,,,,,,,,,
39309,S2018WA059019,45.819727,-121.968838,WA760,2511987,NOTCOM,No Digital Data Available,WREF,C2018USWA105,Site_C NEON_1_WREF,Stabler,"Medial, amorphic, mesic Vitric Hapludands",1.0,NOTCOM [26616659; 100%; nan],UNMATCHED,No candidate has adequate name or taxonomic agreement.,All candidates lack sufficient correspondence to the sampled pedon.,,,,,,,,,,,,,,,
39310,S2018WA059024,45.848969,-121.996819,WA760,2511987,NOTCOM,No Digital Data Available,WREF,C2018USWA105,Site_C NEON_1_WREF,Stabler,"Medial, amorphic, frigid Vitric Hapludands",1.0,NOTCOM [26616659; 100%; nan],UNMATCHED,No candidate has adequate name or taxonomic agreement.,All candidates lack sufficient correspondence to the sampled pedon.,,,,,,,,,,,,,,,
39311,S2018WA059026,45.842573,-122.008611,WA760,2511987,NOTCOM,No Digital Data Available,WREF,C2018USWA105,Site_C NEON_1_WREF,Vitric Hapludands,"Medial-skeletal, amorphic, frigid Vitric Hapludands",1.0,NOTCOM [26616659; 100%; nan],UNMATCHED,No candidate has adequate name or taxonomic agreement.,All candidates lack sufficient correspondence to the sampled pedon.,,,,,,,,,,,,,,,
39312,S2018WA059027,45.818731,-121.975891,WA760,2511987,NOTCOM,No Digital Data Available,WREF,C2018USWA105,Site_C NEON_1_WREF,Stabler,"Medial, amorphic, mesic Vitric Hapludands",1.0,NOTCOM [26616659; 100%; nan],UNMATCHED,No candidate has adequate name or taxonomic agreement.,All candidates lack sufficient correspondence to the sampled pedon.,,,,,,,,,,,,,,,
39313,S2018WA059070,45.824059,-121.955549,WA659,1385487,120,"Stabler loam, 0 to 8 percent slopes",WREF,C2018USWA105,Site_C NEON_1_WREF,Stabler,"Medial, amorphic, mesic Vitric Hapludands",1.0,Stabler [26588010; 100%; No],EXACT,Unique exact normalized NASIS taxon/component-name match within the intersected map unit.,,26588010,Stabler,100,Yes,Andisols,Udands,Hapludands,Vitric Hapludands,medial,,,Well drained,No,,
39374,S2018CO013001,40.04221,-105.55876,CO645,762993,7701C,"Leighcan family, 40 to 75 percent slopes, south aspects",NIWO,C2018USCO112,Site_C NEON_4_NIWO,snd,"Loamy-skeletal, mixed, superactive Typic Haplocryalfs",4.0,Leighcan family [26663635; 85%; No] | Catamount family [26663633; 5%; No] | Scout family [26663634; 5%; No] | Rock outcrop [26663636; 5%; No],UNMATCHED,No candidate has adequate name or taxonomic agreement.,All candidates lack sufficient correspondence to the sampled pedon.,,,,,,,,,,,,,,,
39375,S2018CO013003,40.05132,-105.56487,CO645,763013,8776B,"Moran family-Lithic Cryorthents-Rubble land complex, 5 to 40 percent slopes",NIWO,C2018USCO112,Site_C NEON_4_NIWO,snd,"Loamy-skeletal, mixed, superactive Typic Humicryepts",4.0,Moran family [26663723; 60%; No] | Lithic Cryorthents [26663724; 20%; No] | Rubble land [26663725; 15%; No] | Leighcan family [26663722; 5%; No],AMBIGUOUS,Multiple plausible candidates remain without a decisive name/taxonomy margin.,No plausible alternative rejected.,,,,,,,,,,,,,,,
39376,S2018CO013005,40.04379,-105.56975,CO645,762986,7201B,"Leighcan family, till substratum, 5 to 40 percent slopes",NIWO,C2018USCO112,Site_C NEON_4_NIWO,snd,"Loamy-skeletal, mixed, superactive Typic Dystrocryepts",4.0,Leighcan family [26663599; 85%; No] | Haplocryalfs [26663596; 5%; No] | Eutrocryepts [26663597; 5%; No] | Haplocryolls [26663598; 5%; No],MEDIUM,No name match; unique candidate supported by at least three taxonomic ranks.,Haplocryalfs (26663596): weaker name/taxonomy score 4.7; Eutrocryepts (26663597): weaker name/taxonomy score 4.7; Haplocryolls (26663598): weaker name/taxonomy score 4.7,26663599,Leighcan family,85,Yes,Inceptisols,Cryepts,Dystrocryepts,Typic Dystrocryepts,loamy-skeletal,till substratum,,Somewhat excessively drained,No,,
39378,S2018CO013007,40.037939,-105.563,CO645,766495,7202B,"Leighcan family, till substratum-Cryaquolls complex, 5 to 40 percent slopes",NIWO,C2018USCO112,Site_C NEON_4_NIWO,snd,"Loamy-skeletal, mixed, superactive Typic Haplocryalfs",5.0,Leighcan family [26663606; 60%; No] | Cryaquolls [26663607; 25%; Yes] | Typic Cryaquepts [26663603; 5%; Yes] | Water [26663604; 5%; Unranked] | Frisco family [26663605; 5%; No],UNMATCHED,No candidate has adequate name or taxonomic agreement.,All candidates lack sufficient correspondence to the sampled pedon.,,,,,,,,,,,,,,,
39379,S2018CO013008,40.05455,-105.567673,CO645,763013,8776B,"Moran family-Lithic Cryorthents-Rubble land complex, 5 to 40 percent slopes",NIWO,C2018USCO112,Site_C NEON_4_NIWO,snd,"Loamy-skeletal over fragmental, mixed, superactive Typic Humicryepts",4.0,Moran family [26663723; 60%; No] | Lithic Cryorthents [26663724; 20%; No] | Rubble land [26663725; 15%; No] | Leighcan family [26663722; 5%; No],AMBIGUOUS,Multiple plausible candidates remain without a decisive name/taxonomy margin.,No plausible alternative rejected.,,,,,,,,,,,,,,,
39380,S2018CO013011,40.03416,-105.55553,CO645,766495,7202B,"Leighcan family, till substratum-Cryaquolls complex, 5 to 40 percent slopes",NIWO,C2018USCO112,Site_C NEON_4_NIWO,Leighcan,"Loamy-skeletal, mixed, superactive Typic Dystrocryepts",5.0,Leighcan family [26663606; 60%; No] | Cryaquolls [26663607; 25%; Yes] | Typic Cryaquepts [26663603; 5%; Yes] | Water [26663604; 5%; Unranked] | Frisco family [26663605; 5%; No],MEDIUM,No name match; unique candidate supported by at least three taxonomic ranks.,Frisco family (26663605): weaker name/taxonomy score 10.0; Typic Cryaquepts (26663603): weaker name/taxonomy score 8.8; Water (26663604): weaker name/taxonomy score 5.4; Cryaquolls (26663607): weaker name/taxonomy score -16.2,26663606,Leighcan family,60,Yes,Inceptisols,Cryepts,Dystrocryepts,Typic Dystrocryepts,loamy-skeletal,till substratum,,Somewhat excessively drained,No,,
39381,S2018CO013014,40.05092,-105.54801,CO645,763012,8772C,"Moran family-Lithic Cryorthents-Leighcan family complex, 40 to 75 percent slopes",NIWO,C2018USCO112,Site_C NEON_4_NIWO,snd,"Loamy-skeletal, mixed, superactive Umbric Haplocryalfs",4.0,Moran family [26663718; 40%; No] | Lithic Cryorthents [26663719; 30%; No] | Leighcan family [26663720; 20%; No] | Rubble land [26663721; 10%; No],UNMATCHED,No candidate has adequate name or taxonomic agreement.,All candidates lack sufficient correspondence to the sampled pedon.,,,,,,,,,,,,,,,
39382,S2018CO013015,40.04025,-105.57253,CO645,762986,7201B,"Leighcan family, till substratum, 5 to 40 percent slopes",NIWO,C2018USCO112,Site_C NEON_4_NIWO,snd,"Fine-loamy, mixed, superactive Aquic Humicryepts",4.0,Leighcan family [26663599; 85%; No] | Haplocryalfs [26663596; 5%; No] | Eutrocryepts [26663597; 5%; No] | Haplocryolls [26663598; 5%; No],UNMATCHED,No candidate has adequate name or taxonomic agreement.,All candidates lack sufficient correspondence to the sampled pedon.,,,,,,,,,,,,,,,
39383,S2018CO013016,40.04836,-105.54261,CO645,763003,7757D,"Leighcan-Catamount, moist families-Rock outcrop complex, 40 to 150 percent slopes",NIWO,C2018USCO112,Site_C NEON_4_NIWO,snd,"Loamy-skeletal, mixed, superactive Typic Haplocryalfs",5.0,Leighcan family [26663433; 50%; No] | Catamount family [26663434; 25%; No] | Rock outcrop [26663432; 15%; No] | Scout family [26663430; 5%; No] | Legault family [26663431; 5%; No],UNMATCHED,No candidate has adequate name or taxonomic agreement.,All candidates lack sufficient correspondence to the sampled pedon.,,,,,,,,,,,,,,,
39384,S2018CO013018,40.05269,-105.58386,CO645,763013,8776B,"Moran family-Lithic Cryorthents-Rubble land complex, 5 to 40 percent slopes",NIWO,C2018USCO112,Site_C NEON_4_NIWO,snd,"Coarse-loamy, mixed, superactive Typic Humicryepts",4.0,Moran family [26663723; 60%; No] | Lithic Cryorthents [26663724; 20%; No] | Rubble land [26663725; 15%; No] | Leighcan family [26663722; 5%; No],UNMATCHED,No candidate has adequate name or taxonomic agreement.,All candidates lack sufficient correspondence to the sampled pedon.,,,,,,,,,,,,,,,
39385,S2018CO013022,40.03871,-105.557,CO645,762993,7701C,"Leighcan family, 40 to 75 percent slopes, south aspects",NIWO,C2018USCO112,Site_C NEON_4_NIWO,Leighcan,"Loamy-skeletal, mixed, superactive Typic Dystrocryepts",4.0,Leighcan family [26663635; 85%; No] | Catamount family [26663633; 5%; No] | Scout family [26663634; 5%; No] | Rock outcrop [26663636; 5%; No],MEDIUM,No name match; unique candidate supported by at least three taxonomic ranks.,Catamount family (26663633): weaker name/taxonomy score 8.8; Scout family (26663634): weaker name/taxonomy score 7.0; Rock outcrop (26663636): weaker name/taxonomy score 3.5,26663635,Leighcan family,85,Yes,Inceptisols,Cryepts,Dystrocryepts,Typic Dystrocryepts,loamy-skeletal,south aspects,,Somewhat excessively drained,No,,
39386,S2018CO013026,40.04948,-105.57191,CO645,763012,8772C,"Moran family-Lithic Cryorthents-Leighcan family complex, 40 to 75 percent slopes",NIWO,C2018USCO112,Site_C NEON_4_NIWO,snd,"Coarse-loamy, mixed, superactive Typic Humicryepts",4.0,Moran family [26663718; 40%; No] | Lithic Cryorthents [26663719; 30%; No] | Leighcan family [26663720; 20%; No] | Rubble land [26663721; 10%; No],UNMATCHED,No candidate has adequate name or taxonomic agreement.,All candidates lack sufficient correspondence to the sampled pedon.,,,,,,,,,,,,,,,
39387,S2018CO013029,40.05274,-105.566,CO645,763013,8776B,"Moran family-Lithic Cryorthents-Rubble land complex, 5 to 40 percent slopes",NIWO,C2018USCO112,Site_C NEON_4_NIWO,Leighcan,"Loamy-skeletal, mixed, superactive Typic Dystrocryepts",4.0,Moran family [26663723; 60%; No] | Lithic Cryorthents [26663724; 20%; No] | Rubble land [26663725; 15%; No] | Leighcan family [26663722; 5%; No],AMBIGUOUS,Multiple plausible candidates remain without a decisive name/taxonomy margin.,No plausible alternative rejected.,,,,,,,,,,,,,,,
39388,S2018WY029001,44.91763,-110.41037,WY665,3056544,2996,"Shook-Badwater-Passcreek families, complex",YELL,C2018USWY113,Site_C NEON_4_YELL,snd,"Fine-loamy, mixed, superactive Pachic Haplocryolls",3.0,Shook [27252199; 40%; No] | Badwater [27252200; 30%; No] | Passcreek [27252201; 15%; No],AMBIGUOUS,Multiple plausible candidates remain without a decisive name/taxonomy margin.,No plausible alternative rejected.,,,,,,,,,,,,,,,
39389,S2018WY029004,44.96272,-110.59312,WY665,3056544,2996,"Shook-Badwater-Passcreek families, complex",YELL,C2018USWY113,Site_C NEON_4_YELL,snd,"Loamy-skeletal, mixed, superactive Pachic Argicryolls",3.0,Shook [27252199; 40%; No] | Badwater [27252200; 30%; No] | Passcreek [27252201; 15%; No],MEDIUM,No name match; unique candidate supported by at least three taxonomic ranks.,Passcreek (27252201): weaker name/taxonomy score 25.8; Shook (27252199): weaker name/taxonomy score 8.8,27252200,Badwater,30,Yes,Mollisols,Cryolls,Argicryolls,Pachic Argicryolls,loamy-skeletal,,Badwater,Well drained,No,,
39390,S2018WY029005,44.94827,-110.63152,WY665,3056522,2213,"Hobacker-Greyback-Shadow families, complex",YELL,C2018USWY113,Site_C NEON_4_YELL,snd,"Fine-loamy, mixed, superactive Ustic Argicryolls",5.0,Hobacker [27252120; 40%; No] | Greyback [27252121; 25%; No] | Shadow [27252122; 15%; No] | Arrowpeak [27252123; 10%; No] | Rock outcrop [27252124; 10%; No],AMBIGUOUS,Multiple plausible candidates remain without a decisive name/taxonomy margin.,No plausible alternative rejected.,,,,,,,,,,,,,,,
39391,S2018WY029007,44.91765,-110.42883,WY665,3056531,2546,"Arrowpeak-Hobacker families-Rock outcrop, complex",YELL,C2018USWY113,Site_C NEON_4_YELL,snd,"Fine-loamy, mixed, superactive Pachic Argicryolls",4.0,Arrowpeak [27252161; 35%; No] | Hobacker [27252162; 30%; No] | Rock outcrop [27252163; 15%; No] | Rubble land [27252164; 10%; No],UNMATCHED,No candidate has adequate name or taxonomic agreement.,All candidates lack sufficient correspondence to the sampled pedon.,,,,,,,,,,,,,,,
39392,S2018WY029012,44.94451,-110.43388,WY665,3056530,2543,"Midfork-Arrowpeak, dry families-Rock outcrop, complex",YELL,C2018USWY113,Site_C NEON_4_YELL,snd,"Loamy-skeletal, mixed, superactive Pachic Haplocryolls",4.0,Midfork [27252157; 45%; No] | Arrowpeak [27252158; 25%; No] | Rock outcrop [27252159; 15%; No] | Rubble land [27252160; 5%; No],AMBIGUOUS,Multiple plausible candidates remain without a decisive name/taxonomy margin.,No plausible alternative rejected.,,,,,,,,,,,,,,,
39394,S2018WY029019,44.95548,-110.49455,WY665,3056543,2924,"Hobacker-Libeg-Greyback families, complex",YELL,C2018USWY113,Site_C NEON_4_YELL,snd,"Fine-loamy, mixed, superactive Ustic Haplocryolls",3.0,Hobacker [27252185; 31%; No] | Libeg [27252186; 29%; No] | Greyback [27252184; 25%; No],AMBIGUOUS,Multiple plausible candidates remain without a decisive name/taxonomy margin.,No plausible alternative rejected.,,,,,,,,,,,,,,,
39395,S2018WY029021,44.90382,-110.4183,WY665,3056498,1324,"Como-Como, moderately deep-McCort families, complex",YELL,C2018USWY113,Site_C NEON_4_YELL,snd,"Loamy-skeletal over fragmental, mixed, superactive Ustic Haplocryepts",3.0,Como [27252052; 45%; No] | Como [27252053; 25%; No] | McCort [27252054; 20%; No],AMBIGUOUS,Multiple plausible candidates remain without a decisive name/taxonomy margin.,No plausible alternative rejected.,,,,,,,,,,,,,,,
39396,S2018WY029022,44.93846,-110.43203,WY665,3056490,522,"Rock outcrop-Hobacker family-Rubble land, complex",YELL,C2018USWY113,Site_C NEON_4_YELL,snd,"Loamy-skeletal, mixed, superactive Lithic Haplocryepts",4.0,Rock outcrop [27252027; 40%; No] | Hobacker [27252026; 30%; No] | Rubble land [27252028; 25%; No] | Kegsprings [27252025; 5%; No],AMBIGUOUS,Multiple plausible candidates remain without a decisive name/taxonomy margin.,No plausible alternative rejected.,,,,,,,,,,,,,,,
39397,S2018WY029024,44.96801,-110.4919,WY665,3056543,2924,"Hobacker-Libeg-Greyback families, complex",YELL,C2018USWY113,Site_C NEON_4_YELL,snd,"Fine-loamy, mixed, superactive, frigid Calcic Haplustepts",3.0,Hobacker [27252185; 31%; No] | Libeg [27252186; 29%; No] | Greyback [27252184; 25%; No],UNMATCHED,No candidate has adequate name or taxonomic agreement.,All candidates lack sufficient correspondence to the sampled pedon.,,,,,,,,,,,,,,,
39398,S2018WY029025,44.96635,-110.5034,WY665,3056519,2246,"Arrowpeak-Lionhead-Midfork families, complex",YELL,C2018USWY113,Site_C NEON_4_YELL,snd,"Fine-loamy, mixed, superactive Ustic Argicryolls",7.0,Arrowpeak [27252137; 35%; No] | Lionhead [27252138; 20%; No] | Midfork [27252140; 20%; No] | Leavittville [27252139; 15%; No] | Kegsprings [27252136; 4%; No] | Oxyaquic Haplocryolls [27252134; 3%; No] | Typic Cryaquolls [27252135; 3%; Yes],AMBIGUOUS,Multiple plausible candidates remain without a decisive name/taxonomy margin.,No plausible alternative rejected.,,,,,,,,,,,,,,,
39399,S2018WY029029,44.93988,-110.64149,WY665,3056522,2213,"Hobacker-Greyback-Shadow families, complex",YELL,C2018USWY113,Site_C NEON_4_YELL,Shadow,"Loamy-skeletal, mixed, superactive Ustic Haplocryepts",5.0,Hobacker [27252120; 40%; No] | Greyback [27252121; 25%; No] | Shadow [27252122; 15%; No] | Arrowpeak [27252123; 10%; No] | Rock outcrop [27252124; 10%; No],EXACT,Unique exact normalized NASIS taxon/component-name match within the intersected map unit.,Rock outcrop (27252124): weaker name/taxonomy score 3.9; Arrowpeak (27252123): weaker name/taxonomy score -6.0; Hobacker (27252120): weaker name/taxonomy score -10.0; Greyback (27252121): weaker name/taxonomy score -15.0,27252122,Shadow,15,Yes,Inceptisols,Cryepts,Haplocryepts,Ustic Haplocryepts,loamy-skeletal,,Shadow,Well drained,No,,
39413,S2018WA059009,45.83587,-112.001739,MT636,146488,62,"Kalsted sandy loam, 2 to 8 percent slopes",WREF,C2018USWA105,Site_C NEON_1_WREF,Vitric Hapludands,"Medial-skeletal, amorphic, frigid Vitric Hapludands",3.0,Kalsted [26945479; 90%; No] | Crago [26945477; 5%; No] | Scravo [26945478; 5%; No],UNMATCHED,No candidate has adequate name or taxonomic agreement.,All candidates lack sufficient correspondence to the sampled pedon.,,,,,,,,,,,,,,,
39463,S2018AK185102,68.627798,-149.347657,AK739,3375522,E45H2,Arctic Foothills-Arctic Upland-Glaciated Hills and Plains,TOOL,C2019USAK016,Site_C NEON_1_TOOL,TS_ Historthel,"Coarse-silty, mixed, superactive Typic Historthels",7.0,"E45-Arctic tussock-gravelly frozen till slopes [26846719; 60%; Yes] | E45-Arctic scrub-sedge-gravelly frozen till slopes [26846720; 18%; Yes] | E45-Arctic dwarf scrub-gravelly till slopes [26846716; 12%; No] | E45-Arctic scrub-gravelly low flood plains [26846718; 4%; No] | E45-Arctic scrub-organic frozen mounds [26846721; 3%; No] | E45-Arctic sedge-organic drainageways, frozen [26846717; 2%; Yes] | E45-Arctic rock outcrop and rubbleland [26846722; 1%; No]",UNMATCHED,No candidate has adequate name or taxonomic agreement.,All candidates lack sufficient correspondence to the sampled pedon.,,,,,,,,,,,,,,,
39464,S2018AK185103,68.640117,-149.6429,AK739,3375522,E45H2,Arctic Foothills-Arctic Upland-Glaciated Hills and Plains,TOOL,C2019USAK016,Site_C NEON_1_TOOL,SS_ Hemistel,Typic Hemistels,7.0,"E45-Arctic tussock-gravelly frozen till slopes [26846719; 60%; Yes] | E45-Arctic scrub-sedge-gravelly frozen till slopes [26846720; 18%; Yes] | E45-Arctic dwarf scrub-gravelly till slopes [26846716; 12%; No] | E45-Arctic scrub-gravelly low flood plains [26846718; 4%; No] | E45-Arctic scrub-organic frozen mounds [26846721; 3%; No] | E45-Arctic sedge-organic drainageways, frozen [26846717; 2%; Yes] | E45-Arctic rock outcrop and rubbleland [26846722; 1%; No]",AMBIGUOUS,Multiple plausible candidates remain without a decisive name/taxonomy margin.,No plausible alternative rejected.,,,,,,,,,,,,,,,
39465,S2018AK185108,68.561111,-149.510549,AK739,3375522,E45H2,Arctic Foothills-Arctic Upland-Glaciated Hills and Plains,TOOL,C2019USAK016,Site_C NEON_1_TOOL,TD_Aquorthel,"Loamy-skeletal, mixed, superactive, acid Typic Aquorthels",7.0,"E45-Arctic tussock-gravelly frozen till slopes [26846719; 60%; Yes] | E45-Arctic scrub-sedge-gravelly frozen till slopes [26846720; 18%; Yes] | E45-Arctic dwarf scrub-gravelly till slopes [26846716; 12%; No] | E45-Arctic scrub-gravelly low flood plains [26846718; 4%; No] | E45-Arctic scrub-organic frozen mounds [26846721; 3%; No] | E45-Arctic sedge-organic drainageways, frozen [26846717; 2%; Yes] | E45-Arctic rock outcrop and rubbleland [26846722; 1%; No]",MEDIUM,No name match; unique candidate supported by at least three taxonomic ranks.,"E45-Arctic rock outcrop and rubbleland (26846722): weaker name/taxonomy score 8.4; E45-Arctic sedge-organic drainageways, frozen (26846717): weaker name/taxonomy score 6.2; E45-Arctic scrub-organic frozen mounds (26846721): weaker name/taxonomy score -11.6; E45-Arctic dwarf scrub-gravelly till slopes (26846716): weaker name/taxonomy score -12.4; E45-Arctic tussock-gravelly frozen till slopes (26846719): weaker name/taxonomy score -12.8; E45-Arctic scrub-gravelly low flood plains (26846718): weaker name/taxonomy score -32.2",26846720,E45-Arctic scrub-sedge-gravelly frozen till slopes,18,Yes,Gelisols,Orthels,Aquorthels,Typic Aquorthels,loamy-skeletal,,MASTER,Poorly drained,Yes,2,6050008
39466,S2018AK185109,68.627221,-149.324681,AK739,3375522,E45H2,Arctic Foothills-Arctic Upland-Glaciated Hills and Plains,TOOL,C2019USAK016,Site_C NEON_1_TOOL,TS_Historthel,"Coarse-loamy, mixed, superactive, acid Typic Historthels",7.0,"E45-Arctic tussock-gravelly frozen till slopes [26846719; 60%; Yes] | E45-Arctic scrub-sedge-gravelly frozen till slopes [26846720; 18%; Yes] | E45-Arctic dwarf scrub-gravelly till slopes [26846716; 12%; No] | E45-Arctic scrub-gravelly low flood plains [26846718; 4%; No] | E45-Arctic scrub-organic frozen mounds [26846721; 3%; No] | E45-Arctic sedge-organic drainageways, frozen [26846717; 2%; Yes] | E45-Arctic rock outcrop and rubbleland [26846722; 1%; No]",UNMATCHED,No candidate has adequate name or taxonomic agreement.,All candidates lack sufficient correspondence to the sampled pedon.,,,,,,,,,,,,,,,
39467,S2018AK185111,68.6258666,-149.5916611,AK739,3375522,E45H2,Arctic Foothills-Arctic Upland-Glaciated Hills and Plains,TOOL,C2019USAK016,Site_C NEON_1_TOOL,OW_Sapristel,Dysic Typic Cryosaprists,7.0,"E45-Arctic tussock-gravelly frozen till slopes [26846719; 60%; Yes] | E45-Arctic scrub-sedge-gravelly frozen till slopes [26846720; 18%; Yes] | E45-Arctic dwarf scrub-gravelly till slopes [26846716; 12%; No] | E45-Arctic scrub-gravelly low flood plains [26846718; 4%; No] | E45-Arctic scrub-organic frozen mounds [26846721; 3%; No] | E45-Arctic sedge-organic drainageways, frozen [26846717; 2%; Yes] | E45-Arctic rock outcrop and rubbleland [26846722; 1%; No]",UNMATCHED,No candidate has adequate name or taxonomic agreement.,All candidates lack sufficient correspondence to the sampled pedon.,,,,,,,,,,,,,,,
39468,S2018AK185113,68.615093,-149.335225,AK739,3375522,E45H2,Arctic Foothills-Arctic Upland-Glaciated Hills and Plains,TOOL,C2019USAK016,Site_C NEON_1_TOOL,TS_Gelaquept,"Loamy-skeletal, mixed, superactive, nonacid Histic Gelaquepts",7.0,"E45-Arctic tussock-gravelly frozen till slopes [26846719; 60%; Yes] | E45-Arctic scrub-sedge-gravelly frozen till slopes [26846720; 18%; Yes] | E45-Arctic dwarf scrub-gravelly till slopes [26846716; 12%; No] | E45-Arctic scrub-gravelly low flood plains [26846718; 4%; No] | E45-Arctic scrub-organic frozen mounds [26846721; 3%; No] | E45-Arctic sedge-organic drainageways, frozen [26846717; 2%; Yes] | E45-Arctic rock outcrop and rubbleland [26846722; 1%; No]",AMBIGUOUS,Multiple plausible candidates remain without a decisive name/taxonomy margin.,No plausible alternative rejected.,,,,,,,,,,,,,,,
39469,S2018AK185117,68.604999,-149.4926775,AK739,3375522,E45H2,Arctic Foothills-Arctic Upland-Glaciated Hills and Plains,TOOL,C2019USAK016,Site_C NEON_1_TOOL,SS_Gelaquepts,"Loamy-skeletal, mixed, superactive, acid Typic Gelaquepts",7.0,"E45-Arctic tussock-gravelly frozen till slopes [26846719; 60%; Yes] | E45-Arctic scrub-sedge-gravelly frozen till slopes [26846720; 18%; Yes] | E45-Arctic dwarf scrub-gravelly till slopes [26846716; 12%; No] | E45-Arctic scrub-gravelly low flood plains [26846718; 4%; No] | E45-Arctic scrub-organic frozen mounds [26846721; 3%; No] | E45-Arctic sedge-organic drainageways, frozen [26846717; 2%; Yes] | E45-Arctic rock outcrop and rubbleland [26846722; 1%; No]",AMBIGUOUS,Multiple plausible candidates remain without a decisive name/taxonomy margin.,No plausible alternative rejected.,,,,,,,,,,,,,,,
39470,S2018AK185118,68.629877,-149.575813,AK739,3375522,E45H2,Arctic Foothills-Arctic Upland-Glaciated Hills and Plains,TOOL,C2019USAK016,Site_C NEON_1_TOOL,TD_ Gelaquent,"Loamy-skeletal, mixed, superactive, nonacid Typic Gelaquents",7.0,"E45-Arctic tussock-gravelly frozen till slopes [26846719; 60%; Yes] | E45-Arctic scrub-sedge-gravelly frozen till slopes [26846720; 18%; Yes] | E45-Arctic dwarf scrub-gravelly till slopes [26846716; 12%; No] | E45-Arctic scrub-gravelly low flood plains [26846718; 4%; No] | E45-Arctic scrub-organic frozen mounds [26846721; 3%; No] | E45-Arctic sedge-organic drainageways, frozen [26846717; 2%; Yes] | E45-Arctic rock outcrop and rubbleland [26846722; 1%; No]",UNMATCHED,No candidate has adequate name or taxonomic agreement.,All candidates lack sufficient correspondence to the sampled pedon.,,,,,,,,,,,,,,,
39471,S2018AK185119,68.6313465,-149.3634368,AK739,3375522,E45H2,Arctic Foothills-Arctic Upland-Glaciated Hills and Plains,TOOL,C2019USAK016,Site_C NEON_1_TOOL,TS_ Historthel,"Coarse-silty, mixed, superactive, acid Typic Historthels",7.0,"E45-Arctic tussock-gravelly frozen till slopes [26846719; 60%; Yes] | E45-Arctic scrub-sedge-gravelly frozen till slopes [26846720; 18%; Yes] | E45-Arctic dwarf scrub-gravelly till slopes [26846716; 12%; No] | E45-Arctic scrub-gravelly low flood plains [26846718; 4%; No] | E45-Arctic scrub-organic frozen mounds [26846721; 3%; No] | E45-Arctic sedge-organic drainageways, frozen [26846717; 2%; Yes] | E45-Arctic rock outcrop and rubbleland [26846722; 1%; No]",UNMATCHED,No candidate has adequate name or taxonomic agreement.,All candidates lack sufficient correspondence to the sampled pedon.,,,,,,,,,,,,,,,
39472,S2018AK185120,68.635653,-149.653307,AK739,3375522,E45H2,Arctic Foothills-Arctic Upland-Glaciated Hills and Plains,TOOL,C2019USAK016,Site_C NEON_1_TOOL,TP_ Gelaquept,"Loamy-skeletal, mixed, superactive, acid Typic Cryaquepts",7.0,"E45-Arctic tussock-gravelly frozen till slopes [26846719; 60%; Yes] | E45-Arctic scrub-sedge-gravelly frozen till slopes [26846720; 18%; Yes] | E45-Arctic dwarf scrub-gravelly till slopes [26846716; 12%; No] | E45-Arctic scrub-gravelly low flood plains [26846718; 4%; No] | E45-Arctic scrub-organic frozen mounds [26846721; 3%; No] | E45-Arctic sedge-organic drainageways, frozen [26846717; 2%; Yes] | E45-Arctic rock outcrop and rubbleland [26846722; 1%; No]",UNMATCHED,No candidate has adequate name or taxonomic agreement.,All candidates lack sufficient correspondence to the sampled pedon.,,,,,,,,,,,,,,,
39473,S2018AK185122,68.6368436,-149.3566527,AK739,3375522,E45H2,Arctic Foothills-Arctic Upland-Glaciated Hills and Plains,TOOL,C2019USAK016,Site_C NEON_1_TOOL,TS_Aquorthel,"Coarse-gypseous, mixed, superactive, acid Typic Aquorthels",7.0,"E45-Arctic tussock-gravelly frozen till slopes [26846719; 60%; Yes] | E45-Arctic scrub-sedge-gravelly frozen till slopes [26846720; 18%; Yes] | E45-Arctic dwarf scrub-gravelly till slopes [26846716; 12%; No] | E45-Arctic scrub-gravelly low flood plains [26846718; 4%; No] | E45-Arctic scrub-organic frozen mounds [26846721; 3%; No] | E45-Arctic sedge-organic drainageways, frozen [26846717; 2%; Yes] | E45-Arctic rock outcrop and rubbleland [26846722; 1%; No]",AMBIGUOUS,Multiple plausible candidates remain without a decisive name/taxonomy margin.,No plausible alternative rejected.,,,,,,,,,,,,,,,
39474,S2018AK185123,68.615128,-149.330614,AK739,3375522,E45H2,Arctic Foothills-Arctic Upland-Glaciated Hills and Plains,TOOL,C2019USAK016,Site_C NEON_1_TOOL,TC_ Haplogelept,"Loamy-skeletal, superactive Typic Haplogelepts",7.0,"E45-Arctic tussock-gravelly frozen till slopes [26846719; 60%; Yes] | E45-Arctic scrub-sedge-gravelly frozen till slopes [26846720; 18%; Yes] | E45-Arctic dwarf scrub-gravelly till slopes [26846716; 12%; No] | E45-Arctic scrub-gravelly low flood plains [26846718; 4%; No] | E45-Arctic scrub-organic frozen mounds [26846721; 3%; No] | E45-Arctic sedge-organic drainageways, frozen [26846717; 2%; Yes] | E45-Arctic rock outcrop and rubbleland [26846722; 1%; No]",MEDIUM,No name match; unique candidate supported by at least three taxonomic ranks.,"E45-Arctic rock outcrop and rubbleland (26846722): weaker name/taxonomy score 8.1; E45-Arctic scrub-sedge-gravelly frozen till slopes (26846720): weaker name/taxonomy score -12.3; E45-Arctic sedge-organic drainageways, frozen (26846717): weaker name/taxonomy score -12.8; E45-Arctic tussock-gravelly frozen till slopes (26846719): weaker name/taxonomy score -29.5; E45-Arctic scrub-gravelly low flood plains (26846718): weaker name/taxonomy score -31.2; E45-Arctic scrub-organic frozen mounds (26846721): weaker name/taxonomy score -31.9",26846716,E45-Arctic dwarf scrub-gravelly till slopes,12,Yes,Inceptisols,Gelepts,Haplogelepts,Typic Haplogelepts,loamy-skeletal,,MASTER,Well drained,No,,
39475,S2018AK185128,68.563715,-149.495428,AK739,3375522,E45H2,Arctic Foothills-Arctic Upland-Glaciated Hills and Plains,TOOL,C2019USAK016,Site_C NEON_1_TOOL,TD_Historthel,"Loamy-skeletal, superactive, acid Typic Historthels",7.0,"E45-Arctic tussock-gravelly frozen till slopes [26846719; 60%; Yes] | E45-Arctic scrub-sedge-gravelly frozen till slopes [26846720; 18%; Yes] | E45-Arctic dwarf scrub-gravelly till slopes [26846716; 12%; No] | E45-Arctic scrub-gravelly low flood plains [26846718; 4%; No] | E45-Arctic scrub-organic frozen mounds [26846721; 3%; No] | E45-Arctic sedge-organic drainageways, frozen [26846717; 2%; Yes] | E45-Arctic rock outcrop and rubbleland [26846722; 1%; No]",AMBIGUOUS,Multiple plausible candidates remain without a decisive name/taxonomy margin.,No plausible alternative rejected.,,,,,,,,,,,,,,,
39476,S2018AK185131,68.59999883,-149.5010235,AK739,3375522,E45H2,Arctic Foothills-Arctic Upland-Glaciated Hills and Plains,TOOL,C2019USAK016,Site_C NEON_1_TOOL,SS_Aquiturbels,"Coarse-silty, mixed, superactive, acid Glacic Aquiturbels",7.0,"E45-Arctic tussock-gravelly frozen till slopes [26846719; 60%; Yes] | E45-Arctic scrub-sedge-gravelly frozen till slopes [26846720; 18%; Yes] | E45-Arctic dwarf scrub-gravelly till slopes [26846716; 12%; No] | E45-Arctic scrub-gravelly low flood plains [26846718; 4%; No] | E45-Arctic scrub-organic frozen mounds [26846721; 3%; No] | E45-Arctic sedge-organic drainageways, frozen [26846717; 2%; Yes] | E45-Arctic rock outcrop and rubbleland [26846722; 1%; No]",AMBIGUOUS,Multiple plausible candidates remain without a decisive name/taxonomy margin.,No plausible alternative rejected.,,,,,,,,,,,,,,,
39477,S2018AK185132,68.565693,-149.508239,AK739,3375522,E45H2,Arctic Foothills-Arctic Upland-Glaciated Hills and Plains,TOOL,C2019USAK016,Site_C NEON_1_TOOL,TD_Gelaquepts,"Loamy-skeletal, mixed, superactive, acid Typic Gelaquepts",7.0,"E45-Arctic tussock-gravelly frozen till slopes [26846719; 60%; Yes] | E45-Arctic scrub-sedge-gravelly frozen till slopes [26846720; 18%; Yes] | E45-Arctic dwarf scrub-gravelly till slopes [26846716; 12%; No] | E45-Arctic scrub-gravelly low flood plains [26846718; 4%; No] | E45-Arctic scrub-organic frozen mounds [26846721; 3%; No] | E45-Arctic sedge-organic drainageways, frozen [26846717; 2%; Yes] | E45-Arctic rock outcrop and rubbleland [26846722; 1%; No]",AMBIGUOUS,Multiple plausible candidates remain without a decisive name/taxonomy margin.,No plausible alternative rejected.,,,,,,,,,,,,,,,
39478,S2018AK185135,68.576359,-149.513909,AK739,3375522,E45H2,Arctic Foothills-Arctic Upland-Glaciated Hills and Plains,TOOL,C2019USAK016,Site_C NEON_1_TOOL,SS_Aquiturbels,"Fine-silty, mixed, superactive, acid Typic Aquiturbels",7.0,"E45-Arctic tussock-gravelly frozen till slopes [26846719; 60%; Yes] | E45-Arctic scrub-sedge-gravelly frozen till slopes [26846720; 18%; Yes] | E45-Arctic dwarf scrub-gravelly till slopes [26846716; 12%; No] | E45-Arctic scrub-gravelly low flood plains [26846718; 4%; No] | E45-Arctic scrub-organic frozen mounds [26846721; 3%; No] | E45-Arctic sedge-organic drainageways, frozen [26846717; 2%; Yes] | E45-Arctic rock outcrop and rubbleland [26846722; 1%; No]",AMBIGUOUS,Multiple plausible candidates remain without a decisive name/taxonomy margin.,No plausible alternative rejected.,,,,,,,,,,,,,,,
39479,S2018AK185136,68.564168,-149.522807,AK739,3375522,E45H2,Arctic Foothills-Arctic Upland-Glaciated Hills and Plains,TOOL,C2019USAK016,Site_C NEON_1_TOOL,TD_Aquorthels,"Loamy-skeletal, mixed, superactive, acid Typic Aquorthels",7.0,"E45-Arctic tussock-gravelly frozen till slopes [26846719; 60%; Yes] | E45-Arctic scrub-sedge-gravelly frozen till slopes [26846720; 18%; Yes] | E45-Arctic dwarf scrub-gravelly till slopes [26846716; 12%; No] | E45-Arctic scrub-gravelly low flood plains [26846718; 4%; No] | E45-Arctic scrub-organic frozen mounds [26846721; 3%; No] | E45-Arctic sedge-organic drainageways, frozen [26846717; 2%; Yes] | E45-Arctic rock outcrop and rubbleland [26846722; 1%; No]",MEDIUM,No name match; unique candidate supported by at least three taxonomic ranks.,"E45-Arctic rock outcrop and rubbleland (26846722): weaker name/taxonomy score 8.2; E45-Arctic sedge-organic drainageways, frozen (26846717): weaker name/taxonomy score 7.4; E45-Arctic scrub-organic frozen mounds (26846721): weaker name/taxonomy score -10.4; E45-Arctic dwarf scrub-gravelly till slopes (26846716): weaker name/taxonomy score -11.2; E45-Arctic tussock-gravelly frozen till slopes (26846719): weaker name/taxonomy score -11.7; E45-Arctic scrub-gravelly low flood plains (26846718): weaker name/taxonomy score -31.1",26846720,E45-Arctic scrub-sedge-gravelly frozen till slopes,18,Yes,Gelisols,Orthels,Aquorthels,Typic Aquorthels,loamy-skeletal,,MASTER,Poorly drained,Yes,2,6050008
39480,S2018AK185171,68.5998796,-149.510566,AK739,3375522,E45H2,Arctic Foothills-Arctic Upland-Glaciated Hills and Plains,TOOL,C2019USAK016,Site_C NEON_1_TOOL,SS_Aquorthel,"Coarse-silty, mixed, superactive, acid Typic Aquorthels",7.0,"E45-Arctic tussock-gravelly frozen till slopes [26846719; 60%; Yes] | E45-Arctic scrub-sedge-gravelly frozen till slopes [26846720; 18%; Yes] | E45-Arctic dwarf scrub-gravelly till slopes [26846716; 12%; No] | E45-Arctic scrub-gravelly low flood plains [26846718; 4%; No] | E45-Arctic scrub-organic frozen mounds [26846721; 3%; No] | E45-Arctic sedge-organic drainageways, frozen [26846717; 2%; Yes] | E45-Arctic rock outcrop and rubbleland [26846722; 1%; No]",AMBIGUOUS,Multiple plausible candidates remain without a decisive name/taxonomy margin.,No plausible alternative rejected.,,,,,,,,,,,,,,,
39481,S2018AK185172,68.618738,-149.339989,AK739,3375522,E45H2,Arctic Foothills-Arctic Upland-Glaciated Hills and Plains,TOOL,C2019USAK016,Site_C NEON_1_TOOL,TS_Histoturbels,"Superactive, acid Typic Histoturbels",7.0,"E45-Arctic tussock-gravelly frozen till slopes [26846719; 60%; Yes] | E45-Arctic scrub-sedge-gravelly frozen till slopes [26846720; 18%; Yes] | E45-Arctic dwarf scrub-gravelly till slopes [26846716; 12%; No] | E45-Arctic scrub-gravelly low flood plains [26846718; 4%; No] | E45-Arctic scrub-organic frozen mounds [26846721; 3%; No] | E45-Arctic sedge-organic drainageways, frozen [26846717; 2%; Yes] | E45-Arctic rock outcrop and rubbleland [26846722; 1%; No]",AMBIGUOUS,Multiple plausible candidates remain without a decisive name/taxonomy margin.,No plausible alternative rejected.,,,,,,,,,,,,,,,
39489,S2018AK090001,65.174309,-147.478513,AK642,51748,112,"Gilmore silt loam, 12 to 45 percent slopes",BONA,C2019USAK018,Site_C NEON_1_BONA,steese,"Loamy-skeletal, mixed, superactive Typic Haplocryepts",3.0,Gilmore [26724594; 85%; No] | Cryochrepts [26724593; 8%; No] | Histic Pergelic Cryaquepts [26724592; 7%; Yes],AMBIGUOUS,Multiple plausible candidates remain without a decisive name/taxonomy margin.,No plausible alternative rejected.,,,,,,,,,,,,,,,
39490,S2018AK090002,65.1634124,-147.5275269,AK642,51748,112,"Gilmore silt loam, 12 to 45 percent slopes",BONA,C2019USAK018,Site_C NEON_1_BONA,Steese,"Coarse-loamy, mixed, superactive Typic Haplocryepts",3.0,Gilmore [26724594; 85%; No] | Cryochrepts [26724593; 8%; No] | Histic Pergelic Cryaquepts [26724592; 7%; Yes],AMBIGUOUS,Multiple plausible candidates remain without a decisive name/taxonomy margin.,No plausible alternative rejected.,,,,,,,,,,,,,,,
39491,S2018AK090003,65.2009577,-147.4865847,AK642,51755,119,"Histic Pergelic Cryaquepts, 15 to 45 percent slopes",BONA,C2019USAK018,Site_C NEON_1_BONA,Histic Pergelic Cryaquept,"Coarse-loamy, mixed, superactive Typic Haplocryepts",3.0,Histic Pergelic Cryaquepts [26724666; 90%; Yes] | Cryaquepts [26724667; 5%; Yes] | Histosols [26724668; 5%; Yes],AMBIGUOUS,Multiple plausible candidates remain without a decisive name/taxonomy margin.,No plausible alternative rejected.,,,,,,,,,,,,,,,
39492,S2018AK090007,65.1935447,-147.4448096,AK642,51748,112,"Gilmore silt loam, 12 to 45 percent slopes",BONA,C2019USAK018,Site_C NEON_1_BONA,Steese,"Loamy-skeletal, mixed, superactive Typic Haplocryepts",3.0,Gilmore [26724594; 85%; No] | Cryochrepts [26724593; 8%; No] | Histic Pergelic Cryaquepts [26724592; 7%; Yes],AMBIGUOUS,Multiple plausible candidates remain without a decisive name/taxonomy margin.,No plausible alternative rejected.,,,,,,,,,,,,,,,
39493,S2018AK090008,65.156524,-147.569699,AK642,51748,112,"Gilmore silt loam, 12 to 45 percent slopes",BONA,C2019USAK018,Site_C NEON_1_BONA,Steese,"Coarse-loamy, mixed, superactive Typic Haplocryepts",3.0,Gilmore [26724594; 85%; No] | Cryochrepts [26724593; 8%; No] | Histic Pergelic Cryaquepts [26724592; 7%; Yes],AMBIGUOUS,Multiple plausible candidates remain without a decisive name/taxonomy margin.,No plausible alternative rejected.,,,,,,,,,,,,,,,
39494,S2018AK090010,65.157372,-147.47431,AK642,51754,118,"Histic Pergelic Cryaquepts, fans, 1 to 20 percent slopes",BONA,C2019USAK018,Site_C NEON_1_BONA,HisticPergelic Cryaquept,"Coarse-loamy, mixed, superactive, acid Typic Aquiturbels",3.0,Histic Pergelic Cryaquepts [26724663; 90%; Yes] | Histic Pergelic Cryaquepts [26724664; 5%; Yes] | Histosols [26724665; 5%; Yes],UNMATCHED,No candidate has adequate name or taxonomic agreement.,All candidates lack sufficient correspondence to the sampled pedon.,,,,,,,,,,,,,,,
39495,S2018AK090013,65.1767632,-147.5597875,AK642,51748,112,"Gilmore silt loam, 12 to 45 percent slopes",BONA,C2019USAK018,Site_C NEON_1_BONA,Steese,"Loamy-skeletal, mixed, superactive Typic Haplocryepts",3.0,Gilmore [26724594; 85%; No] | Cryochrepts [26724593; 8%; No] | Histic Pergelic Cryaquepts [26724592; 7%; Yes],AMBIGUOUS,Multiple plausible candidates remain without a decisive name/taxonomy margin.,No plausible alternative rejected.,,,,,,,,,,,,,,,
39496,S2018AK090015,65.17665,-147.502268,AK642,51748,112,"Gilmore silt loam, 12 to 45 percent slopes",BONA,C2019USAK018,Site_C NEON_1_BONA,Steese,"Loamy-skeletal, mixed, superactive Typic Haplocryepts",3.0,Gilmore [26724594; 85%; No] | Cryochrepts [26724593; 8%; No] | Histic Pergelic Cryaquepts [26724592; 7%; Yes],AMBIGUOUS,Multiple plausible candidates remain without a decisive name/taxonomy margin.,No plausible alternative rejected.,,,,,,,,,,,,,,,
39497,S2018AK090016,65.1997872,-147.5077565,AK642,51755,119,"Histic Pergelic Cryaquepts, 15 to 45 percent slopes",BONA,C2019USAK018,Site_C NEON_1_BONA,HisticPergelic Cryaquept,"Loamy-skeletal, mixed, superactive Aquic Haplocryepts",3.0,Histic Pergelic Cryaquepts [26724666; 90%; Yes] | Cryaquepts [26724667; 5%; Yes] | Histosols [26724668; 5%; Yes],AMBIGUOUS,Multiple plausible candidates remain without a decisive name/taxonomy margin.,No plausible alternative rejected.,,,,,,,,,,,,,,,
39498,S2018AK090018,65.193243,-147.537846,AK642,51755,119,"Histic Pergelic Cryaquepts, 15 to 45 percent slopes",BONA,C2019USAK018,Site_C NEON_1_BONA,HisticPergelic Cryaquept,"Loamy-skeletal, mixed, superactive Typic Haplocryepts",3.0,Histic Pergelic Cryaquepts [26724666; 90%; Yes] | Cryaquepts [26724667; 5%; Yes] | Histosols [26724668; 5%; Yes],AMBIGUOUS,Multiple plausible candidates remain without a decisive name/taxonomy margin.,No plausible alternative rejected.,,,,,,,,,,,,,,,
39499,S2018AK090019,65.1982723,-147.4814555,AK642,51774,138,"Typic Cryochrepts-Rock outcrop complex, 6 to 35 percent slopes",BONA,C2019USAK018,Site_C NEON_1_BONA,typic cryochrept,"Coarse-loamy, mixed, superactive Typic Haplocryepts",6.0,Typic Cryochrepts [26724691; 36%; No] | Typic Cryochrepts [26724692; 34%; No] | Rock outcrop [26724690; 15%; Unranked] | Aquepts [26724687; 5%; Yes] | Histic Pergelic Cryaquepts [26724688; 5%; Yes] | Rubble land [26724689; 5%; Unranked],AMBIGUOUS,Multiple plausible candidates remain without a decisive name/taxonomy margin.,No plausible alternative rejected.,,,,,,,,,,,,,,,
39500,S2018AK090021,65.1514911,-147.4569545,AK642,51772,136,"Steese-Gilmore complex, 10 to 45 percent slopes",BONA,C2019USAK018,Site_C NEON_1_BONA,Steese,"Loamy-skeletal, mixed, superactive Typic Haplocryepts",3.0,Steese [26724683; 50%; No] | Gilmore [26724682; 40%; No] | Cryochrepts [26724681; 10%; No],EXACT,Unique exact normalized NASIS taxon/component-name match within the intersected map unit.,Gilmore (26724682): weaker name/taxonomy score 25.4; Cryochrepts (26724681): weaker name/taxonomy score -3.8,26724683,Steese,50,Yes,Inceptisols,Cryepts,Eutrocryepts,Typic Eutrocryepts,coarse-loamy,,,Well drained,No,,
39501,S2018AK090022,65.1573882,-147.4787172,AK642,51754,118,"Histic Pergelic Cryaquepts, fans, 1 to 20 percent slopes",BONA,C2019USAK018,Site_C NEON_1_BONA,HisticPergelic Cryaquept,"Coarse-silty, mixed, superactive Typic Aquiturbels",3.0,Histic Pergelic Cryaquepts [26724663; 90%; Yes] | Histic Pergelic Cryaquepts [26724664; 5%; Yes] | Histosols [26724665; 5%; Yes],UNMATCHED,No candidate has adequate name or taxonomic agreement.,All candidates lack sufficient correspondence to the sampled pedon.,,,,,,,,,,,,,,,
39502,S2018AK090023,65.165593,-147.511591,AK642,51755,119,"Histic Pergelic Cryaquepts, 15 to 45 percent slopes",BONA,C2019USAK018,Site_C NEON_1_BONA,HisticPergelic Cryaquepts,"Loamy-skeletal, mixed, superactive, acid Typic Cryorthents",3.0,Histic Pergelic Cryaquepts [26724666; 90%; Yes] | Cryaquepts [26724667; 5%; Yes] | Histosols [26724668; 5%; Yes],EXACT,Unique exact normalized NASIS taxon/component-name match within the intersected map unit.,Histosols (26724668): weaker name/taxonomy score -5.7; Cryaquepts (26724667): weaker name/taxonomy score -12.0,26724666,Histic Pergelic Cryaquepts,90,Yes,Inceptisols,Aquepts,Cryaquepts,Histic Pergelic Cryaquepts,not used,231,,Poorly drained,Yes,2,6024845
39503,S2018AK090027,65.1628256,-147.5960264,AK642,51758,122,"Histic Pergelic Cryaquepts-Typic Cryochrepts complex, 15 to 45 percent slopes",BONA,C2019USAK018,Site_C NEON_1_BONA,Steese,"Loamy-skeletal, superactive Typic Haplocryepts",4.0,Histic Pergelic Cryaquepts [26724607; 55%; Yes] | Typic Cryochrepts [26724608; 35%; No] | Rock outcrop [26724609; 5%; Unranked] | Cryochrepts [26724610; 5%; No],UNMATCHED,No candidate has adequate name or taxonomic agreement.,All candidates lack sufficient correspondence to the sampled pedon.,,,,,,,,,,,,,,,
39504,S2018AK090028,65.1768491,-147.4560296,AK642,51754,118,"Histic Pergelic Cryaquepts, fans, 1 to 20 percent slopes",BONA,C2019USAK018,Site_C NEON_1_BONA,Fairbanks,"Coarse-loamy, mixed, superactive Fluvaquentic Haplocryepts",3.0,Histic Pergelic Cryaquepts [26724663; 90%; Yes] | Histic Pergelic Cryaquepts [26724664; 5%; Yes] | Histosols [26724665; 5%; Yes],UNMATCHED,No candidate has adequate name or taxonomic agreement.,All candidates lack sufficient correspondence to the sampled pedon.,,,,,,,,,,,,,,,
43156,S2021CA019001,37.07343,-118.99351,CA750,465137,162,"Stecum family, 3 to 35 percent slopes",TEAK,C2022USCA025,SITE_C NEON_2_TEAK,Sirretta,"Sandy-skeletal, isotic, frigid Vitrandic Xerorthents",3.0,Stecum family [26638545; 80%; No] | Entic Cryumbrepts [26638543; 10%; No] | Aquic Cryumbrepts [26638544; 10%; No],AMBIGUOUS,Multiple plausible candidates remain without a decisive name/taxonomy margin.,No plausible alternative rejected.,,,,,,,,,,,,,,,
43157,S2021CA019002,37.05949,-118.98138,CA750,465139,164,"Stecum family-Rock outcrop complex, 5 to 45 percent slopes",TEAK,C2022USCA025,SITE_C NEON_2_TEAK,Windowpeak,"Sandy-skeletal, isotic, frigid Vitrandic Humixerepts",4.0,Stecum family [26638552; 70%; No] | Rock outcrop [26638553; 20%; No] | Entic Cryumbrepts [26638550; 5%; No] | Aquic Cryumbrepts [26638551; 5%; No],UNMATCHED,No candidate has adequate name or taxonomic agreement.,All candidates lack sufficient correspondence to the sampled pedon.,,,,,,,,,,,,,,,
43158,S2021CA019003,37.0582,-118.98868,CA750,465137,162,"Stecum family, 3 to 35 percent slopes",TEAK,C2022USCA025,SITE_C NEON_2_TEAK,Lackey,"Sandy-skeletal, isotic, frigid Vitrandic Xerorthents",3.0,Stecum family [26638545; 80%; No] | Entic Cryumbrepts [26638543; 10%; No] | Aquic Cryumbrepts [26638544; 10%; No],AMBIGUOUS,Multiple plausible candidates remain without a decisive name/taxonomy margin.,No plausible alternative rejected.,,,,,,,,,,,,,,,
43159,S2021CA019004,37.05516,-118.98226,CA750,465122,147,Rock outcrop,TEAK,C2022USCA025,SITE_C NEON_2_TEAK,Windowpeak,"Sandy-skeletal, isotic, frigid Vitrandic Humixerepts",2.0,Rock outcrop [26638481; 90%; No] | Unnamed [26638480; 10%; No],UNMATCHED,No candidate has adequate name or taxonomic agreement.,All candidates lack sufficient correspondence to the sampled pedon.,,,,,,,,,,,,,,,
43160,S2021CA019005,37.03018,-119.00639,CA750,465134,159,"Sirretta family-Rock outcrop complex, 15 to 45 percent slopes",TEAK,C2022USCA025,SITE_C NEON_2_TEAK,Hockett,"Sandy, isotic, frigid Vitrandic Humixerepts",5.0,Sirretta family [26638529; 60%; No] | Rock outcrop [26638530; 25%; No] | Unnamed [26638531; 5%; No] | Gerle family [26638532; 5%; No] | Cagwin family [26638533; 5%; No],UNMATCHED,No candidate has adequate name or taxonomic agreement.,All candidates lack sufficient correspondence to the sampled pedon.,,,,,,,,,,,,,,,
43161,S2021CA019006,37.0142593383,-119.0491485595,CA750,465086,111,"Cagwin family, 25 to 60 percent slopes",TEAK,C2022USCA025,SITE_C NEON_2_TEAK,Cannell,"Coarse-loamy, isotic, superactive, frigid Vitrandic Dystroxerepts",4.0,Cagwin family [26638314; 85%; No] | Cagwin family [26638311; 5%; No] | Lithic Xeropsamments [26638312; 5%; No] | Rock outcrop [26638313; 5%; No],UNMATCHED,No candidate has adequate name or taxonomic agreement.,All candidates lack sufficient correspondence to the sampled pedon.,,,,,,,,,,,,,,,
43162,S2021CA019007,37.0135116577,-119.0313491821,CA750,465133,158,"Sirretta family, 25 to 50 percent slopes",TEAK,C2022USCA025,SITE_C NEON_2_TEAK,Hockett,"Sandy, isotic, frigid Vitrandic Humixerepts",5.0,Sirretta family [26638528; 80%; No] | Unnamed [26638524; 5%; No] | Unnamed [26638525; 5%; No] | Umpa family [26638526; 5%; No] | Cagwin family [26638527; 5%; No],UNMATCHED,No candidate has adequate name or taxonomic agreement.,All candidates lack sufficient correspondence to the sampled pedon.,,,,,,,,,,,,,,,
43163,S2021CA019008,37.0030899047,-119.0102005004,CA750,465136,161,"Sirretta family and Umpa family, wet, 2 to 25 percent slopes",TEAK,C2022USCA025,SITE_C NEON_2_TEAK,Beetlerock,"Coarse-loamy, isotic, frigid Vitrandic Humixerepts",5.0,Sirretta family [26638538; 55%; No] | Umpa family [26638539; 30%; No] | Unnamed [26638540; 5%; No] | Unnamed [26638541; 5%; No] | Cagwin family [26638542; 5%; No],UNMATCHED,No candidate has adequate name or taxonomic agreement.,All candidates lack sufficient correspondence to the sampled pedon.,,,,,,,,,,,,,,,
43164,S2021CA019009,36.9942588806,-119.0373306274,CA750,465136,161,"Sirretta family and Umpa family, wet, 2 to 25 percent slopes",TEAK,C2022USCA025,SITE_C NEON_2_TEAK,Dorst,"Mixed, frigid Lithic Xeropsamments",5.0,Sirretta family [26638538; 55%; No] | Umpa family [26638539; 30%; No] | Unnamed [26638540; 5%; No] | Unnamed [26638541; 5%; No] | Cagwin family [26638542; 5%; No],UNMATCHED,No candidate has adequate name or taxonomic agreement.,All candidates lack sufficient correspondence to the sampled pedon.,,,,,,,,,,,,,,,
43165,S2021CA019010,36.992980957,-119.0337677001,CA750,465119,144,"Lithic Xeropsamments-Rock outcrop association, 5 to 40 percent slopes",TEAK,C2022USCA025,SITE_C NEON_2_TEAK,Halstead,"Sandy-skeletal, isotic, frigid Vitrandic Humixerepts",4.0,Lithic Xeropsamments [26638468; 45%; No] | Rock outcrop [26638469; 35%; No] | Sirretta family [26638466; 10%; No] | Cagwin family [26638467; 10%; No],UNMATCHED,No candidate has adequate name or taxonomic agreement.,All candidates lack sufficient correspondence to the sampled pedon.,,,,,,,,,,,,,,,
43166,S2021CA019011,36.9755,-119.0573,CA750,465086,111,"Cagwin family, 25 to 60 percent slopes",TEAK,C2022USCA025,SITE_C NEON_2_TEAK,Hockett,"Sandy, isotic, frigid Vitrandic Humixerepts",4.0,Cagwin family [26638314; 85%; No] | Cagwin family [26638311; 5%; No] | Lithic Xeropsamments [26638312; 5%; No] | Rock outcrop [26638313; 5%; No],UNMATCHED,No candidate has adequate name or taxonomic agreement.,All candidates lack sufficient correspondence to the sampled pedon.,,,,,,,,,,,,,,,
43167,S2021CA019012,36.973701477,-119.0093765258,CA750,465134,159,"Sirretta family-Rock outcrop complex, 15 to 45 percent slopes",TEAK,C2022USCA025,SITE_C NEON_2_TEAK,Badgerpass,"Sandy, isotic, frigid Humic Dystroxerepts",5.0,Sirretta family [26638529; 60%; No] | Rock outcrop [26638530; 25%; No] | Unnamed [26638531; 5%; No] | Gerle family [26638532; 5%; No] | Cagwin family [26638533; 5%; No],UNMATCHED,No candidate has adequate name or taxonomic agreement.,All candidates lack sufficient correspondence to the sampled pedon.,,,,,,,,,,,,,,,
36334,S2016CA019002,,,,,,,,,,,,,,UNMATCHED,Spatial status: NO_COORDINATES,,,,,,,,,,,,,,,,
32176,S2013NH003001,,,,,,,,,,,,,,UNMATCHED,Spatial status: NO_COORDINATES,,,,,,,,,,,,,,,,
32922,S2014UT037001,,,,,,,,,,,,,,UNMATCHED,Spatial status: NO_COORDINATES,,,,,,,,,,,,,,,,
32835,S2013VA071001,,,,,,,,,,,,,,UNMATCHED,Spatial status: NO_COORDINATES,,,,,,,,,,,,,,,,
32836,S2013VA071002,,,,,,,,,,,,,,UNMATCHED,Spatial status: NO_COORDINATES,,,,,,,,,,,,,,,,
36815,S2016CA039001,,,,,,,,,,,,,,UNMATCHED,Spatial status: NO_COORDINATES,,,,,,,,,,,,,,,,
