lims_pedon_id,user_pedon_id,LRR,MLRA,approved_indicators_present,number_approved_indicators_present,has_at_least_one_approved_indicator_present,number_applicable_priority_indicators,number_not_demonstrated,number_insufficient_information,all_applicable_indicators_insufficient_information,interpretation,likely_neon_site_code,areasymbol,mukey,musym,muname,nasis_taxon_name,nasis_taxonomy,match_confidence,match_evidence,selected_cokey,selected_compname,selected_comppct_r,selected_majcompflag,selected_drainagecl,selected_hydricrating,selected_hydric_criteria,ssurgo_hydric_rating,high_confidence_ssurgo_match,ssurgo_hydric_yes,ssurgo_hydric_no,field_indicator_present,has_explicit_negative_morphology_evidence,complete_priority_indicator_evaluation,evidence_class,core_reference_cohort,conflict_flag
23336,S2012MA027001,R,144B,,0,False,10,1,9,False,Indicator evidence only; no final hydric/nonhydric label assigned.,,MA614,278708.0,908C,"Becket-Skerry association, 0 to 15 percent slopes, extremely stony","Henniker, taxadjunct","Coarse-loamy over sandy or sandy-skeletal, mixed, semiactive, frigid Oxyaquic Dystrudepts",UNMATCHED,No candidate has adequate name or taxonomic agreement.,,,,,,,,,False,False,False,False,True,False,LINKAGE_UNRESOLVED,False,False
24186,S2012CO123001,G,67B,,0,False,11,3,8,False,Indicator evidence only; no final hydric/nonhydric label assigned.,,CO617,95132.0,4,"Ascalon fine sandy loam, 0 to 6 percent slopes",Ascalon,"Fine-loamy, mixed, superactive, mesic Aridic Argiustolls",EXACT,Unique exact normalized NASIS taxon/component-name match within the intersected map unit.,26599030.0,Ascalon,85.0,Yes,Well drained,No,,no,True,False,True,False,True,False,PARTIAL_NEGATIVE_SUPPORT,False,False
24847,S2012ND093001,F,53B,,0,False,11,0,11,True,Indicator evidence only; no final hydric/nonhydric label assigned.,,ND093,3312341.0,C24A,"Parnell silty clay loam, 0 to 1 percent slopes, Missouri Coteau",Manning-Like,,UNMATCHED,No candidate has adequate name or taxonomic agreement.,,,,,,,,,False,False,False,False,False,False,LINKAGE_UNRESOLVED,False,False
27999,S2012GA007001,P,133A,,0,False,12,0,12,True,Indicator evidence only; no final hydric/nonhydric label assigned.,,GA603,325176.0,TwB,"Troup sand, 0 to 5 percent slopes",Uchee,"Loamy, kaolinitic, thermic Arenic Kanhapludults",MEDIUM,No name match; unique candidate supported by at least three taxonomic ranks.,26518286.0,Troup,80.0,Yes,Somewhat excessively drained,No,,no,False,False,False,False,False,False,LINKAGE_UNRESOLVED,False,False
28656,S2013VA043001,S,147,,0,False,10,1,9,False,Indicator evidence only; no final hydric/nonhydric label assigned.,,VA043,516570.0,51B,"Timberville silt loam, 0 to 7 percent slopes, frequently flooded",Poplimento,"Fine, mixed, subactive, mesic Ultic Hapludalfs",UNMATCHED,No candidate has adequate name or taxonomic agreement.,,,,,,,,,False,False,False,False,True,False,LINKAGE_UNRESOLVED,False,False
29041,S2013FL097001,U,155,,0,False,12,0,12,True,Indicator evidence only; no final hydric/nonhydric label assigned.,,FL097,1483882.0,42,"Smyrna fine sand, 0 to 2 percent slopes",,,UNMATCHED,No candidate has adequate name or taxonomic agreement.,,,,,,,,,False,False,False,False,False,False,LINKAGE_UNRESOLVED,False,False
29212,S2013OK149001,H,78C,,0,False,11,0,11,True,Indicator evidence only; no final hydric/nonhydric label assigned.,,OK149,2507761.0,CRoF,"Cordell-Rock outcrop complex, 1 to 20 percent slopes",Cordell Like,,AMBIGUOUS,Multiple plausible candidates remain without a decisive name/taxonomy margin.,,,,,,,,,False,False,False,False,False,False,LINKAGE_UNRESOLVED,False,False
29547,S2013NM013001,D,42B,,0,False,11,3,8,False,Indicator evidence only; no final hydric/nonhydric label assigned.,,NM690,634579.0,OP,Onite-Pajarito association,Nations,"Coarse-loamy, mixed, superactive, thermic Typic Petrocalcids",AMBIGUOUS,Multiple plausible candidates remain without a decisive name/taxonomy margin.,,,,,,,,,False,False,False,False,True,False,LINKAGE_UNRESOLVED,False,False
30209,S2013CO075001,H,72,,0,False,11,3,8,False,Indicator evidence only; no final hydric/nonhydric label assigned.,,CO075,94489.0,126,"Weld loam, 1 to 3 percent slopes",Goshen,"Fine-silty, mixed, superactive, mesic Pachic Argiustolls",AMBIGUOUS,Multiple plausible candidates remain without a decisive name/taxonomy margin.,,,,,,,,,False,False,False,False,True,False,LINKAGE_UNRESOLVED,False,False
30342,S2013AL063001,P,135A,,0,False,12,2,10,False,Indicator evidence only; no final hydric/nonhydric label assigned.,,AL063,329668.0,LF,Leaf-Angie association,Angie,"Fine, mixed, semiactive, thermic Aquic Paleudults",EXACT,Unique exact normalized NASIS taxon/component-name match within the intersected map unit.,27276263.0,Angie,39.0,Yes,Moderately well drained,No,,no,True,False,True,False,True,False,PARTIAL_NEGATIVE_SUPPORT,False,False
30433,S2013VA187001,N,130A,,0,False,11,1,10,False,Indicator evidence only; no final hydric/nonhydric label assigned.,,VA187,518823.0,22E,"Lew loam, 25 to 65 percent slopes, very stony",Lew,"Loamy-skeletal, mixed, active, mesic Ultic Hapludalfs",EXACT,Unique exact normalized NASIS taxon/component-name match within the intersected map unit.,27340363.0,Lew,90.0,Yes,Well drained,No,,no,True,False,True,False,True,False,PARTIAL_NEGATIVE_SUPPORT,False,False
30664,S2013CO069001,E,48A,,0,False,10,1,9,False,Indicator evidence only; no final hydric/nonhydric label assigned.,,CO642,2420087.0,7702B,"Frisco-Catamount, moist families complex, 5 to 40 percent slopes",Ustic Haplocryolls,"Loamy-skeletal, mixed, superactive Ustic Haplocryolls",UNMATCHED,No candidate has adequate name or taxonomic agreement.,,,,,,,,,False,False,False,False,True,False,LINKAGE_UNRESOLVED,False,False
32176,S2013NH003001,,,,0,False,0,0,0,False,Indicator evidence only; no final hydric/nonhydric label assigned.,,,,,,,,UNMATCHED,Spatial status: NO_COORDINATES,,,,,,,,,False,False,False,False,False,False,LINKAGE_UNRESOLVED,False,False
32381,S2013MI053001,K,93B,,0,False,10,1,9,False,Indicator evidence only; no final hydric/nonhydric label assigned.,,MI053,1455968.0,5172C,"Gogebic, sandy substratum-Pence-Cathro complex, 0 to 18 percent slopes",Tula,"Coarse-loamy, mixed, superactive, frigid Argic Fragiaquods",EXACT,Unique exact normalized NASIS taxon/component-name match within the intersected map unit.,27105213.0,Tula,5.0,No ,Somewhat poorly drained,No,,no,True,False,True,False,True,False,PARTIAL_NEGATIVE_SUPPORT,False,False
32609,S2013TN001001,N,128,,0,False,11,1,10,False,Indicator evidence only; no final hydric/nonhydric label assigned.,,TN001,1887391.0,FoC,"Fullerton-Pailo complex, 5 to 12 percent slopes",Fullerton,"Fine, kaolinitic, thermic Typic Paleudults",EXACT,Unique exact normalized NASIS taxon/component-name match within the intersected map unit.,26465199.0,Fullerton,65.0,Yes,Well drained,No,,no,True,False,True,False,True,False,PARTIAL_NEGATIVE_SUPPORT,False,False
32683,S2014AZ019001,D,40,,0,False,11,0,11,True,Indicator evidence only; no final hydric/nonhydric label assigned.,,AZ667,1416069.0,Ao,"Anthony soils, very gravelly variants",Rillino,,UNMATCHED,No candidate has adequate name or taxonomic agreement.,,,,,,,,,False,False,False,False,False,False,LINKAGE_UNRESOLVED,False,False
32835,S2013VA071001,,,,0,False,0,0,0,False,Indicator evidence only; no final hydric/nonhydric label assigned.,,,,,,,,UNMATCHED,Spatial status: NO_COORDINATES,,,,,,,,,False,False,False,False,False,False,LINKAGE_UNRESOLVED,False,False
32836,S2013VA071002,,,,0,False,0,0,0,False,Indicator evidence only; no final hydric/nonhydric label assigned.,,,,,,,,UNMATCHED,Spatial status: NO_COORDINATES,,,,,,,,,False,False,False,False,False,False,LINKAGE_UNRESOLVED,False,False
32878,S2014AL007001,P,133C,,0,False,12,1,11,False,Indicator evidence only; no final hydric/nonhydric label assigned.,,AL007,2232549.0,MsF,"Maubila-Smithdale complex, 15 to 35 percent slopes",Smithdale,"Fine-loamy, siliceous, subactive, thermic Typic Hapludults",EXACT,Unique exact normalized NASIS taxon/component-name match within the intersected map unit.,26916503.0,Smithdale,35.0,Yes,Well drained,No,,no,True,False,True,False,True,False,PARTIAL_NEGATIVE_SUPPORT,False,False
32922,S2014UT037001,,,,0,False,0,0,0,False,Indicator evidence only; no final hydric/nonhydric label assigned.,,,,,,,,UNMATCHED,Spatial status: NO_COORDINATES,,,,,,,,,False,False,False,False,False,False,LINKAGE_UNRESOLVED,False,False
33023,S2014PR079001,Z,273,,0,False,12,9,3,False,Indicator evidence only; no final hydric/nonhydric label assigned.,,PR787,1379800.0,CeA,"Cartagena clay, 0 to 2 percent slopes",Cartagena,"Fine, mixed, superactive, isohyperthermic Sodic Haplusterts",EXACT,Unique exact normalized NASIS taxon/component-name match within the intersected map unit.,27627145.0,Cartagena,80.0,Yes,Somewhat poorly drained,No,,no,True,False,True,False,True,False,PARTIAL_NEGATIVE_SUPPORT,False,False
33127,S2014MD003001,S,149A,,0,False,10,1,9,False,Indicator evidence only; no final hydric/nonhydric label assigned.,,MD003,137789.0,MaC,"Marr-Dodon complex, 5 to 10 percent slopes",Adelphia,"Fine-loamy, mixed, active, mesic Aquic Hapludults",MEDIUM,No name match; unique candidate supported by at least three taxonomic ranks.,27484447.0,Dodon,35.0,Yes,Moderately well drained,No,,no,False,False,False,False,True,False,LINKAGE_UNRESOLVED,False,False
33204,S2014UT045001,D,28A,,0,False,11,3,8,False,Indicator evidence only; no final hydric/nonhydric label assigned.,,UT611,482173.0,64,"Taylorsflat loam, 1 to 5 percent slopes",Taylorsflat,"Fine-loamy, mixed, superactive, mesic Xeric Haplocalcids",EXACT,Unique exact normalized NASIS taxon/component-name match within the intersected map unit.,26351902.0,Taylorsflat,90.0,Yes,Well drained,No,,no,True,False,True,False,True,False,PARTIAL_NEGATIVE_SUPPORT,False,False
33539,S2014KS161502,H,76,,0,False,11,6,5,False,Indicator evidence only; no final hydric/nonhydric label assigned.,,KS161,1472309.0,4625,"Dwight-Irwin complex, 1 to 3 percent slopes",Konza,"Fine, smectitic, mesic Pachic Udertic Argiustolls",AMBIGUOUS,Multiple plausible candidates remain without a decisive name/taxonomy margin.,,,,,,,,,False,False,False,False,True,False,LINKAGE_UNRESOLVED,False,False
33553,S2014KS161501,H,76,,0,False,11,3,8,False,Indicator evidence only; no final hydric/nonhydric label assigned.,,KS161,1472305.0,4530,"Benfield-Florence complex, 5 to 30 percent slopes",Florence,"Clayey-skeletal, smectitic, mesic Udic Argiustolls",EXACT,Unique exact normalized NASIS taxon/component-name match within the intersected map unit.,26334567.0,Florence,30.0,Yes,Well drained,No,,no,True,False,True,False,True,False,PARTIAL_NEGATIVE_SUPPORT,False,False
33554,S2014KS161502,H,76,,0,False,11,6,5,False,Indicator evidence only; no final hydric/nonhydric label assigned.,,KS161,1472309.0,4625,"Dwight-Irwin complex, 1 to 3 percent slopes",Konza,"Fine, smectitic, mesic Pachic Udertic Argiustolls",AMBIGUOUS,Multiple plausible candidates remain without a decisive name/taxonomy margin.,,,,,,,,,False,False,False,False,True,False,LINKAGE_UNRESOLVED,False,False
33557,S2014KS045001,M,106,,0,False,11,1,10,False,Indicator evidence only; no final hydric/nonhydric label assigned.,,KS045,2421220.0,7550,"Rosendale-Bendena silty clay loams, 3 to 40 percent slopes",Rosendale,"Fine, smectitic, mesic Pachic Argiudolls",EXACT,Unique exact normalized NASIS taxon/component-name match within the intersected map unit.,26317595.0,Rosendale,55.0,Yes,Moderately well drained,No,,no,True,False,True,False,True,False,PARTIAL_NEGATIVE_SUPPORT,False,False
33569,S2014KS161503,H,76,,0,False,11,1,10,False,Indicator evidence only; no final hydric/nonhydric label assigned.,,KS161,1472302.0,4350,"Chase silty clay loam, rarely flooded",Chase,"Fine, smectitic, mesic Pachic Vertic Argiudolls",EXACT,Unique exact normalized NASIS taxon/component-name match within the intersected map unit.,26334763.0,Chase,80.0,Yes,Somewhat poorly drained,No,,no,True,False,True,False,True,False,PARTIAL_NEGATIVE_SUPPORT,False,False
33614,S2014CO013501,E,48A,,0,False,10,1,9,False,Indicator evidence only; no final hydric/nonhydric label assigned.,,CO645,763013.0,8776B,"Moran family-Lithic Cryorthents-Rubble land complex, 5 to 40 percent slopes",Typic Haplocryolls,"Coarse-loamy, mixed, superactive Typic Haplocryolls",UNMATCHED,No candidate has adequate name or taxonomic agreement.,,,,,,,,,False,False,False,False,True,False,LINKAGE_UNRESOLVED,False,False
34175,S2015AL023004,P,133C,,0,False,12,2,10,False,Indicator evidence only; no final hydric/nonhydric label assigned.,,AL023,328570.0,UrB,"Urbo-Mooreville-Una complex, 0 to 3 percent slopes, frequently flooded",Urbo,"Fine, mixed, active, acid, thermic Vertic Epiaquepts",EXACT,Unique exact normalized NASIS taxon/component-name match within the intersected map unit.,26923239.0,Urbo,40.0,Yes,Somewhat poorly drained,No,,no,True,False,True,False,True,False,PARTIAL_NEGATIVE_SUPPORT,False,False
34187,S2015TN155001,N,130B,,0,False,11,1,10,False,Indicator evidence only; no final hydric/nonhydric label assigned.,,TN640,553583.0,SsC,"Spivey-Santeetlah-Nowhere complex, 8 to 15 percent slopes, very stony",Spivey,"Loamy-skeletal, isotic, mesic Typic Humudepts",EXACT,Unique exact normalized NASIS taxon/component-name match within the intersected map unit.,26800422.0,Spivey,50.0,Yes,Well drained,No,,no,True,False,True,False,True,False,PARTIAL_NEGATIVE_SUPPORT,False,False
34193,S2015PR055001,Z,271,,0,False,12,6,6,False,Indicator evidence only; no final hydric/nonhydric label assigned.,,PR787,1716023.0,LcE,"La Covana-Limestone outcrop-Seboruco complex, 12 to 40 percent slopes",Altamira,"Coarse-loamy, carbonatic, isohyperthermic Typic Haplocalcids",AMBIGUOUS,Multiple plausible candidates remain without a decisive name/taxonomy margin.,,,,,,,,,False,False,False,False,True,False,LINKAGE_UNRESOLVED,False,False
34295,S2015WA011001,A,3,,0,False,10,1,9,False,Indicator evidence only; no final hydric/nonhydric label assigned.,,WA011,71974.0,CnD,"Cinebar silt loam, 8 to 20 percent slopes",Kinney,"Fine-loamy, isotic, mesic Andic Humudepts",UNMATCHED,No candidate has adequate name or taxonomic agreement.,,,,,,,,,False,False,False,False,True,False,LINKAGE_UNRESOLVED,False,False
34347,S2015WI069002,K,94D,,0,False,10,1,9,False,Indicator evidence only; no final hydric/nonhydric label assigned.,,WI069,431643.0,3852B,"Padus-Pence sandy loams, 0 to 6 percent slopes",Padwet,"Coarse-loamy, mixed, superactive, frigid Alfic Haplorthods",AMBIGUOUS,Multiple plausible candidates remain without a decisive name/taxonomy margin.,,,,,,,,,False,False,False,False,True,False,LINKAGE_UNRESOLVED,False,False
34348,S2015WI069001,K,94D,,0,False,10,1,9,False,Indicator evidence only; no final hydric/nonhydric label assigned.,,WI069,431633.0,3298B,"Moodig sandy loam, 0 to 4 percent slopes",Pesabic,"Coarse-loamy, mixed, superactive, frigid Alfic Epiaquods",MEDIUM,No name match; unique candidate supported by at least three taxonomic ranks.,27558099.0,Moodig,90.0,Yes,Somewhat poorly drained,No,,no,False,False,False,False,True,False,LINKAGE_UNRESOLVED,False,False
34379,S2015AK240001,X1,229,,0,False,0,0,0,False,Indicator evidence only; no final hydric/nonhydric label assigned.,,AK657,2410043.0,29GE02,Gerstle-Tanana complex,SND,"Coarse-loamy, mixed, superactive Typic Haplocryepts",AMBIGUOUS,Multiple plausible candidates remain without a decisive name/taxonomy margin.,,,,,,,,,False,False,False,False,False,False,LINKAGE_UNRESOLVED,False,False
34489,S2015KS045100,M,106,,0,False,11,1,10,False,Indicator evidence only; no final hydric/nonhydric label assigned.,UKFS,KS045,2420283.0,7461,"Oska silty clay loam, 3 to 8 percent slopes, eroded",Oska,"Fine, smectitic, mesic Vertic Argiudolls",EXACT,Unique exact normalized NASIS taxon/component-name match within the intersected map unit.,26317442.0,Oska,85.0,Yes,Well drained,No,,no,True,False,True,False,True,False,PARTIAL_NEGATIVE_SUPPORT,False,False
34490,S2015KS045101,M,106,,0,False,11,1,10,False,Indicator evidence only; no final hydric/nonhydric label assigned.,UKFS,KS045,2421220.0,7550,"Rosendale-Bendena silty clay loams, 3 to 40 percent slopes",Rosendale,"Loamy-skeletal, mixed, mesic Typic Hapludolls",EXACT,Unique exact normalized NASIS taxon/component-name match within the intersected map unit.,26317595.0,Rosendale,55.0,Yes,Moderately well drained,No,,no,True,False,True,False,True,False,PARTIAL_NEGATIVE_SUPPORT,False,False
34491,S2015KS045102,M,106,,0,False,11,1,10,False,Indicator evidence only; no final hydric/nonhydric label assigned.,UKFS,KS045,2421220.0,7550,"Rosendale-Bendena silty clay loams, 3 to 40 percent slopes",Bendena,"Loamy, mixed, superactive, mesic Lithic Hapludolls",EXACT,Unique exact normalized NASIS taxon/component-name match within the intersected map unit.,26317598.0,Bendena,27.0,Yes,Somewhat excessively drained,No,,no,True,False,True,False,True,False,PARTIAL_NEGATIVE_SUPPORT,False,False
34492,S2015KS045103,M,106,,0,False,11,1,10,False,Indicator evidence only; no final hydric/nonhydric label assigned.,UKFS,KS045,2421220.0,7550,"Rosendale-Bendena silty clay loams, 3 to 40 percent slopes",Wamego,"Fine, mixed, superactive, mesic Typic Argiudolls",AMBIGUOUS,Multiple plausible candidates remain without a decisive name/taxonomy margin.,,,,,,,,,False,False,False,False,True,False,LINKAGE_UNRESOLVED,False,False
34493,S2015KS045104,M,106,,0,False,11,1,10,False,Indicator evidence only; no final hydric/nonhydric label assigned.,UKFS,KS045,2421224.0,7305,"Martin silty clay loam, 7 to 12 percent slopes, eroded",Martin,"Fine, smectitic, mesic Aquertic Argiudolls",EXACT,Unique exact normalized NASIS taxon/component-name match within the intersected map unit.,26317462.0,Martin,85.0,Yes,Moderately well drained,No,,no,True,False,True,False,True,False,PARTIAL_NEGATIVE_SUPPORT,False,False
34494,S2015KS045105,M,106,,0,False,11,1,10,False,Indicator evidence only; no final hydric/nonhydric label assigned.,UKFS,KS045,2421224.0,7305,"Martin silty clay loam, 7 to 12 percent slopes, eroded",Martin,"Fine, smectitic, mesic Aquertic Argiudolls",EXACT,Unique exact normalized NASIS taxon/component-name match within the intersected map unit.,26317462.0,Martin,85.0,Yes,Moderately well drained,No,,no,True,False,True,False,True,False,PARTIAL_NEGATIVE_SUPPORT,False,False
34495,S2015KS045106,M,106,,0,False,11,1,10,False,Indicator evidence only; no final hydric/nonhydric label assigned.,UKFS,KS045,2421224.0,7305,"Martin silty clay loam, 7 to 12 percent slopes, eroded",Martin,"Fine, smectitic, mesic Aquertic Argiudolls",EXACT,Unique exact normalized NASIS taxon/component-name match within the intersected map unit.,26317462.0,Martin,85.0,Yes,Moderately well drained,No,,no,True,False,True,False,True,False,PARTIAL_NEGATIVE_SUPPORT,False,False
34496,S2015KS045107,M,106,,0,False,11,1,10,False,Indicator evidence only; no final hydric/nonhydric label assigned.,UKFS,KS045,2420283.0,7461,"Oska silty clay loam, 3 to 8 percent slopes, eroded",Oska,"Fine, smectitic, mesic Vertic Argiudolls",EXACT,Unique exact normalized NASIS taxon/component-name match within the intersected map unit.,26317442.0,Oska,85.0,Yes,Well drained,No,,no,True,False,True,False,True,False,PARTIAL_NEGATIVE_SUPPORT,False,False
34497,S2015KS045108,M,106,,0,False,11,1,10,False,Indicator evidence only; no final hydric/nonhydric label assigned.,UKFS,KS045,2421220.0,7550,"Rosendale-Bendena silty clay loams, 3 to 40 percent slopes",Martin,"Fine, smectitic, mesic Aquertic Argiudolls",EXACT,Unique exact normalized NASIS taxon/component-name match within the intersected map unit.,26317596.0,Martin,10.0,No ,Moderately well drained,No,,no,True,False,True,False,True,False,PARTIAL_NEGATIVE_SUPPORT,False,False
34498,S2015KS045109,M,106,,0,False,11,1,10,False,Indicator evidence only; no final hydric/nonhydric label assigned.,UKFS,KS045,2421224.0,7305,"Martin silty clay loam, 7 to 12 percent slopes, eroded",Martin,"Fine, smectitic, mesic Aquertic Argiudolls",EXACT,Unique exact normalized NASIS taxon/component-name match within the intersected map unit.,26317462.0,Martin,85.0,Yes,Moderately well drained,No,,no,True,False,True,False,True,False,PARTIAL_NEGATIVE_SUPPORT,False,False
34499,S2015KS045110,M,106,,0,False,11,1,10,False,Indicator evidence only; no final hydric/nonhydric label assigned.,UKFS,KS045,1468833.0,7302,"Martin silty clay loam, 3 to 7 percent slopes",Muscotah,"Fine, smectitic, mesic Aquertic Hapludolls",AMBIGUOUS,Multiple plausible candidates remain without a decisive name/taxonomy margin.,,,,,,,,,False,False,False,False,True,False,LINKAGE_UNRESOLVED,False,False
34500,S2015KS087100,M,106,,0,False,11,1,10,False,Indicator evidence only; no final hydric/nonhydric label assigned.,UKFS,KS087,2505132.0,7501,"Pawnee clay loam, 4 to 8 percent slopes, eroded",Pawnee,"Fine, smectitic, mesic Oxyaquic Vertic Hapludalfs",EXACT,Unique exact normalized NASIS taxon/component-name match within the intersected map unit.,26317933.0,Pawnee,85.0,Yes,Moderately well drained,No,,no,True,False,True,False,True,False,PARTIAL_NEGATIVE_SUPPORT,False,False
34501,S2015KS087101,M,106,,0,False,11,1,10,False,Indicator evidence only; no final hydric/nonhydric label assigned.,UKFS,KS087,2505132.0,7501,"Pawnee clay loam, 4 to 8 percent slopes, eroded",Pawnee,"Fine, smectitic, mesic Oxyaquic Vertic Argiudolls",EXACT,Unique exact normalized NASIS taxon/component-name match within the intersected map unit.,26317933.0,Pawnee,85.0,Yes,Moderately well drained,No,,no,True,False,True,False,True,False,PARTIAL_NEGATIVE_SUPPORT,False,False
34502,S2015KS087102,M,106,,0,False,11,1,10,False,Indicator evidence only; no final hydric/nonhydric label assigned.,UKFS,KS087,2505132.0,7501,"Pawnee clay loam, 4 to 8 percent slopes, eroded",Wamego,"Fine, smectitic, mesic Typic Hapludalfs",UNMATCHED,No candidate has adequate name or taxonomic agreement.,,,,,,,,,False,False,False,False,True,False,LINKAGE_UNRESOLVED,False,False
34503,S2015KS087103,M,106,,0,False,11,1,10,False,Indicator evidence only; no final hydric/nonhydric label assigned.,UKFS,KS087,2505132.0,7501,"Pawnee clay loam, 4 to 8 percent slopes, eroded",Wymore,"Fine, smectitic, mesic Aquertic Argiudolls",EXACT,Unique exact normalized NASIS taxon/component-name match within the intersected map unit.,26317935.0,Wymore,2.0,No ,Moderately well drained,No,,no,True,False,True,False,True,False,PARTIAL_NEGATIVE_SUPPORT,False,False
34504,S2015KS087104,M,106,,0,False,11,1,10,False,Indicator evidence only; no final hydric/nonhydric label assigned.,UKFS,KS087,2420313.0,7550,"Rosendale-Bendena silty clay loams, 3 to 40 percent slopes",Rosendale,"Fine, mixed, superactive, mesic Typic Hapludolls",EXACT,Unique exact normalized NASIS taxon/component-name match within the intersected map unit.,26317777.0,Rosendale,55.0,Yes,Moderately well drained,No,,no,True,False,True,False,True,False,PARTIAL_NEGATIVE_SUPPORT,False,False
34505,S2015KS087105,M,106,,0,False,11,1,10,False,Indicator evidence only; no final hydric/nonhydric label assigned.,UKFS,KS087,2420242.0,7254,"Grundy silty clay loam, 3 to 7 percent slopes, eroded",Grundy,"Fine, smectitic, mesic Aquertic Argiudolls",EXACT,Unique exact normalized NASIS taxon/component-name match within the intersected map unit.,26317872.0,Grundy,85.0,Yes,Somewhat poorly drained,No,,no,True,False,True,False,True,False,PARTIAL_NEGATIVE_SUPPORT,False,False
34506,S2015KS087106,M,106,,0,False,11,1,10,False,Indicator evidence only; no final hydric/nonhydric label assigned.,UKFS,KS087,2420313.0,7550,"Rosendale-Bendena silty clay loams, 3 to 40 percent slopes",Oska,"Fine, smectitic, mesic Vertic Argiudolls",AMBIGUOUS,Multiple plausible candidates remain without a decisive name/taxonomy margin.,,,,,,,,,False,False,False,False,True,False,LINKAGE_UNRESOLVED,False,False
34774,S2015KS061100,H,76,,0,False,11,3,8,False,Indicator evidence only; no final hydric/nonhydric label assigned.,KONZ,KS061,1387187.0,4783,"Tully silty clay loam, 3 to 7 percent slopes",Tully,"Fine, mixed, superactive, mesic Pachic Argiustolls",EXACT,Unique exact normalized NASIS taxon/component-name match within the intersected map unit.,26335523.0,Tully,80.0,Yes,Well drained,No,,no,True,False,True,False,True,False,PARTIAL_NEGATIVE_SUPPORT,False,False
34775,S2015KS161100,H,76,,0,False,11,6,5,False,Indicator evidence only; no final hydric/nonhydric label assigned.,KONZ,KS161,1472305.0,4530,"Benfield-Florence complex, 5 to 30 percent slopes",Benfield,"Fine, mixed, superactive, mesic Udertic Argiustolls",EXACT,Unique exact normalized NASIS taxon/component-name match within the intersected map unit.,26334566.0,Benfield,45.0,Yes,Well drained,No,,no,True,False,True,False,True,False,PARTIAL_NEGATIVE_SUPPORT,False,False
34776,S2015KS161101,H,76,,0,False,11,6,5,False,Indicator evidence only; no final hydric/nonhydric label assigned.,KONZ,KS161,1472305.0,4530,"Benfield-Florence complex, 5 to 30 percent slopes",Florence,"Clayey-skeletal, smectitic, mesic Udic Argiustolls",EXACT,Unique exact normalized NASIS taxon/component-name match within the intersected map unit.,26334567.0,Florence,30.0,Yes,Well drained,No,,no,True,False,True,False,True,False,PARTIAL_NEGATIVE_SUPPORT,False,False
34777,S2015KS161102,H,76,,0,False,11,3,8,False,Indicator evidence only; no final hydric/nonhydric label assigned.,KONZ,KS161,1472306.0,4550,"Clime silty clay loam, 20 to 40 percent slopes, very stony",Clime,"Fine, mixed, active, mesic Udorthentic Haplustolls",EXACT,Unique exact normalized NASIS taxon/component-name match within the intersected map unit.,26334673.0,Clime,80.0,Yes,Well drained,No,,no,True,False,True,False,True,False,PARTIAL_NEGATIVE_SUPPORT,False,False
34778,S2015KS161103,H,76,,0,False,11,3,8,False,Indicator evidence only; no final hydric/nonhydric label assigned.,KONZ,KS161,2668810.0,4590,"Clime-Sogn complex, 3 to 20 percent slopes",Sogn,"Loamy, mixed, superactive, mesic Lithic Haplustolls",EXACT,Unique exact normalized NASIS taxon/component-name match within the intersected map unit.,26334518.0,Sogn,25.0,Yes,Somewhat excessively drained,No,,no,True,False,True,False,True,False,PARTIAL_NEGATIVE_SUPPORT,False,False
34779,S2015KS161104,H,76,,0,False,11,3,8,False,Indicator evidence only; no final hydric/nonhydric label assigned.,KONZ,KS161,1472306.0,4550,"Clime silty clay loam, 20 to 40 percent slopes, very stony",Tuttle,"Fine, mixed, mesic Pachic Haplustolls",EXACT,Unique exact normalized NASIS taxon/component-name match within the intersected map unit.,26334674.0,Tuttle,3.0,No ,Somewhat excessively drained,No,,no,True,False,True,False,True,False,PARTIAL_NEGATIVE_SUPPORT,False,False
34780,S2015KS161105,H,76,,0,False,11,3,8,False,Indicator evidence only; no final hydric/nonhydric label assigned.,KONZ,KS161,1472299.0,4053,"Ivan silty clay loam, channeled",Tully,"Fine, mixed, superactive, mesic Pachic Argiustolls",AMBIGUOUS,Multiple plausible candidates remain without a decisive name/taxonomy margin.,,,,,,,,,False,False,False,False,True,False,LINKAGE_UNRESOLVED,False,False
34781,S2015KS161106,H,76,,0,False,11,3,8,False,Indicator evidence only; no final hydric/nonhydric label assigned.,KONZ,KS161,2668810.0,4590,"Clime-Sogn complex, 3 to 20 percent slopes",Clime,"Fine, mixed, active, mesic Udorthentic Haplustolls",EXACT,Unique exact normalized NASIS taxon/component-name match within the intersected map unit.,26334514.0,Clime,60.0,Yes,Well drained,No,,no,True,False,True,False,True,False,PARTIAL_NEGATIVE_SUPPORT,False,False
34782,S2015KS161107,H,76,,0,False,11,6,5,False,Indicator evidence only; no final hydric/nonhydric label assigned.,KONZ,KS161,1472342.0,7690,"Wymore-Kennebec complex, 0 to 17 percent slopes",Ivan,"Fine, mixed, superactive, mesic Cumulic Haplustolls",AMBIGUOUS,Multiple plausible candidates remain without a decisive name/taxonomy margin.,,,,,,,,,False,False,False,False,True,False,LINKAGE_UNRESOLVED,False,False
34783,S2015KS161108,H,76,,0,False,11,3,8,False,Indicator evidence only; no final hydric/nonhydric label assigned.,KONZ,KS161,2668810.0,4590,"Clime-Sogn complex, 3 to 20 percent slopes",Kipson,"Fine, mixed, superactive, mesic, shallow Udorthentic Haplustolls",MEDIUM,No name match; unique candidate supported by at least three taxonomic ranks.,26334514.0,Clime,60.0,Yes,Well drained,No,,no,False,False,False,False,True,False,LINKAGE_UNRESOLVED,False,False
34784,S2015KS161109,H,76,,0,False,11,3,8,False,Indicator evidence only; no final hydric/nonhydric label assigned.,KONZ,KS161,2668810.0,4590,"Clime-Sogn complex, 3 to 20 percent slopes",Tully,"Fine, mixed, superactive, mesic Pachic Argiustolls",AMBIGUOUS,Multiple plausible candidates remain without a decisive name/taxonomy margin.,,,,,,,,,False,False,False,False,True,False,LINKAGE_UNRESOLVED,False,False
34785,S2015KS161110,H,76,,0,False,11,3,8,False,Indicator evidence only; no final hydric/nonhydric label assigned.,KONZ,KS161,1472305.0,4530,"Benfield-Florence complex, 5 to 30 percent slopes",Florence,"Clayey-skeletal, mixed, mesic Udic Argiustolls",EXACT,Unique exact normalized NASIS taxon/component-name match within the intersected map unit.,26334567.0,Florence,30.0,Yes,Well drained,No,,no,True,False,True,False,True,False,PARTIAL_NEGATIVE_SUPPORT,False,False
34786,S2015KS161111,H,76,,0,False,11,6,5,False,Indicator evidence only; no final hydric/nonhydric label assigned.,KONZ,KS161,2668810.0,4590,"Clime-Sogn complex, 3 to 20 percent slopes",Tully,"Fine, mixed, superactive, mesic Pachic Argiustolls",AMBIGUOUS,Multiple plausible candidates remain without a decisive name/taxonomy margin.,,,,,,,,,False,False,False,False,True,False,LINKAGE_UNRESOLVED,False,False
34828,S2015CO075001,H,72,,0,False,11,3,8,False,Indicator evidence only; no final hydric/nonhydric label assigned.,STER,CO075,94472.0,110,"Wagonwheel-Stoneham complex, 2 to 5 percent slopes",Sampson,"Fine-loamy, mixed, superactive, mesic Pachic Argiustolls",AMBIGUOUS,Multiple plausible candidates remain without a decisive name/taxonomy margin.,,,,,,,,,False,False,False,False,True,False,LINKAGE_UNRESOLVED,False,False
34829,S2015CO075002,H,72,,0,False,11,3,8,False,Indicator evidence only; no final hydric/nonhydric label assigned.,STER,CO075,94473.0,111,"Wagonwheel-Colby-Stoneham association, 5 to 12 percent slopes",Stoneham,"Fine-loamy, mixed, superactive, mesic Calcidic Haplustalfs",EXACT,Unique exact normalized NASIS taxon/component-name match within the intersected map unit.,26570747.0,Stoneham,15.0,No ,Well drained,No,,no,True,False,True,False,True,False,PARTIAL_NEGATIVE_SUPPORT,False,False
34830,S2015CO075003,H,72,,0,False,11,3,8,False,Indicator evidence only; no final hydric/nonhydric label assigned.,STER,CO075,94473.0,111,"Wagonwheel-Colby-Stoneham association, 5 to 12 percent slopes",Colby,"Coarse-loamy, mixed, superactive, mesic Haplocalcidic Haplustepts",EXACT,Unique exact normalized NASIS taxon/component-name match within the intersected map unit.,26570750.0,Colby,35.0,Yes,Well drained,No,,no,True,False,True,False,True,False,PARTIAL_NEGATIVE_SUPPORT,False,False
34831,S2015CO075004,H,72,,0,False,11,3,8,False,Indicator evidence only; no final hydric/nonhydric label assigned.,STER,CO075,94579.0,92,"Rago loam, 0 to 3 percent slopes",Kuma,"Fine-silty, mixed, superactive, mesic Pachic Argiustolls",MEDIUM,No name match; unique candidate supported by at least three taxonomic ranks.,26571075.0,Rago,80.0,Yes,Well drained,No,,no,False,False,False,False,True,False,LINKAGE_UNRESOLVED,False,False
34832,S2015CO075005,H,72,,0,False,11,3,8,False,Indicator evidence only; no final hydric/nonhydric label assigned.,STER,CO075,94472.0,110,"Wagonwheel-Stoneham complex, 2 to 5 percent slopes",Colby,"Coarse-loamy, mixed, superactive, mesic Aridic Haplustepts",EXACT,Unique exact normalized NASIS taxon/component-name match within the intersected map unit.,26570776.0,Colby,10.0,No ,Well drained,No,,no,True,False,True,False,True,False,PARTIAL_NEGATIVE_SUPPORT,False,False
34833,S2015CO075006,H,72,,0,False,11,3,8,False,Indicator evidence only; no final hydric/nonhydric label assigned.,STER,CO075,94481.0,119,"Wages loam, 3 to 5 percent slopes",Wages,"Fine, smectitic over carbonatic, mesic Calcidic Argiustolls",EXACT,Unique exact normalized NASIS taxon/component-name match within the intersected map unit.,26571122.0,Wages,85.0,Yes,Well drained,No,,no,True,False,True,False,True,False,PARTIAL_NEGATIVE_SUPPORT,False,False
34834,S2015CO075007,H,72,,0,False,11,3,8,False,Indicator evidence only; no final hydric/nonhydric label assigned.,STER,CO075,94489.0,126,"Weld loam, 1 to 3 percent slopes",Platner,"Fine, smectitic, mesic Aridic Paleustolls",AMBIGUOUS,Multiple plausible candidates remain without a decisive name/taxonomy margin.,,,,,,,,,False,False,False,False,True,False,LINKAGE_UNRESOLVED,False,False
34835,S2015CO075008,H,72,,0,False,11,3,8,False,Indicator evidence only; no final hydric/nonhydric label assigned.,STER,CO075,94579.0,92,"Rago loam, 0 to 3 percent slopes",Weld,"Fine, smectitic, mesic Aridic Argiustolls",AMBIGUOUS,Multiple plausible candidates remain without a decisive name/taxonomy margin.,,,,,,,,,False,False,False,False,True,False,LINKAGE_UNRESOLVED,False,False
34836,S2015CO075009,H,72,,0,False,11,3,8,False,Indicator evidence only; no final hydric/nonhydric label assigned.,STER,CO075,94579.0,92,"Rago loam, 0 to 3 percent slopes",Sampson,"Fine-loamy, mixed, superactive, mesic Pachic Argiustolls",AMBIGUOUS,Multiple plausible candidates remain without a decisive name/taxonomy margin.,,,,,,,,,False,False,False,False,True,False,LINKAGE_UNRESOLVED,False,False
34837,S2015CO075010,H,72,,0,False,11,3,8,False,Indicator evidence only; no final hydric/nonhydric label assigned.,STER,CO075,94489.0,126,"Weld loam, 1 to 3 percent slopes",Rago,"Fine, smectitic, mesic Pachic Argiustolls",AMBIGUOUS,Multiple plausible candidates remain without a decisive name/taxonomy margin.,,,,,,,,,False,False,False,False,True,False,LINKAGE_UNRESOLVED,False,False
34838,S2015CO075011,H,72,,0,False,11,3,8,False,Indicator evidence only; no final hydric/nonhydric label assigned.,STER,CO075,94489.0,126,"Weld loam, 1 to 3 percent slopes",Weld,"Fine, smectitic, mesic Calcidic Argiustolls",EXACT,Unique exact normalized NASIS taxon/component-name match within the intersected map unit.,26570815.0,Weld,80.0,Yes,Well drained,No,,no,True,False,True,False,True,False,PARTIAL_NEGATIVE_SUPPORT,False,False
34938,S2015ND093009,F,53B,,0,False,11,6,5,False,Indicator evidence only; no final hydric/nonhydric label assigned.,,ND093,2661634.0,C135D,"Zahl-Williams loams, 9 to 15 percent slopes",Zahl,"Fine-loamy, mixed, active, frigid Typic Calciustolls",EXACT,Unique exact normalized NASIS taxon/component-name match within the intersected map unit.,27719303.0,Zahl,41.0,Yes,Well drained,No,,no,True,False,True,False,True,False,PARTIAL_NEGATIVE_SUPPORT,False,False
34939,S2015ND093010,F,53B,,0,False,11,3,8,False,Indicator evidence only; no final hydric/nonhydric label assigned.,,ND093,2566841.0,C819B,"Lehr-Wabek loams, 2 to 6 percent slopes",Wabek,"Loamy-skeletal, mixed, frigid Entic Haplustolls",EXACT,Unique exact normalized NASIS taxon/component-name match within the intersected map unit.,27719366.0,Wabek,35.0,Yes,Excessively drained,No,,no,True,False,True,False,True,False,PARTIAL_NEGATIVE_SUPPORT,False,False
34940,S2015ND093013,F,53B,,0,False,11,1,10,False,Indicator evidence only; no final hydric/nonhydric label assigned.,,ND093,2566846.0,C156F,"Zahl-Max-Bowbells loams, 6 to 35 percent slopes",Typic Caciaquoll,"Fine, smectitic, frigid Typic Calciaquolls",AMBIGUOUS,Multiple plausible candidates remain without a decisive name/taxonomy margin.,,,,,,,,,False,False,False,False,True,False,LINKAGE_UNRESOLVED,False,False
34941,S2015ND093017,F,53B,,0,False,11,3,8,False,Indicator evidence only; no final hydric/nonhydric label assigned.,,ND093,2595591.0,C870E,"Wabek-Lehr-Appam complex, 9 to 25 percent slopes",Schaller,"Sandy, mixed, frigid Entic Haplustolls",AMBIGUOUS,Multiple plausible candidates remain without a decisive name/taxonomy margin.,,,,,,,,,False,False,False,False,True,False,LINKAGE_UNRESOLVED,False,False
34942,S2015ND093019,F,53B,,0,False,11,9,2,False,Indicator evidence only; no final hydric/nonhydric label assigned.,,ND093,2566844.0,C165F,"Zahl-Max-Parnell complex, 0 to 35 percent slopes",Max,"Fine-loamy, mixed, active, frigid Typic Haplustolls",EXACT,Unique exact normalized NASIS taxon/component-name match within the intersected map unit.,27720396.0,Max,26.0,Yes,Well drained,No,,no,True,False,True,False,True,False,PARTIAL_NEGATIVE_SUPPORT,False,False
34943,S2015ND093021,F,53B,,0,False,11,1,10,False,Indicator evidence only; no final hydric/nonhydric label assigned.,,ND093,2566844.0,C165F,"Zahl-Max-Parnell complex, 0 to 35 percent slopes",Colvin,"Fine-silty, mixed, superactive, frigid Typic Calciaquolls",AMBIGUOUS,Multiple plausible candidates remain without a decisive name/taxonomy margin.,,,,,,,,,False,False,False,False,True,False,LINKAGE_UNRESOLVED,False,False
34944,S2015ND093022,F,53B,,0,False,11,1,10,False,Indicator evidence only; no final hydric/nonhydric label assigned.,,ND093,2566829.0,C132C,"Williams-Zahl-Zahill complex, 6 to 9 percent slopes",Southam,"Fine, smectitic, calcareous, frigid Vertic Endoaquolls",AMBIGUOUS,Multiple plausible candidates remain without a decisive name/taxonomy margin.,,,,,,,,,False,False,False,False,True,False,LINKAGE_UNRESOLVED,False,False
34945,S2015ND093026,F,53B,,0,False,11,1,10,False,Indicator evidence only; no final hydric/nonhydric label assigned.,,ND093,3312341.0,C24A,"Parnell silty clay loam, 0 to 1 percent slopes, Missouri Coteau",Parnell,"Fine, smectitic, frigid Vertic Argiaquolls",EXACT,Unique exact normalized NASIS taxon/component-name match within the intersected map unit.,27720308.0,Parnell,64.0,Yes,Very poorly drained,Yes,2; 3,yes,True,True,False,False,True,False,SSURGO_POSITIVE_MORPH_NOT_DEMONSTRATED,False,False
34946,S2015ND093028,F,53B,,0,False,11,1,10,False,Indicator evidence only; no final hydric/nonhydric label assigned.,,ND093,3312344.0,C26A,"Tonka-Parnell complex, 0 to 1 percent slopes, Missouri Coteau",Parnell,"Fine, smectitic, frigid Vertic Argiaquolls",EXACT,Unique exact normalized NASIS taxon/component-name match within the intersected map unit.,27720298.0,Parnell,22.0,Yes,Very poorly drained,Yes,2; 3,yes,True,True,False,False,True,False,SSURGO_POSITIVE_MORPH_NOT_DEMONSTRATED,False,False
34947,S2015ND093029,F,53B,,0,False,11,1,10,False,Indicator evidence only; no final hydric/nonhydric label assigned.,,ND093,2566841.0,C819B,"Lehr-Wabek loams, 2 to 6 percent slopes",McDonaldsville,"Loamy-skeletal, mixed, superactive, frigid Typic Calciaquolls",AMBIGUOUS,Multiple plausible candidates remain without a decisive name/taxonomy margin.,,,,,,,,,False,False,False,False,True,False,LINKAGE_UNRESOLVED,False,False
34948,S2015ND093030,F,53B,,0,False,11,1,10,False,Indicator evidence only; no final hydric/nonhydric label assigned.,,ND093,3312341.0,C24A,"Parnell silty clay loam, 0 to 1 percent slopes, Missouri Coteau",SND,"Fine-loamy, carbonatic, frigid Cumulic Endoaquolls",EXACT,Unique exact normalized NASIS taxon/component-name match within the intersected map unit.,27720310.0,Southam,10.0,No ,Very poorly drained,Yes,2; 3,yes,True,True,False,False,True,False,SSURGO_POSITIVE_MORPH_NOT_DEMONSTRATED,False,False
34949,S2015ND093031,F,53B,,0,False,11,1,10,False,Indicator evidence only; no final hydric/nonhydric label assigned.,,ND093,2566841.0,C819B,"Lehr-Wabek loams, 2 to 6 percent slopes",Tonka,"Fine, smectitic, frigid Argiaquic Argialbolls",EXACT,Unique exact normalized NASIS taxon/component-name match within the intersected map unit.,27719362.0,Tonka,1.0,No ,Poorly drained,Yes,3; 2,yes,True,True,False,False,True,False,SSURGO_POSITIVE_MORPH_NOT_DEMONSTRATED,False,False
34950,S2015ND093032,F,53B,,0,False,11,3,8,False,Indicator evidence only; no final hydric/nonhydric label assigned.,,ND093,2595591.0,C870E,"Wabek-Lehr-Appam complex, 9 to 25 percent slopes",Roseglen,"Fine-loamy, mixed, superactive, frigid Pachic Haplustolls",AMBIGUOUS,Multiple plausible candidates remain without a decisive name/taxonomy margin.,,,,,,,,,False,False,False,False,True,False,LINKAGE_UNRESOLVED,False,False
34951,S2015ND093033,F,53B,,0,False,11,6,5,False,Indicator evidence only; no final hydric/nonhydric label assigned.,,ND093,2566841.0,C819B,"Lehr-Wabek loams, 2 to 6 percent slopes",Tansem,"Coarse-loamy, mixed, active, frigid Typic Haplustolls",AMBIGUOUS,Multiple plausible candidates remain without a decisive name/taxonomy margin.,,,,,,,,,False,False,False,False,True,False,LINKAGE_UNRESOLVED,False,False
34952,S2015ND093034,F,53B,F2,1,True,11,2,8,False,Indicator evidence only; no final hydric/nonhydric label assigned.,,ND093,3312344.0,C26A,"Tonka-Parnell complex, 0 to 1 percent slopes, Missouri Coteau",Zahl,"Coarse-loamy, mixed, superactive, frigid Typic Calciustolls",AMBIGUOUS,Multiple plausible candidates remain without a decisive name/taxonomy margin.,,,,,,,,,False,False,False,True,True,False,MORPH_POSITIVE_SSURGO_UNRESOLVED,False,False
35000,S2015AL063021,P,135A,,0,False,12,1,11,False,Indicator evidence only; no final hydric/nonhydric label assigned.,,AL063,329644.0,AS,Angie-Leaf association,Annemaine,"Fine, mixed, semiactive, thermic Aquic Hapludults",AMBIGUOUS,Multiple plausible candidates remain without a decisive name/taxonomy margin.,,,,,,,,,False,False,False,False,True,False,LINKAGE_UNRESOLVED,False,False
35001,S2015AL063001,P,135A,,0,False,12,1,11,False,Indicator evidence only; no final hydric/nonhydric label assigned.,,AL063,329644.0,AS,Angie-Leaf association,Angie,"Fine, mixed, semiactive, thermic Aquic Paleudults",EXACT,Unique exact normalized NASIS taxon/component-name match within the intersected map unit.,27276241.0,Angie,60.0,Yes,Moderately well drained,No,,no,True,False,True,False,True,False,PARTIAL_NEGATIVE_SUPPORT,False,False
35002,S2015AL063002,P,135A,,0,False,12,1,11,False,Indicator evidence only; no final hydric/nonhydric label assigned.,,AL063,329644.0,AS,Angie-Leaf association,Annemaine,"Fine, mixed, semiactive, thermic Aquic Hapludults",AMBIGUOUS,Multiple plausible candidates remain without a decisive name/taxonomy margin.,,,,,,,,,False,False,False,False,True,False,LINKAGE_UNRESOLVED,False,False
35003,S2015AL063003,P,135A,,0,False,12,1,11,False,Indicator evidence only; no final hydric/nonhydric label assigned.,,AL063,329670.0,Le,Leaf silt loam,Bethera,"Fine, mixed, semiactive, thermic Typic Paleaquults",AMBIGUOUS,Multiple plausible candidates remain without a decisive name/taxonomy margin.,,,,,,,,,False,False,False,False,True,False,LINKAGE_UNRESOLVED,False,False
35004,S2015AL063004,P,135A,,0,False,12,1,11,False,Indicator evidence only; no final hydric/nonhydric label assigned.,,AL063,329670.0,Le,Leaf silt loam,Angie,"Fine, mixed, semiactive, thermic Aquic Paleudults",UNMATCHED,No candidate has adequate name or taxonomic agreement.,,,,,,,,,False,False,False,False,True,False,LINKAGE_UNRESOLVED,False,False
35005,S2015AL063005,P,135A,,0,False,12,1,11,False,Indicator evidence only; no final hydric/nonhydric label assigned.,,AL063,329668.0,LF,Leaf-Angie association,Angie,"Fine, mixed, semiactive, thermic Aquic Paleudults",EXACT,Unique exact normalized NASIS taxon/component-name match within the intersected map unit.,27276263.0,Angie,39.0,Yes,Moderately well drained,No,,no,True,False,True,False,True,False,PARTIAL_NEGATIVE_SUPPORT,False,False
35006,S2015AL063006,P,135A,,0,False,12,1,11,False,Indicator evidence only; no final hydric/nonhydric label assigned.,,AL063,329668.0,LF,Leaf-Angie association,Angie-like,"Fine, mixed, semiactive, thermic Aquic Paleudults",EXACT,Unique exact normalized NASIS taxon/component-name match within the intersected map unit.,27276263.0,Angie,39.0,Yes,Moderately well drained,No,,no,True,False,True,False,True,False,PARTIAL_NEGATIVE_SUPPORT,False,False
35007,S2015AL063007,P,135A,,0,False,12,1,11,False,Indicator evidence only; no final hydric/nonhydric label assigned.,,AL063,329668.0,LF,Leaf-Angie association,Angie,"Fine, mixed, semiactive, thermic Aquic Paleudults",EXACT,Unique exact normalized NASIS taxon/component-name match within the intersected map unit.,27276263.0,Angie,39.0,Yes,Moderately well drained,No,,no,True,False,True,False,True,False,PARTIAL_NEGATIVE_SUPPORT,False,False
35008,S2015AL063008,P,135A,,0,False,12,1,11,False,Indicator evidence only; no final hydric/nonhydric label assigned.,,AL063,329668.0,LF,Leaf-Angie association,Cahaba-like,"Fine-loamy, siliceous, semiactive, thermic Typic Hapludults",AMBIGUOUS,Multiple plausible candidates remain without a decisive name/taxonomy margin.,,,,,,,,,False,False,False,False,True,False,LINKAGE_UNRESOLVED,False,False
35009,S2015AL063009,P,135A,,0,False,12,1,11,False,Indicator evidence only; no final hydric/nonhydric label assigned.,,AL063,329668.0,LF,Leaf-Angie association,Cahaba,"Fine-loamy, siliceous, semiactive, thermic Typic Hapludults",AMBIGUOUS,Multiple plausible candidates remain without a decisive name/taxonomy margin.,,,,,,,,,False,False,False,False,True,False,LINKAGE_UNRESOLVED,False,False
35010,S2015AL063010,P,135A,,0,False,12,1,11,False,Indicator evidence only; no final hydric/nonhydric label assigned.,,AL063,329684.0,Oc,Ochlockonee fine sandy loam,Cahaba,"Fine-loamy, siliceous, semiactive, thermic Typic Hapludults",UNMATCHED,No candidate has adequate name or taxonomic agreement.,,,,,,,,,False,False,False,False,True,False,LINKAGE_UNRESOLVED,False,False
35011,S2015AL063011,P,135A,,0,False,12,1,11,False,Indicator evidence only; no final hydric/nonhydric label assigned.,,AL063,329668.0,LF,Leaf-Angie association,Wehadkee,"Fine-loamy, mixed, active, nonacid, thermic Fluvaquentic Endoaquepts",UNMATCHED,No candidate has adequate name or taxonomic agreement.,,,,,,,,,False,False,False,False,True,False,LINKAGE_UNRESOLVED,False,False
35012,S2015AL063012,P,135A,,0,False,12,1,11,False,Indicator evidence only; no final hydric/nonhydric label assigned.,,AL063,329668.0,LF,Leaf-Angie association,Leaf,"Fine, mixed, active, thermic Typic Albaquults",EXACT,Unique exact normalized NASIS taxon/component-name match within the intersected map unit.,27276264.0,Leaf,41.0,Yes,Poorly drained,Yes,2,yes,True,True,False,False,True,False,SSURGO_POSITIVE_MORPH_NOT_DEMONSTRATED,False,False
35013,S2015AL063013,P,135A,,0,False,12,1,11,False,Indicator evidence only; no final hydric/nonhydric label assigned.,,AL063,329668.0,LF,Leaf-Angie association,Tawcaw,"Fine, kaolinitic, thermic Fluvaquentic Dystrudepts",UNMATCHED,No candidate has adequate name or taxonomic agreement.,,,,,,,,,False,False,False,False,True,False,LINKAGE_UNRESOLVED,False,False
35014,S2015AL063014,P,135A,,0,False,12,1,11,False,Indicator evidence only; no final hydric/nonhydric label assigned.,,AL065,329777.0,W,Water,Leaf,"Fine, mixed, active, thermic Typic Albaquults",UNMATCHED,No candidate has adequate name or taxonomic agreement.,,,,,,,,,False,False,False,False,True,False,LINKAGE_UNRESOLVED,False,False
35015,S2015AL063015,P,135A,,0,False,12,1,11,False,Indicator evidence only; no final hydric/nonhydric label assigned.,,AL063,329684.0,Oc,Ochlockonee fine sandy loam,Lenoir,"Fine, mixed, semiactive, thermic Aeric Paleaquults",UNMATCHED,No candidate has adequate name or taxonomic agreement.,,,,,,,,,False,False,False,False,True,False,LINKAGE_UNRESOLVED,False,False
35016,S2015AL063016,P,135A,,0,False,12,1,11,False,Indicator evidence only; no final hydric/nonhydric label assigned.,,AL063,329684.0,Oc,Ochlockonee fine sandy loam,Chenneby,"Fine-silty, mixed, active, thermic Fluvaquentic Dystrudepts",UNMATCHED,No candidate has adequate name or taxonomic agreement.,,,,,,,,,False,False,False,False,True,False,LINKAGE_UNRESOLVED,False,False
35017,S2015AL063017,P,135A,,0,False,12,1,11,False,Indicator evidence only; no final hydric/nonhydric label assigned.,,AL063,329684.0,Oc,Ochlockonee fine sandy loam,Ochlockonee-fine-silty,"Fine-silty, thermic Typic Udifluvents",EXACT,Unique exact normalized NASIS taxon/component-name match within the intersected map unit.,27276278.0,Ochlockonee,90.0,Yes,Well drained,No,,no,True,False,True,False,True,False,PARTIAL_NEGATIVE_SUPPORT,False,False
35018,S2015AL063018,P,135A,,0,False,12,1,11,False,Indicator evidence only; no final hydric/nonhydric label assigned.,,AL063,329684.0,Oc,Ochlockonee fine sandy loam,Angie,"Fine, mixed, semiactive, thermic Aquic Paleudults",UNMATCHED,No candidate has adequate name or taxonomic agreement.,,,,,,,,,False,False,False,False,True,False,LINKAGE_UNRESOLVED,False,False
35019,S2015AL063019,P,135A,,0,False,12,1,11,False,Indicator evidence only; no final hydric/nonhydric label assigned.,,AL063,329684.0,Oc,Ochlockonee fine sandy loam,Cahaba,"Fine-loamy, siliceous, semiactive, thermic Typic Hapludults",UNMATCHED,No candidate has adequate name or taxonomic agreement.,,,,,,,,,False,False,False,False,True,False,LINKAGE_UNRESOLVED,False,False
35020,S2015AL063020,P,135A,,0,False,12,1,11,False,Indicator evidence only; no final hydric/nonhydric label assigned.,,AL063,329684.0,Oc,Ochlockonee fine sandy loam,Angie,"Fine, mixed, semiactive, thermic Aquic Paleudults",UNMATCHED,No candidate has adequate name or taxonomic agreement.,,,,,,,,,False,False,False,False,True,False,LINKAGE_UNRESOLVED,False,False
35032,S2016OK149002,H,78C,,0,False,11,3,8,False,Indicator evidence only; no final hydric/nonhydric label assigned.,,OK149,2507761.0,CRoF,"Cordell-Rock outcrop complex, 1 to 20 percent slopes",Cordell,"Loamy, mixed, active, thermic Lithic Haplustepts",EXACT,Unique exact normalized NASIS taxon/component-name match within the intersected map unit.,26781253.0,Cordell,59.0,Yes,Somewhat excessively drained,No,,no,True,False,True,False,True,False,PARTIAL_NEGATIVE_SUPPORT,False,False
35033,S2016OK149003,H,78C,,0,False,11,1,10,False,Indicator evidence only; no final hydric/nonhydric label assigned.,,OK149,2507761.0,CRoF,"Cordell-Rock outcrop complex, 1 to 20 percent slopes",Cordell-LIKE,"Loamy, mixed, active, thermic Lithic Ustorthents",EXACT,Unique exact normalized NASIS taxon/component-name match within the intersected map unit.,26781253.0,Cordell,59.0,Yes,Somewhat excessively drained,No,,no,True,False,True,False,True,False,PARTIAL_NEGATIVE_SUPPORT,False,False
35034,S2016OK149004,H,78C,,0,False,11,3,8,False,Indicator evidence only; no final hydric/nonhydric label assigned.,,OK149,2507761.0,CRoF,"Cordell-Rock outcrop complex, 1 to 20 percent slopes",Obaro,"Fine-silty, mixed, superactive, thermic Typic Haplustepts",EXACT,Unique exact normalized NASIS taxon/component-name match within the intersected map unit.,26781255.0,Obaro,16.0,No ,Well drained,No,,no,True,False,True,False,True,False,PARTIAL_NEGATIVE_SUPPORT,False,False
35035,S2016OK149005,H,78C,,0,False,11,3,8,False,Indicator evidence only; no final hydric/nonhydric label assigned.,,OK149,2507768.0,CdlC2,"Cordell silty clay loam, 1 to 5 percent slopes, eroded",Cordell,"Loamy, mixed, active, thermic Lithic Haplustepts",EXACT,Unique exact normalized NASIS taxon/component-name match within the intersected map unit.,26781249.0,Cordell,75.0,Yes,Somewhat excessively drained,No,,no,True,False,True,False,True,False,PARTIAL_NEGATIVE_SUPPORT,False,False
35036,S2016OK149007,H,78C,,0,False,11,1,10,False,Indicator evidence only; no final hydric/nonhydric label assigned.,,OK149,2507761.0,CRoF,"Cordell-Rock outcrop complex, 1 to 20 percent slopes",Cordell-like,"Loamy, mixed, active, thermic Lithic Ustorthents",EXACT,Unique exact normalized NASIS taxon/component-name match within the intersected map unit.,26781253.0,Cordell,59.0,Yes,Somewhat excessively drained,No,,no,True,False,True,False,True,False,PARTIAL_NEGATIVE_SUPPORT,False,False
35037,S2016OK149010,H,78C,,0,False,11,3,8,False,Indicator evidence only; no final hydric/nonhydric label assigned.,,OK149,2507761.0,CRoF,"Cordell-Rock outcrop complex, 1 to 20 percent slopes",Obaro,"Fine-silty, mixed, superactive, thermic Typic Haplustepts",EXACT,Unique exact normalized NASIS taxon/component-name match within the intersected map unit.,26781255.0,Obaro,16.0,No ,Well drained,No,,no,True,False,True,False,True,False,PARTIAL_NEGATIVE_SUPPORT,False,False
35038,S2016OK149012,H,78C,,0,False,11,3,8,False,Indicator evidence only; no final hydric/nonhydric label assigned.,,OK149,2507768.0,CdlC2,"Cordell silty clay loam, 1 to 5 percent slopes, eroded",Cordell,"Loamy, mixed, active, thermic Lithic Haplustepts",EXACT,Unique exact normalized NASIS taxon/component-name match within the intersected map unit.,26781249.0,Cordell,75.0,Yes,Somewhat excessively drained,No,,no,True,False,True,False,True,False,PARTIAL_NEGATIVE_SUPPORT,False,False
35039,S2016OK149014,H,78C,,0,False,11,3,8,False,Indicator evidence only; no final hydric/nonhydric label assigned.,,OK149,2507761.0,CRoF,"Cordell-Rock outcrop complex, 1 to 20 percent slopes",Obaro,"Fine-silty, mixed, superactive, thermic Typic Haplustepts",EXACT,Unique exact normalized NASIS taxon/component-name match within the intersected map unit.,26781255.0,Obaro,16.0,No ,Well drained,No,,no,True,False,True,False,True,False,PARTIAL_NEGATIVE_SUPPORT,False,False
35040,S2016OK149015,H,78C,,0,False,11,3,8,False,Indicator evidence only; no final hydric/nonhydric label assigned.,,OK149,2507761.0,CRoF,"Cordell-Rock outcrop complex, 1 to 20 percent slopes",Cordell-like,"Loamy, mixed, active, thermic Typic Haplustepts",EXACT,Unique exact normalized NASIS taxon/component-name match within the intersected map unit.,26781253.0,Cordell,59.0,Yes,Somewhat excessively drained,No,,no,True,False,True,False,True,False,PARTIAL_NEGATIVE_SUPPORT,False,False
35041,S2016OK149016,H,78C,,0,False,11,3,8,False,Indicator evidence only; no final hydric/nonhydric label assigned.,,OK149,2507768.0,CdlC2,"Cordell silty clay loam, 1 to 5 percent slopes, eroded",Cordell,"Loamy, mixed, active, thermic Lithic Haplustepts",EXACT,Unique exact normalized NASIS taxon/component-name match within the intersected map unit.,26781249.0,Cordell,75.0,Yes,Somewhat excessively drained,No,,no,True,False,True,False,True,False,PARTIAL_NEGATIVE_SUPPORT,False,False
35042,S2016OK149019,H,78C,,0,False,11,1,10,False,Indicator evidence only; no final hydric/nonhydric label assigned.,,OK149,2507768.0,CdlC2,"Cordell silty clay loam, 1 to 5 percent slopes, eroded",Cordell-Eroded,"Loamy, mixed, active, thermic Lithic Ustorthents",EXACT,Unique exact normalized NASIS taxon/component-name match within the intersected map unit.,26781249.0,Cordell,75.0,Yes,Somewhat excessively drained,No,,no,True,False,True,False,True,False,PARTIAL_NEGATIVE_SUPPORT,False,False
35043,S2016OK149020,H,78C,,0,False,11,3,8,False,Indicator evidence only; no final hydric/nonhydric label assigned.,,OK149,2507768.0,CdlC2,"Cordell silty clay loam, 1 to 5 percent slopes, eroded",Cordell,"Loamy, mixed, active, thermic Lithic Haplustepts",EXACT,Unique exact normalized NASIS taxon/component-name match within the intersected map unit.,26781249.0,Cordell,75.0,Yes,Somewhat excessively drained,No,,no,True,False,True,False,True,False,PARTIAL_NEGATIVE_SUPPORT,False,False
35044,S2016OK149025,H,78C,,0,False,11,1,10,False,Indicator evidence only; no final hydric/nonhydric label assigned.,,OK149,2507761.0,CRoF,"Cordell-Rock outcrop complex, 1 to 20 percent slopes",Cordell-LIKE,"Loamy, mixed, active, thermic Lithic Ustorthents",EXACT,Unique exact normalized NASIS taxon/component-name match within the intersected map unit.,26781253.0,Cordell,59.0,Yes,Somewhat excessively drained,No,,no,True,False,True,False,True,False,PARTIAL_NEGATIVE_SUPPORT,False,False
35045,S2016OK149029,H,78C,,0,False,11,3,8,False,Indicator evidence only; no final hydric/nonhydric label assigned.,,OK149,2507761.0,CRoF,"Cordell-Rock outcrop complex, 1 to 20 percent slopes",Obaro,"Fine-silty, mixed, superactive, thermic Typic Haplustepts",EXACT,Unique exact normalized NASIS taxon/component-name match within the intersected map unit.,26781255.0,Obaro,16.0,No ,Well drained,No,,no,True,False,True,False,True,False,PARTIAL_NEGATIVE_SUPPORT,False,False
35046,S2016OK149030,H,78C,,0,False,11,3,8,False,Indicator evidence only; no final hydric/nonhydric label assigned.,,OK149,2507761.0,CRoF,"Cordell-Rock outcrop complex, 1 to 20 percent slopes",Cordell,"Loamy, mixed, active, thermic Lithic Haplustepts",EXACT,Unique exact normalized NASIS taxon/component-name match within the intersected map unit.,26781253.0,Cordell,59.0,Yes,Somewhat excessively drained,No,,no,True,False,True,False,True,False,PARTIAL_NEGATIVE_SUPPORT,False,False
35064,S2015VA187002,N,130A,,0,False,11,1,10,False,Indicator evidence only; no final hydric/nonhydric label assigned.,SCBI,VA187,518823.0,22E,"Lew loam, 25 to 65 percent slopes, very stony",Thurmont,"Fine-loamy, mixed, active, mesic Oxyaquic Hapludults",UNMATCHED,No candidate has adequate name or taxonomic agreement.,,,,,,,,,False,False,False,False,True,False,LINKAGE_UNRESOLVED,False,False
35065,S2015VA187004,N,130A,,0,False,11,1,10,False,Indicator evidence only; no final hydric/nonhydric label assigned.,SCBI,VA187,518847.0,32E,"Myersville and Montalto soils, 25 to 65 percent slopes, very stony",Montalto,"Fine, mixed, semiactive, mesic Ultic Hapludalfs",EXACT,Unique exact normalized NASIS taxon/component-name match within the intersected map unit.,27340386.0,Montalto,40.0,Yes,Well drained,No,,no,True,False,True,False,True,False,PARTIAL_NEGATIVE_SUPPORT,False,False
35066,S2015VA187005,S,147,,0,False,10,1,9,False,Indicator evidence only; no final hydric/nonhydric label assigned.,SCBI,VA187,518843.0,31D,"Myersville-Catoctin silt loams, 15 to 25 percent slopes, very stony",Lew,"Loamy-skeletal, mixed, active, mesic Ultic Hapludalfs",AMBIGUOUS,Multiple plausible candidates remain without a decisive name/taxonomy margin.,,,,,,,,,False,False,False,False,True,False,LINKAGE_UNRESOLVED,False,False
35067,S2015VA187006,N,130A,,0,False,11,1,10,False,Indicator evidence only; no final hydric/nonhydric label assigned.,SCBI,VA187,518841.0,30D,"Myersville silt loam, 15 to 25 percent slopes",Myersville,"Fine-loamy, mixed, active, mesic Ultic Hapludalfs",EXACT,Unique exact normalized NASIS taxon/component-name match within the intersected map unit.,27340374.0,Myersville,80.0,Yes,Well drained,No,,no,True,False,True,False,True,False,PARTIAL_NEGATIVE_SUPPORT,False,False
35068,S2015VA187007,N,130A,,0,False,11,1,10,False,Indicator evidence only; no final hydric/nonhydric label assigned.,SCBI,VA187,518816.0,19B,"Hawksbill cobbly loam, 2 to 7 percent slopes, occasionally flooded",Lew,"Loamy-skeletal, mixed, active, mesic Ultic Hapludalfs",AMBIGUOUS,Multiple plausible candidates remain without a decisive name/taxonomy margin.,,,,,,,,,False,False,False,False,True,False,LINKAGE_UNRESOLVED,False,False
35069,S2015VA187008,N,130A,,0,False,11,1,10,False,Indicator evidence only; no final hydric/nonhydric label assigned.,SCBI,VA187,518823.0,22E,"Lew loam, 25 to 65 percent slopes, very stony",Lew,"Loamy-skeletal, mixed, active, mesic Ultic Hapludalfs",EXACT,Unique exact normalized NASIS taxon/component-name match within the intersected map unit.,27340363.0,Lew,90.0,Yes,Well drained,No,,no,True,False,True,False,True,False,PARTIAL_NEGATIVE_SUPPORT,False,False
35070,S2015VA187010,N,130A,,0,False,11,1,10,False,Indicator evidence only; no final hydric/nonhydric label assigned.,SCBI,VA187,518823.0,22E,"Lew loam, 25 to 65 percent slopes, very stony",Lew,"Loamy-skeletal, mixed, active, mesic Ultic Hapludalfs",EXACT,Unique exact normalized NASIS taxon/component-name match within the intersected map unit.,27340363.0,Lew,90.0,Yes,Well drained,No,,no,True,False,True,False,True,False,PARTIAL_NEGATIVE_SUPPORT,False,False
35071,S2015VA187011,N,130A,,0,False,11,1,10,False,Indicator evidence only; no final hydric/nonhydric label assigned.,SCBI,VA187,518846.0,32D,"Myersville and Montalto soils, 15 to 25 percent slopes, very stony",Myersville,"Fine-loamy, mixed, active, mesic Ultic Hapludalfs",EXACT,Unique exact normalized NASIS taxon/component-name match within the intersected map unit.,27340383.0,Myersville,50.0,Yes,Well drained,No,,no,True,False,True,False,True,False,PARTIAL_NEGATIVE_SUPPORT,False,False
35072,S2015VA187013,N,130A,,0,False,11,1,10,False,Indicator evidence only; no final hydric/nonhydric label assigned.,SCBI,VA187,518847.0,32E,"Myersville and Montalto soils, 25 to 65 percent slopes, very stony",Myersville,"Fine-loamy, mixed, active, mesic Ultic Hapludalfs",EXACT,Unique exact normalized NASIS taxon/component-name match within the intersected map unit.,27340385.0,Myersville,50.0,Yes,Well drained,No,,no,True,False,True,False,True,False,PARTIAL_NEGATIVE_SUPPORT,False,False
35073,S2015VA187014,N,130A,,0,False,11,1,10,False,Indicator evidence only; no final hydric/nonhydric label assigned.,SCBI,VA187,518843.0,31D,"Myersville-Catoctin silt loams, 15 to 25 percent slopes, very stony",Myersville,"Loamy-skeletal, mixed, active, mesic Ultic Hapludalfs",EXACT,Unique exact normalized NASIS taxon/component-name match within the intersected map unit.,27340377.0,Myersville,50.0,Yes,Well drained,No,,no,True,False,True,False,True,False,PARTIAL_NEGATIVE_SUPPORT,False,False
35074,S2015VA187017,N,130A,,0,False,11,1,10,False,Indicator evidence only; no final hydric/nonhydric label assigned.,SCBI,VA187,518845.0,32C,"Myersville and Montalto soils, 7 to 15 percent slopes, very stony",Myersville,"Fine-loamy, mixed, active, mesic Ultic Hapludalfs",EXACT,Unique exact normalized NASIS taxon/component-name match within the intersected map unit.,27340381.0,Myersville,50.0,Yes,Well drained,No,,no,True,False,True,False,True,False,PARTIAL_NEGATIVE_SUPPORT,False,False
35075,S2015VA187019,S,147,,0,False,10,1,9,False,Indicator evidence only; no final hydric/nonhydric label assigned.,SCBI,VA187,518840.0,30C,"Myersville silt loam, 7 to 15 percent slopes",Myersville,"Fine-loamy, mixed, active, mesic Ultic Hapludalfs",EXACT,Unique exact normalized NASIS taxon/component-name match within the intersected map unit.,27340373.0,Myersville,80.0,Yes,Well drained,No,,no,True,False,True,False,True,False,PARTIAL_NEGATIVE_SUPPORT,False,False
35076,S2015VA187021,N,130A,,0,False,11,1,10,False,Indicator evidence only; no final hydric/nonhydric label assigned.,SCBI,VA187,518846.0,32D,"Myersville and Montalto soils, 15 to 25 percent slopes, very stony",Myersville,"Fine-loamy, mixed, active, mesic Ultic Hapludalfs",EXACT,Unique exact normalized NASIS taxon/component-name match within the intersected map unit.,27340383.0,Myersville,50.0,Yes,Well drained,No,,no,True,False,True,False,True,False,PARTIAL_NEGATIVE_SUPPORT,False,False
35077,S2015VA187022,N,130A,,0,False,11,1,10,False,Indicator evidence only; no final hydric/nonhydric label assigned.,SCBI,VA187,518822.0,21D,"Lew channery loam, 7 to 25 percent slopes",Myersville,"Fine-loamy, mixed, active, mesic Ultic Hapludalfs",AMBIGUOUS,Multiple plausible candidates remain without a decisive name/taxonomy margin.,,,,,,,,,False,False,False,False,True,False,LINKAGE_UNRESOLVED,False,False
35078,S2015VA187034,N,130A,,0,False,11,1,10,False,Indicator evidence only; no final hydric/nonhydric label assigned.,SCBI,VA187,518847.0,32E,"Myersville and Montalto soils, 25 to 65 percent slopes, very stony",Myersville,"Fine-loamy, mixed, active, mesic Ultic Hapludalfs",EXACT,Unique exact normalized NASIS taxon/component-name match within the intersected map unit.,27340385.0,Myersville,50.0,Yes,Well drained,No,,no,True,False,True,False,True,False,PARTIAL_NEGATIVE_SUPPORT,False,False
35079,S2015VA187035,N,130A,,0,False,11,1,10,False,Indicator evidence only; no final hydric/nonhydric label assigned.,SCBI,VA187,518847.0,32E,"Myersville and Montalto soils, 25 to 65 percent slopes, very stony",Myersville,"Fine-loamy, mixed, active, mesic Ultic Hapludalfs",EXACT,Unique exact normalized NASIS taxon/component-name match within the intersected map unit.,27340385.0,Myersville,50.0,Yes,Well drained,No,,no,True,False,True,False,True,False,PARTIAL_NEGATIVE_SUPPORT,False,False
35080,S2015VA187037,N,130A,,0,False,11,1,10,False,Indicator evidence only; no final hydric/nonhydric label assigned.,SCBI,VA187,518837.0,29C,"Montalto loam, 7 to 15 percent slopes",Montalto,"Fine, mixed, semiactive, mesic Ultic Hapludalfs",EXACT,Unique exact normalized NASIS taxon/component-name match within the intersected map unit.,27340331.0,Montalto,80.0,Yes,Well drained,No,,no,True,False,True,False,True,False,PARTIAL_NEGATIVE_SUPPORT,False,False
35081,S2015VA187043,N,130A,,0,False,11,1,10,False,Indicator evidence only; no final hydric/nonhydric label assigned.,SCBI,VA187,518823.0,22E,"Lew loam, 25 to 65 percent slopes, very stony",Lew,"Loamy-skeletal, mixed, active, mesic Ultic Hapludalfs",EXACT,Unique exact normalized NASIS taxon/component-name match within the intersected map unit.,27340363.0,Lew,90.0,Yes,Well drained,No,,no,True,False,True,False,True,False,PARTIAL_NEGATIVE_SUPPORT,False,False
35128,S2016CO123001,G,67B,,0,False,11,3,8,False,Indicator evidence only; no final hydric/nonhydric label assigned.,,CO617,95160.0,65,"Terry sandy loam, 3 to 9 percent slopes",Ascalon,"Fine-loamy, mixed, superactive, mesic Aridic Argiustolls",UNMATCHED,No candidate has adequate name or taxonomic agreement.,,,,,,,,,False,False,False,False,True,False,LINKAGE_UNRESOLVED,False,False
35129,S2016CO123002,G,67B,,0,False,11,3,8,False,Indicator evidence only; no final hydric/nonhydric label assigned.,,CO617,95169.0,73,"Vona sandy loam, 0 to 3 percent slopes",Haverson,"Fine-loamy, mixed, superactive, mesic Torrifluventic Haplustepts",UNMATCHED,No candidate has adequate name or taxonomic agreement.,,,,,,,,,False,False,False,False,True,False,LINKAGE_UNRESOLVED,False,False
35130,S2016CO123003,G,67B,,0,False,11,3,8,False,Indicator evidence only; no final hydric/nonhydric label assigned.,,CO617,95169.0,73,"Vona sandy loam, 0 to 3 percent slopes",Haxtun,"Fine-loamy, mixed, superactive, mesic Pachic Argiustolls",UNMATCHED,No candidate has adequate name or taxonomic agreement.,,,,,,,,,False,False,False,False,True,False,LINKAGE_UNRESOLVED,False,False
35131,S2016CO123004,G,67B,,0,False,11,3,8,False,Indicator evidence only; no final hydric/nonhydric label assigned.,,CO617,95132.0,4,"Ascalon fine sandy loam, 0 to 6 percent slopes",Ascalon,"Fine-loamy, mixed, superactive, mesic Aridic Argiustolls",EXACT,Unique exact normalized NASIS taxon/component-name match within the intersected map unit.,26599030.0,Ascalon,85.0,Yes,Well drained,No,,no,True,False,True,False,True,False,PARTIAL_NEGATIVE_SUPPORT,False,False
35132,S2016CO123005,G,67B,,0,False,11,3,8,False,Indicator evidence only; no final hydric/nonhydric label assigned.,,CO617,95175.0,9,Avar fine sandy loam,Avar,"Coarse-loamy, mixed, superactive, mesic Aridic Argiustolls",EXACT,Unique exact normalized NASIS taxon/component-name match within the intersected map unit.,26599040.0,Avar,80.0,Yes,Well drained,No,,no,True,False,True,False,True,False,PARTIAL_NEGATIVE_SUPPORT,False,False
35133,S2016CO123006,G,67B,,0,False,11,3,8,False,Indicator evidence only; no final hydric/nonhydric label assigned.,,CO617,95133.0,40,"Nunn loam, 0 to 6 percent slopes",Wapiti,"Fine-loamy, mixed, superactive, mesic Calcidic Argiustolls",AMBIGUOUS,Multiple plausible candidates remain without a decisive name/taxonomy margin.,,,,,,,,,False,False,False,False,True,False,LINKAGE_UNRESOLVED,False,False
35134,S2016CO123007,G,67B,,0,False,11,1,10,False,Indicator evidence only; no final hydric/nonhydric label assigned.,,CO617,95169.0,73,"Vona sandy loam, 0 to 3 percent slopes",Otero,"Coarse-loamy, mixed, superactive, calcareous, mesic Aridic Ustorthents",UNMATCHED,No candidate has adequate name or taxonomic agreement.,,,,,,,,,False,False,False,False,True,False,LINKAGE_UNRESOLVED,False,False
35135,S2016CO123008,G,67B,,0,False,11,3,8,False,Indicator evidence only; no final hydric/nonhydric label assigned.,,CO617,95132.0,4,"Ascalon fine sandy loam, 0 to 6 percent slopes",Wapiti,"Fine-loamy, mixed, superactive, mesic Calcidic Argiustolls",AMBIGUOUS,Multiple plausible candidates remain without a decisive name/taxonomy margin.,,,,,,,,,False,False,False,False,True,False,LINKAGE_UNRESOLVED,False,False
35136,S2016CO123009,G,67B,,0,False,11,3,8,False,Indicator evidence only; no final hydric/nonhydric label assigned.,,CO617,95111.0,20,"Cascajo gravelly sandy loam, 5 to 20 percent slopes",Paoli,"Coarse-loamy, mixed, superactive, mesic Pachic Haplustolls",EXACT,Unique exact normalized NASIS taxon/component-name match within the intersected map unit.,26599076.0,Cascajo,85.0,Yes,Excessively drained,No,,no,True,False,True,False,True,False,PARTIAL_NEGATIVE_SUPPORT,False,False
35137,S2016CO123010,G,67B,,0,False,11,1,10,False,Indicator evidence only; no final hydric/nonhydric label assigned.,,CO617,95120.0,29,"Haverson loam, 0 to 3 percent slopes",Otero,"Coarse-loamy, mixed, superactive, calcareous, mesic Aridic Ustorthents",UNMATCHED,No candidate has adequate name or taxonomic agreement.,,,,,,,,,False,False,False,False,True,False,LINKAGE_UNRESOLVED,False,False
35138,S2016CO123011,G,67B,,0,False,11,3,8,False,Indicator evidence only; no final hydric/nonhydric label assigned.,,CO617,95138.0,45,"Olney fine sandy loam, 6 to 9 percent slopes",Ascalon,"Fine-loamy, mixed, superactive, mesic Aridic Argiustolls",EXACT,Unique exact normalized NASIS taxon/component-name match within the intersected map unit.,26599161.0,Ascalon,5.0,No ,,No,,no,True,False,True,False,True,False,PARTIAL_NEGATIVE_SUPPORT,False,False
35139,S2016CO123012,G,67B,,0,False,11,3,8,False,Indicator evidence only; no final hydric/nonhydric label assigned.,,CO617,95151.0,57,"Renohill-Shingle complex, 3 to 9 percent slopes",Ascalon,"Fine-loamy, mixed, superactive, mesic Aridic Argiustolls",UNMATCHED,No candidate has adequate name or taxonomic agreement.,,,,,,,,,False,False,False,False,True,False,LINKAGE_UNRESOLVED,False,False
35140,S2016CO123013,G,67B,,0,False,11,3,8,False,Indicator evidence only; no final hydric/nonhydric label assigned.,,CO617,95149.0,55,"Renohill fine sandy loam, 0 to 6 percent slopes",Ascalon,"Fine-loamy, mixed, superactive, mesic Aridic Argiustolls",UNMATCHED,No candidate has adequate name or taxonomic agreement.,,,,,,,,,False,False,False,False,True,False,LINKAGE_UNRESOLVED,False,False
35141,S2016CO123014,G,67B,,0,False,11,3,8,False,Indicator evidence only; no final hydric/nonhydric label assigned.,,CO617,95160.0,65,"Terry sandy loam, 3 to 9 percent slopes",Renohill,"Fine, smectitic, mesic Aridic Haplustalfs",EXACT,Unique exact normalized NASIS taxon/component-name match within the intersected map unit.,26599239.0,Renohill,3.0,No ,,No,,no,True,False,True,False,True,False,PARTIAL_NEGATIVE_SUPPORT,False,False
35142,S2016CO123015,G,67B,,0,False,11,3,8,False,Indicator evidence only; no final hydric/nonhydric label assigned.,,CO617,95132.0,4,"Ascalon fine sandy loam, 0 to 6 percent slopes",Olnest,"Fine-loamy, mixed, superactive, mesic Aridic Haplustalfs",EXACT,Unique exact normalized NASIS taxon/component-name match within the intersected map unit.,26599031.0,Olnest,8.0,No ,Well drained,No,,no,True,False,True,False,True,False,PARTIAL_NEGATIVE_SUPPORT,False,False
35143,S2016CO123016,G,67B,,0,False,11,3,8,False,Indicator evidence only; no final hydric/nonhydric label assigned.,,CO617,95151.0,57,"Renohill-Shingle complex, 3 to 9 percent slopes",Cushman,"Fine-loamy, mixed, superactive, mesic Aridic Argiustolls",UNMATCHED,No candidate has adequate name or taxonomic agreement.,,,,,,,,,False,False,False,False,True,False,LINKAGE_UNRESOLVED,False,False
35144,S2016CO123017,G,67B,,0,False,11,3,8,False,Indicator evidence only; no final hydric/nonhydric label assigned.,,CO617,95151.0,57,"Renohill-Shingle complex, 3 to 9 percent slopes",Renohill,"Fine, smectitic, mesic Aridic Argiustolls",EXACT,Unique exact normalized NASIS taxon/component-name match within the intersected map unit.,26599213.0,Renohill,50.0,Yes,Well drained,No,,no,True,False,True,False,True,False,PARTIAL_NEGATIVE_SUPPORT,False,False
35261,S2016TX497001,J,84B,,0,False,10,6,4,False,Indicator evidence only; no final hydric/nonhydric label assigned.,,TX497,3054446.0,WeD,"Duffau-Weatherford complex, 3 to 8 percent slopes",Keeter,"Fine-silty, siliceous, active, thermic Udic Haplustalfs",HIGH,Multiple exact-name components; unique best taxonomic agreement selected.,27215905.0,Windthorst,7.0,No ,Moderately well drained,No,,no,True,False,True,False,True,False,PARTIAL_NEGATIVE_SUPPORT,False,False
35287,S2016MD003001,S,149A,,0,False,10,1,9,False,Indicator evidence only; no final hydric/nonhydric label assigned.,SERC,MD003,609556.0,AdB,"Adelphia-Holmdel complex, 2 to 5 percent slopes",Woodstown,"Fine, mixed, active, nonacid, mesic Aquic Hapludults",AMBIGUOUS,Multiple plausible candidates remain without a decisive name/taxonomy margin.,,,,,,,,,False,False,False,False,True,False,LINKAGE_UNRESOLVED,False,False
35288,S2016MD003004,S,149A,,0,False,10,1,9,False,Indicator evidence only; no final hydric/nonhydric label assigned.,SERC,MD003,609565.0,CRD,"Collington and Annapolis soils, 10 to 15 percent slopes",Collington,"Fine-loamy, mixed, active, mesic Typic Hapludults",EXACT,Unique exact normalized NASIS taxon/component-name match within the intersected map unit.,27484254.0,Collington,45.0,Yes,Well drained,No,,no,True,False,True,False,True,False,PARTIAL_NEGATIVE_SUPPORT,False,False
35289,S2016MD003006,S,149A,,0,False,10,1,9,False,Indicator evidence only; no final hydric/nonhydric label assigned.,SERC,MD003,137727.0,AsC,"Annapolis fine sandy loam, 5 to 10 percent slopes",Adelphia,"Fine-loamy, mixed, active, nonacid, mesic Aquic Hapludults",AMBIGUOUS,Multiple plausible candidates remain without a decisive name/taxonomy margin.,,,,,,,,,False,False,False,False,True,False,LINKAGE_UNRESOLVED,False,False
35290,S2016MD003007,S,149A,,0,False,10,1,9,False,Indicator evidence only; no final hydric/nonhydric label assigned.,SERC,MD003,137726.0,AsB,"Annapolis fine sandy loam, 2 to 5 percent slopes",Donlonton,"Fine, glauconitic, mesic Aquic Hapludults",EXACT,Unique exact normalized NASIS taxon/component-name match within the intersected map unit.,27484164.0,Donlonton,10.0,No ,,No,,no,True,False,True,False,True,False,PARTIAL_NEGATIVE_SUPPORT,False,False
35291,S2016MD003009,S,149A,,0,False,10,1,9,False,Indicator evidence only; no final hydric/nonhydric label assigned.,SERC,MD003,137790.0,MaD,"Marr-Dodon complex, 10 to 15 percent slopes",Marr,"Fine-loamy, siliceous, active, mesic Oxyaquic Hapludults",EXACT,Unique exact normalized NASIS taxon/component-name match within the intersected map unit.,27484450.0,Marr,45.0,Yes,Well drained,No,,no,True,False,True,False,True,False,PARTIAL_NEGATIVE_SUPPORT,False,False
35292,S2016MD003010,S,149A,,0,False,10,1,9,False,Indicator evidence only; no final hydric/nonhydric label assigned.,SERC,MD003,137738.0,CoC,"Collington-Wist complex, 5 to 10 percent slopes",Adelphia,"Coarse-loamy, mixed, active, mesic Aquic Hapludults",HIGH,Multiple exact-name components; unique best taxonomic agreement selected.,27484237.0,Adelphia,15.0,No ,Moderately well drained,No,,no,True,False,True,False,True,False,PARTIAL_NEGATIVE_SUPPORT,False,False
35293,S2016MD003011,S,149A,,0,False,10,1,9,False,Indicator evidence only; no final hydric/nonhydric label assigned.,SERC,MD003,137790.0,MaD,"Marr-Dodon complex, 10 to 15 percent slopes",Sassafras,"Fine-loamy, siliceous, active, mesic Typic Hapludults",MEDIUM,No name match; unique candidate supported by at least three taxonomic ranks.,27484450.0,Marr,45.0,Yes,Well drained,No,,no,False,False,False,False,True,False,LINKAGE_UNRESOLVED,False,False
35294,S2016MD003012,S,149A,,0,False,10,1,9,False,Indicator evidence only; no final hydric/nonhydric label assigned.,SERC,MD003,609566.0,CSE,"Collington, Wist, and Westphalia soils, 15 to 25 percent slopes",Collington,"Fine-loamy, mixed, active, mesic Typic Hapludults",EXACT,Unique exact normalized NASIS taxon/component-name match within the intersected map unit.,27484256.0,Collington,35.0,Yes,Well drained,No,,no,True,False,True,False,True,False,PARTIAL_NEGATIVE_SUPPORT,False,False
35295,S2016MD003013,S,149A,,0,False,10,1,9,False,Indicator evidence only; no final hydric/nonhydric label assigned.,SERC,MD003,137829.0,SsA,"Shrewsbury loam, 0 to 2 percent slopes",Donlonton,"Fine-loamy, glauconitic, mesic Aquic Hapludults",UNMATCHED,No candidate has adequate name or taxonomic agreement.,,,,,,,,,False,False,False,False,True,False,LINKAGE_UNRESOLVED,False,False
35296,S2016MD003014,S,149A,,0,False,10,1,9,False,Indicator evidence only; no final hydric/nonhydric label assigned.,SERC,MD003,609556.0,AdB,"Adelphia-Holmdel complex, 2 to 5 percent slopes",Donlonton,"Fine-loamy, glauconitic, mesic Aquic Hapludults",AMBIGUOUS,Multiple plausible candidates remain without a decisive name/taxonomy margin.,,,,,,,,,False,False,False,False,True,False,LINKAGE_UNRESOLVED,False,False
35297,S2016MD003019,S,149A,,0,False,10,1,9,False,Indicator evidence only; no final hydric/nonhydric label assigned.,SERC,MD003,137829.0,SsA,"Shrewsbury loam, 0 to 2 percent slopes",Donlonton,"Fine-loamy, glauconitic, mesic Aquic Hapludults",UNMATCHED,No candidate has adequate name or taxonomic agreement.,,,,,,,,,False,False,False,False,True,False,LINKAGE_UNRESOLVED,False,False
35298,S2016MD003020,S,149A,,0,False,10,1,9,False,Indicator evidence only; no final hydric/nonhydric label assigned.,SERC,MD003,137726.0,AsB,"Annapolis fine sandy loam, 2 to 5 percent slopes",Holmdel,"Fine-loamy, glauconitic, mesic Aquic Hapludults",AMBIGUOUS,Multiple plausible candidates remain without a decisive name/taxonomy margin.,,,,,,,,,False,False,False,False,True,False,LINKAGE_UNRESOLVED,False,False
35299,S2016MD003022,S,149A,,0,False,10,1,9,False,Indicator evidence only; no final hydric/nonhydric label assigned.,SERC,MD003,137790.0,MaD,"Marr-Dodon complex, 10 to 15 percent slopes",Dodon,"Fine, siliceous, active, mesic Aquic Hapludults",EXACT,Unique exact normalized NASIS taxon/component-name match within the intersected map unit.,27484451.0,Dodon,40.0,Yes,Moderately well drained,No,,no,True,False,True,False,True,False,PARTIAL_NEGATIVE_SUPPORT,False,False
35300,S2016MD003025,S,149A,,0,False,10,1,9,False,Indicator evidence only; no final hydric/nonhydric label assigned.,SERC,MD003,137727.0,AsC,"Annapolis fine sandy loam, 5 to 10 percent slopes",Annapolis,"Fine-loamy, glauconitic, mesic Typic Hapludults",EXACT,Unique exact normalized NASIS taxon/component-name match within the intersected map unit.,27484168.0,Annapolis,80.0,Yes,Well drained,No,,no,True,False,True,False,True,False,PARTIAL_NEGATIVE_SUPPORT,False,False
35301,S2016MD003026,S,149A,,0,False,10,1,9,False,Indicator evidence only; no final hydric/nonhydric label assigned.,SERC,MD003,137829.0,SsA,"Shrewsbury loam, 0 to 2 percent slopes",Donlonton,"Fine, glauconitic, mesic Oxyaquic Hapludults",UNMATCHED,No candidate has adequate name or taxonomic agreement.,,,,,,,,,False,False,False,False,True,False,LINKAGE_UNRESOLVED,False,False
35302,S2016MD003027,S,149A,,0,False,10,1,9,False,Indicator evidence only; no final hydric/nonhydric label assigned.,SERC,MD003,137726.0,AsB,"Annapolis fine sandy loam, 2 to 5 percent slopes",Annapolis,"Fine, glauconitic, mesic Typic Hapludults",EXACT,Unique exact normalized NASIS taxon/component-name match within the intersected map unit.,27484165.0,Annapolis,80.0,Yes,Well drained,No,,no,True,False,True,False,True,False,PARTIAL_NEGATIVE_SUPPORT,False,False
35303,S2016MD003028,S,149A,,0,False,10,1,9,False,Indicator evidence only; no final hydric/nonhydric label assigned.,SERC,MD003,137745.0,CxA,"Cumberstone-Mattapex complex, 0 to 2 percent slopes",Sharptown,"Fine-silty, mixed, active, mesic Aquic Hapludults",AMBIGUOUS,Multiple plausible candidates remain without a decisive name/taxonomy margin.,,,,,,,,,False,False,False,False,True,False,LINKAGE_UNRESOLVED,False,False
35304,S2016MD003029,S,149A,,0,False,10,1,9,False,Indicator evidence only; no final hydric/nonhydric label assigned.,SERC,MD003,609556.0,AdB,"Adelphia-Holmdel complex, 2 to 5 percent slopes",Donlonton,"Fine-loamy, glauconitic, mesic Aquic Hapludults",AMBIGUOUS,Multiple plausible candidates remain without a decisive name/taxonomy margin.,,,,,,,,,False,False,False,False,True,False,LINKAGE_UNRESOLVED,False,False
35305,S2016MD003030,S,149A,,0,False,10,1,9,False,Indicator evidence only; no final hydric/nonhydric label assigned.,SERC,MD003,137755.0,DnB,"Donlonton fine sandy loam, 2 to 5 percent slopes",Fallsington,"Fine-loamy, siliceous, active, mesic Typic Endoaquults",AMBIGUOUS,Multiple plausible candidates remain without a decisive name/taxonomy margin.,,,,,,,,,False,False,False,False,True,False,LINKAGE_UNRESOLVED,False,False
35306,S2016MD003068,S,149A,,0,False,10,1,9,False,Indicator evidence only; no final hydric/nonhydric label assigned.,SERC,MD003,137789.0,MaC,"Marr-Dodon complex, 5 to 10 percent slopes",Marr,"Fine-loamy, siliceous, active, mesic Typic Hapludults",EXACT,Unique exact normalized NASIS taxon/component-name match within the intersected map unit.,27484446.0,Marr,50.0,Yes,Well drained,No,,no,True,False,True,False,True,False,PARTIAL_NEGATIVE_SUPPORT,False,False
35322,S2016AK185001,Y,245,,0,False,3,1,2,False,Indicator evidence only; no final hydric/nonhydric label assigned.,,AK739,3375522.0,E45H2,Arctic Foothills-Arctic Upland-Glaciated Hills and Plains,Typic Histoturbels loamy-skeletal,"Loamy-skeletal, mixed, superactive, acid, pergelic Typic Histoturbels",UNMATCHED,No candidate has adequate name or taxonomic agreement.,,,,,,,,,False,False,False,False,True,False,LINKAGE_UNRESOLVED,False,False
35323,S2016AK185002,Y,246,,0,False,3,1,2,False,Indicator evidence only; no final hydric/nonhydric label assigned.,,AK760,3352349.0,E46C2,"Arctic Coastal Plain-Arctic Lowland-Coastal Plains, Low","Typic Histoturbel, fine silty","Fine-silty, mixed, superactive, nonacid, pergelic Typic Histoturbels",MEDIUM,No name match; unique candidate supported by at least three taxonomic ranks.,26868269.0,E46-Arctic sedge-loamy frozen low-center polygons,31.0,Yes,Very poorly drained,Yes,2,yes,False,False,False,False,True,False,LINKAGE_UNRESOLVED,False,False
35338,S2016UT037001,D,35,,0,False,11,3,8,False,Indicator evidence only; no final hydric/nonhydric label assigned.,MOAB,UT633,55362.0,41,"Ignacio-Leanto fine sandy loams, 2 to 6 percent slopes",Windwhistle,"Coarse-loamy, mixed, superactive, mesic Ustic Haplargids",EXACT,Unique exact normalized NASIS taxon/component-name match within the intersected map unit.,27399123.0,Windwhistle,3.0,No ,,,,,True,False,False,False,True,False,OTHER,False,False
35339,S2016UT037002,D,35,,0,False,11,3,8,False,Indicator evidence only; no final hydric/nonhydric label assigned.,MOAB,UT633,55404.0,8,"Begay fine sandy loam, moist, 2 to 6 percent slopes",Mivida,"Coarse-loamy, mixed, superactive, mesic Aridic Calciustepts",EXACT,Unique exact normalized NASIS taxon/component-name match within the intersected map unit.,27399312.0,Mivida,10.0,No ,,,,,True,False,False,False,True,False,OTHER,False,False
35340,S2016UT037003,D,35,,0,False,11,3,8,False,Indicator evidence only; no final hydric/nonhydric label assigned.,MOAB,UT633,55328.0,104,"Windwhistle-Sazi very fine sandy loams, 1 to 3 percent slopes",Windwhistle,"Coarse-loamy, mixed, superactive, mesic Ustic Calciargids",EXACT,Unique exact normalized NASIS taxon/component-name match within the intersected map unit.,27398966.0,Windwhistle,40.0,Yes,Well drained,No,,no,True,False,True,False,True,False,PARTIAL_NEGATIVE_SUPPORT,False,False
35341,S2016UT037004,D,36,,0,False,11,3,8,False,Indicator evidence only; no final hydric/nonhydric label assigned.,MOAB,UT633,55394.0,70,"Rizno-Rock outcrop complex, 3 to 15 percent slopes",Aridic Lithic Haplustepts,"Clayey, mixed, superactive, mesic Aridic Lithic Haplustepts",UNMATCHED,No candidate has adequate name or taxonomic agreement.,,,,,,,,,False,False,False,False,True,False,LINKAGE_UNRESOLVED,False,False
35342,S2016UT037005,D,36,,0,False,11,3,8,False,Indicator evidence only; no final hydric/nonhydric label assigned.,MOAB,UT633,55394.0,70,"Rizno-Rock outcrop complex, 3 to 15 percent slopes",Cahona,"Fine-loamy, mixed, superactive, mesic Calcidic Haplustalfs",UNMATCHED,No candidate has adequate name or taxonomic agreement.,,,,,,,,,False,False,False,False,True,False,LINKAGE_UNRESOLVED,False,False
35343,S2016UT037006,D,35,,0,False,11,3,8,False,Indicator evidence only; no final hydric/nonhydric label assigned.,MOAB,UT633,55394.0,70,"Rizno-Rock outcrop complex, 3 to 15 percent slopes",Aridic Lithic Haplustepts,"Loamy, mixed, superactive, mesic Aridic Lithic Haplustepts",UNMATCHED,No candidate has adequate name or taxonomic agreement.,,,,,,,,,False,False,False,False,True,False,LINKAGE_UNRESOLVED,False,False
35344,S2016UT037007,D,35,,0,False,11,3,8,False,Indicator evidence only; no final hydric/nonhydric label assigned.,MOAB,UT633,55328.0,104,"Windwhistle-Sazi very fine sandy loams, 1 to 3 percent slopes",Windwhistle,"Fine-loamy, mixed, superactive, mesic, shallow Ustic Calciargids",EXACT,Unique exact normalized NASIS taxon/component-name match within the intersected map unit.,27398966.0,Windwhistle,40.0,Yes,Well drained,No,,no,True,False,True,False,True,False,PARTIAL_NEGATIVE_SUPPORT,False,False
35345,S2016UT037008,D,35,,0,False,11,3,8,False,Indicator evidence only; no final hydric/nonhydric label assigned.,MOAB,UT633,55374.0,52,"Mivida fine sandy loam, 2 to 8 percent slopes",Barx,"Fine-loamy, mixed, superactive, mesic Ustic Calciargids",UNMATCHED,No candidate has adequate name or taxonomic agreement.,,,,,,,,,False,False,False,False,True,False,LINKAGE_UNRESOLVED,False,False
35346,S2016UT037009,D,35,,0,False,11,3,8,False,Indicator evidence only; no final hydric/nonhydric label assigned.,MOAB,UT633,55393.0,7,"Begay fine sandy loam, 2 to 6 percent slopes",Begay,"Coarse-loamy, mixed, superactive, mesic Ustic Haplocambids",EXACT,Unique exact normalized NASIS taxon/component-name match within the intersected map unit.,27399258.0,Begay,75.0,Yes,Well drained,No,,no,True,False,True,False,True,False,PARTIAL_NEGATIVE_SUPPORT,False,False
35347,S2016UT037010,D,35,,0,False,11,3,8,False,Indicator evidence only; no final hydric/nonhydric label assigned.,MOAB,UT633,55393.0,7,"Begay fine sandy loam, 2 to 6 percent slopes",Begay,"Coarse-loamy, mixed, superactive, mesic Ustic Haplocambids",EXACT,Unique exact normalized NASIS taxon/component-name match within the intersected map unit.,27399258.0,Begay,75.0,Yes,Well drained,No,,no,True,False,True,False,True,False,PARTIAL_NEGATIVE_SUPPORT,False,False
35348,S2016UT037011,D,35,,0,False,11,3,8,False,Indicator evidence only; no final hydric/nonhydric label assigned.,MOAB,UT633,55328.0,104,"Windwhistle-Sazi very fine sandy loams, 1 to 3 percent slopes",Sazi,"Coarse-loamy, mixed, superactive, mesic Ustic Haplocalcids",HIGH,Multiple exact-name components; unique best taxonomic agreement selected.,27398967.0,Sazi,35.0,Yes,Well drained,No,,no,True,False,True,False,True,False,PARTIAL_NEGATIVE_SUPPORT,False,False
35391,S2016NM013001,D,42B,,0,False,11,3,8,False,Indicator evidence only; no final hydric/nonhydric label assigned.,JORN,NM690,634597.0,WH,Wink-Harrisburg association,Harrisburg,"Coarse-loamy, mixed, superactive, thermic Typic Petrocalcids",EXACT,Unique exact normalized NASIS taxon/component-name match within the intersected map unit.,27479795.0,Harrisburg,25.0,Yes,Well drained,No,,no,True,False,True,False,True,False,PARTIAL_NEGATIVE_SUPPORT,False,False
35392,S2016NM013002,D,42B,,0,False,11,3,8,False,Indicator evidence only; no final hydric/nonhydric label assigned.,JORN,NM690,634598.0,WP,Wink-Pintura complex,Pajarito,"Coarse-loamy, mixed, superactive, thermic Typic Haplocambids",EXACT,Unique exact normalized NASIS taxon/component-name match within the intersected map unit.,27479803.0,Pajarito,5.0,No ,Well drained,No,,no,True,False,True,False,True,False,PARTIAL_NEGATIVE_SUPPORT,False,False
35393,S2016NM013003,D,42B,,0,False,11,3,8,False,Indicator evidence only; no final hydric/nonhydric label assigned.,JORN,NM690,634598.0,WP,Wink-Pintura complex,Harrisburg,"Coarse-loamy, mixed, superactive, thermic, shallow Typic Petrocalcids",EXACT,Unique exact normalized NASIS taxon/component-name match within the intersected map unit.,27479806.0,Harrisburg,5.0,No ,Well drained,No,,no,True,False,True,False,True,False,PARTIAL_NEGATIVE_SUPPORT,False,False
35394,S2016NM013004,D,42B,,0,False,11,3,8,False,Indicator evidence only; no final hydric/nonhydric label assigned.,JORN,NM690,634579.0,OP,Onite-Pajarito association,Nations,"Coarse-loamy, mixed, superactive, thermic Calcic Petrocalcids",AMBIGUOUS,Multiple plausible candidates remain without a decisive name/taxonomy margin.,,,,,,,,,False,False,False,False,True,False,LINKAGE_UNRESOLVED,False,False
35395,S2016NM013005,D,42B,,0,False,11,3,8,False,Indicator evidence only; no final hydric/nonhydric label assigned.,JORN,NM690,634590.0,SH,Simona-Harrisburg association,Atoka,"Fine-loamy, mixed, superactive, thermic Typic Petrocalcids",AMBIGUOUS,Multiple plausible candidates remain without a decisive name/taxonomy margin.,,,,,,,,,False,False,False,False,True,False,LINKAGE_UNRESOLVED,False,False
35396,S2016NM013006,D,42B,,0,False,11,3,8,False,Indicator evidence only; no final hydric/nonhydric label assigned.,JORN,NM690,634579.0,OP,Onite-Pajarito association,Wink,"Coarse-loamy, mixed, superactive, thermic Typic Haplocalcids",EXACT,Unique exact normalized NASIS taxon/component-name match within the intersected map unit.,27479722.0,Wink,3.0,No ,Well drained,No,,no,True,False,True,False,True,False,PARTIAL_NEGATIVE_SUPPORT,False,False
35397,S2016NM013007,D,42B,,0,False,11,3,8,False,Indicator evidence only; no final hydric/nonhydric label assigned.,JORN,NM690,634579.0,OP,Onite-Pajarito association,Simona,"Loamy, mixed, superactive, thermic, shallow Typic Petrocalcids",EXACT,Unique exact normalized NASIS taxon/component-name match within the intersected map unit.,27479720.0,Simona,3.0,No ,Well drained,No,,no,True,False,True,False,True,False,PARTIAL_NEGATIVE_SUPPORT,False,False
35398,S2016NM013008,D,42B,,0,False,11,3,8,False,Indicator evidence only; no final hydric/nonhydric label assigned.,JORN,NM690,634580.0,OR,Onite-Pintura complex,Berino,"Fine-loamy, mixed, superactive, thermic Typic Calciargids",EXACT,Unique exact normalized NASIS taxon/component-name match within the intersected map unit.,27479728.0,Berino,6.0,No ,Well drained,No,,no,True,False,True,False,True,False,PARTIAL_NEGATIVE_SUPPORT,False,False
35399,S2016NM013009,D,42B,,0,False,11,3,8,False,Indicator evidence only; no final hydric/nonhydric label assigned.,JORN,NM690,634580.0,OR,Onite-Pintura complex,Wink,"Coarse-loamy, mixed, superactive, thermic Typic Haplocalcids",EXACT,Unique exact normalized NASIS taxon/component-name match within the intersected map unit.,27479725.0,Pajarito,7.0,No ,Well drained,No,,no,True,False,True,False,True,False,PARTIAL_NEGATIVE_SUPPORT,False,False
35400,S2016NM013010,D,42B,,0,False,11,3,8,False,Indicator evidence only; no final hydric/nonhydric label assigned.,JORN,NM690,634580.0,OR,Onite-Pintura complex,Calcic Petrocalcids,"Fine-loamy, mixed, superactive, thermic Calcic Petrocalcids",AMBIGUOUS,Multiple plausible candidates remain without a decisive name/taxonomy margin.,,,,,,,,,False,False,False,False,True,False,LINKAGE_UNRESOLVED,False,False
35401,S2016NM013011,D,42B,,0,False,11,3,8,False,Indicator evidence only; no final hydric/nonhydric label assigned.,JORN,NM690,634579.0,OP,Onite-Pajarito association,Nations,"Coarse-loamy, mixed, superactive, thermic Typic Petrocalcids",AMBIGUOUS,Multiple plausible candidates remain without a decisive name/taxonomy margin.,,,,,,,,,False,False,False,False,True,False,LINKAGE_UNRESOLVED,False,False
35402,S2016NM013012,D,42B,,0,False,11,3,8,False,Indicator evidence only; no final hydric/nonhydric label assigned.,JORN,NM690,634579.0,OP,Onite-Pajarito association,Nations,"Coarse-loamy, mixed, superactive, thermic Typic Petrocalcids",AMBIGUOUS,Multiple plausible candidates remain without a decisive name/taxonomy margin.,,,,,,,,,False,False,False,False,True,False,LINKAGE_UNRESOLVED,False,False
35403,S2016NM013013,D,42B,,0,False,11,3,8,False,Indicator evidence only; no final hydric/nonhydric label assigned.,JORN,NM690,634580.0,OR,Onite-Pintura complex,Typic Petrocalcids,"Fine-loamy, mixed, superactive, thermic Typic Petrocalcids",AMBIGUOUS,Multiple plausible candidates remain without a decisive name/taxonomy margin.,,,,,,,,,False,False,False,False,True,False,LINKAGE_UNRESOLVED,False,False
35404,S2016NM013014,D,42B,,0,False,11,3,8,False,Indicator evidence only; no final hydric/nonhydric label assigned.,JORN,NM690,634580.0,OR,Onite-Pintura complex,Pajarito,"Coarse-loamy, mixed, superactive, thermic Typic Haplocambids",EXACT,Unique exact normalized NASIS taxon/component-name match within the intersected map unit.,27479725.0,Pajarito,7.0,No ,Well drained,No,,no,True,False,True,False,True,False,PARTIAL_NEGATIVE_SUPPORT,False,False
35405,S2016NM013015,D,42B,,0,False,11,3,8,False,Indicator evidence only; no final hydric/nonhydric label assigned.,JORN,NM690,634590.0,SH,Simona-Harrisburg association,Simona,"Loamy, mixed, superactive, thermic, shallow Typic Petrocalcids",EXACT,Unique exact normalized NASIS taxon/component-name match within the intersected map unit.,27479759.0,Simona,50.0,Yes,Well drained,No,,no,True,False,True,False,True,False,PARTIAL_NEGATIVE_SUPPORT,False,False
35406,S2016NM013016,D,42B,,0,False,11,3,8,False,Indicator evidence only; no final hydric/nonhydric label assigned.,JORN,NM690,634597.0,WH,Wink-Harrisburg association,Bucklebar,"Fine-loamy, mixed, superactive, thermic Typic Haplargids",AMBIGUOUS,Multiple plausible candidates remain without a decisive name/taxonomy margin.,,,,,,,,,False,False,False,False,True,False,LINKAGE_UNRESOLVED,False,False
35444,S2016ND059001,F,54,,0,False,11,3,8,False,Indicator evidence only; no final hydric/nonhydric label assigned.,NOGP,ND059,2699195.0,E1823A,"Parshall fine sandy loam, 0 to 2 percent slopes",Parshall,"Coarse-loamy, mixed, superactive, frigid Pachic Haplustolls",EXACT,Unique exact normalized NASIS taxon/component-name match within the intersected map unit.,27699832.0,Parshall,68.0,Yes,Well drained,No,,no,True,False,True,False,True,False,PARTIAL_NEGATIVE_SUPPORT,False,False
35445,S2016ND059003,F,54,,0,False,11,3,8,False,Indicator evidence only; no final hydric/nonhydric label assigned.,NOGP,ND059,2699207.0,E0837C,"Wyola silty clay loam, 6 to 9 percent slopes",Savage,"Fine, smectitic, frigid Vertic Argiustolls",EXACT,Unique exact normalized NASIS taxon/component-name match within the intersected map unit.,27699593.0,Wyola,69.0,Yes,Well drained,No,,no,True,False,True,False,True,False,PARTIAL_NEGATIVE_SUPPORT,False,False
35446,S2016ND059005,F,54,,0,False,11,8,3,False,Indicator evidence only; no final hydric/nonhydric label assigned.,NOGP,ND059,2520776.0,E3755A,"Temvik-Wilton silt loams, 0 to 3 percent slopes",Temvik,"Fine-silty, mixed, superactive, frigid Typic Haplustolls",EXACT,Unique exact normalized NASIS taxon/component-name match within the intersected map unit.,27700237.0,Temvik,51.0,Yes,Well drained,No,,no,True,False,True,False,True,False,PARTIAL_NEGATIVE_SUPPORT,False,False
35447,S2016ND059007,F,54,,0,False,11,6,5,False,Indicator evidence only; no final hydric/nonhydric label assigned.,NOGP,ND059,2699155.0,E2617F,"Cabba-Chama-Shambo loams, 9 to 50 percent slopes",Golva,"Fine-silty, mixed, superactive, frigid Typic Haplustolls",AMBIGUOUS,Multiple plausible candidates remain without a decisive name/taxonomy margin.,,,,,,,,,False,False,False,False,True,False,LINKAGE_UNRESOLVED,False,False
35448,S2016ND059008,F,54,,0,False,11,3,8,False,Indicator evidence only; no final hydric/nonhydric label assigned.,NOGP,ND059,1718353.0,E2601D,"Amor-Cabba loams, 9 to 15 percent slopes",Savage,"Fine, smectitic, frigid Vertic Argiustolls",AMBIGUOUS,Multiple plausible candidates remain without a decisive name/taxonomy margin.,,,,,,,,,False,False,False,False,True,False,LINKAGE_UNRESOLVED,False,False
35449,S2016ND059011,F,54,,0,False,11,6,5,False,Indicator evidence only; no final hydric/nonhydric label assigned.,NOGP,ND059,2759666.0,E1025C,"Regent-Wyola silty clay loams, 6 to 9 percent slopes",Morton,"Fine-silty, mixed, superactive, frigid Typic Argiustolls",AMBIGUOUS,Multiple plausible candidates remain without a decisive name/taxonomy margin.,,,,,,,,,False,False,False,False,True,False,LINKAGE_UNRESOLVED,False,False
35450,S2016ND059013,F,54,,0,False,11,3,8,False,Indicator evidence only; no final hydric/nonhydric label assigned.,NOGP,ND059,2520774.0,E1875D,"Telfer loamy fine sand, 6 to 15 percent slopes",Schaller,"Sandy, mixed, frigid Entic Haplustolls",AMBIGUOUS,Multiple plausible candidates remain without a decisive name/taxonomy margin.,,,,,,,,,False,False,False,False,True,False,LINKAGE_UNRESOLVED,False,False
35451,S2016ND059014,F,54,,0,False,11,6,5,False,Indicator evidence only; no final hydric/nonhydric label assigned.,NOGP,ND059,2699155.0,E2617F,"Cabba-Chama-Shambo loams, 9 to 50 percent slopes",Savage,"Fine, smectitic, frigid Vertic Argiustolls",AMBIGUOUS,Multiple plausible candidates remain without a decisive name/taxonomy margin.,,,,,,,,,False,False,False,False,True,False,LINKAGE_UNRESOLVED,False,False
35452,S2016ND059016,F,54,,0,False,11,6,5,False,Indicator evidence only; no final hydric/nonhydric label assigned.,NOGP,ND059,2699155.0,E2617F,"Cabba-Chama-Shambo loams, 9 to 50 percent slopes",Sen,"Fine-silty, mixed, superactive, frigid Typic Haplustolls",AMBIGUOUS,Multiple plausible candidates remain without a decisive name/taxonomy margin.,,,,,,,,,False,False,False,False,True,False,LINKAGE_UNRESOLVED,False,False
35453,S2016ND059017,F,54,,0,False,11,6,5,False,Indicator evidence only; no final hydric/nonhydric label assigned.,NOGP,ND059,2520776.0,E3755A,"Temvik-Wilton silt loams, 0 to 3 percent slopes",Wilton,"Fine-silty, mixed, superactive, frigid Pachic Haplustolls",EXACT,Unique exact normalized NASIS taxon/component-name match within the intersected map unit.,27700240.0,Wilton,38.0,Yes,Well drained,No,,no,True,False,True,False,True,False,PARTIAL_NEGATIVE_SUPPORT,False,False
35454,S2016ND059020,F,54,,0,False,11,6,5,False,Indicator evidence only; no final hydric/nonhydric label assigned.,NOGP,ND059,2699227.0,E4555D,"Wabek-Manning complex, 6 to 15 percent slopes",Chama,"Fine-silty, mixed, superactive, frigid Typic Calciustolls",EXACT,Unique exact normalized NASIS taxon/component-name match within the intersected map unit.,27699894.0,Chama,2.0,No ,Well drained,No,,no,True,False,True,False,True,False,PARTIAL_NEGATIVE_SUPPORT,False,False
35455,S2016ND059021,F,54,,0,False,11,3,8,False,Indicator evidence only; no final hydric/nonhydric label assigned.,NOGP,ND059,1718357.0,E2741D,"Cabba-Chama-Sen silt loams, 9 to 15 percent slopes",Farnuf,"Fine-loamy, mixed, superactive, frigid Typic Argiustolls",AMBIGUOUS,Multiple plausible candidates remain without a decisive name/taxonomy margin.,,,,,,,,,False,False,False,False,True,False,LINKAGE_UNRESOLVED,False,False
35456,S2016ND059022,F,54,,0,False,11,1,10,False,Indicator evidence only; no final hydric/nonhydric label assigned.,NOGP,ND059,1718337.0,E0811A,"Grail silty clay loam, 0 to 2 percent slopes",Cabba,"Loamy, mixed, superactive, calcareous, frigid Typic Ustorthents",UNMATCHED,No candidate has adequate name or taxonomic agreement.,,,,,,,,,False,False,False,False,True,False,LINKAGE_UNRESOLVED,False,False
35457,S2016ND059023,F,54,,0,False,11,6,5,False,Indicator evidence only; no final hydric/nonhydric label assigned.,NOGP,ND059,1718331.0,E0651B,"Regent-Janesburg complex, 3 to 6 percent slopes",Janesburg,"Fine, smectitic, frigid Typic Natrustolls",EXACT,Unique exact normalized NASIS taxon/component-name match within the intersected map unit.,27699478.0,Janesburg,28.0,Yes,Well drained,No,,no,True,False,True,False,True,False,PARTIAL_NEGATIVE_SUPPORT,False,False
35458,S2016ND059024,F,54,,0,False,11,3,8,False,Indicator evidence only; no final hydric/nonhydric label assigned.,NOGP,ND059,2520776.0,E3755A,"Temvik-Wilton silt loams, 0 to 3 percent slopes",Wilton,"Fine-silty, mixed, superactive, frigid Pachic Haplustolls",EXACT,Unique exact normalized NASIS taxon/component-name match within the intersected map unit.,27700240.0,Wilton,38.0,Yes,Well drained,No,,no,True,False,True,False,True,False,PARTIAL_NEGATIVE_SUPPORT,False,False
35459,S2016ND059027,F,54,,0,False,11,3,8,False,Indicator evidence only; no final hydric/nonhydric label assigned.,NOGP,ND059,2494863.0,E2601C,"Amor-Cabba loams, 6 to 9 percent slopes",Grail,"Fine, smectitic, frigid Pachic Vertic Argiustolls",MEDIUM,No name match; unique candidate supported by at least three taxonomic ranks.,27699633.0,Regent,5.0,No ,Well drained,No,,no,False,False,False,False,True,False,LINKAGE_UNRESOLVED,False,False
35460,S2016ND059030,F,54,,0,False,11,6,5,False,Indicator evidence only; no final hydric/nonhydric label assigned.,NOGP,ND059,1718353.0,E2601D,"Amor-Cabba loams, 9 to 15 percent slopes",Bryant,"Fine-silty, mixed, superactive, frigid Typic Haplustolls",AMBIGUOUS,Multiple plausible candidates remain without a decisive name/taxonomy margin.,,,,,,,,,False,False,False,False,True,False,LINKAGE_UNRESOLVED,False,False
35461,S2016ND059029,F,54,,0,False,11,3,8,False,Indicator evidence only; no final hydric/nonhydric label assigned.,NOGP,ND059,2699155.0,E2617F,"Cabba-Chama-Shambo loams, 9 to 50 percent slopes",Amor,"Fine-loamy, mixed, superactive, frigid Typic Haplustolls",EXACT,Unique exact normalized NASIS taxon/component-name match within the intersected map unit.,27699646.0,Amor,10.0,No ,Well drained,No,,no,True,False,True,False,True,False,PARTIAL_NEGATIVE_SUPPORT,False,False
35546,S2016NH003001,R,143,,0,False,10,1,9,False,Indicator evidence only; no final hydric/nonhydric label assigned.,BART,NH605,2780144.0,NOTCOM,No Digital Data Available,Wilmington,"Loamy, isotic, frigid, shallow Typic Endoaquods",UNMATCHED,No candidate has adequate name or taxonomic agreement.,,,,,,,,,False,False,False,False,True,False,LINKAGE_UNRESOLVED,False,False
35547,S2016NH003002,R,143,,0,False,10,1,9,False,Indicator evidence only; no final hydric/nonhydric label assigned.,BART,NH605,2780144.0,NOTCOM,No Digital Data Available,Adirondack,"Coarse-loamy, isotic, frigid Aquic Haplorthods",UNMATCHED,No candidate has adequate name or taxonomic agreement.,,,,,,,,,False,False,False,False,True,False,LINKAGE_UNRESOLVED,False,False
35548,S2016NH003003,R,143,,0,False,10,1,9,False,Indicator evidence only; no final hydric/nonhydric label assigned.,BART,NH605,2780144.0,NOTCOM,No Digital Data Available,Danforth,"Loamy-skeletal, mixed, active, frigid Typic Dystrudepts",UNMATCHED,No candidate has adequate name or taxonomic agreement.,,,,,,,,,False,False,False,False,True,False,LINKAGE_UNRESOLVED,False,False
35549,S2016NH003004,R,143,,0,False,10,1,9,False,Indicator evidence only; no final hydric/nonhydric label assigned.,BART,NH605,2780144.0,NOTCOM,No Digital Data Available,Monadnock or Berkshire,Frigid Typic Haplorthods,UNMATCHED,No candidate has adequate name or taxonomic agreement.,,,,,,,,,False,False,False,False,True,False,LINKAGE_UNRESOLVED,False,False
35550,S2016NH003005,R,143,,0,False,10,1,9,False,Indicator evidence only; no final hydric/nonhydric label assigned.,BART,NH605,2780144.0,NOTCOM,No Digital Data Available,Danforth,"Loamy-skeletal, isotic, frigid Typic Haplorthods",UNMATCHED,No candidate has adequate name or taxonomic agreement.,,,,,,,,,False,False,False,False,True,False,LINKAGE_UNRESOLVED,False,False
35551,S2016NH003006,R,143,,0,False,10,1,9,False,Indicator evidence only; no final hydric/nonhydric label assigned.,BART,NH605,2780144.0,NOTCOM,No Digital Data Available,Danforth,"Coarse-loamy over sandy or sandy-skeletal, isotic over mixed, frigid Typic Haplorthods",UNMATCHED,No candidate has adequate name or taxonomic agreement.,,,,,,,,,False,False,False,False,True,False,LINKAGE_UNRESOLVED,False,False
35552,S2016NH003007,R,143,,0,False,10,1,9,False,Indicator evidence only; no final hydric/nonhydric label assigned.,BART,NH605,2780144.0,NOTCOM,No Digital Data Available,Monadnock,"Coarse-loamy over sandy or sandy-skeletal, isotic over mixed, frigid Typic Haplorthods",UNMATCHED,No candidate has adequate name or taxonomic agreement.,,,,,,,,,False,False,False,False,True,False,LINKAGE_UNRESOLVED,False,False
35596,S2016MI053001,K,93B,,0,False,10,1,9,False,Indicator evidence only; no final hydric/nonhydric label assigned.,UNDE,MI053,1455949.0,44C,"Karlin-Keweenaw-Sarona, dense substratum, complex, 6 to 25 percent slopes",Schweitzer,"Coarse-loamy, mixed, superactive, frigid Fragic Haplorthods",AMBIGUOUS,Multiple plausible candidates remain without a decisive name/taxonomy margin.,,,,,,,,,False,False,False,False,True,False,LINKAGE_UNRESOLVED,False,False
35597,S2016MI053002,K,93B,,0,False,10,1,9,False,Indicator evidence only; no final hydric/nonhydric label assigned.,UNDE,MI053,1455943.0,41,"Lupton-Pleine-Cathro complex, 0 to 1 percent slopes",Greenwood,"Dysic, frigid Typic Haplohemists",AMBIGUOUS,Multiple plausible candidates remain without a decisive name/taxonomy margin.,,,,,,,,,False,False,False,False,True,False,LINKAGE_UNRESOLVED,False,False
35598,S2016MI053004,K,93B,,0,False,10,1,9,False,Indicator evidence only; no final hydric/nonhydric label assigned.,UNDE,MI053,1455950.0,44D,"Karlin-Keweenaw-Sarona, dense substratum, complex, 25 to 50 percent slopes",Newot,"Coarse-loamy, mixed, superactive, frigid Alfic Haplorthods",AMBIGUOUS,Multiple plausible candidates remain without a decisive name/taxonomy margin.,,,,,,,,,False,False,False,False,True,False,LINKAGE_UNRESOLVED,False,False
35599,S2016MI053007,K,93B,,0,False,10,1,9,False,Indicator evidence only; no final hydric/nonhydric label assigned.,UNDE,MI053,1456367.0,418A,"Loxley, Greenwood, and Dawson peats, 0 to 1 percent slopes",Cathro,"Loamy, mixed, euic, frigid Terric Haplosaprists",AMBIGUOUS,Multiple plausible candidates remain without a decisive name/taxonomy margin.,,,,,,,,,False,False,False,False,True,False,LINKAGE_UNRESOLVED,False,False
35600,S2016MI053009,K,93B,,0,False,10,1,9,False,Indicator evidence only; no final hydric/nonhydric label assigned.,UNDE,MI053,1456367.0,418A,"Loxley, Greenwood, and Dawson peats, 0 to 1 percent slopes",Schweitzer,"Coarse-loamy, mixed, superactive, frigid Alfic Fragiorthods",UNMATCHED,No candidate has adequate name or taxonomic agreement.,,,,,,,,,False,False,False,False,True,False,LINKAGE_UNRESOLVED,False,False
35601,S2016MI053010,K,93B,,0,False,10,1,9,False,Indicator evidence only; no final hydric/nonhydric label assigned.,UNDE,MI053,1455968.0,5172C,"Gogebic, sandy substratum-Pence-Cathro complex, 0 to 18 percent slopes",Mcmillan,"Sandy, mixed, frigid Lamellic Haplorthods",AMBIGUOUS,Multiple plausible candidates remain without a decisive name/taxonomy margin.,,,,,,,,,False,False,False,False,True,False,LINKAGE_UNRESOLVED,False,False
35602,S2016MI053015,K,93B,,0,False,10,1,9,False,Indicator evidence only; no final hydric/nonhydric label assigned.,UNDE,MI053,1455943.0,41,"Lupton-Pleine-Cathro complex, 0 to 1 percent slopes",Greenwood,"Dysic, frigid Typic Haplohemists",UNMATCHED,No candidate has adequate name or taxonomic agreement.,,,,,,,,,False,False,False,False,True,False,LINKAGE_UNRESOLVED,False,False
35603,S2016MI053026,K,93B,,0,False,10,1,9,False,Indicator evidence only; no final hydric/nonhydric label assigned.,UNDE,MI053,1455937.0,38C,"Gogebic fine sandy loam, sandy substratum, 6 to 18 percent slopes, stony",Sarona,"Coarse-loamy, mixed, superactive, frigid Alfic Haplorthods",AMBIGUOUS,Multiple plausible candidates remain without a decisive name/taxonomy margin.,,,,,,,,,False,False,False,False,True,False,LINKAGE_UNRESOLVED,False,False
35604,S2016MI053031,K,93B,,0,False,10,1,9,False,Indicator evidence only; no final hydric/nonhydric label assigned.,UNDE,MI053,1675884.0,36,"Gay-Pleine complex, 0 to 1 percent slopes, stony",Sarona,"Coarse-loamy, mixed, superactive, frigid Alfic Haplorthods",AMBIGUOUS,Multiple plausible candidates remain without a decisive name/taxonomy margin.,,,,,,,,,False,False,False,False,True,False,LINKAGE_UNRESOLVED,False,False
35606,S2016MI053032,K,93B,,0,False,10,1,9,False,Indicator evidence only; no final hydric/nonhydric label assigned.,UNDE,MI053,1455943.0,41,"Lupton-Pleine-Cathro complex, 0 to 1 percent slopes",Cathro,"Loamy, mixed, euic, frigid Terric Haplosaprists",EXACT,Unique exact normalized NASIS taxon/component-name match within the intersected map unit.,27105373.0,Cathro,15.0,Yes,Very poorly drained,Yes,1; 3,yes,True,True,False,False,True,False,SSURGO_POSITIVE_MORPH_NOT_DEMONSTRATED,False,False
35607,S2016MI053033,K,93B,,0,False,10,1,9,False,Indicator evidence only; no final hydric/nonhydric label assigned.,UNDE,MI053,1455968.0,5172C,"Gogebic, sandy substratum-Pence-Cathro complex, 0 to 18 percent slopes",Sarona,"Coarse-loamy, mixed, superactive, frigid Alfic Haplorthods",AMBIGUOUS,Multiple plausible candidates remain without a decisive name/taxonomy margin.,,,,,,,,,False,False,False,False,True,False,LINKAGE_UNRESOLVED,False,False
35608,S2016MI053034,K,93B,,0,False,10,1,9,False,Indicator evidence only; no final hydric/nonhydric label assigned.,UNDE,MI053,1455943.0,41,"Lupton-Pleine-Cathro complex, 0 to 1 percent slopes",Worcester,"Coarse-loamy, mixed, superactive, frigid Typic Endoaquods",UNMATCHED,No candidate has adequate name or taxonomic agreement.,,,,,,,,,False,False,False,False,True,False,LINKAGE_UNRESOLVED,False,False
35609,S2016MI053016,K,93B,,0,False,10,1,9,False,Indicator evidence only; no final hydric/nonhydric label assigned.,UNDE,MI053,1455940.0,39C,"Gogebic silt loam, sandy substratum, 6 to 18 percent slopes, stony",Schweitzer,"Loamy-skeletal, mixed, frigid Alfic Haplorthods",AMBIGUOUS,Multiple plausible candidates remain without a decisive name/taxonomy margin.,,,,,,,,,False,False,False,False,True,False,LINKAGE_UNRESOLVED,False,False
35738,S2016NH003008,R,143,,0,False,10,1,9,False,Indicator evidence only; no final hydric/nonhydric label assigned.,BART,NH605,2780144.0,NOTCOM,No Digital Data Available,Rawsonville,"Coarse-loamy, isotic, frigid Typic Haplohumods",UNMATCHED,No candidate has adequate name or taxonomic agreement.,,,,,,,,,False,False,False,False,True,False,LINKAGE_UNRESOLVED,False,False
35741,S2016NH003009,R,143,,0,False,10,1,9,False,Indicator evidence only; no final hydric/nonhydric label assigned.,BART,NH605,2780144.0,NOTCOM,No Digital Data Available,Knob Lock,"Dysic, frigid Lithic Udifolists",UNMATCHED,No candidate has adequate name or taxonomic agreement.,,,,,,,,,False,False,False,False,True,False,LINKAGE_UNRESOLVED,False,False
35742,S2016NH003010,R,143,,0,False,10,1,9,False,Indicator evidence only; no final hydric/nonhydric label assigned.,BART,NH605,2780144.0,NOTCOM,No Digital Data Available,Marlow,"Coarse-loamy, isotic, frigid Oxyaquic Haplorthods",UNMATCHED,No candidate has adequate name or taxonomic agreement.,,,,,,,,,False,False,False,False,True,False,LINKAGE_UNRESOLVED,False,False
35743,S2016NH003011,R,143,,0,False,10,1,9,False,Indicator evidence only; no final hydric/nonhydric label assigned.,BART,NH605,2780144.0,NOTCOM,No Digital Data Available,Marlow,"Loamy-skeletal, isotic, frigid Oxyaquic Haplorthods",UNMATCHED,No candidate has adequate name or taxonomic agreement.,,,,,,,,,False,False,False,False,True,False,LINKAGE_UNRESOLVED,False,False
35744,S2016NH003012,R,143,,0,False,10,1,9,False,Indicator evidence only; no final hydric/nonhydric label assigned.,BART,NH605,2780144.0,NOTCOM,No Digital Data Available,Series Not determined,"Loamy-skeletal over sandy or sandy-skeletal, isotic over mixed, frigid Histic Endoaquods",UNMATCHED,No candidate has adequate name or taxonomic agreement.,,,,,,,,,False,False,False,False,True,False,LINKAGE_UNRESOLVED,False,False
35745,S2016NH003013,R,143,,0,False,10,1,9,False,Indicator evidence only; no final hydric/nonhydric label assigned.,BART,NH605,2780144.0,NOTCOM,No Digital Data Available,Marlow,"Coarse-loamy, isotic, frigid Oxyaquic Haplorthods",UNMATCHED,No candidate has adequate name or taxonomic agreement.,,,,,,,,,False,False,False,False,True,False,LINKAGE_UNRESOLVED,False,False
35746,S2016NH003014,R,143,,0,False,10,1,9,False,Indicator evidence only; no final hydric/nonhydric label assigned.,BART,NH605,2780144.0,NOTCOM,No Digital Data Available,Marlow,"Coarse-loamy, isotic, frigid Oxyaquic Haplorthods",UNMATCHED,No candidate has adequate name or taxonomic agreement.,,,,,,,,,False,False,False,False,True,False,LINKAGE_UNRESOLVED,False,False
35747,S2016NH003015,R,143,,0,False,10,1,9,False,Indicator evidence only; no final hydric/nonhydric label assigned.,BART,NH605,2780144.0,NOTCOM,No Digital Data Available,Series Not Determined,"Loamy-skeletal, isotic, frigid Aquic Haplorthods",UNMATCHED,No candidate has adequate name or taxonomic agreement.,,,,,,,,,False,False,False,False,True,False,LINKAGE_UNRESOLVED,False,False
36333,S2016CA019001,D,22A,,0,False,11,0,11,True,Indicator evidence only; no final hydric/nonhydric label assigned.,,CA750,465136.0,161,"Sirretta family and Umpa family, wet, 2 to 25 percent slopes",Generalgrant,"Sandy, isotic, mesic Vitrandic Humixerepts",UNMATCHED,No candidate has adequate name or taxonomic agreement.,,,,,,,,,False,False,False,False,False,False,LINKAGE_UNRESOLVED,False,False
36334,S2016CA019002,,,,0,False,0,0,0,False,Indicator evidence only; no final hydric/nonhydric label assigned.,,,,,,,,UNMATCHED,Spatial status: NO_COORDINATES,,,,,,,,,False,False,False,False,False,False,LINKAGE_UNRESOLVED,False,False
36335,S2016CA019003,D,22A,,0,False,11,5,6,False,Indicator evidence only; no final hydric/nonhydric label assigned.,,CA750,465112.0,137,"Holland family, 35 to 65 percent slopes",Holland,"Fine-loamy, mixed, semiactive, mesic Ultic Haploxeralfs",MEDIUM,No name match; unique candidate supported by at least three taxonomic ranks.,26638431.0,Holland family,85.0,Yes,Well drained,No,,no,False,False,False,False,True,False,LINKAGE_UNRESOLVED,False,False
36691,S2016WI099019,K,90A,,0,False,10,1,9,False,Indicator evidence only; no final hydric/nonhydric label assigned.,STEI,WI099,627370.0,3045A,"Lupton, Cathro, and Tawas soils, 0 to 1 percent slopes",Springstead,"Sandy, mixed, frigid Oxyaquic Haplorthods",UNMATCHED,No candidate has adequate name or taxonomic agreement.,,,,,,,,,False,False,False,False,True,False,LINKAGE_UNRESOLVED,False,False
36692,S2016WI099006,K,90A,,0,False,10,1,9,False,Indicator evidence only; no final hydric/nonhydric label assigned.,STEI,WI099,1379835.0,3744B,"Peeksville fine sandy loam, 0 to 4 percent slopes, very stony",Springstead,"Sandy, mixed, frigid Oxyaquic Haplorthods",UNMATCHED,No candidate has adequate name or taxonomic agreement.,,,,,,,,,False,False,False,False,True,False,LINKAGE_UNRESOLVED,False,False
36693,S2016WI099015,K,90A,,0,False,10,1,9,False,Indicator evidence only; no final hydric/nonhydric label assigned.,STEI,WI099,627343.0,3182E,"Padus sandy loam, 15 to 35 percent slopes",Padus,"Loamy-skeletal, mixed, superactive, frigid Alfic Haplorthods",AMBIGUOUS,Multiple components share the exact name without decisive taxonomic/phase evidence.,,,,,,,,,False,False,False,False,True,False,LINKAGE_UNRESOLVED,False,False
36694,S2016WI099008,K,90A,,0,False,10,1,9,False,Indicator evidence only; no final hydric/nonhydric label assigned.,STEI,WI099,1395742.0,9012E,"Sayner-Lindquist complex, 15 to 30 percent slopes",Pence,"Sandy-skeletal, mixed, frigid Typic Haplorthods",EXACT,Unique exact normalized NASIS taxon/component-name match within the intersected map unit.,27592669.0,Pence,2.0,No ,,No,,no,True,False,True,False,True,False,PARTIAL_NEGATIVE_SUPPORT,False,False
36698,S2016WI099026,K,90A,,0,False,10,1,9,False,Indicator evidence only; no final hydric/nonhydric label assigned.,STEI,WI099,627341.0,3182B,"Padus sandy loam, 0 to 6 percent slopes",Worcester,"Coarse-loamy, mixed, frigid Oxyaquic Dystrudepts",EXACT,Unique exact normalized NASIS taxon/component-name match within the intersected map unit.,27592575.0,Worcester,2.0,No ,Somewhat poorly drained,No,,no,True,False,True,False,True,False,PARTIAL_NEGATIVE_SUPPORT,False,False
36700,S2016WI099024,K,90A,,0,False,10,1,9,False,Indicator evidence only; no final hydric/nonhydric label assigned.,STEI,WI099,1395739.0,9051A,"Minocqua, Cable and Pleine soils, 0 to 2 percent slopes, very stony",Loxley,"Dysic, frigid Typic Haplosaprists",UNMATCHED,No candidate has adequate name or taxonomic agreement.,,,,,,,,,False,False,False,False,True,False,LINKAGE_UNRESOLVED,False,False
36701,S2016WI099005,K,90A,,0,False,10,1,9,False,Indicator evidence only; no final hydric/nonhydric label assigned.,STEI,WI099,1379841.0,3847B,"Newood fine sandy loam, drumlins, 2 to 6 percent slopes, very stony",Newood,"Coarse-loamy, mixed, frigid Oxyaquic Haplorthods",EXACT,Unique exact normalized NASIS taxon/component-name match within the intersected map unit.,27592533.0,Newood,85.0,Yes,Moderately well drained,No,,no,True,False,True,False,True,False,PARTIAL_NEGATIVE_SUPPORT,False,False
36702,S2016WI099012,K,90A,,0,False,10,1,9,False,Indicator evidence only; no final hydric/nonhydric label assigned.,STEI,WI099,1379841.0,3847B,"Newood fine sandy loam, drumlins, 2 to 6 percent slopes, very stony",Newot,"Coarse-loamy, mixed, superactive, frigid Alfic Haplorthods",AMBIGUOUS,Multiple plausible candidates remain without a decisive name/taxonomy margin.,,,,,,,,,False,False,False,False,True,False,LINKAGE_UNRESOLVED,False,False
36705,S2016WI069059,K,94D,,0,False,10,1,9,False,Indicator evidence only; no final hydric/nonhydric label assigned.,STEI,WI069,431633.0,3298B,"Moodig sandy loam, 0 to 4 percent slopes",Moodig,"Coarse-loamy, mixed, superactive, frigid Alfic Epiaquods",EXACT,Unique exact normalized NASIS taxon/component-name match within the intersected map unit.,27558099.0,Moodig,90.0,Yes,Somewhat poorly drained,No,,no,True,False,True,False,True,False,PARTIAL_NEGATIVE_SUPPORT,False,False
36707,S2016WI069053,K,94D,,0,False,10,1,9,False,Indicator evidence only; no final hydric/nonhydric label assigned.,STEI,WI069,431633.0,3298B,"Moodig sandy loam, 0 to 4 percent slopes",Capitola,"Coarse-loamy, mixed, superactive, frigid Aeric Epiaqualfs",EXACT,Unique exact normalized NASIS taxon/component-name match within the intersected map unit.,27558096.0,Capitola,5.0,No ,Poorly drained,Yes,2; 3,yes,True,True,False,False,True,False,SSURGO_POSITIVE_MORPH_NOT_DEMONSTRATED,False,False
36708,S2016WI099022,K,90A,,0,False,10,1,9,False,Indicator evidence only; no final hydric/nonhydric label assigned.,STEI,WI099,627370.0,3045A,"Lupton, Cathro, and Tawas soils, 0 to 1 percent slopes",Cathro,"Coarse-loamy, mixed, superactive, frigid Humaqueptic Endoaquents",EXACT,Unique exact normalized NASIS taxon/component-name match within the intersected map unit.,27592772.0,Cathro,30.0,Yes,Very poorly drained,Yes,1; 3,yes,True,True,False,False,True,False,SSURGO_POSITIVE_MORPH_NOT_DEMONSTRATED,False,False
36711,S2016WI099017,K,90A,,0,False,10,1,9,False,Indicator evidence only; no final hydric/nonhydric label assigned.,STEI,WI099,1395741.0,9013A,"Tipler-Manitowish complex, 0 to 3 percent slopes",Newot,"Loamy-skeletal, mixed, superactive, frigid Typic Haplorthods",AMBIGUOUS,Multiple plausible candidates remain without a decisive name/taxonomy margin.,,,,,,,,,False,False,False,False,True,False,LINKAGE_UNRESOLVED,False,False
36712,S2016WI099011,K,90A,,0,False,10,1,9,False,Indicator evidence only; no final hydric/nonhydric label assigned.,STEI,WI099,627561.0,3644E,"Shanagolden fine sandy loam, 15 to 30 percent slopes, very stony",Newot,"Loamy-skeletal, mixed, superactive, frigid Typic Haplorthods",AMBIGUOUS,Multiple plausible candidates remain without a decisive name/taxonomy margin.,,,,,,,,,False,False,False,False,True,False,LINKAGE_UNRESOLVED,False,False
36713,S2016WI099010,K,90A,,0,False,10,1,9,False,Indicator evidence only; no final hydric/nonhydric label assigned.,STEI,WI099,1482737.0,3456B,"Magnor, very stony and Magnor silt loams, 0 to 4 percent slopes",Pesabic,"Coarse-loamy, mixed, superactive, frigid Alfic Epiaquods",EXACT,Unique exact normalized NASIS taxon/component-name match within the intersected map unit.,27592494.0,Pesabic,2.0,No ,Somewhat poorly drained,No,,no,True,False,True,False,True,False,PARTIAL_NEGATIVE_SUPPORT,False,False
36810,S2016MA027015,R,144B,,0,False,10,1,9,False,Indicator evidence only; no final hydric/nonhydric label assigned.,HARV,MA614,278705.0,901E,"Berkshire-Marlow association, 15 to 45 percent slopes, extremely stony",Chichester,"Loamy-skeletal, mixed, superactive, frigid Typic Dystrudepts",AMBIGUOUS,Multiple plausible candidates remain without a decisive name/taxonomy margin.,,,,,,,,,False,False,False,False,True,False,LINKAGE_UNRESOLVED,False,False
36815,S2016CA039001,,,,0,False,0,0,0,False,Indicator evidence only; no final hydric/nonhydric label assigned.,,,,,,,,UNMATCHED,Spatial status: NO_COORDINATES,,,,,,,,,False,False,False,False,False,False,LINKAGE_UNRESOLVED,False,False
37008,S2016WI069001,K,94D,,0,False,10,1,9,False,Indicator evidence only; no final hydric/nonhydric label assigned.,TREE,WI069,431653.0,3774C,"Vilas-Sayner loamy sands, 6 to 15 percent slopes",Sayner,"Sandy, mixed, frigid Entic Haplorthods",EXACT,Unique exact normalized NASIS taxon/component-name match within the intersected map unit.,27558179.0,Sayner,35.0,Yes,Excessively drained,No,,no,True,False,True,False,True,False,PARTIAL_NEGATIVE_SUPPORT,False,False
37009,S2016WI069006,K,94D,,0,False,10,1,9,False,Indicator evidence only; no final hydric/nonhydric label assigned.,TREE,WI069,431653.0,3774C,"Vilas-Sayner loamy sands, 6 to 15 percent slopes",Padwood,"Coarse-loamy, mixed, superactive, frigid Lamellic Oxyaquic Haplorthods",AMBIGUOUS,Multiple plausible candidates remain without a decisive name/taxonomy margin.,,,,,,,,,False,False,False,False,True,False,LINKAGE_UNRESOLVED,False,False
37010,S2016WI069009,K,94D,,0,False,10,1,9,False,Indicator evidence only; no final hydric/nonhydric label assigned.,TREE,WI069,431626.0,3008A,"Lupton and Cathro soils, 0 to 1 percent slopes",Loxley,"Dysic, frigid Typic Haplosaprists",EXACT,Unique exact normalized NASIS taxon/component-name match within the intersected map unit.,27558187.0,Loxley,5.0,No ,Very poorly drained,Yes,1,yes,True,True,False,False,True,False,SSURGO_POSITIVE_MORPH_NOT_DEMONSTRATED,False,False
37011,S2016WI069011,K,94D,,0,False,10,1,9,False,Indicator evidence only; no final hydric/nonhydric label assigned.,TREE,WI069,431626.0,3008A,"Lupton and Cathro soils, 0 to 1 percent slopes",Cathro,"Loamy, mixed, euic, frigid Terric Haplosaprists",EXACT,Unique exact normalized NASIS taxon/component-name match within the intersected map unit.,27558189.0,Cathro,35.0,Yes,Very poorly drained,Yes,1; 3,yes,True,True,False,False,True,False,SSURGO_POSITIVE_MORPH_NOT_DEMONSTRATED,False,False
37012,S2016WI069017,K,94D,,0,False,10,1,9,False,Indicator evidence only; no final hydric/nonhydric label assigned.,TREE,WI069,431653.0,3774C,"Vilas-Sayner loamy sands, 6 to 15 percent slopes",Croswood,"Sandy, mixed, frigid Oxyaquic Haplorthods",MEDIUM,No name match; unique candidate supported by at least three taxonomic ranks.,27558176.0,Croswell,5.0,No ,Moderately well drained,No,,no,False,False,False,False,True,False,LINKAGE_UNRESOLVED,False,False
37013,S2016WI069019,K,94D,,0,False,10,1,9,False,Indicator evidence only; no final hydric/nonhydric label assigned.,TREE,WI069,431613.0,3905B,"Cublake loamy sand, 0 to 4 percent slopes",Croswood,"Sandy, mixed, frigid Oxyaquic Haplorthods",AMBIGUOUS,Multiple plausible candidates remain without a decisive name/taxonomy margin.,,,,,,,,,False,False,False,False,True,False,LINKAGE_UNRESOLVED,False,False
37014,S2016WI069020,K,94D,,0,False,10,1,9,False,Indicator evidence only; no final hydric/nonhydric label assigned.,TREE,WI069,431654.0,3774E,"Vilas-Sayner loamy sands, 15 to 35 percent slopes",Sayner,"Sandy, mixed, frigid Entic Haplorthods",EXACT,Unique exact normalized NASIS taxon/component-name match within the intersected map unit.,27558170.0,Sayner,40.0,Yes,Excessively drained,No,,no,True,False,True,False,True,False,PARTIAL_NEGATIVE_SUPPORT,False,False
37015,S2016WI069021,K,94D,,0,False,10,1,9,False,Indicator evidence only; no final hydric/nonhydric label assigned.,TREE,WI069,431633.0,3298B,"Moodig sandy loam, 0 to 4 percent slopes",Sayner,"Sandy, mixed, frigid Entic Haplorthods",AMBIGUOUS,Multiple plausible candidates remain without a decisive name/taxonomy margin.,,,,,,,,,False,False,False,False,True,False,LINKAGE_UNRESOLVED,False,False
37016,S2016WI069024,K,94D,,0,False,10,1,9,False,Indicator evidence only; no final hydric/nonhydric label assigned.,TREE,WI069,431652.0,3774B,"Vilas-Sayner loamy sands, 1 to 6 percent slopes",Croswell,"Sandy, mixed, frigid Oxyaquic Haplorthods",EXACT,Unique exact normalized NASIS taxon/component-name match within the intersected map unit.,27558168.0,Croswell,3.0,No ,Moderately well drained,No,,no,True,False,True,False,True,False,PARTIAL_NEGATIVE_SUPPORT,False,False
37017,S2016WI069041,K,94D,,0,False,10,1,9,False,Indicator evidence only; no final hydric/nonhydric label assigned.,TREE,WI069,431650.0,3111B,"Sarwet sandy loam, 2 to 6 percent slopes",Moodig,"Coarse-loamy, mixed, superactive, frigid Alfic Epiaquods",EXACT,Unique exact normalized NASIS taxon/component-name match within the intersected map unit.,27558156.0,Moodig,3.0,No ,Somewhat poorly drained,No,,no,True,False,True,False,True,False,PARTIAL_NEGATIVE_SUPPORT,False,False
37018,S2016WI069050,K,94D,,0,False,10,1,9,False,Indicator evidence only; no final hydric/nonhydric label assigned.,TREE,WI069,431650.0,3111B,"Sarwet sandy loam, 2 to 6 percent slopes",Croswood,"Sandy, mixed, frigid Oxyaquic Haplorthods",AMBIGUOUS,Multiple plausible candidates remain without a decisive name/taxonomy margin.,,,,,,,,,False,False,False,False,True,False,LINKAGE_UNRESOLVED,False,False
37151,S2016UT045011,D,28A,,0,False,11,3,8,False,Indicator evidence only; no final hydric/nonhydric label assigned.,ONAQ,UT611,482174.0,65,"Taylorsflat loam, saline, 0 to 3 percent slopes",Taylorsflat,"Fine-loamy, mixed, superactive, mesic Xeric Haplocalcids",AMBIGUOUS,Multiple components share the exact name without decisive taxonomic/phase evidence.,,,,,,,,,False,False,False,False,True,False,LINKAGE_UNRESOLVED,False,False
37152,S2016UT045015,D,28A,,0,False,11,3,8,False,Indicator evidence only; no final hydric/nonhydric label assigned.,ONAQ,UT611,482173.0,64,"Taylorsflat loam, 1 to 5 percent slopes",Taylorsflat,"Fine-loamy, mixed, superactive, mesic Xeric Haplocalcids",EXACT,Unique exact normalized NASIS taxon/component-name match within the intersected map unit.,26351902.0,Taylorsflat,90.0,Yes,Well drained,No,,no,True,False,True,False,True,False,PARTIAL_NEGATIVE_SUPPORT,False,False
37153,S2016UT045024,D,28A,,0,False,11,3,8,False,Indicator evidence only; no final hydric/nonhydric label assigned.,ONAQ,UT611,482173.0,64,"Taylorsflat loam, 1 to 5 percent slopes",Taylorsflat,"Fine-loamy, mixed, superactive, mesic Xeric Haplocalcids",EXACT,Unique exact normalized NASIS taxon/component-name match within the intersected map unit.,26351902.0,Taylorsflat,90.0,Yes,Well drained,No,,no,True,False,True,False,True,False,PARTIAL_NEGATIVE_SUPPORT,False,False
37154,S2016UT045008,D,28A,,0,False,11,3,8,False,Indicator evidence only; no final hydric/nonhydric label assigned.,ONAQ,UT611,482180.0,7,"Borvant gravelly loam, 2 to 15 percent slopes",Sterling,"Loamy-skeletal, mixed, superactive, mesic Typic Calcixerolls",MEDIUM,No name match; unique candidate supported by at least three taxonomic ranks.,26352313.0,Abela,3.0,No ,,,,,False,False,False,False,True,False,LINKAGE_UNRESOLVED,False,False
37155,S2016UT045032,D,28A,,0,False,11,3,8,False,Indicator evidence only; no final hydric/nonhydric label assigned.,ONAQ,UT611,482143.0,38,"Lodar-Lundy-Rock outcrop association, 30 to 60 percent slopes",Jardal,"Loamy-skeletal, carbonatic, mesic Petrocalcic Palexerolls",AMBIGUOUS,Multiple plausible candidates remain without a decisive name/taxonomy margin.,,,,,,,,,False,False,False,False,True,False,LINKAGE_UNRESOLVED,False,False
37156,S2016UT045025,D,28A,,0,False,11,3,8,False,Indicator evidence only; no final hydric/nonhydric label assigned.,ONAQ,UT611,482180.0,7,"Borvant gravelly loam, 2 to 15 percent slopes",Benning,"Fine-loamy, mixed, superactive, mesic Pachic Calcixerolls",AMBIGUOUS,Multiple plausible candidates remain without a decisive name/taxonomy margin.,,,,,,,,,False,False,False,False,True,False,LINKAGE_UNRESOLVED,False,False
37157,S2016UT045004,D,28A,,0,False,11,3,8,False,Indicator evidence only; no final hydric/nonhydric label assigned.,ONAQ,UT611,482128.0,24,"Hiko Peak-Taylorsflat complex, 1 to 15 percent slopes",Sevy,"Fine-loamy, mixed, superactive, mesic Xeric Calciargids",AMBIGUOUS,Multiple plausible candidates remain without a decisive name/taxonomy margin.,,,,,,,,,False,False,False,False,True,False,LINKAGE_UNRESOLVED,False,False
37158,S2016UT045018,D,28A,,0,False,11,3,8,False,Indicator evidence only; no final hydric/nonhydric label assigned.,ONAQ,UT611,482173.0,64,"Taylorsflat loam, 1 to 5 percent slopes",Strevell,"Coarse-loamy, mixed, superactive, mesic Xeric Haplocalcids",AMBIGUOUS,Multiple plausible candidates remain without a decisive name/taxonomy margin.,,,,,,,,,False,False,False,False,True,False,LINKAGE_UNRESOLVED,False,False
37159,S2016UT045029,D,28A,,0,False,11,3,8,False,Indicator evidence only; no final hydric/nonhydric label assigned.,ONAQ,UT611,482180.0,7,"Borvant gravelly loam, 2 to 15 percent slopes",Borvant,"Loamy-skeletal, carbonatic, mesic, shallow Petrocalcic Calcixerepts",EXACT,Unique exact normalized NASIS taxon/component-name match within the intersected map unit.,26352308.0,Borvant,85.0,Yes,Well drained,No,,no,True,False,True,False,True,False,PARTIAL_NEGATIVE_SUPPORT,False,False
37160,S2016UT045030,D,28A,,0,False,11,3,8,False,Indicator evidence only; no final hydric/nonhydric label assigned.,ONAQ,UT611,482143.0,38,"Lodar-Lundy-Rock outcrop association, 30 to 60 percent slopes",Onaqui,"Loamy-skeletal, mixed, superactive, mesic Lithic Haploxerolls",AMBIGUOUS,Multiple plausible candidates remain without a decisive name/taxonomy margin.,,,,,,,,,False,False,False,False,True,False,LINKAGE_UNRESOLVED,False,False
37161,S2016UT045012,D,28A,,0,False,11,3,8,False,Indicator evidence only; no final hydric/nonhydric label assigned.,ONAQ,UT611,482154.0,47,"Podmor-Onaqui-Rock outcrop association, 20 to 60 percent slopes",Onaqui,"Loamy-skeletal, mixed, superactive, frigid Lithic Haploxerolls",EXACT,Unique exact normalized NASIS taxon/component-name match within the intersected map unit.,26352272.0,Onaqui,35.0,Yes,Well drained,No,,no,True,False,True,False,True,False,PARTIAL_NEGATIVE_SUPPORT,False,False
37196,S2016TN001001,N,128,,0,False,11,1,10,False,Indicator evidence only; no final hydric/nonhydric label assigned.,ORNL,TN001,1887368.0,AoD2,"Armuchee channery silty clay loam, 12 to 20 percent slopes, eroded",Shady,"Fine-loamy, mixed, subactive, thermic Typic Hapludults",AMBIGUOUS,Multiple plausible candidates remain without a decisive name/taxonomy margin.,,,,,,,,,False,False,False,False,True,False,LINKAGE_UNRESOLVED,False,False
37197,S2016TN001003,N,128,,0,False,11,1,10,False,Indicator evidence only; no final hydric/nonhydric label assigned.,ORNL,TN001,1887368.0,AoD2,"Armuchee channery silty clay loam, 12 to 20 percent slopes, eroded",Montevallo,"Loamy-skeletal, mixed, subactive, thermic Typic Dystrudepts",UNMATCHED,No candidate has adequate name or taxonomic agreement.,,,,,,,,,False,False,False,False,True,False,LINKAGE_UNRESOLVED,False,False
37198,S2016TN001009,N,128,,0,False,11,1,10,False,Indicator evidence only; no final hydric/nonhydric label assigned.,ORNL,TN001,1887433.0,ApE,"Armuchee-Montevallo complex, 25 to 60 percent slopes",Montevallo,"Loamy-skeletal, mixed, subactive, thermic, shallow Typic Dystrudepts",EXACT,Unique exact normalized NASIS taxon/component-name match within the intersected map unit.,26465225.0,Montevallo,30.0,Yes,Well drained,No,,no,True,False,True,False,True,False,PARTIAL_NEGATIVE_SUPPORT,False,False
37199,S2016TN001012,N,128,,0,False,11,1,10,False,Indicator evidence only; no final hydric/nonhydric label assigned.,ORNL,TN001,1887433.0,ApE,"Armuchee-Montevallo complex, 25 to 60 percent slopes",Sunlight,"Loamy-skeletal, mixed, semiactive, thermic Inceptic Hapludults",AMBIGUOUS,Multiple plausible candidates remain without a decisive name/taxonomy margin.,,,,,,,,,False,False,False,False,True,False,LINKAGE_UNRESOLVED,False,False
37200,S2016TN001015,N,128,,0,False,11,1,10,False,Indicator evidence only; no final hydric/nonhydric label assigned.,ORNL,TN001,1887366.0,AkC,"Armuchee silt loam, 5 to 12 percent slopes",Montevallo,"Loamy-skeletal, mixed, subactive, thermic, shallow Typic Dystrudepts",EXACT,Unique exact normalized NASIS taxon/component-name match within the intersected map unit.,26465181.0,Montevallo,6.0,No ,Well drained,No,,no,True,False,True,False,True,False,PARTIAL_NEGATIVE_SUPPORT,False,False
37201,S2016TN001018,N,128,,0,False,11,1,10,False,Indicator evidence only; no final hydric/nonhydric label assigned.,ORNL,TN001,1887385.0,EoC,"Etowah loam, 5 to 12 percent slopes",Series Not Designated,"Loamy-skeletal, siliceous, subactive, thermic Typic Hapludults",AMBIGUOUS,Multiple plausible candidates remain without a decisive name/taxonomy margin.,,,,,,,,,False,False,False,False,True,False,LINKAGE_UNRESOLVED,False,False
37202,S2016TN001021,N,128,,0,False,11,1,10,False,Indicator evidence only; no final hydric/nonhydric label assigned.,ORNL,TN001,1887392.0,FoD,"Fullerton-Pailo complex, 12 to 20 percent slopes",Minvale,"Fine-loamy, siliceous, subactive, thermic Typic Paleudults",EXACT,Unique exact normalized NASIS taxon/component-name match within the intersected map unit.,26465271.0,Minvale,10.0,No ,Well drained,No,,no,True,False,True,False,True,False,PARTIAL_NEGATIVE_SUPPORT,False,False
37216,S2016TN001027,N,128,,0,False,11,1,10,False,Indicator evidence only; no final hydric/nonhydric label assigned.,ORNL,TN001,1887421.0,WbD,"Waynesboro loam, 15 to 25 percent slopes",Waynesboro,"Fine, kaolinitic, thermic Typic Paleudults",EXACT,Unique exact normalized NASIS taxon/component-name match within the intersected map unit.,26465287.0,Waynesboro,95.0,Yes,Well drained,No,,no,True,False,True,False,True,False,PARTIAL_NEGATIVE_SUPPORT,False,False
37217,S2016TN001029,N,128,,0,False,11,1,10,False,Indicator evidence only; no final hydric/nonhydric label assigned.,ORNL,TN001,1887438.0,CfD,"Colbert-Lyerly-Rock outcrop complex, 5 to 20 percent slopes",Barfield,"Clayey, vermiculitic, thermic Lithic Hapludolls",AMBIGUOUS,Multiple plausible candidates remain without a decisive name/taxonomy margin.,,,,,,,,,False,False,False,False,True,False,LINKAGE_UNRESOLVED,False,False
37218,S2016TN001031,N,128,,0,False,11,1,10,False,Indicator evidence only; no final hydric/nonhydric label assigned.,ORNL,TN001,1894851.0,DwD,"Dewey silt loam, 12 to 20 percent slopes",Etowah,"Fine-loamy, siliceous, semiactive, thermic Typic Paleudults",EXACT,Unique exact normalized NASIS taxon/component-name match within the intersected map unit.,26465215.0,Etowah,7.0,No ,Well drained,No,,no,True,False,True,False,True,False,PARTIAL_NEGATIVE_SUPPORT,False,False
37219,S2016TN001033,N,128,,0,False,11,1,10,False,Indicator evidence only; no final hydric/nonhydric label assigned.,ORNL,TN001,1887366.0,AkC,"Armuchee silt loam, 5 to 12 percent slopes",Montevallo,"Loamy-skeletal, mixed, subactive, thermic Typic Dystrudepts",EXACT,Unique exact normalized NASIS taxon/component-name match within the intersected map unit.,26465181.0,Montevallo,6.0,No ,Well drained,No,,no,True,False,True,False,True,False,PARTIAL_NEGATIVE_SUPPORT,False,False
37220,S2016TN001040,N,128,,0,False,11,1,10,False,Indicator evidence only; no final hydric/nonhydric label assigned.,ORNL,TN001,1887410.0,MvD,"Montevallo channery silt loam, 12 to 20 percent slopes",Salacoa,"Fine-loamy, mixed, active, thermic Typic Hapludalfs",EXACT,Unique exact normalized NASIS taxon/component-name match within the intersected map unit.,26465280.0,Salacoa,2.0,No ,Well drained,No,,no,True,False,True,False,True,False,PARTIAL_NEGATIVE_SUPPORT,False,False
37221,S2016TN145004,N,128,,0,False,11,1,10,False,Indicator evidence only; no final hydric/nonhydric label assigned.,ORNL,TN145,1475631.0,FuD,"Fullerton-Pailo complex, 12 to 20 percent slopes",Bodine,"Loamy-skeletal, siliceous, semiactive, thermic Typic Paleudults",AMBIGUOUS,Multiple plausible candidates remain without a decisive name/taxonomy margin.,,,,,,,,,False,False,False,False,True,False,LINKAGE_UNRESOLVED,False,False
37222,S2016TN145007,N,128,,0,False,11,1,10,False,Indicator evidence only; no final hydric/nonhydric label assigned.,ORNL,TN145,1475631.0,FuD,"Fullerton-Pailo complex, 12 to 20 percent slopes",Bodine,"Loamy-skeletal, siliceous, semiactive, thermic Typic Paleudults",AMBIGUOUS,Multiple plausible candidates remain without a decisive name/taxonomy margin.,,,,,,,,,False,False,False,False,True,False,LINKAGE_UNRESOLVED,False,False
37223,S2016TN145008,N,128,,0,False,11,1,10,False,Indicator evidence only; no final hydric/nonhydric label assigned.,ORNL,TN145,1475632.0,FuE,"Fullerton-Pailo complex, 20 to 35 percent slopes",Minvale,"Fine-loamy, siliceous, subactive, thermic Typic Paleudults",EXACT,Unique exact normalized NASIS taxon/component-name match within the intersected map unit.,26709381.0,Minvale,10.0,No ,Well drained,No,,no,True,False,True,False,True,False,PARTIAL_NEGATIVE_SUPPORT,False,False
37224,S2016TN145010,N,128,,0,False,11,1,10,False,Indicator evidence only; no final hydric/nonhydric label assigned.,ORNL,TN145,818240.0,MoE,"Montevallo channery silt loam, 20 to 35 percent slopes",Sunlight,"Loamy-skeletal, mixed, semiactive, thermic Inceptic Hapludults",AMBIGUOUS,Multiple plausible candidates remain without a decisive name/taxonomy margin.,,,,,,,,,False,False,False,False,True,False,LINKAGE_UNRESOLVED,False,False
37225,S2016TN145014,N,128,,0,False,11,1,10,False,Indicator evidence only; no final hydric/nonhydric label assigned.,ORNL,TN145,1475630.0,FuC,"Fullerton-Pailo complex, 5 to 12 percent slopes",Fullerton,"Fine, kaolinitic, thermic Typic Paleudults",EXACT,Unique exact normalized NASIS taxon/component-name match within the intersected map unit.,26709307.0,Fullerton,68.0,Yes,Well drained,No,,no,True,False,True,False,True,False,PARTIAL_NEGATIVE_SUPPORT,False,False
37227,S2016TN145032,N,128,,0,False,11,1,10,False,Indicator evidence only; no final hydric/nonhydric label assigned.,ORNL,TN145,1475631.0,FuD,"Fullerton-Pailo complex, 12 to 20 percent slopes",Etowah,"Fine-loamy, siliceous, semiactive, thermic Typic Paleudults",AMBIGUOUS,Multiple plausible candidates remain without a decisive name/taxonomy margin.,,,,,,,,,False,False,False,False,True,False,LINKAGE_UNRESOLVED,False,False
37228,S2016TN145035,N,128,,0,False,11,1,10,False,Indicator evidence only; no final hydric/nonhydric label assigned.,ORNL,TN145,1475631.0,FuD,"Fullerton-Pailo complex, 12 to 20 percent slopes",Bodine,"Loamy-skeletal, siliceous, semiactive, thermic Typic Paleudults",AMBIGUOUS,Multiple plausible candidates remain without a decisive name/taxonomy margin.,,,,,,,,,False,False,False,False,True,False,LINKAGE_UNRESOLVED,False,False
37229,S2016TN145068,N,128,,0,False,11,1,10,False,Indicator evidence only; no final hydric/nonhydric label assigned.,ORNL,TN145,1475630.0,FuC,"Fullerton-Pailo complex, 5 to 12 percent slopes",Fullerton,"Fine, kaolinitic, thermic Typic Paleudults",EXACT,Unique exact normalized NASIS taxon/component-name match within the intersected map unit.,26709307.0,Fullerton,68.0,Yes,Well drained,No,,no,True,False,True,False,True,False,PARTIAL_NEGATIVE_SUPPORT,False,False
37293,S2016TN155001,N,130B,,0,False,11,1,10,False,Indicator evidence only; no final hydric/nonhydric label assigned.,GRSM,TN640,553539.0,NtC,"Northcove-Maymead-Nowhere complex, 8 to 15 percent slopes, very stony",Spivey,"Loamy-skeletal, isotic, mesic Typic Humudepts",AMBIGUOUS,Multiple plausible candidates remain without a decisive name/taxonomy margin.,,,,,,,,,False,False,False,False,True,False,LINKAGE_UNRESOLVED,False,False
37294,S2016TN155002,N,130B,,0,False,11,1,10,False,Indicator evidence only; no final hydric/nonhydric label assigned.,GRSM,TN640,553577.0,SoF,"Soco-Stecoah complex, 30 to 95 percent slopes, stony",Soco,"Coarse-loamy, mixed, active, mesic Typic Dystrudepts",EXACT,Unique exact normalized NASIS taxon/component-name match within the intersected map unit.,26800415.0,Soco,50.0,Yes,Well drained,No,,no,True,False,True,False,True,False,PARTIAL_NEGATIVE_SUPPORT,False,False
37295,S2016TN155003,N,130B,,0,False,11,1,10,False,Indicator evidence only; no final hydric/nonhydric label assigned.,GRSM,TN640,553575.0,SoD,"Soco-Stecoah complex, 15 to 30 percent slopes, stony",Soco,"Coarse-loamy, mixed, active, mesic Typic Dystrudepts",EXACT,Unique exact normalized NASIS taxon/component-name match within the intersected map unit.,26800412.0,Soco,50.0,Yes,Well drained,No,,no,True,False,True,False,True,False,PARTIAL_NEGATIVE_SUPPORT,False,False
37296,S2016TN155006,N,130B,,0,False,11,1,10,False,Indicator evidence only; no final hydric/nonhydric label assigned.,GRSM,TN640,553581.0,Dg,"Dellwood-Smokemont complex, 0 to 5 percent slopes, frequently flooded",Spivey,"Loamy-skeletal, isotic, mesic Typic Humudepts",AMBIGUOUS,Multiple plausible candidates remain without a decisive name/taxonomy margin.,,,,,,,,,False,False,False,False,True,False,LINKAGE_UNRESOLVED,False,False
37297,S2016TN155007,N,130B,,0,False,11,1,10,False,Indicator evidence only; no final hydric/nonhydric label assigned.,GRSM,TN640,553570.0,JbD,"Junaluska-Brasstown complex, 15 to 30 percent slopes, stony",Junaluska,"Fine-loamy, mixed, subactive, mesic Typic Hapludults",EXACT,Unique exact normalized NASIS taxon/component-name match within the intersected map unit.,26800399.0,Junaluska,45.0,Yes,Well drained,No,,no,True,False,True,False,True,False,PARTIAL_NEGATIVE_SUPPORT,False,False
37298,S2016TN155009,N,130B,,0,False,11,1,10,False,Indicator evidence only; no final hydric/nonhydric label assigned.,GRSM,TN640,553585.0,SsD,"Spivey-Santeetlah complex, 15 to 30 percent slopes, very stony",Spivey,"Loamy-skeletal, isotic, mesic Typic Humudepts",EXACT,Unique exact normalized NASIS taxon/component-name match within the intersected map unit.,26800429.0,Spivey,50.0,Yes,Well drained,No,,no,True,False,True,False,True,False,PARTIAL_NEGATIVE_SUPPORT,False,False
37299,S2016TN155012,N,130B,,0,False,11,1,10,False,Indicator evidence only; no final hydric/nonhydric label assigned.,GRSM,TN640,553585.0,SsD,"Spivey-Santeetlah complex, 15 to 30 percent slopes, very stony",Spivey,"Loamy-skeletal, isotic, mesic Typic Humudepts",EXACT,Unique exact normalized NASIS taxon/component-name match within the intersected map unit.,26800429.0,Spivey,50.0,Yes,Well drained,No,,no,True,False,True,False,True,False,PARTIAL_NEGATIVE_SUPPORT,False,False
37300,S2016TN155017,N,130B,,0,False,11,1,10,False,Indicator evidence only; no final hydric/nonhydric label assigned.,GRSM,TN640,553583.0,SsC,"Spivey-Santeetlah-Nowhere complex, 8 to 15 percent slopes, very stony",Reddies,"Coarse-loamy over sandy or sandy-skeletal, mixed, superactive, mesic Oxyaquic Humudepts",UNMATCHED,No candidate has adequate name or taxonomic agreement.,,,,,,,,,False,False,False,False,True,False,LINKAGE_UNRESOLVED,False,False
37301,S2016TN155019,N,130B,,0,False,11,1,10,False,Indicator evidence only; no final hydric/nonhydric label assigned.,GRSM,TN640,557498.0,SsB,"Spivey-Santeetlah-Nowhere complex, 2 to 8 percent slopes, very stony",Tsali,"Loamy, mixed, subactive, mesic, shallow Typic Hapludults",UNMATCHED,No candidate has adequate name or taxonomic agreement.,,,,,,,,,False,False,False,False,True,False,LINKAGE_UNRESOLVED,False,False
37302,S2016TN155020,N,130B,,0,False,11,1,10,False,Indicator evidence only; no final hydric/nonhydric label assigned.,GRSM,TN640,553583.0,SsC,"Spivey-Santeetlah-Nowhere complex, 8 to 15 percent slopes, very stony",Northcove,"Loamy-skeletal, mixed, semiactive, mesic Typic Dystrudepts",AMBIGUOUS,Multiple plausible candidates remain without a decisive name/taxonomy margin.,,,,,,,,,False,False,False,False,True,False,LINKAGE_UNRESOLVED,False,False
37303,S2016TN155022,N,130B,,0,False,11,1,10,False,Indicator evidence only; no final hydric/nonhydric label assigned.,GRSM,TN640,553585.0,SsD,"Spivey-Santeetlah complex, 15 to 30 percent slopes, very stony",Junaluska,"Fine-loamy, mixed, subactive, mesic Typic Hapludults",UNMATCHED,No candidate has adequate name or taxonomic agreement.,,,,,,,,,False,False,False,False,True,False,LINKAGE_UNRESOLVED,False,False
37304,S2016TN155025,N,130B,,0,False,11,1,10,False,Indicator evidence only; no final hydric/nonhydric label assigned.,GRSM,TN640,3244647.0,OcD,"Oconaluftee-Guyot-Cataloochee complex, 15 to 30 percent slopes, stony",Oconaluftee,"Fine-loamy, isotic, frigid Typic Humudepts",AMBIGUOUS,Multiple components share the exact name without decisive taxonomic/phase evidence.,,,,,,,,,False,False,False,False,True,False,LINKAGE_UNRESOLVED,False,False
37305,S2016TN155026,N,130B,,0,False,11,1,10,False,Indicator evidence only; no final hydric/nonhydric label assigned.,GRSM,TN640,553572.0,JtD,"Junaluska-Tsali complex, 15 to 30 percent slopes",Tsali,"Loamy, mixed, subactive, mesic, shallow Typic Hapludults",EXACT,Unique exact normalized NASIS taxon/component-name match within the intersected map unit.,26800406.0,Tsali,20.0,Yes,Well drained,No,,no,True,False,True,False,True,False,PARTIAL_NEGATIVE_SUPPORT,False,False
37318,S2017AK068001,X1,228,,0,False,0,0,0,False,Indicator evidence only; no final hydric/nonhydric label assigned.,,AK725,3354737.0,E28EP1,Interior Alaska Mountains-Boreal Upland and Alpine-Plains and Hills,Typic Histoturbels,"Coarse-silty, mixed, superactive, subgelic Typic Histoturbels",MEDIUM,No name match; unique candidate supported by at least three taxonomic ranks.,26836905.0,E28-boreal alpine tussock-silty frozen loess slopes,8.0,No ,Very poorly drained,Yes,2; 3,yes,False,False,False,False,False,False,LINKAGE_UNRESOLVED,False,False
37319,S2017AK090001,X1,231,,0,False,0,0,0,False,Indicator evidence only; no final hydric/nonhydric label assigned.,,AK642,51774.0,138,"Typic Cryochrepts-Rock outcrop complex, 6 to 35 percent slopes",,,UNMATCHED,No candidate has adequate name or taxonomic agreement.,,,,,,,,,False,False,False,False,False,False,LINKAGE_UNRESOLVED,False,False
37371,S2017FL097001,U,155,,0,False,12,1,11,False,Indicator evidence only; no final hydric/nonhydric label assigned.,DSNY,FL097,1483856.0,16,"Immokalee fine sand, 0 to 2 percent slopes",Zolfo,"Sandy, siliceous, hyperthermic Oxyaquic Alorthods",MEDIUM,No name match; unique candidate supported by at least three taxonomic ranks.,26615009.0,Pomello,2.0,No ,Moderately well drained,No,,no,False,False,False,False,True,False,LINKAGE_UNRESOLVED,False,False
37372,S2017FL097004,U,155,,0,False,12,1,11,False,Indicator evidence only; no final hydric/nonhydric label assigned.,DSNY,FL097,1483845.0,5,"Basinger fine sand, 0 to 2 percent slopes",Myakka,"Sandy, siliceous, hyperthermic Aeric Alaquods",EXACT,Unique exact normalized NASIS taxon/component-name match within the intersected map unit.,26615032.0,Myakka,6.0,No ,Poorly drained,No,,no,True,False,True,False,True,False,PARTIAL_NEGATIVE_SUPPORT,False,False
37373,S2017FL097006,U,155,,0,False,12,1,11,False,Indicator evidence only; no final hydric/nonhydric label assigned.,DSNY,FL097,1483881.0,41,"Satellite sand, 0 to 2 percent slopes",Satellite,"Hyperthermic, uncoated Aquic Quartzipsamments",EXACT,Unique exact normalized NASIS taxon/component-name match within the intersected map unit.,26615062.0,Satellite,85.0,Yes,Somewhat poorly drained,No,,no,True,False,True,False,True,False,PARTIAL_NEGATIVE_SUPPORT,False,False
37374,S2017FL097010,U,155,,0,False,12,1,11,False,Indicator evidence only; no final hydric/nonhydric label assigned.,DSNY,FL097,1483882.0,42,"Smyrna fine sand, 0 to 2 percent slopes",Smyrna,"Sandy, siliceous, hyperthermic Aeric Alaquods",EXACT,Unique exact normalized NASIS taxon/component-name match within the intersected map unit.,26615078.0,Smyrna,85.0,Yes,Poorly drained,No,,no,True,False,True,False,True,False,PARTIAL_NEGATIVE_SUPPORT,False,False
37375,S2017FL097015,U,155,,0,False,12,1,11,False,Indicator evidence only; no final hydric/nonhydric label assigned.,DSNY,FL097,1483881.0,41,"Satellite sand, 0 to 2 percent slopes",Cassia,"Sandy, siliceous, hyperthermic Oxyaquic Alorthods",EXACT,Unique exact normalized NASIS taxon/component-name match within the intersected map unit.,26615063.0,Cassia,2.0,No ,Somewhat poorly drained,No,,no,True,False,True,False,True,False,PARTIAL_NEGATIVE_SUPPORT,False,False
37376,S2017FL105022,U,155,,0,False,12,1,11,False,Indicator evidence only; no final hydric/nonhydric label assigned.,DSNY,FL105,1425012.0,21,Immokalee sand,Satellite,"Hyperthermic, uncoated Aquic Quartzipsamments",UNMATCHED,No candidate has adequate name or taxonomic agreement.,,,,,,,,,False,False,False,False,True,False,LINKAGE_UNRESOLVED,False,False
37377,S2017FL097023,U,155,,0,False,12,1,11,False,Indicator evidence only; no final hydric/nonhydric label assigned.,DSNY,FL097,1483882.0,42,"Smyrna fine sand, 0 to 2 percent slopes",Basinger,"Siliceous, hyperthermic Spodic Psammaquents",EXACT,Unique exact normalized NASIS taxon/component-name match within the intersected map unit.,26615076.0,Basinger,4.0,No ,Very poorly drained,Yes,2; 3,yes,True,True,False,False,True,False,SSURGO_POSITIVE_MORPH_NOT_DEMONSTRATED,False,False
37378,S2017FL097027,U,155,,0,False,12,1,11,False,Indicator evidence only; no final hydric/nonhydric label assigned.,DSNY,FL097,1483856.0,16,"Immokalee fine sand, 0 to 2 percent slopes",Smyrna,"Sandy, siliceous, hyperthermic Aeric Alaquods",AMBIGUOUS,Multiple plausible candidates remain without a decisive name/taxonomy margin.,,,,,,,,,False,False,False,False,True,False,LINKAGE_UNRESOLVED,False,False
37379,S2017FL105005,U,155,,0,False,12,1,11,False,Indicator evidence only; no final hydric/nonhydric label assigned.,DSNY,FL105,1425013.0,22,Pomello fine sand,Pomello,"Sandy, siliceous, hyperthermic Oxyaquic Alorthods",EXACT,Unique exact normalized NASIS taxon/component-name match within the intersected map unit.,26622322.0,Pomello,80.0,Yes,Moderately well drained,No,,no,True,False,True,False,True,False,PARTIAL_NEGATIVE_SUPPORT,False,False
37381,S2017FL097044,U,155,,0,False,12,1,11,False,Indicator evidence only; no final hydric/nonhydric label assigned.,DSNY,FL097,1483882.0,42,"Smyrna fine sand, 0 to 2 percent slopes",Smyrna,"Sandy, siliceous, hyperthermic Aeric Alaquods",EXACT,Unique exact normalized NASIS taxon/component-name match within the intersected map unit.,26615078.0,Smyrna,85.0,Yes,Poorly drained,No,,no,True,False,True,False,True,False,PARTIAL_NEGATIVE_SUPPORT,False,False
37382,S2017FL105002,U,155,,0,False,12,1,11,False,Indicator evidence only; no final hydric/nonhydric label assigned.,DSNY,FL105,1424997.0,5,EauGallie fine sand,Eaugallie,"Sandy, siliceous, hyperthermic Alfic Alaquods",AMBIGUOUS,Multiple components share the exact name without decisive taxonomic/phase evidence.,,,,,,,,,False,False,False,False,True,False,LINKAGE_UNRESOLVED,False,False
37383,S2017FL105009,U,155,,0,False,12,1,11,False,Indicator evidence only; no final hydric/nonhydric label assigned.,DSNY,FL105,1425009.0,17,Smyrna and Myakka fine sands,Smyrna,"Sandy, siliceous, hyperthermic Aeric Alaquods",AMBIGUOUS,Multiple components share the exact name without decisive taxonomic/phase evidence.,,,,,,,,,False,False,False,False,True,False,LINKAGE_UNRESOLVED,False,False
37384,S2017FL105011,U,155,,0,False,12,1,11,False,Indicator evidence only; no final hydric/nonhydric label assigned.,DSNY,FL105,1425014.0,23,"Ona-Ona, wet, fine sand, 0 to 2 percent slopes",Smyrna,"Sandy, siliceous, hyperthermic Aeric Alaquods",MEDIUM,No name match; unique candidate supported by at least three taxonomic ranks.,26622325.0,Myakka,5.0,No ,Poorly drained,No,,no,False,False,False,False,True,False,LINKAGE_UNRESOLVED,False,False
37385,S2017FL105018,U,155,,0,False,12,1,11,False,Indicator evidence only; no final hydric/nonhydric label assigned.,DSNY,FL105,1424997.0,5,EauGallie fine sand,Oldsmar,"Sandy, siliceous, hyperthermic Alfic Arenic Alaquods",AMBIGUOUS,Multiple plausible candidates remain without a decisive name/taxonomy margin.,,,,,,,,,False,False,False,False,True,False,LINKAGE_UNRESOLVED,False,False
37386,S2017FL105019,U,155,,0,False,12,1,11,False,Indicator evidence only; no final hydric/nonhydric label assigned.,DSNY,FL105,1425055.0,70,Duette fine sand,Pomello,"Sandy, siliceous, hyperthermic Oxyaquic Alorthods",EXACT,Unique exact normalized NASIS taxon/component-name match within the intersected map unit.,26622496.0,Pomello,5.0,No ,Moderately well drained,No,,no,True,False,True,False,True,False,PARTIAL_NEGATIVE_SUPPORT,False,False
37387,S2017FL105036,U,155,,0,False,12,1,11,False,Indicator evidence only; no final hydric/nonhydric label assigned.,DSNY,FL105,1425012.0,21,Immokalee sand,Pompano,"Siliceous, hyperthermic Typic Psammaquents",AMBIGUOUS,Multiple plausible candidates remain without a decisive name/taxonomy margin.,,,,,,,,,False,False,False,False,True,False,LINKAGE_UNRESOLVED,False,False
37388,S2017TX497034,J,84B,,0,False,10,3,7,False,Indicator evidence only; no final hydric/nonhydric label assigned.,CLBJ,TX497,373654.0,ByE,"Brackett-Aledo complex, 5 to 20 percent slopes",Pidcoke,"Loamy-skeletal, carbonatic, thermic Lithic Haplustolls",AMBIGUOUS,Multiple plausible candidates remain without a decisive name/taxonomy margin.,,,,,,,,,False,False,False,False,True,False,LINKAGE_UNRESOLVED,False,False
37389,S2017TX497039,J,84B,,0,False,10,6,4,False,Indicator evidence only; no final hydric/nonhydric label assigned.,CLBJ,TX497,373702.0,WeC3,"Weatherford-Duffau complex, 2 to 8 percent slopes, severely eroded",Windthorst,"Fine-loamy, siliceous, superactive, thermic Udic Haplustalfs",EXACT,Unique exact normalized NASIS taxon/component-name match within the intersected map unit.,27215896.0,Windthorst,5.0,No ,Well drained,No,,no,True,False,True,False,True,False,PARTIAL_NEGATIVE_SUPPORT,False,False
37390,S2017TX497044,J,84B,,0,False,10,9,1,False,Indicator evidence only; no final hydric/nonhydric label assigned.,CLBJ,TX497,373661.0,DuB,"Duffau fine sandy loam, 1 to 3 percent slopes",Duffau,"Fine-loamy, siliceous, active, thermic Oxyaquic Haplustalfs",EXACT,Unique exact normalized NASIS taxon/component-name match within the intersected map unit.,27215827.0,Duffau,90.0,Yes,Well drained,No,,no,True,False,True,False,True,False,PARTIAL_NEGATIVE_SUPPORT,False,False
37391,S2017TX497048,J,84B,,0,False,10,6,4,False,Indicator evidence only; no final hydric/nonhydric label assigned.,CLBJ,TX497,373666.0,KtC,"Keeter very fine sandy loam, 1 to 6 percent slopes",Keeter,"Fine-silty, siliceous, active, thermic Ultic Paleustalfs",EXACT,Unique exact normalized NASIS taxon/component-name match within the intersected map unit.,27216003.0,Keeter,80.0,Yes,Well drained,No,,no,True,False,True,False,True,False,PARTIAL_NEGATIVE_SUPPORT,False,False
37392,S2017TX497049,J,84B,,0,False,10,6,4,False,Indicator evidence only; no final hydric/nonhydric label assigned.,CLBJ,TX497,3054446.0,WeD,"Duffau-Weatherford complex, 3 to 8 percent slopes",Duffau,"Coarse-loamy, siliceous, active, thermic Ultic Paleustalfs",EXACT,Unique exact normalized NASIS taxon/component-name match within the intersected map unit.,27215900.0,Duffau,48.0,Yes,Well drained,No,,no,True,False,True,False,True,False,PARTIAL_NEGATIVE_SUPPORT,False,False
37393,S2017TX497050,J,84B,,0,False,10,9,1,False,Indicator evidence only; no final hydric/nonhydric label assigned.,CLBJ,TX497,373667.0,KtC3,"Keeter very fine sandy loam, 2 to 6 percent slopes, severely eroded",Duffau,"Fine-loamy, siliceous, active, thermic Aquic Haplustalfs",EXACT,Unique exact normalized NASIS taxon/component-name match within the intersected map unit.,27215841.0,Windthorst,5.0,No ,Moderately well drained,No,,no,True,False,True,False,True,False,PARTIAL_NEGATIVE_SUPPORT,False,False
37394,S2017TX497051,J,84B,,0,False,10,9,1,False,Indicator evidence only; no final hydric/nonhydric label assigned.,CLBJ,TX497,373662.0,DvC4,"Duffau-Gullied land complex, 3 to 8 percent slopes, severely eroded",Duffau,"Fine-loamy, siliceous, active, thermic Aquic Haplustalfs",EXACT,Unique exact normalized NASIS taxon/component-name match within the intersected map unit.,27215830.0,Duffau,50.0,Yes,Well drained,No,,no,True,False,True,False,True,False,PARTIAL_NEGATIVE_SUPPORT,False,False
37395,S2017TX497052,J,84B,,0,False,10,9,1,False,Indicator evidence only; no final hydric/nonhydric label assigned.,CLBJ,TX497,373666.0,KtC,"Keeter very fine sandy loam, 1 to 6 percent slopes",Duffau,"Fine-loamy, siliceous, active, thermic Udic Haplustalfs",AMBIGUOUS,Multiple components share the exact name without decisive taxonomic/phase evidence.,,,,,,,,,False,False,False,False,True,False,LINKAGE_UNRESOLVED,False,False
37396,S2017TX497054,J,84B,,0,False,10,6,4,False,Indicator evidence only; no final hydric/nonhydric label assigned.,CLBJ,TX497,3054446.0,WeD,"Duffau-Weatherford complex, 3 to 8 percent slopes",Weatherford,"Fine-loamy, siliceous, active, thermic Ultic Haplustalfs",EXACT,Unique exact normalized NASIS taxon/component-name match within the intersected map unit.,27215901.0,Weatherford,29.0,Yes,Well drained,No,,no,True,False,True,False,True,False,PARTIAL_NEGATIVE_SUPPORT,False,False
37397,S2017TX497058,J,84B,,0,False,10,6,4,False,Indicator evidence only; no final hydric/nonhydric label assigned.,CLBJ,TX497,3054446.0,WeD,"Duffau-Weatherford complex, 3 to 8 percent slopes",Duffau,"Fine-loamy, siliceous, superactive, thermic Udic Haplustalfs",EXACT,Unique exact normalized NASIS taxon/component-name match within the intersected map unit.,27215900.0,Duffau,48.0,Yes,Well drained,No,,no,True,False,True,False,True,False,PARTIAL_NEGATIVE_SUPPORT,False,False
37398,S2017TX497059,J,84B,,0,False,10,3,7,False,Indicator evidence only; no final hydric/nonhydric label assigned.,CLBJ,TX497,373699.0,VeC,"Venus loam, 3 to 8 percent slopes",Wise,"Coarse-loamy, siliceous, superactive, thermic Udic Haplustepts",UNMATCHED,No candidate has adequate name or taxonomic agreement.,,,,,,,,,False,False,False,False,True,False,LINKAGE_UNRESOLVED,False,False
37473,S2017ND093001,F,53B,,0,False,11,3,8,False,Indicator evidence only; no final hydric/nonhydric label assigned.,DCFS,ND093,2566846.0,C156F,"Zahl-Max-Bowbells loams, 6 to 35 percent slopes",Zahl,"Fine-loamy, mixed, superactive, frigid Typic Calciustolls",EXACT,Unique exact normalized NASIS taxon/component-name match within the intersected map unit.,27719277.0,Zahl,54.0,Yes,Well drained,No,,no,True,False,True,False,True,False,PARTIAL_NEGATIVE_SUPPORT,False,False
37474,S2017ND093004,F,55B,,0,False,11,1,10,False,Indicator evidence only; no final hydric/nonhydric label assigned.,DCFS,ND093,2581364.0,G273B,"Sioux-Arvilla complex, 2 to 6 percent slopes",Sioux,"Sandy or sandy-skeletal, mixed, superactive, frigid Entic Hapludolls",EXACT,Unique exact normalized NASIS taxon/component-name match within the intersected map unit.,27720215.0,Sioux,55.0,Yes,Excessively drained,No,,no,True,False,True,False,True,False,PARTIAL_NEGATIVE_SUPPORT,False,False
37475,S2017ND093007,F,53B,,0,False,11,6,5,False,Indicator evidence only; no final hydric/nonhydric label assigned.,DCFS,ND093,2566846.0,C156F,"Zahl-Max-Bowbells loams, 6 to 35 percent slopes",Williams,"Fine-loamy, mixed, superactive, frigid Typic Argiustolls",AMBIGUOUS,Multiple plausible candidates remain without a decisive name/taxonomy margin.,,,,,,,,,False,False,False,False,True,False,LINKAGE_UNRESOLVED,False,False
37476,S2017ND093010,F,53B,,0,False,11,6,5,False,Indicator evidence only; no final hydric/nonhydric label assigned.,DCFS,ND093,2566844.0,C165F,"Zahl-Max-Parnell complex, 0 to 35 percent slopes",Grail,"Fine, smectitic, frigid Vertic Argiustolls",AMBIGUOUS,Multiple plausible candidates remain without a decisive name/taxonomy margin.,,,,,,,,,False,False,False,False,True,False,LINKAGE_UNRESOLVED,False,False
37477,S2017ND093011,F,53B,,0,False,11,6,5,False,Indicator evidence only; no final hydric/nonhydric label assigned.,DCFS,ND093,2566829.0,C132C,"Williams-Zahl-Zahill complex, 6 to 9 percent slopes",Bowbells,"Fine-loamy, mixed, superactive, frigid Pachic Argiustolls",EXACT,Unique exact normalized NASIS taxon/component-name match within the intersected map unit.,27720412.0,Bowbells,9.0,No ,Moderately well drained,No,,no,True,False,True,False,True,False,PARTIAL_NEGATIVE_SUPPORT,False,False
37478,S2017ND093014,F,53B,,0,False,11,3,8,False,Indicator evidence only; no final hydric/nonhydric label assigned.,DCFS,ND093,2566846.0,C156F,"Zahl-Max-Bowbells loams, 6 to 35 percent slopes",Arnegard,"Fine-loamy, mixed, superactive, frigid Pachic Haplustolls",AMBIGUOUS,Multiple plausible candidates remain without a decisive name/taxonomy margin.,,,,,,,,,False,False,False,False,True,False,LINKAGE_UNRESOLVED,False,False
37479,S2017ND093016,F,53B,,0,False,11,6,5,False,Indicator evidence only; no final hydric/nonhydric label assigned.,DCFS,ND093,2566846.0,C156F,"Zahl-Max-Bowbells loams, 6 to 35 percent slopes",Bowbells,"Fine-loamy, mixed, superactive, frigid Pachic Argiustolls",EXACT,Unique exact normalized NASIS taxon/component-name match within the intersected map unit.,27719280.0,Bowbells,18.0,Yes,Moderately well drained,No,,no,True,False,True,False,True,False,PARTIAL_NEGATIVE_SUPPORT,False,False
37480,S2017ND093020,F,55B,,0,False,11,1,10,False,Indicator evidence only; no final hydric/nonhydric label assigned.,DCFS,ND093,2581321.0,G143C,"Barnes-Buse-Langhei loams, 6 to 9 percent slopes",Aastad,"Fine-loamy, mixed, superactive, frigid Pachic Argiudolls",AMBIGUOUS,Multiple plausible candidates remain without a decisive name/taxonomy margin.,,,,,,,,,False,False,False,False,True,False,LINKAGE_UNRESOLVED,False,False
37481,S2017ND093022,F,53B,,0,False,11,1,10,False,Indicator evidence only; no final hydric/nonhydric label assigned.,DCFS,ND093,3312341.0,C24A,"Parnell silty clay loam, 0 to 1 percent slopes, Missouri Coteau",Badger,"Fine, smectitic, frigid Vertic Argiaquolls",MEDIUM,No name match; unique candidate supported by at least three taxonomic ranks.,27720308.0,Parnell,64.0,Yes,Very poorly drained,Yes,2; 3,yes,False,False,False,False,True,False,LINKAGE_UNRESOLVED,False,False
37482,S2017ND093023,F,53B,,0,False,11,6,5,False,Indicator evidence only; no final hydric/nonhydric label assigned.,DCFS,ND093,2566846.0,C156F,"Zahl-Max-Bowbells loams, 6 to 35 percent slopes",Williams,"Fine-loamy, mixed, superactive, frigid Typic Argiustolls",AMBIGUOUS,Multiple plausible candidates remain without a decisive name/taxonomy margin.,,,,,,,,,False,False,False,False,True,False,LINKAGE_UNRESOLVED,False,False
37483,S2017ND093027,F,53B,,0,False,11,3,8,False,Indicator evidence only; no final hydric/nonhydric label assigned.,DCFS,ND093,2566846.0,C156F,"Zahl-Max-Bowbells loams, 6 to 35 percent slopes",Bowbells,"Fine-loamy, superactive, frigid Pachic Argiustolls",EXACT,Unique exact normalized NASIS taxon/component-name match within the intersected map unit.,27719280.0,Bowbells,18.0,Yes,Moderately well drained,No,,no,True,False,True,False,True,False,PARTIAL_NEGATIVE_SUPPORT,False,False
37484,S2017ND093029,F,53B,,0,False,11,3,8,False,Indicator evidence only; no final hydric/nonhydric label assigned.,DCFS,ND093,2566846.0,C156F,"Zahl-Max-Bowbells loams, 6 to 35 percent slopes",Grail,"Fine, smectitic, nonacid, frigid Pachic Vertic Argiustolls",AMBIGUOUS,Multiple plausible candidates remain without a decisive name/taxonomy margin.,,,,,,,,,False,False,False,False,True,False,LINKAGE_UNRESOLVED,False,False
37485,S2017ND093030,F,55B,,0,False,11,1,10,False,Indicator evidence only; no final hydric/nonhydric label assigned.,DCFS,ND093,2581363.0,G273A,"Sioux-Arvilla complex, 0 to 2 percent slopes",Renshaw,"Fine-loamy over sandy or sandy-skeletal, mixed, superactive, frigid Calcic Hapludolls",AMBIGUOUS,Multiple plausible candidates remain without a decisive name/taxonomy margin.,,,,,,,,,False,False,False,False,True,False,LINKAGE_UNRESOLVED,False,False
37486,S2017ND093063,F,53B,,0,False,11,1,10,False,Indicator evidence only; no final hydric/nonhydric label assigned.,DCFS,ND093,3312341.0,C24A,"Parnell silty clay loam, 0 to 1 percent slopes, Missouri Coteau",Parnell,"Fine, smectitic, frigid Vertic Argiaquolls",EXACT,Unique exact normalized NASIS taxon/component-name match within the intersected map unit.,27720308.0,Parnell,64.0,Yes,Very poorly drained,Yes,2; 3,yes,True,True,False,False,True,False,SSURGO_POSITIVE_MORPH_NOT_DEMONSTRATED,False,False
37515,S2017VA043001,S,147,,0,False,10,1,9,False,Indicator evidence only; no final hydric/nonhydric label assigned.,BLAN,VA043,516525.0,21B,"Lakin loamy sand, 3 to 8 percent slopes",Thurmont,"Fine-loamy, mixed, active, mesic Oxyaquic Hapludults",UNMATCHED,No candidate has adequate name or taxonomic agreement.,,,,,,,,,False,False,False,False,True,False,LINKAGE_UNRESOLVED,False,False
37516,S2017VA043002,S,147,,0,False,10,1,9,False,Indicator evidence only; no final hydric/nonhydric label assigned.,BLAN,VA043,516549.0,38B,"Poplimento-Webbtown complex, 3 to 8 percent slopes",Poplimento,"Mixed, subactive, mesic Ultic Hapludalfs",EXACT,Unique exact normalized NASIS taxon/component-name match within the intersected map unit.,27336632.0,Poplimento,45.0,Yes,Well drained,No,,no,True,False,True,False,True,False,PARTIAL_NEGATIVE_SUPPORT,False,False
37517,S2017VA043005,S,147,,0,False,10,1,9,False,Indicator evidence only; no final hydric/nonhydric label assigned.,BLAN,VA043,516532.0,26C,"Monongahela-Braddock complex, 8 to 15 percent slopes",Monongahela,"Fine-loamy, mixed, semiactive, mesic Typic Fragiudults",EXACT,Unique exact normalized NASIS taxon/component-name match within the intersected map unit.,27336619.0,Monongahela,40.0,Yes,Moderately well drained,No,,no,True,False,True,False,True,False,PARTIAL_NEGATIVE_SUPPORT,False,False
37518,S2017VA043006,S,147,,0,False,10,1,9,False,Indicator evidence only; no final hydric/nonhydric label assigned.,BLAN,VA043,516531.0,26B,"Monongahela-Braddock complex, 3 to 8 percent slopes",Braddock,"Fine, mixed, semiactive, mesic Typic Hapludults",HIGH,Multiple exact-name components; unique best taxonomic agreement selected.,27336617.0,Monongahela,45.0,Yes,Moderately well drained,No,,no,True,False,True,False,True,False,PARTIAL_NEGATIVE_SUPPORT,False,False
37519,S2017VA043008,S,147,,0,False,10,1,9,False,Indicator evidence only; no final hydric/nonhydric label assigned.,BLAN,VA043,516574.0,55D,"Udults-Udalfs association, 15 to 45 percent slopes",Poplimento,"Fine, mixed, subactive, mesic Ultic Hapludalfs",AMBIGUOUS,Multiple plausible candidates remain without a decisive name/taxonomy margin.,,,,,,,,,False,False,False,False,True,False,LINKAGE_UNRESOLVED,False,False
37520,S2017VA043010,S,147,,0,False,10,1,9,False,Indicator evidence only; no final hydric/nonhydric label assigned.,BLAN,VA043,516569.0,50B,"Thurmont gravelly loam, 3 to 8 percent slopes",Thurmont,"Fine-loamy, mixed, active, mesic Oxyaquic Hapludults",EXACT,Unique exact normalized NASIS taxon/component-name match within the intersected map unit.,27336652.0,Thurmont,80.0,Yes,Well drained,No,,no,True,False,True,False,True,False,PARTIAL_NEGATIVE_SUPPORT,False,False
37521,S2017VA043011,S,147,,0,False,10,1,9,False,Indicator evidence only; no final hydric/nonhydric label assigned.,BLAN,VA043,516570.0,51B,"Timberville silt loam, 0 to 7 percent slopes, frequently flooded",Timberville,"Fine, mixed, active, mesic Typic Hapludults",EXACT,Unique exact normalized NASIS taxon/component-name match within the intersected map unit.,27336680.0,Timberville,80.0,Yes,Well drained,No,,no,True,False,True,False,True,False,PARTIAL_NEGATIVE_SUPPORT,False,False
37522,S2017VA043012,S,147,,0,False,10,1,9,False,Indicator evidence only; no final hydric/nonhydric label assigned.,BLAN,VA043,516569.0,50B,"Thurmont gravelly loam, 3 to 8 percent slopes",Thurmont,"Fine-loamy, mixed, active, mesic Oxyaquic Hapludults",EXACT,Unique exact normalized NASIS taxon/component-name match within the intersected map unit.,27336652.0,Thurmont,80.0,Yes,Well drained,No,,no,True,False,True,False,True,False,PARTIAL_NEGATIVE_SUPPORT,False,False
37523,S2017VA043015,S,147,,0,False,10,1,9,False,Indicator evidence only; no final hydric/nonhydric label assigned.,BLAN,VA043,516571.0,52B,"Udipsamments, 0 to 8 percent slopes",Chagrin,"Fine-loamy, mixed, active, mesic Dystric Fluventic Eutrudepts",UNMATCHED,No candidate has adequate name or taxonomic agreement.,,,,,,,,,False,False,False,False,True,False,LINKAGE_UNRESOLVED,False,False
37524,S2017VA043016,S,147,,0,False,10,1,9,False,Indicator evidence only; no final hydric/nonhydric label assigned.,BLAN,VA043,516568.0,49B,"Thurmont loam, 3 to 8 percent slopes",Thurmont,"Fine-loamy, mixed, active, mesic Oxyaquic Hapludults",EXACT,Unique exact normalized NASIS taxon/component-name match within the intersected map unit.,27336651.0,Thurmont,80.0,Yes,Well drained,No,,no,True,False,True,False,True,False,PARTIAL_NEGATIVE_SUPPORT,False,False
37525,S2017VA043017,S,147,,0,False,10,0,10,True,Indicator evidence only; no final hydric/nonhydric label assigned.,BLAN,VA043,516574.0,55D,"Udults-Udalfs association, 15 to 45 percent slopes",udults,,EXACT,Unique exact normalized NASIS taxon/component-name match within the intersected map unit.,27336655.0,Udults,50.0,Yes,Well drained,No,,no,True,False,True,False,False,False,SSURGO_NEGATIVE_MORPH_INSUFFICIENT,False,False
37526,S2017VA043019,S,147,,0,False,10,1,9,False,Indicator evidence only; no final hydric/nonhydric label assigned.,BLAN,VA043,516509.0,10,Chagrin soils,Chagrin,"Fine-loamy, mixed, active, mesic Dystric Fluventic Eutrudepts",EXACT,Unique exact normalized NASIS taxon/component-name match within the intersected map unit.,27336596.0,Chagrin,80.0,Yes,Well drained,No,,no,True,False,True,False,True,False,PARTIAL_NEGATIVE_SUPPORT,False,False
37527,S2017VA043020,S,147,,0,False,10,1,9,False,Indicator evidence only; no final hydric/nonhydric label assigned.,BLAN,VA043,516553.0,39B,"Poplimento-Webbtown complex, rocky, 3 to 8 percent slopes",Webbtown,"Loamy-skeletal, mixed, semiactive, mesic Ruptic-Alfic Eutrudepts",EXACT,Unique exact normalized NASIS taxon/component-name match within the intersected map unit.,27336637.0,Webbtown,35.0,Yes,Well drained,No,,no,True,False,True,False,True,False,PARTIAL_NEGATIVE_SUPPORT,False,False
37528,S2017VA043031,S,147,,0,False,10,1,9,False,Indicator evidence only; no final hydric/nonhydric label assigned.,BLAN,VA043,516544.0,35B,"Poplimento silt loam, 3 to 8 percent slopes",Poplimento,"Fine, mixed, subactive, mesic Ultic Hapludalfs",EXACT,Unique exact normalized NASIS taxon/component-name match within the intersected map unit.,27336570.0,Poplimento,80.0,Yes,Well drained,No,,no,True,False,True,False,True,False,PARTIAL_NEGATIVE_SUPPORT,False,False
37529,S2017VA043032,S,147,,0,False,10,1,9,False,Indicator evidence only; no final hydric/nonhydric label assigned.,BLAN,VA043,516544.0,35B,"Poplimento silt loam, 3 to 8 percent slopes",Poplimento,"Fine, mixed, subactive, mesic Ultic Hapludalfs",EXACT,Unique exact normalized NASIS taxon/component-name match within the intersected map unit.,27336570.0,Poplimento,80.0,Yes,Well drained,No,,no,True,False,True,False,True,False,PARTIAL_NEGATIVE_SUPPORT,False,False
37530,S2017MA027005,R,144A,,0,False,10,1,9,False,Indicator evidence only; no final hydric/nonhydric label assigned.,HARV,MA614,278718.0,927C,"Montauk-Scituate-Canton association, 3 to 15 percent slopes, extremely stony",Montauk,"Loamy-skeletal, mixed, active, mesic Oxyaquic Dystrudepts",EXACT,Unique exact normalized NASIS taxon/component-name match within the intersected map unit.,27355439.0,Montauk,40.0,Yes,Well drained,No,,no,True,False,True,False,True,False,PARTIAL_NEGATIVE_SUPPORT,False,False
37531,S2017MA027006,R,144A,,0,False,10,1,9,False,Indicator evidence only; no final hydric/nonhydric label assigned.,HARV,MA614,278711.0,915E,"Montauk-Canton association, 15 to 35 percent slopes, extremely stony",Canton,"Coarse-loamy over sandy or sandy-skeletal, mixed, superactive, mesic Typic Dystrudepts",EXACT,Unique exact normalized NASIS taxon/component-name match within the intersected map unit.,27355434.0,Canton,40.0,Yes,Well drained,No,,no,True,False,True,False,True,False,PARTIAL_NEGATIVE_SUPPORT,False,False
37532,S2017MA027017,R,144A,,0,False,10,1,9,False,Indicator evidence only; no final hydric/nonhydric label assigned.,HARV,MA614,278718.0,927C,"Montauk-Scituate-Canton association, 3 to 15 percent slopes, extremely stony",Montauk,"Coarse-loamy, mixed, active, mesic Oxyaquic Dystrudepts",EXACT,Unique exact normalized NASIS taxon/component-name match within the intersected map unit.,27355439.0,Montauk,40.0,Yes,Well drained,No,,no,True,False,True,False,True,False,PARTIAL_NEGATIVE_SUPPORT,False,False
37533,S2017MA027022,R,144A,,0,False,10,1,9,False,Indicator evidence only; no final hydric/nonhydric label assigned.,HARV,MA614,278601.0,253C,"Hinckley loamy sand, 8 to 15 percent slopes",Windsor,"Mixed, mesic Typic Udipsamments",EXACT,Unique exact normalized NASIS taxon/component-name match within the intersected map unit.,27355458.0,Windsor,5.0,No ,Excessively drained,No,,no,True,False,True,False,True,False,PARTIAL_NEGATIVE_SUPPORT,False,False
37534,S2017MA027030,R,144A,,0,False,10,1,9,False,Indicator evidence only; no final hydric/nonhydric label assigned.,HARV,MA614,278603.0,253E,"Hinckley loamy sand, 25 to 35 percent slopes",Hinckley,"Sandy-skeletal, mixed, mesic Typic Udorthents",EXACT,Unique exact normalized NASIS taxon/component-name match within the intersected map unit.,27355472.0,Hinckley,85.0,Yes,Excessively drained,No,,no,True,False,True,False,True,False,PARTIAL_NEGATIVE_SUPPORT,False,False
37535,S2017MA027031,R,144A,,0,False,10,1,9,False,Indicator evidence only; no final hydric/nonhydric label assigned.,HARV,MA614,278600.0,253B,"Hinckley loamy sand, 3 to 8 percent slopes",Agawam,"Coarse-loamy over sandy or sandy-skeletal, mixed, active, mesic Typic Dystrudepts",EXACT,Unique exact normalized NASIS taxon/component-name match within the intersected map unit.,27355453.0,Agawam,2.0,No ,Well drained,No,,no,True,False,True,False,True,False,PARTIAL_NEGATIVE_SUPPORT,False,False
37536,S2017MA027058,R,144A,,0,False,10,1,9,False,Indicator evidence only; no final hydric/nonhydric label assigned.,HARV,MA614,278711.0,915E,"Montauk-Canton association, 15 to 35 percent slopes, extremely stony",Montauk,"Coarse-loamy, mixed, active, mesic Oxyaquic Dystrudepts",EXACT,Unique exact normalized NASIS taxon/component-name match within the intersected map unit.,27355437.0,Montauk,45.0,Yes,Well drained,No,,no,True,False,True,False,True,False,PARTIAL_NEGATIVE_SUPPORT,False,False
37567,S2017CA039001,C,18,,0,False,10,3,7,False,Indicator evidence only; no final hydric/nonhydric label assigned.,SJER,CA651,463318.0,AeD,"Ahwahnee and Vista rocky coarse sandy loams, 8 to 30 percent slopes",Friant,"Loamy, mixed, superactive, thermic Lithic Haploxerolls",UNMATCHED,No candidate has adequate name or taxonomic agreement.,,,,,,,,,False,False,False,False,True,False,LINKAGE_UNRESOLVED,False,False
37568,S2017CA039002,C,18,,0,False,10,3,7,False,Indicator evidence only; no final hydric/nonhydric label assigned.,SJER,CA651,463318.0,AeD,"Ahwahnee and Vista rocky coarse sandy loams, 8 to 30 percent slopes",Kernville,"Sandy-skeletal, mixed, thermic Entic Haploxerolls",UNMATCHED,No candidate has adequate name or taxonomic agreement.,,,,,,,,,False,False,False,False,True,False,LINKAGE_UNRESOLVED,False,False
37569,S2017CA039003,C,18,,0,False,10,3,7,False,Indicator evidence only; no final hydric/nonhydric label assigned.,SJER,CA651,463318.0,AeD,"Ahwahnee and Vista rocky coarse sandy loams, 8 to 30 percent slopes",Tunis,"Loamy, mixed, superactive, thermic, shallow Typic Haploxerolls",UNMATCHED,No candidate has adequate name or taxonomic agreement.,,,,,,,,,False,False,False,False,True,False,LINKAGE_UNRESOLVED,False,False
37570,S2017CA039004,C,18,,0,False,10,3,7,False,Indicator evidence only; no final hydric/nonhydric label assigned.,SJER,CA651,463318.0,AeD,"Ahwahnee and Vista rocky coarse sandy loams, 8 to 30 percent slopes",Ahwahnee,"Coarse-loamy, mixed, active, thermic Mollic Haploxeralfs",EXACT,Unique exact normalized NASIS taxon/component-name match within the intersected map unit.,26430877.0,Ahwahnee,36.0,Yes,Well drained,No,,no,True,False,True,False,True,False,PARTIAL_NEGATIVE_SUPPORT,False,False
37571,S2017CA039005,C,18,,0,False,10,1,9,False,Indicator evidence only; no final hydric/nonhydric label assigned.,SJER,CA651,463321.0,ArF,"Ahwahnee and Vista very rocky coarse sandy loams, 30 to 75 percent slopes",Ahwahnee,"Coarse-loamy, mixed, active, thermic Mollic Haploxeralfs",EXACT,Unique exact normalized NASIS taxon/component-name match within the intersected map unit.,26430896.0,Ahwahnee,26.0,Yes,Well drained,No,,no,True,False,True,False,True,False,PARTIAL_NEGATIVE_SUPPORT,False,False
37572,S2017CA039006,C,18,,0,False,10,3,7,False,Indicator evidence only; no final hydric/nonhydric label assigned.,SJER,CA651,463318.0,AeD,"Ahwahnee and Vista rocky coarse sandy loams, 8 to 30 percent slopes",Vista,"Sandy, mixed, thermic Entic Humixerepts",EXACT,Unique exact normalized NASIS taxon/component-name match within the intersected map unit.,26430878.0,Vista,34.0,Yes,Well drained,No,,no,True,False,True,False,True,False,PARTIAL_NEGATIVE_SUPPORT,False,False
37573,S2017CA039007,C,18,,0,False,10,1,9,False,Indicator evidence only; no final hydric/nonhydric label assigned.,SJER,CA651,463318.0,AeD,"Ahwahnee and Vista rocky coarse sandy loams, 8 to 30 percent slopes",Vista,"Mixed, thermic Typic Xeropsamments",EXACT,Unique exact normalized NASIS taxon/component-name match within the intersected map unit.,26430878.0,Vista,34.0,Yes,Well drained,No,,no,True,False,True,False,True,False,PARTIAL_NEGATIVE_SUPPORT,False,False
37574,S2017CA039008,C,18,,0,False,10,1,9,False,Indicator evidence only; no final hydric/nonhydric label assigned.,SJER,CA651,463318.0,AeD,"Ahwahnee and Vista rocky coarse sandy loams, 8 to 30 percent slopes",Vista,"Mixed, thermic Typic Xeropsamments",EXACT,Unique exact normalized NASIS taxon/component-name match within the intersected map unit.,26430878.0,Vista,34.0,Yes,Well drained,No,,no,True,False,True,False,True,False,PARTIAL_NEGATIVE_SUPPORT,False,False
37575,S2017CA039009,C,18,,0,False,10,1,9,False,Indicator evidence only; no final hydric/nonhydric label assigned.,SJER,CA651,463321.0,ArF,"Ahwahnee and Vista very rocky coarse sandy loams, 30 to 75 percent slopes",Kernville,"Mixed, thermic, shallow Typic Xeropsamments",UNMATCHED,No candidate has adequate name or taxonomic agreement.,,,,,,,,,False,False,False,False,True,False,LINKAGE_UNRESOLVED,False,False
37576,S2017CA039010,C,18,,0,False,10,3,7,False,Indicator evidence only; no final hydric/nonhydric label assigned.,SJER,CA651,463318.0,AeD,"Ahwahnee and Vista rocky coarse sandy loams, 8 to 30 percent slopes",Feethill,"Fine-loamy, mixed, superactive, thermic Typic Argixerolls",UNMATCHED,No candidate has adequate name or taxonomic agreement.,,,,,,,,,False,False,False,False,True,False,LINKAGE_UNRESOLVED,False,False
37625,S2017MA027001,R,144A,,0,False,10,1,9,False,Indicator evidence only; no final hydric/nonhydric label assigned.,HARV,MA614,278718.0,927C,"Montauk-Scituate-Canton association, 3 to 15 percent slopes, extremely stony",Canton,"Loamy-skeletal over sandy or sandy-skeletal, mixed, superactive, mesic Typic Dystrudepts",EXACT,Unique exact normalized NASIS taxon/component-name match within the intersected map unit.,27355441.0,Canton,25.0,Yes,Well drained,No,,no,True,False,True,False,True,False,PARTIAL_NEGATIVE_SUPPORT,False,False
37626,S2017MA027008,R,144A,,0,False,10,1,9,False,Indicator evidence only; no final hydric/nonhydric label assigned.,HARV,MA614,278718.0,927C,"Montauk-Scituate-Canton association, 3 to 15 percent slopes, extremely stony",Sutton,"Coarse-loamy, mixed, superactive, mesic Aquic Dystrudepts",AMBIGUOUS,Multiple plausible candidates remain without a decisive name/taxonomy margin.,,,,,,,,,False,False,False,False,True,False,LINKAGE_UNRESOLVED,False,False
37627,S2017MA027018,R,144A,,0,False,10,1,9,False,Indicator evidence only; no final hydric/nonhydric label assigned.,HARV,MA614,278718.0,927C,"Montauk-Scituate-Canton association, 3 to 15 percent slopes, extremely stony",Scituate,"Coarse-loamy, mixed, active, mesic Aquic Dystrudepts",EXACT,Unique exact normalized NASIS taxon/component-name match within the intersected map unit.,27355440.0,Scituate,30.0,Yes,Moderately well drained,No,,no,True,False,True,False,True,False,PARTIAL_NEGATIVE_SUPPORT,False,False
37628,S2017MA027021,R,144A,,0,False,10,1,9,False,Indicator evidence only; no final hydric/nonhydric label assigned.,HARV,MA614,3045270.0,58A,"Catden and Natchaug mucks, 0 to 2 percent slopes",Sudbury,"Sandy-skeletal, mixed, mesic Oxyaquic Udorthents",UNMATCHED,No candidate has adequate name or taxonomic agreement.,,,,,,,,,False,False,False,False,True,False,LINKAGE_UNRESOLVED,False,False
37629,S2017MA027024,R,144A,,0,False,10,1,9,False,Indicator evidence only; no final hydric/nonhydric label assigned.,HARV,MA614,278718.0,927C,"Montauk-Scituate-Canton association, 3 to 15 percent slopes, extremely stony",Freetown,"Dysic, mesic Typic Haplosaprists",UNMATCHED,No candidate has adequate name or taxonomic agreement.,,,,,,,,,False,False,False,False,True,False,LINKAGE_UNRESOLVED,False,False
37630,S2017MA027027,R,144A,,0,False,10,1,9,False,Indicator evidence only; no final hydric/nonhydric label assigned.,HARV,MA614,278718.0,927C,"Montauk-Scituate-Canton association, 3 to 15 percent slopes, extremely stony",Leicester,"Loamy-skeletal, mixed, superactive, nonacid, mesic Typic Humaquepts",AMBIGUOUS,Multiple plausible candidates remain without a decisive name/taxonomy margin.,,,,,,,,,False,False,False,False,True,False,LINKAGE_UNRESOLVED,False,False
37631,S2017MA027029,R,144A,,0,False,10,1,9,False,Indicator evidence only; no final hydric/nonhydric label assigned.,HARV,MA614,278718.0,927C,"Montauk-Scituate-Canton association, 3 to 15 percent slopes, extremely stony",Canton,"Sandy-skeletal, mixed, mesic Typic Dystrudepts",EXACT,Unique exact normalized NASIS taxon/component-name match within the intersected map unit.,27355441.0,Canton,25.0,Yes,Well drained,No,,no,True,False,True,False,True,False,PARTIAL_NEGATIVE_SUPPORT,False,False
37632,S2017MA027059,R,144A,,0,False,10,1,9,False,Indicator evidence only; no final hydric/nonhydric label assigned.,HARV,MA614,278713.0,918B,"Ridgebury-Whitman association, 0 to 8 percent slopes, extremely stony",Newfields,"Coarse-loamy over sandy or sandy-skeletal, mixed, active, mesic Oxyaquic Dystrudepts",MEDIUM,No name match; unique candidate supported by at least three taxonomic ranks.,27355530.0,Woodbridge,10.0,No ,Moderately well drained,No,,no,False,False,False,False,True,False,LINKAGE_UNRESOLVED,False,False
37633,S2017MA027013,R,144A,,0,False,10,1,9,False,Indicator evidence only; no final hydric/nonhydric label assigned.,HARV,MA614,278717.0,926C,"Charlton-Chatfield association, 3 to 15 percent slopes, extremely stony",Chatfield,"Loamy-skeletal, mixed, superactive, mesic Typic Dystrudepts",EXACT,Unique exact normalized NASIS taxon/component-name match within the intersected map unit.,27355333.0,Chatfield,20.0,Yes,Well drained,No,,no,True,False,True,False,True,False,PARTIAL_NEGATIVE_SUPPORT,False,False
37634,S2017MA027011,R,144A,,0,False,10,1,9,False,Indicator evidence only; no final hydric/nonhydric label assigned.,HARV,MA614,278718.0,927C,"Montauk-Scituate-Canton association, 3 to 15 percent slopes, extremely stony",Newfields,"Coarse-loamy over sandy or sandy-skeletal, mixed, superactive, mesic Aquic Dystrudepts",AMBIGUOUS,Multiple plausible candidates remain without a decisive name/taxonomy margin.,,,,,,,,,False,False,False,False,True,False,LINKAGE_UNRESOLVED,False,False
37645,S2017WA011001,A,3,,0,False,10,4,6,False,Indicator evidence only; no final hydric/nonhydric label assigned.,ABBY,WA011,71974.0,CnD,"Cinebar silt loam, 8 to 20 percent slopes",Cinebar,"Medial, mixed, mesic Humic Haploxerands",EXACT,Unique exact normalized NASIS taxon/component-name match within the intersected map unit.,26506821.0,Cinebar,100.0,Yes,Well drained,No,,no,True,False,True,False,True,False,PARTIAL_NEGATIVE_SUPPORT,False,False
37646,S2017WA011002,A,3,,0,False,10,1,9,False,Indicator evidence only; no final hydric/nonhydric label assigned.,ABBY,WA011,71976.0,CnG,"Cinebar silt loam, 30 to 70 percent slopes",Aschoff,"Loamy-skeletal, isotic, mesic Andic Humudepts",UNMATCHED,No candidate has adequate name or taxonomic agreement.,,,,,,,,,False,False,False,False,True,False,LINKAGE_UNRESOLVED,False,False
37647,S2017WA011007,A,3,,0,False,10,4,6,False,Indicator evidence only; no final hydric/nonhydric label assigned.,ABBY,WA011,72013.0,KeC,"Kinney silt loam, 3 to 15 percent slopes",Cinebar,"Medial, mixed, mesic Humic Haploxerands",UNMATCHED,No candidate has adequate name or taxonomic agreement.,,,,,,,,,False,False,False,False,True,False,LINKAGE_UNRESOLVED,False,False
37648,S2017WA011008,A,3,,0,False,10,4,6,False,Indicator evidence only; no final hydric/nonhydric label assigned.,ABBY,WA011,72013.0,KeC,"Kinney silt loam, 3 to 15 percent slopes",Cinebar,"Medial, mixed, mesic Humic Haploxerands",UNMATCHED,No candidate has adequate name or taxonomic agreement.,,,,,,,,,False,False,False,False,True,False,LINKAGE_UNRESOLVED,False,False
37649,S2017WA011009,A,3,,0,False,10,1,9,False,Indicator evidence only; no final hydric/nonhydric label assigned.,ABBY,WA011,71974.0,CnD,"Cinebar silt loam, 8 to 20 percent slopes",Kinney,"Fine-loamy, isotic, mesic Andic Humudepts",UNMATCHED,No candidate has adequate name or taxonomic agreement.,,,,,,,,,False,False,False,False,True,False,LINKAGE_UNRESOLVED,False,False
37650,S2017WA011011,A,3,,0,False,10,1,9,False,Indicator evidence only; no final hydric/nonhydric label assigned.,ABBY,WA011,72014.0,KeE,"Kinney silt loam, 15 to 30 percent slopes",Kinney,"Fine-loamy, isotic, mesic Andic Humudepts",EXACT,Unique exact normalized NASIS taxon/component-name match within the intersected map unit.,26506862.0,Kinney,100.0,Yes,Well drained,No,,no,True,False,True,False,True,False,PARTIAL_NEGATIVE_SUPPORT,False,False
37651,S2017WA011016,A,3,,0,False,10,10,0,False,Indicator evidence only; no final hydric/nonhydric label assigned.,ABBY,WA011,71975.0,CnE,"Cinebar silt loam, 20 to 30 percent slopes",Ferteg,"Medial over loamy-skeletal, amorphic over isotic, mesic Aquic Haploxerands",AMBIGUOUS,Multiple plausible candidates remain without a decisive name/taxonomy margin.,,,,,,,,,False,False,False,False,True,True,LINKAGE_UNRESOLVED,False,False
37652,S2017WA011017,A,3,,0,False,10,1,9,False,Indicator evidence only; no final hydric/nonhydric label assigned.,ABBY,WA011,72047.0,OmF,"Olympic stony clay loam, 30 to 60 percent slopes",Kinney,"Fine-loamy, isotic, mesic Andic Humudepts",UNMATCHED,No candidate has adequate name or taxonomic agreement.,,,,,,,,,False,False,False,False,True,False,LINKAGE_UNRESOLVED,False,False
37653,S2017WA011019,A,3,,0,False,10,3,7,False,Indicator evidence only; no final hydric/nonhydric label assigned.,ABBY,WA011,71974.0,CnD,"Cinebar silt loam, 8 to 20 percent slopes",Cinebar,"Medial, mixed, mesic Humic Haploxerands",EXACT,Unique exact normalized NASIS taxon/component-name match within the intersected map unit.,26506821.0,Cinebar,100.0,Yes,Well drained,No,,no,True,False,True,False,True,False,PARTIAL_NEGATIVE_SUPPORT,False,False
37654,S2017WA011020,A,3,,0,False,10,1,9,False,Indicator evidence only; no final hydric/nonhydric label assigned.,ABBY,WA011,71975.0,CnE,"Cinebar silt loam, 20 to 30 percent slopes",Kinney,"Fine-loamy, isotic, mesic Vitrandic Humudepts",UNMATCHED,No candidate has adequate name or taxonomic agreement.,,,,,,,,,False,False,False,False,True,False,LINKAGE_UNRESOLVED,False,False
37655,S2017WA011021,A,3,,0,False,10,4,6,False,Indicator evidence only; no final hydric/nonhydric label assigned.,ABBY,WA011,71975.0,CnE,"Cinebar silt loam, 20 to 30 percent slopes",Cinebar,"Medial, mixed, mesic Humic Haploxerands",EXACT,Unique exact normalized NASIS taxon/component-name match within the intersected map unit.,26506822.0,Cinebar,100.0,Yes,Well drained,No,,no,True,False,True,False,True,False,PARTIAL_NEGATIVE_SUPPORT,False,False
37656,S2017WA011023,A,3,,0,False,10,1,9,False,Indicator evidence only; no final hydric/nonhydric label assigned.,ABBY,WA011,72046.0,OmE,"Olympic stony clay loam, 3 to 30 percent slopes",Kinney,"Fine-loamy, isotic, mesic Andic Humudepts",UNMATCHED,No candidate has adequate name or taxonomic agreement.,,,,,,,,,False,False,False,False,True,False,LINKAGE_UNRESOLVED,False,False
37657,S2017WA011026,A,3,,0,False,10,1,9,False,Indicator evidence only; no final hydric/nonhydric label assigned.,ABBY,WA011,72046.0,OmE,"Olympic stony clay loam, 3 to 30 percent slopes",Kinney,"Fine-loamy, isotic, mesic Andic Humudepts",UNMATCHED,No candidate has adequate name or taxonomic agreement.,,,,,,,,,False,False,False,False,True,False,LINKAGE_UNRESOLVED,False,False
37658,S2017WA011028,A,3,,0,False,10,1,9,False,Indicator evidence only; no final hydric/nonhydric label assigned.,ABBY,WA011,72013.0,KeC,"Kinney silt loam, 3 to 15 percent slopes",Huss,"Medial-skeletal, amorphic, mesic Typic Hapludands",UNMATCHED,No candidate has adequate name or taxonomic agreement.,,,,,,,,,False,False,False,False,True,False,LINKAGE_UNRESOLVED,False,False
37659,S2017WA011063,A,3,,0,False,10,4,6,False,Indicator evidence only; no final hydric/nonhydric label assigned.,ABBY,WA011,71974.0,CnD,"Cinebar silt loam, 8 to 20 percent slopes",Cinebar,"Medial, mixed, mesic Humic Haploxerands",EXACT,Unique exact normalized NASIS taxon/component-name match within the intersected map unit.,26506821.0,Cinebar,100.0,Yes,Well drained,No,,no,True,False,True,False,True,False,PARTIAL_NEGATIVE_SUPPORT,False,False
37660,S2017WA011881,A,3,,0,False,10,4,6,False,Indicator evidence only; no final hydric/nonhydric label assigned.,ABBY,WA011,71974.0,CnD,"Cinebar silt loam, 8 to 20 percent slopes",Cinebar,"Medial, mixed, mesic Humic Haploxerands",EXACT,Unique exact normalized NASIS taxon/component-name match within the intersected map unit.,26506821.0,Cinebar,100.0,Yes,Well drained,No,,no,True,False,True,False,True,False,PARTIAL_NEGATIVE_SUPPORT,False,False
37718,S2017WA059001,A,3,,0,False,10,1,9,False,Indicator evidence only; no final hydric/nonhydric label assigned.,,WA760,2511987.0,NOTCOM,No Digital Data Available,Stabler,"Medial, amorphic, mesic Typic Hapludands",UNMATCHED,No candidate has adequate name or taxonomic agreement.,,,,,,,,,False,False,False,False,True,False,LINKAGE_UNRESOLVED,False,False
37865,S2015GA007001,P,133A,,0,False,12,1,11,False,Indicator evidence only; no final hydric/nonhydric label assigned.,JERC,GA603,325176.0,TwB,"Troup sand, 0 to 5 percent slopes",Wicksburg,"Clayey, kaolinitic, thermic Arenic Paleudults",AMBIGUOUS,Multiple plausible candidates remain without a decisive name/taxonomy margin.,,,,,,,,,False,False,False,False,True,False,LINKAGE_UNRESOLVED,False,False
37866,S2015GA007003,P,133A,,0,False,12,1,11,False,Indicator evidence only; no final hydric/nonhydric label assigned.,JERC,GA603,325177.0,TwC,"Troup sand, 5 to 8 percent slopes",Troup,"Loamy, kaolinitic, thermic Grossarenic Kandiudults",EXACT,Unique exact normalized NASIS taxon/component-name match within the intersected map unit.,26518290.0,Troup,88.0,Yes,Somewhat excessively drained,No,,no,True,False,True,False,True,False,PARTIAL_NEGATIVE_SUPPORT,False,False
37867,S2015GA007004,P,133A,,0,False,12,1,11,False,Indicator evidence only; no final hydric/nonhydric label assigned.,JERC,GA603,325159.0,LmB,"Lucy loamy sand, 0 to 5 percent slopes",Benevolence,"Coarse-loamy, kaolinitic, thermic Typic Kandiudults",AMBIGUOUS,Multiple plausible candidates remain without a decisive name/taxonomy margin.,,,,,,,,,False,False,False,False,True,False,LINKAGE_UNRESOLVED,False,False
37868,S2015GA007005,P,133A,,0,False,12,1,11,False,Indicator evidence only; no final hydric/nonhydric label assigned.,JERC,GA603,325178.0,WaB,"Wagram loamy sand, 0 to 5 percent slopes",Norfolk,"Fine-loamy, kaolinitic, thermic Typic Kandiudults",AMBIGUOUS,Multiple plausible candidates remain without a decisive name/taxonomy margin.,,,,,,,,,False,False,False,False,True,False,LINKAGE_UNRESOLVED,False,False
37869,S2015GA007006,P,133A,,0,False,12,1,11,False,Indicator evidence only; no final hydric/nonhydric label assigned.,JERC,GA603,325138.0,BoA,"Bonneau loamy sand, 0 to 2 percent slopes",Wagram,"Loamy, kaolinitic, thermic Arenic Kandiudults",AMBIGUOUS,Multiple plausible candidates remain without a decisive name/taxonomy margin.,,,,,,,,,False,False,False,False,True,False,LINKAGE_UNRESOLVED,False,False
37870,S2015GA007008,P,133A,,0,False,12,1,11,False,Indicator evidence only; no final hydric/nonhydric label assigned.,JERC,GA603,325178.0,WaB,"Wagram loamy sand, 0 to 5 percent slopes",Troup,"Loamy, kaolinitic, thermic Grossarenic Kandiudults",MEDIUM,No name match; unique candidate supported by at least three taxonomic ranks.,26518265.0,Wagram,70.0,Yes,Well drained,No,,no,False,False,False,False,True,False,LINKAGE_UNRESOLVED,False,False
37871,S2015GA007009,P,133A,,0,False,12,1,11,False,Indicator evidence only; no final hydric/nonhydric label assigned.,JERC,GA603,325177.0,TwC,"Troup sand, 5 to 8 percent slopes",Bigbee,"Thermic, coated Typic Quartzipsamments",UNMATCHED,No candidate has adequate name or taxonomic agreement.,,,,,,,,,False,False,False,False,True,False,LINKAGE_UNRESOLVED,False,False
37872,S2015GA007010,P,133A,,0,False,12,1,11,False,Indicator evidence only; no final hydric/nonhydric label assigned.,JERC,GA603,325176.0,TwB,"Troup sand, 0 to 5 percent slopes",Orangeburg,"Fine-loamy, kaolinitic, thermic Typic Kandiudults",AMBIGUOUS,Multiple plausible candidates remain without a decisive name/taxonomy margin.,,,,,,,,,False,False,False,False,True,False,LINKAGE_UNRESOLVED,False,False
37873,S2015GA007011,P,133A,,0,False,12,1,11,False,Indicator evidence only; no final hydric/nonhydric label assigned.,JERC,GA603,325176.0,TwB,"Troup sand, 0 to 5 percent slopes",Troup,"Loamy, kaolinitic, thermic Grossarenic Kandiudults",EXACT,Unique exact normalized NASIS taxon/component-name match within the intersected map unit.,26518286.0,Troup,80.0,Yes,Somewhat excessively drained,No,,no,True,False,True,False,True,False,PARTIAL_NEGATIVE_SUPPORT,False,False
37874,S2015GA007012,P,133A,,0,False,12,1,11,False,Indicator evidence only; no final hydric/nonhydric label assigned.,JERC,GA603,325178.0,WaB,"Wagram loamy sand, 0 to 5 percent slopes",Orangeburg,"Fine-loamy, kaolinitic, thermic Typic Kandiudults",AMBIGUOUS,Multiple plausible candidates remain without a decisive name/taxonomy margin.,,,,,,,,,False,False,False,False,True,False,LINKAGE_UNRESOLVED,False,False
37875,S2015GA007014,P,133A,,0,False,12,1,11,False,Indicator evidence only; no final hydric/nonhydric label assigned.,JERC,GA603,325166.0,OeB,"Orangeburg loamy sand, 2 to 5 percent slopes",Bonneau,"Loamy, siliceous, subactive, thermic Arenic Paleudults",AMBIGUOUS,Multiple plausible candidates remain without a decisive name/taxonomy margin.,,,,,,,,,False,False,False,False,True,False,LINKAGE_UNRESOLVED,False,False
37876,S2015GA007015,P,133A,,0,False,12,1,11,False,Indicator evidence only; no final hydric/nonhydric label assigned.,JERC,GA603,325176.0,TwB,"Troup sand, 0 to 5 percent slopes",Troup,"Loamy, kaolinitic, thermic Grossarenic Kandiudults",EXACT,Unique exact normalized NASIS taxon/component-name match within the intersected map unit.,26518286.0,Troup,80.0,Yes,Somewhat excessively drained,No,,no,True,False,True,False,True,False,PARTIAL_NEGATIVE_SUPPORT,False,False
37877,S2015GA007016,P,133A,,0,False,12,1,11,False,Indicator evidence only; no final hydric/nonhydric label assigned.,JERC,GA603,325166.0,OeB,"Orangeburg loamy sand, 2 to 5 percent slopes",Benevolence,"Coarse-loamy, kaolinitic, thermic Typic Kandiudults",AMBIGUOUS,Multiple plausible candidates remain without a decisive name/taxonomy margin.,,,,,,,,,False,False,False,False,True,False,LINKAGE_UNRESOLVED,False,False
37878,S2015GA007017,P,133A,,0,False,12,1,11,False,Indicator evidence only; no final hydric/nonhydric label assigned.,JERC,GA603,325178.0,WaB,"Wagram loamy sand, 0 to 5 percent slopes",Orangeburg,"Fine-loamy, kaolinitic, thermic Typic Kandiudults",AMBIGUOUS,Multiple plausible candidates remain without a decisive name/taxonomy margin.,,,,,,,,,False,False,False,False,True,False,LINKAGE_UNRESOLVED,False,False
37879,S2015GA007019,P,133A,,0,False,12,1,11,False,Indicator evidence only; no final hydric/nonhydric label assigned.,JERC,GA603,325178.0,WaB,"Wagram loamy sand, 0 to 5 percent slopes",Norfolk,"Fine-loamy, kaolinitic, thermic Typic Kandiudults",AMBIGUOUS,Multiple plausible candidates remain without a decisive name/taxonomy margin.,,,,,,,,,False,False,False,False,True,False,LINKAGE_UNRESOLVED,False,False
37880,S2015GA007021,P,133A,,0,False,12,1,11,False,Indicator evidence only; no final hydric/nonhydric label assigned.,JERC,GA603,325166.0,OeB,"Orangeburg loamy sand, 2 to 5 percent slopes",Orangeburg,"Fine-loamy, kaolinitic, thermic Typic Kandiudults",EXACT,Unique exact normalized NASIS taxon/component-name match within the intersected map unit.,26518278.0,Orangeburg,80.0,Yes,Well drained,No,,no,True,False,True,False,True,False,PARTIAL_NEGATIVE_SUPPORT,False,False
37881,S2015GA007022,P,133A,,0,False,12,1,11,False,Indicator evidence only; no final hydric/nonhydric label assigned.,JERC,GA603,325156.0,HvA,"Hornsville fine sandy loam, 0 to 2 percent slopes",Hornsville,"Fine, kaolinitic, thermic Aquic Hapludults",EXACT,Unique exact normalized NASIS taxon/component-name match within the intersected map unit.,26518263.0,Hornsville,100.0,Yes,Moderately well drained,No,,no,True,False,True,False,True,False,PARTIAL_NEGATIVE_SUPPORT,False,False
37882,S2015GA007024,P,133A,,0,False,12,1,11,False,Indicator evidence only; no final hydric/nonhydric label assigned.,JERC,GA603,325156.0,HvA,"Hornsville fine sandy loam, 0 to 2 percent slopes",Faceville,"Fine, kaolinitic, thermic Typic Kandiudults",AMBIGUOUS,Multiple plausible candidates remain without a decisive name/taxonomy margin.,,,,,,,,,False,False,False,False,True,False,LINKAGE_UNRESOLVED,False,False
37883,S2015GA007025,P,133A,,0,False,12,1,11,False,Indicator evidence only; no final hydric/nonhydric label assigned.,JERC,GA603,325157.0,KeC,"Kershaw sand, 2 to 12 percent slopes",Nankin,"Fine, kaolinitic, thermic Typic Kanhapludults",UNMATCHED,No candidate has adequate name or taxonomic agreement.,,,,,,,,,False,False,False,False,True,False,LINKAGE_UNRESOLVED,False,False
37884,S2015GA007026,P,133A,,0,False,12,1,11,False,Indicator evidence only; no final hydric/nonhydric label assigned.,JERC,GA603,325178.0,WaB,"Wagram loamy sand, 0 to 5 percent slopes",Wagram,"Loamy, kaolinitic, thermic Arenic Kandiudults",EXACT,Unique exact normalized NASIS taxon/component-name match within the intersected map unit.,26518265.0,Wagram,70.0,Yes,Well drained,No,,no,True,False,True,False,True,False,PARTIAL_NEGATIVE_SUPPORT,False,False
37885,S2015GA007027,P,133A,,0,False,12,1,11,False,Indicator evidence only; no final hydric/nonhydric label assigned.,JERC,GA603,325176.0,TwB,"Troup sand, 0 to 5 percent slopes",Norfolk,"Fine-loamy, kaolinitic, thermic Typic Kandiudults",AMBIGUOUS,Multiple plausible candidates remain without a decisive name/taxonomy margin.,,,,,,,,,False,False,False,False,True,False,LINKAGE_UNRESOLVED,False,False
37886,S2015GA007028,P,133A,,0,False,12,1,11,False,Indicator evidence only; no final hydric/nonhydric label assigned.,JERC,GA603,325145.0,EnC,"Esto-Norfolk complex, 5 to 8 percent slopes",Nankin,"Fine, kaolinitic, thermic Typic Kanhapludults",AMBIGUOUS,Multiple plausible candidates remain without a decisive name/taxonomy margin.,,,,,,,,,False,False,False,False,True,False,LINKAGE_UNRESOLVED,False,False
37887,S2015GA007029,P,133A,,0,False,12,1,11,False,Indicator evidence only; no final hydric/nonhydric label assigned.,JERC,GA603,325178.0,WaB,"Wagram loamy sand, 0 to 5 percent slopes",Bigbee,"Thermic, coated Typic Quartzipsamments",UNMATCHED,No candidate has adequate name or taxonomic agreement.,,,,,,,,,False,False,False,False,True,False,LINKAGE_UNRESOLVED,False,False
37888,S2017CO013008,E,48A,,0,False,10,4,6,False,Indicator evidence only; no final hydric/nonhydric label assigned.,RMNP,CO645,762958.0,2703B,"Cypher-Ratake families complex, 5 to 40 percent slopes",Teaspoon,"Coarse-loamy, superactive Lithic Argiustolls",AMBIGUOUS,Multiple plausible candidates remain without a decisive name/taxonomy margin.,,,,,,,,,False,False,False,False,True,False,LINKAGE_UNRESOLVED,False,False
37889,S2017CO013009,E,48A,,0,False,10,1,9,False,Indicator evidence only; no final hydric/nonhydric label assigned.,RMNP,CO645,762958.0,2703B,"Cypher-Ratake families complex, 5 to 40 percent slopes",Cypher,"Sandy-skeletal, mixed, superactive Lithic Ustorthents",UNMATCHED,No candidate has adequate name or taxonomic agreement.,,,,,,,,,False,False,False,False,True,False,LINKAGE_UNRESOLVED,False,False
37890,S2017CO013010,E,48A,,0,False,10,1,9,False,Indicator evidence only; no final hydric/nonhydric label assigned.,RMNP,CO645,762992.0,7700C,"Leighcan family, 40 to 75 percent slopes",SND,"Loamy-skeletal, active Haplocryalfs",UNMATCHED,No candidate has adequate name or taxonomic agreement.,,,,,,,,,False,False,False,False,True,False,LINKAGE_UNRESOLVED,False,False
37891,S2017CO013011,E,48A,,0,False,10,1,9,False,Indicator evidence only; no final hydric/nonhydric label assigned.,RMNP,CO645,2108969.0,4703D,"Bullwark-Catamount families-Rock outcrop complex, 40 to 150 percent slopes",Catamount,"Sandy-skeletal, mixed, superactive Lithic Dystrocryepts",AMBIGUOUS,Multiple plausible candidates remain without a decisive name/taxonomy margin.,,,,,,,,,False,False,False,False,True,False,LINKAGE_UNRESOLVED,False,False
37892,S2017CO013012,E,48A,,0,False,10,1,9,False,Indicator evidence only; no final hydric/nonhydric label assigned.,RMNP,CO645,2108969.0,4703D,"Bullwark-Catamount families-Rock outcrop complex, 40 to 150 percent slopes",SND,"Loamy, mixed, superactive Lithic Cryorthents",UNMATCHED,No candidate has adequate name or taxonomic agreement.,,,,,,,,,False,False,False,False,True,False,LINKAGE_UNRESOLVED,False,False
37893,S2017CO013013,E,48A,,0,False,10,4,6,False,Indicator evidence only; no final hydric/nonhydric label assigned.,RMNP,CO645,762980.0,4704B,"Bullwark-Catamount families-Rubble land complex, 10 to 40 percent slopes",SND,"Fine-loamy, superactive, frigid Lithic Haplustalfs",UNMATCHED,No candidate has adequate name or taxonomic agreement.,,,,,,,,,False,False,False,False,True,False,LINKAGE_UNRESOLVED,False,False
37894,S2017CO013014,E,48A,,0,False,10,1,9,False,Indicator evidence only; no final hydric/nonhydric label assigned.,RMNP,CO645,763004.0,7790B,"Lithic Cryorthents, subalpine-Rubble land complex, 5 to 40 percent slopes",SND,"Loamy-skeletal, mixed, superactive Typic Haplocryalfs",UNMATCHED,No candidate has adequate name or taxonomic agreement.,,,,,,,,,False,False,False,False,True,False,LINKAGE_UNRESOLVED,False,False
37895,S2017CO013015,E,48A,,0,False,10,1,9,False,Indicator evidence only; no final hydric/nonhydric label assigned.,RMNP,CO645,762959.0,2704D,"Typic Haplustolls-Cathedral family-Rock outcrop complex, 40 to 150 percent slopes",SND,"Loamy-skeletal, mixed, active Typic Haplocryalfs",UNMATCHED,No candidate has adequate name or taxonomic agreement.,,,,,,,,,False,False,False,False,True,False,LINKAGE_UNRESOLVED,False,False
37896,S2017CO013016,E,48A,,0,False,10,1,9,False,Indicator evidence only; no final hydric/nonhydric label assigned.,RMNP,CO645,762986.0,7201B,"Leighcan family, till substratum, 5 to 40 percent slopes",SND,"Loamy-skeletal, mixed, active Typic Haplocryalfs",UNMATCHED,No candidate has adequate name or taxonomic agreement.,,,,,,,,,False,False,False,False,True,False,LINKAGE_UNRESOLVED,False,False
37897,S2017CO013017,E,48A,,0,False,10,1,9,False,Indicator evidence only; no final hydric/nonhydric label assigned.,RMNP,CO645,762995.0,7709D,"Leighcan family-Rock outcrop complex, 40 to 150 percent slopes, south aspects",SND,"Loamy-skeletal, mixed, superactive Typic Haplocryalfs",UNMATCHED,No candidate has adequate name or taxonomic agreement.,,,,,,,,,False,False,False,False,True,False,LINKAGE_UNRESOLVED,False,False
37898,S2017CO013018,E,48A,,0,False,10,1,9,False,Indicator evidence only; no final hydric/nonhydric label assigned.,RMNP,CO645,762986.0,7201B,"Leighcan family, till substratum, 5 to 40 percent slopes",SND,"Loamy-skeletal, mixed, superactive Typic Haplocryalfs",UNMATCHED,No candidate has adequate name or taxonomic agreement.,,,,,,,,,False,False,False,False,True,False,LINKAGE_UNRESOLVED,False,False
37899,S2017CO013019,E,48A,,0,False,10,1,9,False,Indicator evidence only; no final hydric/nonhydric label assigned.,RMNP,CO645,762992.0,7700C,"Leighcan family, 40 to 75 percent slopes",SND,"Loamy-skeletal, mixed, superactive Typic Haplocryalfs",UNMATCHED,No candidate has adequate name or taxonomic agreement.,,,,,,,,,False,False,False,False,True,False,LINKAGE_UNRESOLVED,False,False
37900,S2017CO013020,E,48A,,0,False,10,4,6,False,Indicator evidence only; no final hydric/nonhydric label assigned.,RMNP,CO645,762959.0,2704D,"Typic Haplustolls-Cathedral family-Rock outcrop complex, 40 to 150 percent slopes",SND,"Sandy-skeletal, mixed, superactive, frigid Typic Haplustepts",UNMATCHED,No candidate has adequate name or taxonomic agreement.,,,,,,,,,False,False,False,False,True,False,LINKAGE_UNRESOLVED,False,False
37901,S2017CO013021,E,48A,,0,False,10,1,9,False,Indicator evidence only; no final hydric/nonhydric label assigned.,RMNP,CO645,762986.0,7201B,"Leighcan family, till substratum, 5 to 40 percent slopes",Ericson,"Fine-loamy, mixed, superactive Typic Haplocryalfs",UNMATCHED,No candidate has adequate name or taxonomic agreement.,,,,,,,,,False,False,False,False,True,False,LINKAGE_UNRESOLVED,False,False
37907,S2016AL007002,P,133C,,0,False,12,1,11,False,Indicator evidence only; no final hydric/nonhydric label assigned.,TALL,AL065,329768.0,MsF,"Maubila-Smithdale complex, 15 to 35 percent slopes",Maubila,"Fine, mixed, subactive, thermic Aquic Hapludults",EXACT,Unique exact normalized NASIS taxon/component-name match within the intersected map unit.,27276446.0,Maubila,50.0,Yes,Moderately well drained,No,,no,True,False,True,False,True,False,PARTIAL_NEGATIVE_SUPPORT,False,False
37908,S2016AL007004,P,133C,,0,False,12,1,11,False,Indicator evidence only; no final hydric/nonhydric label assigned.,TALL,AL065,329766.0,MkC2,"Maubila flaggy loam, 2 to 8 percent slopes, eroded",Wadley,"Loamy, siliceous, subactive, thermic Grossarenic Paleudults",AMBIGUOUS,Multiple plausible candidates remain without a decisive name/taxonomy margin.,,,,,,,,,False,False,False,False,True,False,LINKAGE_UNRESOLVED,False,False
37909,S2016AL007005,P,133C,,0,False,12,1,11,False,Indicator evidence only; no final hydric/nonhydric label assigned.,TALL,AL007,2232985.0,MsD,"Maubila-Smithdale-Boykin complex, 5 to 20 percent slopes",Unknown,"Fine-loamy, siliceous, semiactive, thermic Inceptic Hapludults",AMBIGUOUS,Multiple plausible candidates remain without a decisive name/taxonomy margin.,,,,,,,,,False,False,False,False,True,False,LINKAGE_UNRESOLVED,False,False
37910,S2016AL007006,P,133C,,0,False,12,1,11,False,Indicator evidence only; no final hydric/nonhydric label assigned.,TALL,AL065,329767.0,MsD,"Maubila-Smithdale-Boykin complex, 5 to 20 percent slopes",Wadley,"Loamy, siliceous, subactive, thermic Grossarenic Paleudults",MEDIUM,No name match; unique candidate supported by at least three taxonomic ranks.,27276396.0,Boykin,15.0,Yes,Well drained,No,,no,False,False,False,False,True,False,LINKAGE_UNRESOLVED,False,False
37911,S2016AL007007,P,133C,,0,False,12,1,11,False,Indicator evidence only; no final hydric/nonhydric label assigned.,TALL,AL065,725102.0,WbD,"Wadley-Smithdale-Boykin complex, 5 to 20 percent slopes",Maubila,"Fine, mixed, subactive, thermic Aquic Hapludults",AMBIGUOUS,Multiple plausible candidates remain without a decisive name/taxonomy margin.,,,,,,,,,False,False,False,False,True,False,LINKAGE_UNRESOLVED,False,False
37912,S2016AL007009,P,133C,,0,False,12,1,11,False,Indicator evidence only; no final hydric/nonhydric label assigned.,TALL,AL007,2247144.0,WdE,"Wadley-Smithdale-Boykin complex, 5 to 20 percent slopes",Maubila,"Fine, mixed, subactive, thermic Aquic Hapludults",AMBIGUOUS,Multiple plausible candidates remain without a decisive name/taxonomy margin.,,,,,,,,,False,False,False,False,True,False,LINKAGE_UNRESOLVED,False,False
37913,S2016AL007010,P,133C,,0,False,12,1,11,False,Indicator evidence only; no final hydric/nonhydric label assigned.,TALL,AL007,2232549.0,MsF,"Maubila-Smithdale complex, 15 to 35 percent slopes",Bonneau,"Loamy, siliceous, subactive, thermic Arenic Paleudults",AMBIGUOUS,Multiple plausible candidates remain without a decisive name/taxonomy margin.,,,,,,,,,False,False,False,False,True,False,LINKAGE_UNRESOLVED,False,False
37914,S2016AL007011,P,133C,,0,False,12,1,11,False,Indicator evidence only; no final hydric/nonhydric label assigned.,TALL,AL007,2232549.0,MsF,"Maubila-Smithdale complex, 15 to 35 percent slopes",Bibb,"Coarse-loamy, siliceous, active, acid, thermic Typic Fluvaquents",EXACT,Unique exact normalized NASIS taxon/component-name match within the intersected map unit.,26916501.0,Bibb,5.0,No ,Poorly drained,Yes,2,yes,True,True,False,False,True,False,SSURGO_POSITIVE_MORPH_NOT_DEMONSTRATED,False,False
37915,S2016AL007012,P,133C,,0,False,12,1,11,False,Indicator evidence only; no final hydric/nonhydric label assigned.,TALL,AL007,2232985.0,MsD,"Maubila-Smithdale-Boykin complex, 5 to 20 percent slopes",Smithdale,"Fine-loamy, siliceous, subactive, thermic Typic Hapludults",EXACT,Unique exact normalized NASIS taxon/component-name match within the intersected map unit.,26916486.0,Smithdale,34.0,Yes,Well drained,No,,no,True,False,True,False,True,False,PARTIAL_NEGATIVE_SUPPORT,False,False
37916,S2016AL007013,P,133C,,0,False,12,1,11,False,Indicator evidence only; no final hydric/nonhydric label assigned.,TALL,AL065,329768.0,MsF,"Maubila-Smithdale complex, 15 to 35 percent slopes",Columbus,"Fine-loamy, siliceous, semiactive, thermic Aquic Hapludults",MEDIUM,No name match; unique candidate supported by at least three taxonomic ranks.,27276446.0,Maubila,50.0,Yes,Moderately well drained,No,,no,False,False,False,False,True,False,LINKAGE_UNRESOLVED,False,False
37917,S2016AL007015,P,133C,,0,False,12,1,11,False,Indicator evidence only; no final hydric/nonhydric label assigned.,TALL,AL007,2232549.0,MsF,"Maubila-Smithdale complex, 15 to 35 percent slopes",Maubila,"Fine, mixed, subactive, thermic Aquic Hapludults",EXACT,Unique exact normalized NASIS taxon/component-name match within the intersected map unit.,26916502.0,Maubila,50.0,Yes,Moderately well drained,No,,no,True,False,True,False,True,False,PARTIAL_NEGATIVE_SUPPORT,False,False
37918,S2016AL007016,P,133C,,0,False,12,1,11,False,Indicator evidence only; no final hydric/nonhydric label assigned.,TALL,AL007,2232549.0,MsF,"Maubila-Smithdale complex, 15 to 35 percent slopes",Maubila,"Fine, mixed, subactive, thermic Aquic Hapludults",EXACT,Unique exact normalized NASIS taxon/component-name match within the intersected map unit.,26916502.0,Maubila,50.0,Yes,Moderately well drained,No,,no,True,False,True,False,True,False,PARTIAL_NEGATIVE_SUPPORT,False,False
37919,S2016AL007017,P,133C,,0,False,12,1,11,False,Indicator evidence only; no final hydric/nonhydric label assigned.,TALL,AL007,2232549.0,MsF,"Maubila-Smithdale complex, 15 to 35 percent slopes",Maubila,"Fine, mixed, subactive, thermic Aquic Hapludults",EXACT,Unique exact normalized NASIS taxon/component-name match within the intersected map unit.,26916502.0,Maubila,50.0,Yes,Moderately well drained,No,,no,True,False,True,False,True,False,PARTIAL_NEGATIVE_SUPPORT,False,False
37920,S2016AL007018,P,133C,,0,False,12,1,11,False,Indicator evidence only; no final hydric/nonhydric label assigned.,TALL,AL007,2232985.0,MsD,"Maubila-Smithdale-Boykin complex, 5 to 20 percent slopes",Maubila,"Fine, mixed, subactive, thermic Aquic Hapludults",EXACT,Unique exact normalized NASIS taxon/component-name match within the intersected map unit.,26916485.0,Maubila,36.0,Yes,Moderately well drained,No,,no,True,False,True,False,True,False,PARTIAL_NEGATIVE_SUPPORT,False,False
37921,S2016AL007020,P,133C,,0,False,12,1,11,False,Indicator evidence only; no final hydric/nonhydric label assigned.,TALL,AL065,329768.0,MsF,"Maubila-Smithdale complex, 15 to 35 percent slopes",Smithdale,"Fine-loamy, siliceous, subactive, thermic Typic Hapludults",EXACT,Unique exact normalized NASIS taxon/component-name match within the intersected map unit.,27276444.0,Smithdale,35.0,Yes,Well drained,No,,no,True,False,True,False,True,False,PARTIAL_NEGATIVE_SUPPORT,False,False
37922,S2016AL007021,P,133C,,0,False,12,1,11,False,Indicator evidence only; no final hydric/nonhydric label assigned.,TALL,AL007,2232675.0,MsG,"Maubila-Smithdale complex, 35 to 45 percent slopes",Bonneau,"Loamy, siliceous, subactive, thermic Arenic Paleudults",AMBIGUOUS,Multiple plausible candidates remain without a decisive name/taxonomy margin.,,,,,,,,,False,False,False,False,True,False,LINKAGE_UNRESOLVED,False,False
37923,S2016AL007023,P,133C,,0,False,12,1,11,False,Indicator evidence only; no final hydric/nonhydric label assigned.,TALL,AL007,2232549.0,MsF,"Maubila-Smithdale complex, 15 to 35 percent slopes",Unknown,"Fine-loamy, siliceous, semiactive, thermic Inceptic Hapludults",AMBIGUOUS,Multiple plausible candidates remain without a decisive name/taxonomy margin.,,,,,,,,,False,False,False,False,True,False,LINKAGE_UNRESOLVED,False,False
37924,S2016AL007024,P,133C,,0,False,12,1,11,False,Indicator evidence only; no final hydric/nonhydric label assigned.,TALL,AL007,2232549.0,MsF,"Maubila-Smithdale complex, 15 to 35 percent slopes",Smithdale,"Fine-loamy, siliceous, subactive, thermic Typic Hapludults",EXACT,Unique exact normalized NASIS taxon/component-name match within the intersected map unit.,26916503.0,Smithdale,35.0,Yes,Well drained,No,,no,True,False,True,False,True,False,PARTIAL_NEGATIVE_SUPPORT,False,False
37925,S2016AL007025,P,133C,,0,False,12,1,11,False,Indicator evidence only; no final hydric/nonhydric label assigned.,TALL,AL007,2232985.0,MsD,"Maubila-Smithdale-Boykin complex, 5 to 20 percent slopes",Boykin,"Loamy, siliceous, active, thermic Arenic Paleudults",EXACT,Unique exact normalized NASIS taxon/component-name match within the intersected map unit.,26916483.0,Boykin,20.0,Yes,Well drained,No,,no,True,False,True,False,True,False,PARTIAL_NEGATIVE_SUPPORT,False,False
37926,S2016AL007026,P,133C,,0,False,12,1,11,False,Indicator evidence only; no final hydric/nonhydric label assigned.,TALL,AL065,329767.0,MsD,"Maubila-Smithdale-Boykin complex, 5 to 20 percent slopes",Boykin,"Loamy, siliceous, active, thermic Arenic Paleudults",EXACT,Unique exact normalized NASIS taxon/component-name match within the intersected map unit.,27276396.0,Boykin,15.0,Yes,Well drained,No,,no,True,False,True,False,True,False,PARTIAL_NEGATIVE_SUPPORT,False,False
37927,S2016AL007027,P,133C,,0,False,12,1,11,False,Indicator evidence only; no final hydric/nonhydric label assigned.,TALL,AL065,329767.0,MsD,"Maubila-Smithdale-Boykin complex, 5 to 20 percent slopes",Bibb,"Coarse-loamy, siliceous, active, acid, thermic Typic Fluvaquents",EXACT,Unique exact normalized NASIS taxon/component-name match within the intersected map unit.,27276397.0,Bibb,3.0,No ,Poorly drained,Yes,2,yes,True,True,False,False,True,False,SSURGO_POSITIVE_MORPH_NOT_DEMONSTRATED,False,False
37928,S2016AL007029,P,133C,,0,False,12,1,11,False,Indicator evidence only; no final hydric/nonhydric label assigned.,TALL,AL065,329766.0,MkC2,"Maubila flaggy loam, 2 to 8 percent slopes, eroded",Wadley,"Loamy, siliceous, subactive, thermic Grossarenic Paleudults",AMBIGUOUS,Multiple plausible candidates remain without a decisive name/taxonomy margin.,,,,,,,,,False,False,False,False,True,False,LINKAGE_UNRESOLVED,False,False
37929,S2016AL007030,P,133C,,0,False,12,1,11,False,Indicator evidence only; no final hydric/nonhydric label assigned.,TALL,AL007,2232675.0,MsG,"Maubila-Smithdale complex, 35 to 45 percent slopes",Bibb,"Coarse-loamy, siliceous, active, acid, thermic Typic Fluvaquents",EXACT,Unique exact normalized NASIS taxon/component-name match within the intersected map unit.,26916458.0,Bibb,1.0,No ,Poorly drained,Yes,2,yes,True,True,False,False,True,False,SSURGO_POSITIVE_MORPH_NOT_DEMONSTRATED,False,False
37930,S2016AL007031,P,133C,,0,False,12,1,11,False,Indicator evidence only; no final hydric/nonhydric label assigned.,TALL,AL007,2232549.0,MsF,"Maubila-Smithdale complex, 15 to 35 percent slopes",Smithdale,"Fine-loamy, siliceous, subactive, thermic Typic Hapludults",EXACT,Unique exact normalized NASIS taxon/component-name match within the intersected map unit.,26916503.0,Smithdale,35.0,Yes,Well drained,No,,no,True,False,True,False,True,False,PARTIAL_NEGATIVE_SUPPORT,False,False
37931,S2016AL007032,P,133C,,0,False,12,1,11,False,Indicator evidence only; no final hydric/nonhydric label assigned.,TALL,AL007,2232549.0,MsF,"Maubila-Smithdale complex, 15 to 35 percent slopes",Wadley,"Loamy, siliceous, subactive, thermic Grossarenic Paleudults",AMBIGUOUS,Multiple plausible candidates remain without a decisive name/taxonomy margin.,,,,,,,,,False,False,False,False,True,False,LINKAGE_UNRESOLVED,False,False
37932,S2016AL007044,P,133C,,0,False,12,1,11,False,Indicator evidence only; no final hydric/nonhydric label assigned.,TALL,AL007,2232549.0,MsF,"Maubila-Smithdale complex, 15 to 35 percent slopes",Maubila,"Fine, mixed, subactive, thermic Aquic Hapludults",EXACT,Unique exact normalized NASIS taxon/component-name match within the intersected map unit.,26916502.0,Maubila,50.0,Yes,Moderately well drained,No,,no,True,False,True,False,True,False,PARTIAL_NEGATIVE_SUPPORT,False,False
37933,S2016FL107002,U,155,,0,False,12,1,11,False,Indicator evidence only; no final hydric/nonhydric label assigned.,OSBS,FL107,323427.0,6,"Tavares fine sand, 0 to 5 percent slopes",Candler,"Hyperthermic, uncoated Lamellic Quartzipsamments",EXACT,Unique exact normalized NASIS taxon/component-name match within the intersected map unit.,26572416.0,Candler,5.0,No ,Excessively drained,No,,no,True,False,True,False,True,False,PARTIAL_NEGATIVE_SUPPORT,False,False
37934,S2016FL107003,U,154,,0,False,12,1,11,False,Indicator evidence only; no final hydric/nonhydric label assigned.,OSBS,FL107,323385.0,21,"Apopka sand, 5 to 8 percent slopes",Tavares,"Hyperthermic, uncoated Typic Quartzipsamments",AMBIGUOUS,Multiple plausible candidates remain without a decisive name/taxonomy margin.,,,,,,,,,False,False,False,False,True,False,LINKAGE_UNRESOLVED,False,False
37935,S2016FL107005,U,154,A7,1,True,12,1,10,False,Indicator evidence only; no final hydric/nonhydric label assigned.,OSBS,FL107,323416.0,5,"Placid fine sand, frequently ponded, 0 to 1 percent slopes",Placid,"Sandy, siliceous, hyperthermic Typic Humaquepts",EXACT,Unique exact normalized NASIS taxon/component-name match within the intersected map unit.,26572353.0,Placid,80.0,Yes,Very poorly drained,Yes,2; 3,yes,True,True,False,True,True,False,CONCORDANT_POSITIVE,True,False
37936,S2016FL107007,U,154,,0,False,12,1,11,False,Indicator evidence only; no final hydric/nonhydric label assigned.,OSBS,FL107,323383.0,2,"Candler fine sand, 5 to 8 percent slopes",Candler,"Hyperthermic, uncoated Lamellic Quartzipsamments",EXACT,Unique exact normalized NASIS taxon/component-name match within the intersected map unit.,26572200.0,Candler,90.0,Yes,Excessively drained,No,,no,True,False,True,False,True,False,PARTIAL_NEGATIVE_SUPPORT,False,False
37937,S2016FL107008,U,154,,0,False,12,1,11,False,Indicator evidence only; no final hydric/nonhydric label assigned.,OSBS,FL107,323391.0,27,"Samsula muck, frequently ponded, 0 to 1 percent slopes",Candler,"Hyperthermic, uncoated Lamellic Quartzipsamments",UNMATCHED,No candidate has adequate name or taxonomic agreement.,,,,,,,,,False,False,False,False,True,False,LINKAGE_UNRESOLVED,False,False
37938,S2016FL107010,U,154,,0,False,12,1,11,False,Indicator evidence only; no final hydric/nonhydric label assigned.,OSBS,FL107,323372.0,1,"Candler fine sand, 0 to 5 percent slopes",Tavares,"Hyperthermic, uncoated Typic Quartzipsamments",EXACT,Unique exact normalized NASIS taxon/component-name match within the intersected map unit.,26572144.0,Tavares,2.0,No ,Moderately well drained,No,,no,True,False,True,False,True,False,PARTIAL_NEGATIVE_SUPPORT,False,False
37939,S2016FL107011,U,154,,0,False,12,1,11,False,Indicator evidence only; no final hydric/nonhydric label assigned.,OSBS,FL107,323391.0,27,"Samsula muck, frequently ponded, 0 to 1 percent slopes",Adamsville,"Hyperthermic, uncoated Aquic Quartzipsamments",UNMATCHED,No candidate has adequate name or taxonomic agreement.,,,,,,,,,False,False,False,False,True,False,LINKAGE_UNRESOLVED,False,False
37940,S2016FL107013,U,154,,0,False,12,1,11,False,Indicator evidence only; no final hydric/nonhydric label assigned.,OSBS,FL107,323372.0,1,"Candler fine sand, 0 to 5 percent slopes",Candler,"Hyperthermic, uncoated Lamellic Quartzipsamments",EXACT,Unique exact normalized NASIS taxon/component-name match within the intersected map unit.,26572147.0,Candler,85.0,Yes,Excessively drained,No,,no,True,False,True,False,True,False,PARTIAL_NEGATIVE_SUPPORT,False,False
37941,S2016FL107014,U,154,,0,False,12,1,11,False,Indicator evidence only; no final hydric/nonhydric label assigned.,OSBS,FL107,323372.0,1,"Candler fine sand, 0 to 5 percent slopes",Candler,"Hyperthermic, uncoated Lamellic Quartzipsamments",EXACT,Unique exact normalized NASIS taxon/component-name match within the intersected map unit.,26572147.0,Candler,85.0,Yes,Excessively drained,No,,no,True,False,True,False,True,False,PARTIAL_NEGATIVE_SUPPORT,False,False
37942,S2016FL107015,U,154,,0,False,12,2,10,False,Indicator evidence only; no final hydric/nonhydric label assigned.,OSBS,FL107,323391.0,27,"Samsula muck, frequently ponded, 0 to 1 percent slopes",Narcoossee,"Sandy, siliceous, hyperthermic Oxyaquic Alorthods",AMBIGUOUS,Multiple plausible candidates remain without a decisive name/taxonomy margin.,,,,,,,,,False,False,False,False,True,False,LINKAGE_UNRESOLVED,False,False
37943,S2016FL107016,U,154,,0,False,12,1,11,False,Indicator evidence only; no final hydric/nonhydric label assigned.,OSBS,FL107,323416.0,5,"Placid fine sand, frequently ponded, 0 to 1 percent slopes",Placid,"Sandy, siliceous, hyperthermic Typic Humaquepts",EXACT,Unique exact normalized NASIS taxon/component-name match within the intersected map unit.,26572353.0,Placid,80.0,Yes,Very poorly drained,Yes,2; 3,yes,True,True,False,False,True,False,SSURGO_POSITIVE_MORPH_NOT_DEMONSTRATED,False,False
37944,S2016FL107017,U,154,,0,False,12,2,10,False,Indicator evidence only; no final hydric/nonhydric label assigned.,OSBS,FL107,323431.0,63,"Okeechobee, frequently ponded, 0 to 1 percent slopes",Myakka,"Sandy, siliceous, hyperthermic Aeric Alaquods",UNMATCHED,No candidate has adequate name or taxonomic agreement.,,,,,,,,,False,False,False,False,True,False,LINKAGE_UNRESOLVED,False,False
37945,S2016FL107018,U,154,,0,False,12,1,11,False,Indicator evidence only; no final hydric/nonhydric label assigned.,OSBS,FL107,323416.0,5,"Placid fine sand, frequently ponded, 0 to 1 percent slopes",Arredondo,"Loamy, siliceous, semiactive, hyperthermic Grossarenic Paleudults",UNMATCHED,No candidate has adequate name or taxonomic agreement.,,,,,,,,,False,False,False,False,True,False,LINKAGE_UNRESOLVED,False,False
37946,S2016FL107020,U,154,,0,False,12,1,11,False,Indicator evidence only; no final hydric/nonhydric label assigned.,OSBS,FL107,323416.0,5,"Placid fine sand, frequently ponded, 0 to 1 percent slopes",Adamsville,"Hyperthermic, uncoated Aquic Quartzipsamments",UNMATCHED,No candidate has adequate name or taxonomic agreement.,,,,,,,,,False,False,False,False,True,False,LINKAGE_UNRESOLVED,False,False
37947,S2016FL107021,U,154,,0,False,12,2,10,False,Indicator evidence only; no final hydric/nonhydric label assigned.,OSBS,FL107,323416.0,5,"Placid fine sand, frequently ponded, 0 to 1 percent slopes",Samsula,"Sandy or sandy-skeletal, siliceous, dysic, hyperthermic Terric Haplosaprists",EXACT,Unique exact normalized NASIS taxon/component-name match within the intersected map unit.,26572352.0,Samsula,3.0,No ,Very poorly drained,Yes,1; 3,yes,True,True,False,False,True,False,SSURGO_POSITIVE_MORPH_NOT_DEMONSTRATED,False,False
37948,S2016FL107022,U,154,,0,False,12,2,10,False,Indicator evidence only; no final hydric/nonhydric label assigned.,OSBS,FL107,1530343.0,99,Water,Pamlico,"Sandy or sandy-skeletal, siliceous, dysic, thermic Terric Haplosaprists",UNMATCHED,No candidate has adequate name or taxonomic agreement.,,,,,,,,,False,False,False,False,True,False,LINKAGE_UNRESOLVED,False,False
37949,S2016FL107023,U,154,A7,1,True,12,1,10,False,Indicator evidence only; no final hydric/nonhydric label assigned.,OSBS,FL107,323391.0,27,"Samsula muck, frequently ponded, 0 to 1 percent slopes",Ona,"Sandy, siliceous, hyperthermic Typic Alaquods",AMBIGUOUS,Multiple plausible candidates remain without a decisive name/taxonomy margin.,,,,,,,,,False,False,False,True,True,False,MORPH_POSITIVE_SSURGO_UNRESOLVED,False,False
37950,S2016FL107024,U,154,,0,False,12,2,10,False,Indicator evidence only; no final hydric/nonhydric label assigned.,OSBS,FL107,323391.0,27,"Samsula muck, frequently ponded, 0 to 1 percent slopes",Samsula,"Sandy or sandy-skeletal, siliceous, dysic, hyperthermic Terric Haplosaprists",EXACT,Unique exact normalized NASIS taxon/component-name match within the intersected map unit.,26572233.0,Samsula,85.0,Yes,Very poorly drained,Yes,1; 3,yes,True,True,False,False,True,False,SSURGO_POSITIVE_MORPH_NOT_DEMONSTRATED,False,False
37951,S2016FL107026,U,154,,0,False,12,1,11,False,Indicator evidence only; no final hydric/nonhydric label assigned.,OSBS,FL107,323383.0,2,"Candler fine sand, 5 to 8 percent slopes",Apopka,"Loamy, siliceous, subactive, hyperthermic Grossarenic Paleudults",EXACT,Unique exact normalized NASIS taxon/component-name match within the intersected map unit.,26572199.0,Apopka,3.0,No ,Well drained,No,,no,True,False,True,False,True,False,PARTIAL_NEGATIVE_SUPPORT,False,False
37952,S2016FL107031,U,154,,0,False,12,1,11,False,Indicator evidence only; no final hydric/nonhydric label assigned.,OSBS,FL107,323372.0,1,"Candler fine sand, 0 to 5 percent slopes",Tavares,"Hyperthermic, uncoated Typic Quartzipsamments",EXACT,Unique exact normalized NASIS taxon/component-name match within the intersected map unit.,26572144.0,Tavares,2.0,No ,Moderately well drained,No,,no,True,False,True,False,True,False,PARTIAL_NEGATIVE_SUPPORT,False,False
37953,S2016FL107048,U,154,,0,False,12,1,11,False,Indicator evidence only; no final hydric/nonhydric label assigned.,OSBS,FL107,323383.0,2,"Candler fine sand, 5 to 8 percent slopes",Apopka,"Loamy, siliceous, subactive, hyperthermic Grossarenic Paleudults",EXACT,Unique exact normalized NASIS taxon/component-name match within the intersected map unit.,26572199.0,Apopka,3.0,No ,Well drained,No,,no,True,False,True,False,True,False,PARTIAL_NEGATIVE_SUPPORT,False,False
37954,S2016FL107050,U,154,,0,False,12,1,11,False,Indicator evidence only; no final hydric/nonhydric label assigned.,OSBS,FL107,1530343.0,99,Water,Tavares,"Hyperthermic, uncoated Typic Quartzipsamments",UNMATCHED,No candidate has adequate name or taxonomic agreement.,,,,,,,,,False,False,False,False,True,False,LINKAGE_UNRESOLVED,False,False
37955,S2016FL107051,U,154,,0,False,12,1,11,False,Indicator evidence only; no final hydric/nonhydric label assigned.,OSBS,FL107,1530343.0,99,Water,Adamsville,"Hyperthermic, uncoated Aquic Quartzipsamments",UNMATCHED,No candidate has adequate name or taxonomic agreement.,,,,,,,,,False,False,False,False,True,False,LINKAGE_UNRESOLVED,False,False
38229,S2017PR079001,Z,273,,0,False,12,6,6,False,Indicator evidence only; no final hydric/nonhydric label assigned.,LAJA,PR787,1379800.0,CeA,"Cartagena clay, 0 to 2 percent slopes",Cartagena,"Fine, mixed, superactive, isohyperthermic Sodic Haplusterts",EXACT,Unique exact normalized NASIS taxon/component-name match within the intersected map unit.,27627145.0,Cartagena,80.0,Yes,Somewhat poorly drained,No,,no,True,False,True,False,True,False,PARTIAL_NEGATIVE_SUPPORT,False,False
38230,S2017PR079002,Z,273,,0,False,12,6,6,False,Indicator evidence only; no final hydric/nonhydric label assigned.,LAJA,PR787,334704.0,FrA,"Fraternidad clay, 0 to 2 perecent slopes",Santa Isabel,"Fine, smectitic, isohyperthermic Typic Haplusterts",EXACT,Unique exact normalized NASIS taxon/component-name match within the intersected map unit.,27627126.0,Santa Isabel,5.0,No ,Moderately well drained,No,,no,True,False,True,False,True,False,PARTIAL_NEGATIVE_SUPPORT,False,False
38231,S2017PR079004,Z,273,,0,False,12,6,6,False,Indicator evidence only; no final hydric/nonhydric label assigned.,LAJA,PR787,1379800.0,CeA,"Cartagena clay, 0 to 2 percent slopes",Cartagena,"Fine, mixed, superactive, isohyperthermic Sodic Haplusterts",EXACT,Unique exact normalized NASIS taxon/component-name match within the intersected map unit.,27627145.0,Cartagena,80.0,Yes,Somewhat poorly drained,No,,no,True,False,True,False,True,False,PARTIAL_NEGATIVE_SUPPORT,False,False
38232,S2017PR079005,Z,273,,0,False,12,3,9,False,Indicator evidence only; no final hydric/nonhydric label assigned.,LAJA,PR787,1379800.0,CeA,"Cartagena clay, 0 to 2 percent slopes",Cartagena,"Fine, mixed, superactive, isohyperthermic Sodic Haplusterts",EXACT,Unique exact normalized NASIS taxon/component-name match within the intersected map unit.,27627145.0,Cartagena,80.0,Yes,Somewhat poorly drained,No,,no,True,False,True,False,True,False,PARTIAL_NEGATIVE_SUPPORT,False,False
38233,S2017PR079009,Z,273,,0,False,12,6,6,False,Indicator evidence only; no final hydric/nonhydric label assigned.,LAJA,PR787,334704.0,FrA,"Fraternidad clay, 0 to 2 perecent slopes",Fraternidad,"Fine, smectitic, isohyperthermic Typic Haplusterts",EXACT,Unique exact normalized NASIS taxon/component-name match within the intersected map unit.,27627125.0,Fraternidad,80.0,Yes,Moderately well drained,No,,no,True,False,True,False,True,False,PARTIAL_NEGATIVE_SUPPORT,False,False
38234,S2017PR079010,Z,273,,0,False,12,6,6,False,Indicator evidence only; no final hydric/nonhydric label assigned.,LAJA,PR787,1379800.0,CeA,"Cartagena clay, 0 to 2 percent slopes",Fraternidad,"Fine, smectitic, isohyperthermic Typic Haplusterts",EXACT,Unique exact normalized NASIS taxon/component-name match within the intersected map unit.,27627141.0,Fraternidad,2.0,No ,Moderately well drained,No,,no,True,False,True,False,True,False,PARTIAL_NEGATIVE_SUPPORT,False,False
38235,S2017PR079011,Z,273,,0,False,12,6,6,False,Indicator evidence only; no final hydric/nonhydric label assigned.,LAJA,PR787,1379800.0,CeA,"Cartagena clay, 0 to 2 percent slopes",Cartagena,"Fine, mixed, superactive, isohyperthermic Sodic Haplusterts",EXACT,Unique exact normalized NASIS taxon/component-name match within the intersected map unit.,27627145.0,Cartagena,80.0,Yes,Somewhat poorly drained,No,,no,True,False,True,False,True,False,PARTIAL_NEGATIVE_SUPPORT,False,False
38236,S2017PR079012,Z,273,,0,False,12,6,6,False,Indicator evidence only; no final hydric/nonhydric label assigned.,LAJA,PR787,1379800.0,CeA,"Cartagena clay, 0 to 2 percent slopes",Fraternidad,"Fine, smectitic, isohyperthermic Typic Haplusterts",EXACT,Unique exact normalized NASIS taxon/component-name match within the intersected map unit.,27627141.0,Fraternidad,2.0,No ,Moderately well drained,No,,no,True,False,True,False,True,False,PARTIAL_NEGATIVE_SUPPORT,False,False
38237,S2017PR079014,Z,273,,0,False,12,6,6,False,Indicator evidence only; no final hydric/nonhydric label assigned.,LAJA,PR787,334704.0,FrA,"Fraternidad clay, 0 to 2 perecent slopes",Cartagena,"Fine, mixed, superactive, isohyperthermic Sodic Haplusterts",EXACT,Unique exact normalized NASIS taxon/component-name match within the intersected map unit.,27627124.0,Cartagena,5.0,No ,Somewhat poorly drained,No,,no,True,False,True,False,True,False,PARTIAL_NEGATIVE_SUPPORT,False,False
38238,S2017PR079015,Z,273,,0,False,12,1,11,False,Indicator evidence only; no final hydric/nonhydric label assigned.,LAJA,PR787,334720.0,MiD,"Mariana gravelly clay loam, 12 to 20 percent slopes",Mariana,"Fine, mixed, active, isohyperthermic Typic Haplohumults",AMBIGUOUS,Multiple components share the exact name without decisive taxonomic/phase evidence.,,,,,,,,,False,False,False,False,True,False,LINKAGE_UNRESOLVED,False,False
38239,S2017PR079016,Z,273,,0,False,12,6,6,False,Indicator evidence only; no final hydric/nonhydric label assigned.,LAJA,PR787,334704.0,FrA,"Fraternidad clay, 0 to 2 perecent slopes",Fraternidad,"Fine, smectitic, isohyperthermic Typic Haplusterts",EXACT,Unique exact normalized NASIS taxon/component-name match within the intersected map unit.,27627125.0,Fraternidad,80.0,Yes,Moderately well drained,No,,no,True,False,True,False,True,False,PARTIAL_NEGATIVE_SUPPORT,False,False
38240,S2017PR079017,Z,273,,0,False,12,6,6,False,Indicator evidence only; no final hydric/nonhydric label assigned.,LAJA,PR787,334704.0,FrA,"Fraternidad clay, 0 to 2 perecent slopes",Cartagena,"Fine, mixed, superactive, isohyperthermic Sodic Haplusterts",EXACT,Unique exact normalized NASIS taxon/component-name match within the intersected map unit.,27627124.0,Cartagena,5.0,No ,Somewhat poorly drained,No,,no,True,False,True,False,True,False,PARTIAL_NEGATIVE_SUPPORT,False,False
38241,S2017PR079020,Z,273,,0,False,12,6,6,False,Indicator evidence only; no final hydric/nonhydric label assigned.,LAJA,PR787,334704.0,FrA,"Fraternidad clay, 0 to 2 perecent slopes",Fraternidad,"Fine, smectitic, isohyperthermic Typic Haplusterts",EXACT,Unique exact normalized NASIS taxon/component-name match within the intersected map unit.,27627125.0,Fraternidad,80.0,Yes,Moderately well drained,No,,no,True,False,True,False,True,False,PARTIAL_NEGATIVE_SUPPORT,False,False
38242,S2017PR079022,Z,273,,0,False,12,9,3,False,Indicator evidence only; no final hydric/nonhydric label assigned.,LAJA,PR787,334704.0,FrA,"Fraternidad clay, 0 to 2 perecent slopes",Fraternidad,"Fine, smectitic, isohyperthermic Typic Haplusterts",EXACT,Unique exact normalized NASIS taxon/component-name match within the intersected map unit.,27627125.0,Fraternidad,80.0,Yes,Moderately well drained,No,,no,True,False,True,False,True,False,PARTIAL_NEGATIVE_SUPPORT,False,False
38243,S2017PR079025,Z,273,,0,False,12,6,6,False,Indicator evidence only; no final hydric/nonhydric label assigned.,LAJA,PR787,1379800.0,CeA,"Cartagena clay, 0 to 2 percent slopes",Cartagena,"Fine, mixed, superactive, isohyperthermic Sodic Haplusterts",EXACT,Unique exact normalized NASIS taxon/component-name match within the intersected map unit.,27627145.0,Cartagena,80.0,Yes,Somewhat poorly drained,No,,no,True,False,True,False,True,False,PARTIAL_NEGATIVE_SUPPORT,False,False
38244,S2017PR079027,Z,273,,0,False,12,6,6,False,Indicator evidence only; no final hydric/nonhydric label assigned.,LAJA,PR787,334704.0,FrA,"Fraternidad clay, 0 to 2 perecent slopes",Fraternidad,"Fine, smectitic, isohyperthermic Typic Haplusterts",EXACT,Unique exact normalized NASIS taxon/component-name match within the intersected map unit.,27627125.0,Fraternidad,80.0,Yes,Moderately well drained,No,,no,True,False,True,False,True,False,PARTIAL_NEGATIVE_SUPPORT,False,False
38245,S2017PR079028,Z,273,,0,False,12,6,6,False,Indicator evidence only; no final hydric/nonhydric label assigned.,LAJA,PR787,334704.0,FrA,"Fraternidad clay, 0 to 2 perecent slopes",Jacana,"Fine, mixed, superactive, isohyperthermic Vertic Haplustolls",UNMATCHED,No candidate has adequate name or taxonomic agreement.,,,,,,,,,False,False,False,False,True,False,LINKAGE_UNRESOLVED,False,False
38246,S2017PR079029,Z,273,,0,False,12,3,9,False,Indicator evidence only; no final hydric/nonhydric label assigned.,LAJA,PR787,334692.0,AkA,"Aguirre clay, occasionally ponded, 0 to 2 percent slopes",Jacana,"Fine, mixed, superactive, isohyperthermic Vertic Haplustolls",UNMATCHED,No candidate has adequate name or taxonomic agreement.,,,,,,,,,False,False,False,False,True,False,LINKAGE_UNRESOLVED,False,False
38247,S2017PR079030,Z,273,,0,False,12,3,9,False,Indicator evidence only; no final hydric/nonhydric label assigned.,LAJA,PR787,334704.0,FrA,"Fraternidad clay, 0 to 2 perecent slopes",San German,"Clayey-skeletal, mixed, superactive, isohyperthermic Lithic Haplustolls",UNMATCHED,No candidate has adequate name or taxonomic agreement.,,,,,,,,,False,False,False,False,True,False,LINKAGE_UNRESOLVED,False,False
38254,S2017AK240004,X1,228,,0,False,0,0,0,False,Indicator evidence only; no final hydric/nonhydric label assigned.,DEJU,AK683,1542112.0,618,"Donnelly-Nenana complex, 0 to 3 percent slopes",Donnelly,"Sandy-skeletal, mixed Typic Haplocryepts",EXACT,Unique exact normalized NASIS taxon/component-name match within the intersected map unit.,26894457.0,Donnelly,65.0,Yes,Somewhat excessively drained,No,,no,True,False,True,False,False,False,SSURGO_NEGATIVE_MORPH_INSUFFICIENT,False,False
38255,S2017AK240005,X1,228,,0,False,0,0,0,False,Indicator evidence only; no final hydric/nonhydric label assigned.,DEJU,AK683,1542112.0,618,"Donnelly-Nenana complex, 0 to 3 percent slopes",Donnelly,"Sandy-skeletal, mixed Typic Haplocryepts",EXACT,Unique exact normalized NASIS taxon/component-name match within the intersected map unit.,26894457.0,Donnelly,65.0,Yes,Somewhat excessively drained,No,,no,True,False,True,False,False,False,SSURGO_NEGATIVE_MORPH_INSUFFICIENT,False,False
38256,S2017AK240007,X1,228,,0,False,0,0,0,False,Indicator evidence only; no final hydric/nonhydric label assigned.,DEJU,AK683,1542104.0,610,"Butchlake-Southpaw complex, 0 to 12 percent slopes",Southpaw,"Coarse-loamy, mixed, superactive Typic Haplocryepts",EXACT,Unique exact normalized NASIS taxon/component-name match within the intersected map unit.,26894500.0,Southpaw,40.0,Yes,Well drained,No,,no,True,False,True,False,False,False,SSURGO_NEGATIVE_MORPH_INSUFFICIENT,False,False
38257,S2017AK240008,X1,228,,0,False,0,0,0,False,Indicator evidence only; no final hydric/nonhydric label assigned.,DEJU,AK683,1542112.0,618,"Donnelly-Nenana complex, 0 to 3 percent slopes",Donnelly,"Sandy-skeletal, mixed Typic Haplocryepts",EXACT,Unique exact normalized NASIS taxon/component-name match within the intersected map unit.,26894457.0,Donnelly,65.0,Yes,Somewhat excessively drained,No,,no,True,False,True,False,False,False,SSURGO_NEGATIVE_MORPH_INSUFFICIENT,False,False
38258,S2017AK240010,X1,228,,0,False,0,0,0,False,Indicator evidence only; no final hydric/nonhydric label assigned.,DEJU,AK683,1542133.0,639,"Nenana silt loam, 0 to 3 percent slopes",Donnelly,"Sandy-skeletal, mixed Typic Haplocryepts",EXACT,Unique exact normalized NASIS taxon/component-name match within the intersected map unit.,26894338.0,Donnelly,10.0,No ,Somewhat excessively drained,No,,no,True,False,True,False,False,False,SSURGO_NEGATIVE_MORPH_INSUFFICIENT,False,False
38259,S2017AK240011,X1,228,,0,False,0,0,0,False,Indicator evidence only; no final hydric/nonhydric label assigned.,DEJU,AK683,1542104.0,610,"Butchlake-Southpaw complex, 0 to 12 percent slopes",Butchlake,"Loamy-skeletal, mixed, superactive Typic Haplocryepts",AMBIGUOUS,Multiple components share the exact name without decisive taxonomic/phase evidence.,,,,,,,,,False,False,False,False,False,False,LINKAGE_UNRESOLVED,False,False
38260,S2017AK240012,X1,228,,0,False,0,0,0,False,Indicator evidence only; no final hydric/nonhydric label assigned.,DEJU,AK683,1542133.0,639,"Nenana silt loam, 0 to 3 percent slopes",Donnelly,"Sandy-skeletal, mixed Typic Haplocryepts",EXACT,Unique exact normalized NASIS taxon/component-name match within the intersected map unit.,26894338.0,Donnelly,10.0,No ,Somewhat excessively drained,No,,no,True,False,True,False,False,False,SSURGO_NEGATIVE_MORPH_INSUFFICIENT,False,False
38261,S2017AK240013,X1,228,,0,False,0,0,0,False,Indicator evidence only; no final hydric/nonhydric label assigned.,DEJU,AK683,1542104.0,610,"Butchlake-Southpaw complex, 0 to 12 percent slopes",Nenana,"Coarse-silty over sandy or sandy-skeletal, mixed, superactive Typic Haplocryepts",AMBIGUOUS,Multiple plausible candidates remain without a decisive name/taxonomy margin.,,,,,,,,,False,False,False,False,False,False,LINKAGE_UNRESOLVED,False,False
38262,S2017AK240014,X1,228,,0,False,0,0,0,False,Indicator evidence only; no final hydric/nonhydric label assigned.,DEJU,AK683,1542160.0,666,"Typic Aquiturbels, 0 to 7 percent slopes",Donnelly,"Sandy-skeletal, mixed Typic Haplocryepts",AMBIGUOUS,Multiple plausible candidates remain without a decisive name/taxonomy margin.,,,,,,,,,False,False,False,False,False,False,LINKAGE_UNRESOLVED,False,False
38263,S2017AK240017,X1,228,,0,False,0,0,0,False,Indicator evidence only; no final hydric/nonhydric label assigned.,DEJU,AK683,1542112.0,618,"Donnelly-Nenana complex, 0 to 3 percent slopes",Donnelly,"Sandy-skeletal, mixed Typic Haplocryepts",EXACT,Unique exact normalized NASIS taxon/component-name match within the intersected map unit.,26894457.0,Donnelly,65.0,Yes,Somewhat excessively drained,No,,no,True,False,True,False,False,False,SSURGO_NEGATIVE_MORPH_INSUFFICIENT,False,False
38264,S2017AK240018,X1,228,,0,False,0,0,0,False,Indicator evidence only; no final hydric/nonhydric label assigned.,DEJU,AK683,1542098.0,604,"Babel mucky silt loam, 0 to 15 percent slopes",Butchlake,"Loamy-skeletal, mixed, superactive Typic Haplocryepts",EXACT,Unique exact normalized NASIS taxon/component-name match within the intersected map unit.,26894482.0,Butchlake,10.0,No ,Well drained,No,,no,True,False,True,False,False,False,SSURGO_NEGATIVE_MORPH_INSUFFICIENT,False,False
38265,S2017AK240022,X1,228,,0,False,0,0,0,False,Indicator evidence only; no final hydric/nonhydric label assigned.,DEJU,AK683,1542160.0,666,"Typic Aquiturbels, 0 to 7 percent slopes",Terric hemistels,"Loamy, mixed, dysic, subgelic Terric Hemistels",EXACT,Unique exact normalized NASIS taxon/component-name match within the intersected map unit.,26894609.0,Terric Hemistels,5.0,No ,Very poorly drained,Yes,1; 3,yes,True,True,False,False,False,False,SSURGO_POSITIVE_MORPH_NOT_DEMONSTRATED,False,False
38266,S2017AK240023,X1,228,,0,False,0,0,0,False,Indicator evidence only; no final hydric/nonhydric label assigned.,DEJU,AK683,1542104.0,610,"Butchlake-Southpaw complex, 0 to 12 percent slopes",Donnelly,"Sandy-skeletal, mixed Typic Haplocryepts",AMBIGUOUS,Multiple plausible candidates remain without a decisive name/taxonomy margin.,,,,,,,,,False,False,False,False,False,False,LINKAGE_UNRESOLVED,False,False
38267,S2017AK240024,X1,228,,0,False,0,0,0,False,Indicator evidence only; no final hydric/nonhydric label assigned.,DEJU,AK683,1542112.0,618,"Donnelly-Nenana complex, 0 to 3 percent slopes",Southpaw,"Coarse-loamy, mixed, superactive Typic Haplocryepts",AMBIGUOUS,Multiple plausible candidates remain without a decisive name/taxonomy margin.,,,,,,,,,False,False,False,False,False,False,LINKAGE_UNRESOLVED,False,False
38268,S2017AK240025,X1,228,,0,False,0,0,0,False,Indicator evidence only; no final hydric/nonhydric label assigned.,DEJU,AK683,1542112.0,618,"Donnelly-Nenana complex, 0 to 3 percent slopes",Donnelly,"Sandy-skeletal, mixed Typic Haplocryepts",EXACT,Unique exact normalized NASIS taxon/component-name match within the intersected map unit.,26894457.0,Donnelly,65.0,Yes,Somewhat excessively drained,No,,no,True,False,True,False,False,False,SSURGO_NEGATIVE_MORPH_INSUFFICIENT,False,False
38269,S2017AK240027,X1,228,,0,False,0,0,0,False,Indicator evidence only; no final hydric/nonhydric label assigned.,DEJU,AK683,1542133.0,639,"Nenana silt loam, 0 to 3 percent slopes",Donnelly,"Sandy-skeletal, mixed Typic Haplocryepts",EXACT,Unique exact normalized NASIS taxon/component-name match within the intersected map unit.,26894338.0,Donnelly,10.0,No ,Somewhat excessively drained,No,,no,True,False,True,False,False,False,SSURGO_NEGATIVE_MORPH_INSUFFICIENT,False,False
38270,S2017AK240045,X1,228,,0,False,0,0,0,False,Indicator evidence only; no final hydric/nonhydric label assigned.,DEJU,AK683,1542104.0,610,"Butchlake-Southpaw complex, 0 to 12 percent slopes",Donnelly,"Sandy-skeletal, mixed Typic Haplocryepts",AMBIGUOUS,Multiple plausible candidates remain without a decisive name/taxonomy margin.,,,,,,,,,False,False,False,False,False,False,LINKAGE_UNRESOLVED,False,False
38271,S2017AK240016,X1,228,,0,False,0,0,0,False,Indicator evidence only; no final hydric/nonhydric label assigned.,DEJU,AK683,1542137.0,643,"Ninchuun silt loam, 0 to 15 percent slopes",Southpaw,"Coarse-loamy, mixed, superactive Aquic Haplocryepts",AMBIGUOUS,Multiple plausible candidates remain without a decisive name/taxonomy margin.,,,,,,,,,False,False,False,False,False,False,LINKAGE_UNRESOLVED,False,False
38272,S2017AK068002,X1,228,,0,False,0,0,0,False,Indicator evidence only; no final hydric/nonhydric label assigned.,HEAL,AK725,3354737.0,E28EP1,Interior Alaska Mountains-Boreal Upland and Alpine-Plains and Hills,"Alpine-tussock-scrub silty loess slopes, frozen","Coarse-silty, mixed, superactive, nonacid, subgelic Typic Gelaquents",UNMATCHED,No candidate has adequate name or taxonomic agreement.,,,,,,,,,False,False,False,False,False,False,LINKAGE_UNRESOLVED,False,False
38273,S2017AK068006,X1,228,,0,False,0,0,0,False,Indicator evidence only; no final hydric/nonhydric label assigned.,HEAL,AK725,3354737.0,E28EP1,Interior Alaska Mountains-Boreal Upland and Alpine-Plains and Hills,"Alpine-tussock-scrub silty loess slopes, frozen","Coarse-silty, mixed, superactive, acid, subgelic Typic Historthels",AMBIGUOUS,Multiple plausible candidates remain without a decisive name/taxonomy margin.,,,,,,,,,False,False,False,False,False,False,LINKAGE_UNRESOLVED,False,False
38274,S2017AK068007,X1,228,,0,False,0,0,0,False,Indicator evidence only; no final hydric/nonhydric label assigned.,HEAL,AK725,3354737.0,E28EP1,Interior Alaska Mountains-Boreal Upland and Alpine-Plains and Hills,"Alpine-tussock-scrub silty loess slopes, frozen","Coarse-silty, mixed, superactive, acid, subgelic Typic Histoturbels",MEDIUM,No name match; unique candidate supported by at least three taxonomic ranks.,26836905.0,E28-boreal alpine tussock-silty frozen loess slopes,8.0,No ,Very poorly drained,Yes,2; 3,yes,False,False,False,False,False,False,LINKAGE_UNRESOLVED,False,False
38275,S2017AK068012,X1,228,,0,False,0,0,0,False,Indicator evidence only; no final hydric/nonhydric label assigned.,HEAL,AK725,3354737.0,E28EP1,Interior Alaska Mountains-Boreal Upland and Alpine-Plains and Hills,"Alpine-tussock-scrub silty loess slopes, frozen","Coarse-silty, mixed, superactive, acid, subgelic Typic Histoturbels",AMBIGUOUS,Multiple plausible candidates remain without a decisive name/taxonomy margin.,,,,,,,,,False,False,False,False,False,False,LINKAGE_UNRESOLVED,False,False
38276,S2017AK068016,X1,228,,0,False,0,0,0,False,Indicator evidence only; no final hydric/nonhydric label assigned.,HEAL,AK725,3354737.0,E28EP1,Interior Alaska Mountains-Boreal Upland and Alpine-Plains and Hills,"Alpine-sedge bog organic depressions, frozen","Loamy, mixed, dysic, subgelic Terric Hemistels",AMBIGUOUS,Multiple plausible candidates remain without a decisive name/taxonomy margin.,,,,,,,,,False,False,False,False,False,False,LINKAGE_UNRESOLVED,False,False
38277,S2017AK068017,X1,228,,0,False,0,0,0,False,Indicator evidence only; no final hydric/nonhydric label assigned.,HEAL,AK725,3354737.0,E28EP1,Interior Alaska Mountains-Boreal Upland and Alpine-Plains and Hills,Subalpine-riparian scrub loamy drains,"Coarse-loamy, mixed, superactive, nonacid Typic Fluvaquents",AMBIGUOUS,Multiple plausible candidates remain without a decisive name/taxonomy margin.,,,,,,,,,False,False,False,False,False,False,LINKAGE_UNRESOLVED,False,False
38278,S2017AK068018,X1,228,,0,False,0,0,0,False,Indicator evidence only; no final hydric/nonhydric label assigned.,HEAL,AK725,3354744.0,E28LM3,Interior Alaska Mountains-Boreal Alpine-Rounded Mountains,"Alpine-sedge bog organic depressions, frozen","Coarse-silty, mixed, superactive, acid, subgelic Typic Histoturbels",AMBIGUOUS,Multiple plausible candidates remain without a decisive name/taxonomy margin.,,,,,,,,,False,False,False,False,False,False,LINKAGE_UNRESOLVED,False,False
38279,S2017AK068020,X1,228,,0,False,0,0,0,False,Indicator evidence only; no final hydric/nonhydric label assigned.,HEAL,AK725,3354737.0,E28EP1,Interior Alaska Mountains-Boreal Upland and Alpine-Plains and Hills,Subalpine-riparian scrub loamy drains,"Coarse-loamy, mixed, superactive, nonacid Aquic Cryofluvents",AMBIGUOUS,Multiple plausible candidates remain without a decisive name/taxonomy margin.,,,,,,,,,False,False,False,False,False,False,LINKAGE_UNRESOLVED,False,False
38280,S2017AK068022,X1,228,,0,False,0,0,0,False,Indicator evidence only; no final hydric/nonhydric label assigned.,HEAL,AK725,3354737.0,E28EP1,Interior Alaska Mountains-Boreal Upland and Alpine-Plains and Hills,"Alpine-tussock-scrub silty loess slopes, frozen","Coarse-silty, mixed, superactive, acid, subgelic Typic Histoturbels",MEDIUM,No name match; unique candidate supported by at least three taxonomic ranks.,26836905.0,E28-boreal alpine tussock-silty frozen loess slopes,8.0,No ,Very poorly drained,Yes,2; 3,yes,False,False,False,False,False,False,LINKAGE_UNRESOLVED,False,False
38281,S2017AK068026,X1,228,,0,False,0,0,0,False,Indicator evidence only; no final hydric/nonhydric label assigned.,HEAL,AK725,3354737.0,E28EP1,Interior Alaska Mountains-Boreal Upland and Alpine-Plains and Hills,Subalpine-riparian scrub loamy drains,"Coarse-silty, mixed, superactive, acid, subgelic Typic Histoturbels",AMBIGUOUS,Multiple plausible candidates remain without a decisive name/taxonomy margin.,,,,,,,,,False,False,False,False,False,False,LINKAGE_UNRESOLVED,False,False
38283,S2017AK068027,X1,228,,0,False,0,0,0,False,Indicator evidence only; no final hydric/nonhydric label assigned.,HEAL,AK725,3354737.0,E28EP1,Interior Alaska Mountains-Boreal Upland and Alpine-Plains and Hills,Subalpine-riparian scrub loamy drains,"Coarse-silty, mixed, superactive, acid, subgelic Aquic Gelorthents",UNMATCHED,No candidate has adequate name or taxonomic agreement.,,,,,,,,,False,False,False,False,False,False,LINKAGE_UNRESOLVED,False,False
38284,S2017AK068029,X1,228,,0,False,0,0,0,False,Indicator evidence only; no final hydric/nonhydric label assigned.,HEAL,AK725,3354737.0,E28EP1,Interior Alaska Mountains-Boreal Upland and Alpine-Plains and Hills,Subalpine-riparian scrub loamy drains,"Coarse-loamy, mixed, superactive, acid Typic Cryofluvents",MEDIUM,No name match; unique candidate supported by at least three taxonomic ranks.,26836910.0,E28-boreal forest-loamy high flood plains,7.0,No ,Well drained,No,,no,False,False,False,False,False,False,LINKAGE_UNRESOLVED,False,False
38285,S2017AK068045,X1,228,,0,False,0,0,0,False,Indicator evidence only; no final hydric/nonhydric label assigned.,HEAL,AK725,3354737.0,E28EP1,Interior Alaska Mountains-Boreal Upland and Alpine-Plains and Hills,"Alpine-tussock-scrub silty loess slopes, frozen","Coarse-silty, mixed, superactive, nonacid, subgelic Typic Aquiturbels",AMBIGUOUS,Multiple plausible candidates remain without a decisive name/taxonomy margin.,,,,,,,,,False,False,False,False,False,False,LINKAGE_UNRESOLVED,False,False
38286,S2017AK068046,X1,228,,0,False,0,0,0,False,Indicator evidence only; no final hydric/nonhydric label assigned.,HEAL,AK725,3354737.0,E28EP1,Interior Alaska Mountains-Boreal Upland and Alpine-Plains and Hills,"Alpine-tussock-scrub silty loess slopes, frozen","Coarse-silty, mixed, superactive, nonacid, subgelic Typic Aquiturbels",AMBIGUOUS,Multiple plausible candidates remain without a decisive name/taxonomy margin.,,,,,,,,,False,False,False,False,False,False,LINKAGE_UNRESOLVED,False,False
38287,S2017AK068047,X1,228,,0,False,0,0,0,False,Indicator evidence only; no final hydric/nonhydric label assigned.,HEAL,AK725,3354737.0,E28EP1,Interior Alaska Mountains-Boreal Upland and Alpine-Plains and Hills,"Alpine-tussock-scrub silty loess slopes, frozen","Coarse-silty, mixed, superactive, acid, subgelic Typic Aquorthels",AMBIGUOUS,Multiple plausible candidates remain without a decisive name/taxonomy margin.,,,,,,,,,False,False,False,False,False,False,LINKAGE_UNRESOLVED,False,False
38659,S2017AZ019004,D,41,,0,False,11,3,8,False,Indicator evidence only; no final hydric/nonhydric label assigned.,SRER,AZ667,1421437.0,BhD,"Bernardino-Hathaway association, rolling",Nahda,"Clayey-skeletal, mixed, superactive, thermic Argic Petrocalcids",UNMATCHED,No candidate has adequate name or taxonomic agreement.,,,,,,,,,False,False,False,False,True,False,LINKAGE_UNRESOLVED,False,False
38660,S2017AZ019007,D,40,,0,False,11,3,8,False,Indicator evidence only; no final hydric/nonhydric label assigned.,SRER,AZ667,1416068.0,An,Anthony soils,Hayhook,"Coarse-loamy, mixed, superactive, thermic Typic Haplocambids",UNMATCHED,No candidate has adequate name or taxonomic agreement.,,,,,,,,,False,False,False,False,True,False,LINKAGE_UNRESOLVED,False,False
38661,S2017AZ019013,D,41,,0,False,11,3,8,False,Indicator evidence only; no final hydric/nonhydric label assigned.,SRER,AZ667,1416068.0,An,Anthony soils,Combate,"Coarse-loamy, mixed, superactive, nonacid, thermic Ustic Torrifluvents",AMBIGUOUS,Multiple plausible candidates remain without a decisive name/taxonomy margin.,,,,,,,,,False,False,False,False,True,False,LINKAGE_UNRESOLVED,False,False
38662,S2017AZ019014,D,40,,0,False,11,3,8,False,Indicator evidence only; no final hydric/nonhydric label assigned.,SRER,AZ667,1427775.0,SoB,"Sonoita gravelly sandy loam, 1 to 8 percent slopes",Sandy Haplocambids,"Sandy, mixed, superactive, thermic Typic Haplocambids",UNMATCHED,No candidate has adequate name or taxonomic agreement.,,,,,,,,,False,False,False,False,True,False,LINKAGE_UNRESOLVED,False,False
38663,S2017AZ019018,D,40,,0,False,11,3,8,False,Indicator evidence only; no final hydric/nonhydric label assigned.,SRER,AZ667,1427767.0,Pn,"Pima clay loam, sandy clay loam subsoil variant",Fine-loamy Haplocambids,"Fine-loamy, mixed, superactive, calcareous, thermic Typic Torrifluvents",EXACT,Unique exact normalized NASIS taxon/component-name match within the intersected map unit.,26421296.0,Pima,90.0,Yes,Well drained,No,,no,True,False,True,False,True,False,PARTIAL_NEGATIVE_SUPPORT,False,False
38664,S2017AZ019023,D,41,,0,False,11,3,8,False,Indicator evidence only; no final hydric/nonhydric label assigned.,SRER,AZ667,801772.0,CtB,"Comoro soils, 0 to 5 percent slopes",Sandy Haplocambids,"Sandy, mixed, superactive, thermic Ustic Haplocambids",UNMATCHED,No candidate has adequate name or taxonomic agreement.,,,,,,,,,False,False,False,False,True,False,LINKAGE_UNRESOLVED,False,False
38665,S2017AZ019024,D,41,,0,False,11,3,8,False,Indicator evidence only; no final hydric/nonhydric label assigned.,SRER,AZ667,1427814.0,WoE,"White House-Caralampi complex, 10 to 35 percent slopes",Baboquivari,"Fine-loamy, mixed, superactive, thermic Ustic Haplargids",AMBIGUOUS,Multiple plausible candidates remain without a decisive name/taxonomy margin.,,,,,,,,,False,False,False,False,True,False,LINKAGE_UNRESOLVED,False,False
38666,S2017AZ019026,D,41,,0,False,11,3,8,False,Indicator evidence only; no final hydric/nonhydric label assigned.,SRER,AZ667,1427775.0,SoB,"Sonoita gravelly sandy loam, 1 to 8 percent slopes",Bodecker,"Sandy-skeletal, mixed, thermic Ustic Torrifluvents",UNMATCHED,No candidate has adequate name or taxonomic agreement.,,,,,,,,,False,False,False,False,True,False,LINKAGE_UNRESOLVED,False,False
38667,S2018AZ019003,D,40,,0,False,11,3,8,False,Indicator evidence only; no final hydric/nonhydric label assigned.,SRER,AZ667,1416068.0,An,Anthony soils,Hayhook,"Coarse-loamy, mixed, superactive, thermic Typic Haplocambids",UNMATCHED,No candidate has adequate name or taxonomic agreement.,,,,,,,,,False,False,False,False,True,False,LINKAGE_UNRESOLVED,False,False
38668,S2018AZ019008,D,41,,0,False,11,3,8,False,Indicator evidence only; no final hydric/nonhydric label assigned.,SRER,AZ667,1427775.0,SoB,"Sonoita gravelly sandy loam, 1 to 8 percent slopes",Eloma,"Clayey-skeletal, mixed, superactive, thermic Ustic Haplargids",AMBIGUOUS,Multiple plausible candidates remain without a decisive name/taxonomy margin.,,,,,,,,,False,False,False,False,True,False,LINKAGE_UNRESOLVED,False,False
38669,S2018AZ019016,D,40,,0,False,11,3,8,False,Indicator evidence only; no final hydric/nonhydric label assigned.,SRER,AZ667,1416068.0,An,Anthony soils,Redo,"Sandy-skeletal, mixed, thermic Typic Haplocalcids",UNMATCHED,No candidate has adequate name or taxonomic agreement.,,,,,,,,,False,False,False,False,True,False,LINKAGE_UNRESOLVED,False,False
38670,S2017AZ019043,D,40,,0,False,11,3,8,False,Indicator evidence only; no final hydric/nonhydric label assigned.,SRER,AZ667,1416069.0,Ao,"Anthony soils, very gravelly variants",Rillino,"Coarse-loamy, mixed, superactive, thermic Typic Haplocalcids",UNMATCHED,No candidate has adequate name or taxonomic agreement.,,,,,,,,,False,False,False,False,True,False,LINKAGE_UNRESOLVED,False,False
38671,S2018KS161022,H,76,,0,False,11,6,5,False,Indicator evidence only; no final hydric/nonhydric label assigned.,KONA,KS161,1472320.0,4784,"Tully silty clay loam, 3 to 7 percent slopes, eroded",Tully,"Fine, mixed, superactive, mesic Udic Argiustolls",EXACT,Unique exact normalized NASIS taxon/component-name match within the intersected map unit.,26334624.0,Tully,85.0,Yes,Well drained,No,,no,True,False,True,False,True,False,PARTIAL_NEGATIVE_SUPPORT,False,False
38672,S2018KS161017,H,76,,0,False,11,6,5,False,Indicator evidence only; no final hydric/nonhydric label assigned.,KONA,KS149,1480696.0,4786,"Tully silty clay, 3 to 7 percent slopes, eroded",Tully,"Fine, mixed, superactive, mesic Pachic Argiustolls",EXACT,Unique exact normalized NASIS taxon/component-name match within the intersected map unit.,26332023.0,Tully,85.0,Yes,Well drained,No,,no,True,False,True,False,True,False,PARTIAL_NEGATIVE_SUPPORT,False,False
38673,S2018KS161008,H,76,,0,False,11,3,8,False,Indicator evidence only; no final hydric/nonhydric label assigned.,KONA,KS161,1472339.0,7682,"Wymore silty clay loam, 1 to 3 percent slopes, eroded",Smolan,"Fine, smectitic, mesic Udic Haplustalfs",UNMATCHED,No candidate has adequate name or taxonomic agreement.,,,,,,,,,False,False,False,False,True,False,LINKAGE_UNRESOLVED,False,False
38674,S2018KS161003,H,76,,0,False,11,6,5,False,Indicator evidence only; no final hydric/nonhydric label assigned.,KONA,KS161,1472294.0,3923,"Smolan silty clay loam, 3 to 7 percent slopes, eroded",Smolan,"Fine, smectitic, mesic Udic Argiustolls",EXACT,Unique exact normalized NASIS taxon/component-name match within the intersected map unit.,26334607.0,Smolan,90.0,Yes,Moderately well drained,No,,no,True,False,True,False,True,False,PARTIAL_NEGATIVE_SUPPORT,False,False
38675,S2018KS161020,H,76,,0,False,11,1,10,False,Indicator evidence only; no final hydric/nonhydric label assigned.,KONA,KS161,1472339.0,7682,"Wymore silty clay loam, 1 to 3 percent slopes, eroded",Wymore,"Fine, smectitic, mesic Aquertic Argiudolls",EXACT,Unique exact normalized NASIS taxon/component-name match within the intersected map unit.,26334634.0,Wymore,90.0,Yes,Moderately well drained,No,,no,True,False,True,False,True,False,PARTIAL_NEGATIVE_SUPPORT,False,False
38676,S2018KS161013,H,76,,0,False,11,1,10,False,Indicator evidence only; no final hydric/nonhydric label assigned.,KONA,KS161,1472292.0,3919,"Smolan silt loam, 1 to 3 percent slopes",Wymore,"Fine-silty, smectitic, mesic Typic Argiudolls",EXACT,Unique exact normalized NASIS taxon/component-name match within the intersected map unit.,26334600.0,Wymore,2.0,No ,Moderately well drained,No,,no,True,False,True,False,True,False,PARTIAL_NEGATIVE_SUPPORT,False,False
38677,S2018KS161004,H,76,,0,False,11,1,10,False,Indicator evidence only; no final hydric/nonhydric label assigned.,KONA,KS161,1472337.0,7680,"Wymore silty clay loam, 0 to 1 percent slopes",Wymore,"Fine, smectitic, mesic Aquertic Argiudolls",EXACT,Unique exact normalized NASIS taxon/component-name match within the intersected map unit.,26334583.0,Wymore,98.0,Yes,Moderately well drained,No,,no,True,False,True,False,True,False,PARTIAL_NEGATIVE_SUPPORT,False,False
38678,S2018KS161027,H,76,,0,False,11,1,10,False,Indicator evidence only; no final hydric/nonhydric label assigned.,KONA,KS161,1472294.0,3923,"Smolan silty clay loam, 3 to 7 percent slopes, eroded",Wymore,"Fine, smectitic, mesic Aquertic Hapludalfs",UNMATCHED,No candidate has adequate name or taxonomic agreement.,,,,,,,,,False,False,False,False,True,False,LINKAGE_UNRESOLVED,False,False
38679,S2018KS161016,H,76,,0,False,11,1,10,False,Indicator evidence only; no final hydric/nonhydric label assigned.,KONA,KS161,1531806.0,7213,"Reading silt loam, moderately wet, very rarely flooded",Reading,"Fine-silty, mixed, superactive, mesic Typic Argiudolls",EXACT,Unique exact normalized NASIS taxon/component-name match within the intersected map unit.,26334708.0,Reading,85.0,Yes,Moderately well drained,No,,no,True,False,True,False,True,False,PARTIAL_NEGATIVE_SUPPORT,False,False
38680,S2018KS161057,H,76,,0,False,11,6,5,False,Indicator evidence only; no final hydric/nonhydric label assigned.,KONA,KS161,1472314.0,4674,"Irwin silty clay loam, 3 to 7 percent slopes, eroded",Irwin,"Fine, mixed, superactive, mesic Udic Argiustolls",EXACT,Unique exact normalized NASIS taxon/component-name match within the intersected map unit.,26334649.0,Irwin,80.0,Yes,Moderately well drained,No,,no,True,False,True,False,True,False,PARTIAL_NEGATIVE_SUPPORT,False,False
38681,S2018KS161048,H,76,,0,False,11,1,10,False,Indicator evidence only; no final hydric/nonhydric label assigned.,KONA,KS161,1472330.0,7174,"Reading silt loam, 1 to 3 percent slopes",Reading,"Fine, mixed, superactive, mesic Pachic Argiudolls",EXACT,Unique exact normalized NASIS taxon/component-name match within the intersected map unit.,26334702.0,Reading,90.0,Yes,Well drained,No,,no,True,False,True,False,True,False,PARTIAL_NEGATIVE_SUPPORT,False,False
38682,S2018KS161019,H,76,,0,False,11,6,5,False,Indicator evidence only; no final hydric/nonhydric label assigned.,KONA,KS161,1472292.0,3919,"Smolan silt loam, 1 to 3 percent slopes",Smolan,"Fine, smectitic, mesic Udic Haplustalfs",EXACT,Unique exact normalized NASIS taxon/component-name match within the intersected map unit.,26334597.0,Smolan,85.0,Yes,Moderately well drained,No,,no,True,False,True,False,True,False,PARTIAL_NEGATIVE_SUPPORT,False,False
38683,S2018KS161035,H,76,,0,False,11,6,5,False,Indicator evidence only; no final hydric/nonhydric label assigned.,KONA,KS161,1472292.0,3919,"Smolan silt loam, 1 to 3 percent slopes",Smolan,"Fine, smectitic, mesic Udic Argiustolls",EXACT,Unique exact normalized NASIS taxon/component-name match within the intersected map unit.,26334597.0,Smolan,85.0,Yes,Moderately well drained,No,,no,True,False,True,False,True,False,PARTIAL_NEGATIVE_SUPPORT,False,False
38684,S2018KS161011,H,76,,0,False,11,1,10,False,Indicator evidence only; no final hydric/nonhydric label assigned.,KONA,KS161,1472328.0,7170,"Reading silt loam, rarely flooded",Reading,"Fine-silty, mixed, superactive, mesic Pachic Argiudolls",EXACT,Unique exact normalized NASIS taxon/component-name match within the intersected map unit.,26334685.0,Reading,90.0,Yes,Well drained,No,,no,True,False,True,False,True,False,PARTIAL_NEGATIVE_SUPPORT,False,False
38685,S2018KS161005,H,76,,0,False,11,1,10,False,Indicator evidence only; no final hydric/nonhydric label assigned.,KONA,KS161,1472294.0,3923,"Smolan silty clay loam, 3 to 7 percent slopes, eroded",Kahola,"Fine, mixed, superactive, mesic Pachic Argiudolls",AMBIGUOUS,Multiple plausible candidates remain without a decisive name/taxonomy margin.,,,,,,,,,False,False,False,False,True,False,LINKAGE_UNRESOLVED,False,False
38958,S2018HI001100,V,162,,0,False,10,0,10,True,Indicator evidence only; no final hydric/nonhydric label assigned.,,HI801,2371317.0,602,"Keamoku stony medial loam, 3 to 10 percent slopes",,,UNMATCHED,No candidate has adequate name or taxonomic agreement.,,,,,,,,,False,False,False,False,False,False,LINKAGE_UNRESOLVED,False,False
39013,S2018WY029100,E,43B,,0,False,10,0,10,True,Indicator evidence only; no final hydric/nonhydric label assigned.,,WY665,3056522.0,2213,"Hobacker-Greyback-Shadow families, complex",,,UNMATCHED,No candidate has adequate name or taxonomic agreement.,,,,,,,,,False,False,False,False,False,False,LINKAGE_UNRESOLVED,False,False
39020,S2018AK185001,Y,246,,0,False,3,1,2,False,Indicator evidence only; no final hydric/nonhydric label assigned.,BARR,AK760,3352349.0,E46C2,"Arctic Coastal Plain-Arctic Lowland-Coastal Plains, Low",LCP Typic Histoturbels,"Coarse-silty, mixed, superactive, acid Typic Histoturbels",AMBIGUOUS,Multiple plausible candidates remain without a decisive name/taxonomy margin.,,,,,,,,,False,False,False,False,True,False,LINKAGE_UNRESOLVED,False,False
39021,S2018AK185004,Y,246,,0,False,3,1,2,False,Indicator evidence only; no final hydric/nonhydric label assigned.,BARR,AK760,3352349.0,E46C2,"Arctic Coastal Plain-Arctic Lowland-Coastal Plains, Low",HCP Glacic Aquiturbels,"Coarse-loamy, mixed, superactive, acid Glacic Aquiturbels",AMBIGUOUS,Multiple plausible candidates remain without a decisive name/taxonomy margin.,,,,,,,,,False,False,False,False,True,False,LINKAGE_UNRESOLVED,False,False
39022,S2018AK185005,Y,246,,0,False,3,1,2,False,Indicator evidence only; no final hydric/nonhydric label assigned.,BARR,AK760,3352349.0,E46C2,"Arctic Coastal Plain-Arctic Lowland-Coastal Plains, Low",HCP Typic Aquiturbels,"Coarse-loamy, mixed, superactive, acid Typic Aquiturbels",AMBIGUOUS,Multiple plausible candidates remain without a decisive name/taxonomy margin.,,,,,,,,,False,False,False,False,True,False,LINKAGE_UNRESOLVED,False,False
39023,S2018AK185008,Y,246,,0,False,3,1,2,False,Indicator evidence only; no final hydric/nonhydric label assigned.,BARR,AK760,3352349.0,E46C2,"Arctic Coastal Plain-Arctic Lowland-Coastal Plains, Low",HL typic Glacistels,"Mixed, dysic Typic Glacistels",AMBIGUOUS,Multiple plausible candidates remain without a decisive name/taxonomy margin.,,,,,,,,,False,False,False,False,True,False,LINKAGE_UNRESOLVED,False,False
39024,S2018AK185011,Y,246,,0,False,3,1,2,False,Indicator evidence only; no final hydric/nonhydric label assigned.,BARR,AK760,3352349.0,E46C2,"Arctic Coastal Plain-Arctic Lowland-Coastal Plains, Low",LCP Terric Hemistels,"Coarse-loamy, superactive, dysic Terric Hemistels",MEDIUM,No name match; unique candidate supported by at least three taxonomic ranks.,26868267.0,E46-Arctic scrub-organic frozen high-center polygons,9.0,No ,Poorly drained,Yes,1,yes,False,False,False,False,True,False,LINKAGE_UNRESOLVED,False,False
39025,S2018AK185012,Y,246,,0,False,3,1,2,False,Indicator evidence only; no final hydric/nonhydric label assigned.,BARR,AK760,3352349.0,E46C2,"Arctic Coastal Plain-Arctic Lowland-Coastal Plains, Low",HCP Typic Aquiturbels,"Coarse-silty, mixed, superactive, acid Typic Aquiturbels",UNMATCHED,No candidate has adequate name or taxonomic agreement.,,,,,,,,,False,False,False,False,True,False,LINKAGE_UNRESOLVED,False,False
39026,S2018AK185014,Y,246,,0,False,3,1,2,False,Indicator evidence only; no final hydric/nonhydric label assigned.,BARR,AK760,3352349.0,E46C2,"Arctic Coastal Plain-Arctic Lowland-Coastal Plains, Low",LCP Typic Histoturbels,"Coarse-loamy, mixed, superactive, acid Typic Histoturbels",MEDIUM,No name match; unique candidate supported by at least three taxonomic ranks.,26868269.0,E46-Arctic sedge-loamy frozen low-center polygons,31.0,Yes,Very poorly drained,Yes,2,yes,False,False,False,False,True,False,LINKAGE_UNRESOLVED,False,False
39027,S2018AK185015,Y,246,,0,False,3,1,2,False,Indicator evidence only; no final hydric/nonhydric label assigned.,BARR,AK760,3352349.0,E46C2,"Arctic Coastal Plain-Arctic Lowland-Coastal Plains, Low",HL Typic Aquiturbels,"Coarse-silty, mixed, superactive, acid Typic Aquiturbels",UNMATCHED,No candidate has adequate name or taxonomic agreement.,,,,,,,,,False,False,False,False,True,False,LINKAGE_UNRESOLVED,False,False
39028,S2018AK185018,Y,246,,0,False,3,1,2,False,Indicator evidence only; no final hydric/nonhydric label assigned.,BARR,AK760,3352349.0,E46C2,"Arctic Coastal Plain-Arctic Lowland-Coastal Plains, Low",VPD Typic Aquorthels,"Coarse-silty, mixed, superactive, acid Typic Aquorthels",AMBIGUOUS,Multiple plausible candidates remain without a decisive name/taxonomy margin.,,,,,,,,,False,False,False,False,True,False,LINKAGE_UNRESOLVED,False,False
39029,S2018AK185019,Y,246,,0,False,3,1,2,False,Indicator evidence only; no final hydric/nonhydric label assigned.,BARR,AK760,3352348.0,E46C1,"Arctic Coastal Plain-Arctic Lowland-Coastal Plains, High",HL Typic Hemistels,Dysic Typic Hemistels,AMBIGUOUS,Multiple plausible candidates remain without a decisive name/taxonomy margin.,,,,,,,,,False,False,False,False,True,False,LINKAGE_UNRESOLVED,False,False
39030,S2018AK185021,Y,246,,0,False,3,1,2,False,Indicator evidence only; no final hydric/nonhydric label assigned.,BARR,AK760,3352349.0,E46C2,"Arctic Coastal Plain-Arctic Lowland-Coastal Plains, Low",VPD Typic Aquiturbels,"Coarse-silty, mixed, superactive, acid Typic Aquiturbels",UNMATCHED,No candidate has adequate name or taxonomic agreement.,,,,,,,,,False,False,False,False,True,False,LINKAGE_UNRESOLVED,False,False
39031,S2018AK185022,Y,246,,0,False,3,1,2,False,Indicator evidence only; no final hydric/nonhydric label assigned.,BARR,AK760,3352349.0,E46C2,"Arctic Coastal Plain-Arctic Lowland-Coastal Plains, Low",LCP Glacic Histoturbels,"Coarse-loamy, mixed, superactive, acid Glacic Histoturbels",AMBIGUOUS,Multiple plausible candidates remain without a decisive name/taxonomy margin.,,,,,,,,,False,False,False,False,True,False,LINKAGE_UNRESOLVED,False,False
39032,S2018AK185024,Y,246,,0,False,3,1,2,False,Indicator evidence only; no final hydric/nonhydric label assigned.,BARR,AK760,3352349.0,E46C2,"Arctic Coastal Plain-Arctic Lowland-Coastal Plains, Low",LCP Terric Hemistels,"Coarse-loamy, mixed, superactive, dysic Terric Hemistels",MEDIUM,No name match; unique candidate supported by at least three taxonomic ranks.,26868267.0,E46-Arctic scrub-organic frozen high-center polygons,9.0,No ,Poorly drained,Yes,1,yes,False,False,False,False,True,False,LINKAGE_UNRESOLVED,False,False
39033,S2018AK185026,Y,246,,0,False,3,1,2,False,Indicator evidence only; no final hydric/nonhydric label assigned.,BARR,AK760,3352349.0,E46C2,"Arctic Coastal Plain-Arctic Lowland-Coastal Plains, Low",VPD Typic Histoturbels,"Coarse-loamy, mixed, superactive, acid Typic Histoturbels",MEDIUM,No name match; unique candidate supported by at least three taxonomic ranks.,26868269.0,E46-Arctic sedge-loamy frozen low-center polygons,31.0,Yes,Very poorly drained,Yes,2,yes,False,False,False,False,True,False,LINKAGE_UNRESOLVED,False,False
39034,S2018AK185027,Y,246,,0,False,3,1,2,False,Indicator evidence only; no final hydric/nonhydric label assigned.,BARR,AK760,3352349.0,E46C2,"Arctic Coastal Plain-Arctic Lowland-Coastal Plains, Low",VPD Typic Histoturbels,"Coarse-silty, mixed, superactive, acid Typic Histoturbels",AMBIGUOUS,Multiple plausible candidates remain without a decisive name/taxonomy margin.,,,,,,,,,False,False,False,False,True,False,LINKAGE_UNRESOLVED,False,False
39035,S2018AK185028,Y,246,,0,False,3,1,2,False,Indicator evidence only; no final hydric/nonhydric label assigned.,BARR,AK760,3352349.0,E46C2,"Arctic Coastal Plain-Arctic Lowland-Coastal Plains, Low",LCP Typic Aquiturbels,"Coarse-silty, mixed, superactive, acid Typic Aquiturbels",UNMATCHED,No candidate has adequate name or taxonomic agreement.,,,,,,,,,False,False,False,False,True,False,LINKAGE_UNRESOLVED,False,False
39036,S2018AK185031,Y,246,,0,False,3,1,2,False,Indicator evidence only; no final hydric/nonhydric label assigned.,BARR,AK760,3352349.0,E46C2,"Arctic Coastal Plain-Arctic Lowland-Coastal Plains, Low",ALL Fluvaquentic Aquorthels,"Coarse-loamy, mixed, superactive, acid Fluvaquentic Aquorthels",MEDIUM,No name match; unique candidate supported by at least three taxonomic ranks.,26868268.0,E46-Arctic sedge-loamy low frozen coastal plains,11.0,Yes,Very poorly drained,Yes,2,yes,False,False,False,False,True,False,LINKAGE_UNRESOLVED,False,False
39037,S2018AK185037,Y,246,,0,False,3,1,2,False,Indicator evidence only; no final hydric/nonhydric label assigned.,BARR,AK760,3352349.0,E46C2,"Arctic Coastal Plain-Arctic Lowland-Coastal Plains, Low",HCP Glacic haplorthels,"Coarse-silty, mixed, superactive, acid Glacic Aquorthels",AMBIGUOUS,Multiple plausible candidates remain without a decisive name/taxonomy margin.,,,,,,,,,False,False,False,False,True,False,LINKAGE_UNRESOLVED,False,False
39038,S2018AK185084,Y,246,,0,False,3,1,2,False,Indicator evidence only; no final hydric/nonhydric label assigned.,BARR,AK760,3352349.0,E46C2,"Arctic Coastal Plain-Arctic Lowland-Coastal Plains, Low",HCP Sapric Glacistels,Dysic Sapric Glacistels,AMBIGUOUS,Multiple plausible candidates remain without a decisive name/taxonomy margin.,,,,,,,,,False,False,False,False,True,False,LINKAGE_UNRESOLVED,False,False
39039,S2018AK185085,Y,246,,0,False,3,1,2,False,Indicator evidence only; no final hydric/nonhydric label assigned.,BARR,AK760,3352349.0,E46C2,"Arctic Coastal Plain-Arctic Lowland-Coastal Plains, Low",HL Typic Aquiturbels,"Coarse-loamy, mixed, superactive, acid Typic Aquiturbels",AMBIGUOUS,Multiple plausible candidates remain without a decisive name/taxonomy margin.,,,,,,,,,False,False,False,False,True,False,LINKAGE_UNRESOLVED,False,False
39067,S2018HI001004,V,162,,0,False,10,1,9,False,Indicator evidence only; no final hydric/nonhydric label assigned.,PUUM,HI801,2371355.0,651,"Keei slightly decomposed plant material, 3 to 10 percent slopes",Makaopuhi,"Medial, ferrihydritic, isothermic Lithic Hapludands",UNMATCHED,No candidate has adequate name or taxonomic agreement.,,,,,,,,,False,False,False,False,True,False,LINKAGE_UNRESOLVED,False,False
39068,S2018HI001006,V,162,,0,False,10,1,9,False,Indicator evidence only; no final hydric/nonhydric label assigned.,PUUM,HI801,2371330.0,615,"Kau hydrous silt loam, 3 to 10 percent slopes",Kau,"Hydrous over fragmental, ferrihydritic, isomesic Typic Hapludands",EXACT,Unique exact normalized NASIS taxon/component-name match within the intersected map unit.,27482756.0,Kau,100.0,Yes,Well drained,No,,no,True,False,True,False,True,False,PARTIAL_NEGATIVE_SUPPORT,False,False
39069,S2018HI001007,V,162,,0,False,10,1,9,False,Indicator evidence only; no final hydric/nonhydric label assigned.,PUUM,HI801,2371355.0,651,"Keei slightly decomposed plant material, 3 to 10 percent slopes",Kopua,"Hydrous, ferrihydritic, isothermic Lithic Hydrudands",UNMATCHED,No candidate has adequate name or taxonomic agreement.,,,,,,,,,False,False,False,False,True,False,LINKAGE_UNRESOLVED,False,False
39070,S2018HI001010,V,162,,0,False,10,1,9,False,Indicator evidence only; no final hydric/nonhydric label assigned.,PUUM,HI801,2371331.0,616,"Kahaluu highly decomposed plant material, 3 to 10 percent slopes",Kulani,"Medial, ferrihydritic, isomesic Typic Placudands",UNMATCHED,No candidate has adequate name or taxonomic agreement.,,,,,,,,,False,False,False,False,True,False,LINKAGE_UNRESOLVED,False,False
39071,S2018HI001014,V,162,,0,False,10,1,9,False,Indicator evidence only; no final hydric/nonhydric label assigned.,PUUM,HI801,2371331.0,616,"Kahaluu highly decomposed plant material, 3 to 10 percent slopes",Lalaau,"Euic, isomesic Typic Udifolists",AMBIGUOUS,Multiple plausible candidates remain without a decisive name/taxonomy margin.,,,,,,,,,False,False,False,False,True,False,LINKAGE_UNRESOLVED,False,False
39072,S2018HI001015,V,162,,0,False,10,1,9,False,Indicator evidence only; no final hydric/nonhydric label assigned.,PUUM,HI801,2371328.0,613,"Kiloa extremely cobbly highly decomposed plant material, 3 to 10 percent slopes",Makaopuhi,"Medial, ferrihydritic, isothermic Lithic Hapludands",UNMATCHED,No candidate has adequate name or taxonomic agreement.,,,,,,,,,False,False,False,False,True,False,LINKAGE_UNRESOLVED,False,False
39073,S2018HI001031,V,162,,0,False,10,1,9,False,Indicator evidence only; no final hydric/nonhydric label assigned.,PUUM,HI801,2371264.0,519,"Lalaau very cobbly highly decomposed plant material, 2 to 10 percent slopes",Kulani,"Medial, ferrihydritic, isomesic Typic Placudands",UNMATCHED,No candidate has adequate name or taxonomic agreement.,,,,,,,,,False,False,False,False,True,False,LINKAGE_UNRESOLVED,False,False
39074,S2018HI001032,V,162,,0,False,10,1,9,False,Indicator evidence only; no final hydric/nonhydric label assigned.,PUUM,HI801,2371264.0,519,"Lalaau very cobbly highly decomposed plant material, 2 to 10 percent slopes",Kahaluu,"Euic, isomesic, micro Lithic Udifolists",AMBIGUOUS,Multiple plausible candidates remain without a decisive name/taxonomy margin.,,,,,,,,,False,False,False,False,True,False,LINKAGE_UNRESOLVED,False,False
39075,S2018HI001034,V,162,,0,False,10,1,9,False,Indicator evidence only; no final hydric/nonhydric label assigned.,PUUM,HI801,2371264.0,519,"Lalaau very cobbly highly decomposed plant material, 2 to 10 percent slopes",Lalaau,"Euic, isomesic Typic Udifolists",EXACT,Unique exact normalized NASIS taxon/component-name match within the intersected map unit.,27482628.0,Lalaau,95.0,Yes,Well drained,No,,no,True,False,True,False,True,False,PARTIAL_NEGATIVE_SUPPORT,False,False
39076,S2018HI001036,V,162,,0,False,10,1,9,False,Indicator evidence only; no final hydric/nonhydric label assigned.,PUUM,HI801,2371264.0,519,"Lalaau very cobbly highly decomposed plant material, 2 to 10 percent slopes",Lalaau,"Euic, isomesic Typic Udifolists",EXACT,Unique exact normalized NASIS taxon/component-name match within the intersected map unit.,27482628.0,Lalaau,95.0,Yes,Well drained,No,,no,True,False,True,False,True,False,PARTIAL_NEGATIVE_SUPPORT,False,False
39080,S2018KS161002,H,76,,0,False,11,1,10,False,Indicator evidence only; no final hydric/nonhydric label assigned.,KONA,KS161,1531806.0,7213,"Reading silt loam, moderately wet, very rarely flooded",Reading,"Fine-silty, mixed, superactive, mesic Pachic Argiudolls",EXACT,Unique exact normalized NASIS taxon/component-name match within the intersected map unit.,26334708.0,Reading,85.0,Yes,Moderately well drained,No,,no,True,False,True,False,True,False,PARTIAL_NEGATIVE_SUPPORT,False,False
39081,S2018KS161006,H,76,,0,False,11,6,5,False,Indicator evidence only; no final hydric/nonhydric label assigned.,KONA,KS161,1472294.0,3923,"Smolan silty clay loam, 3 to 7 percent slopes, eroded",Smolan,"Fine-silty, mixed, superactive, mesic Aquic Argiustolls",EXACT,Unique exact normalized NASIS taxon/component-name match within the intersected map unit.,26334607.0,Smolan,90.0,Yes,Moderately well drained,No,,no,True,False,True,False,True,False,PARTIAL_NEGATIVE_SUPPORT,False,False
39082,S2018KS161023,H,76,,0,False,11,1,10,False,Indicator evidence only; no final hydric/nonhydric label assigned.,KONA,KS161,1472292.0,3919,"Smolan silt loam, 1 to 3 percent slopes",Wymore,"Fine, smectitic, mesic Aquertic Argiudolls",EXACT,Unique exact normalized NASIS taxon/component-name match within the intersected map unit.,26334600.0,Wymore,2.0,No ,Moderately well drained,No,,no,True,False,True,False,True,False,PARTIAL_NEGATIVE_SUPPORT,False,False
39083,S2018KS161030,H,76,,0,False,11,1,10,False,Indicator evidence only; no final hydric/nonhydric label assigned.,KONA,KS161,1472294.0,3923,"Smolan silty clay loam, 3 to 7 percent slopes, eroded",Wymore,"Fine, smectitic, mesic Aquertic Argiudolls",AMBIGUOUS,Multiple plausible candidates remain without a decisive name/taxonomy margin.,,,,,,,,,False,False,False,False,True,False,LINKAGE_UNRESOLVED,False,False
39234,S2018VA071061,N,128,,0,False,11,1,10,False,Indicator evidence only; no final hydric/nonhydric label assigned.,MLBS,VA071,516648.0,12,"Fluvaquents, nearly level",Series Not Designated,"Fine-loamy, mesic Fluvaquentic Dystrudepts",UNMATCHED,No candidate has adequate name or taxonomic agreement.,,,,,,,,,False,False,False,False,True,False,LINKAGE_UNRESOLVED,False,False
39235,S2018VA071064,N,128,,0,False,11,1,10,False,Indicator evidence only; no final hydric/nonhydric label assigned.,MLBS,VA071,516648.0,12,"Fluvaquents, nearly level",Series Not Designated,"Fine-loamy, mesic Typic Dystrudepts",UNMATCHED,No candidate has adequate name or taxonomic agreement.,,,,,,,,,False,False,False,False,True,False,LINKAGE_UNRESOLVED,False,False
39236,S2018VA071013,N,128,,0,False,11,1,10,False,Indicator evidence only; no final hydric/nonhydric label assigned.,MLBS,VA606,2525399.0,41D,"Berks-Weikert complex, 15 to 35 percent slopes",Series Not Designated,"Fine-loamy, mesic Lithic Dystrudepts",AMBIGUOUS,Multiple plausible candidates remain without a decisive name/taxonomy margin.,,,,,,,,,False,False,False,False,True,False,LINKAGE_UNRESOLVED,False,False
39237,S2018VA071006,N,128,,0,False,11,1,10,False,Indicator evidence only; no final hydric/nonhydric label assigned.,MLBS,VA606,2525434.0,26C,"Jefferson loam, 3 to 15 percent slopes",Series Not Designated,"Fine-loamy, mesic Udepts",UNMATCHED,No candidate has adequate name or taxonomic agreement.,,,,,,,,,False,False,False,False,True,False,LINKAGE_UNRESOLVED,False,False
39238,S2018VA071019,N,128,,0,False,11,1,10,False,Indicator evidence only; no final hydric/nonhydric label assigned.,MLBS,VA606,2525240.0,28C,"Shelocta channery silt loam, 3 to 15 percent slopes",Series Not Designated,"Fine-loamy, mesic Typic Hapludults",MEDIUM,No name match; unique candidate supported by at least three taxonomic ranks.,27403976.0,Shelocta,80.0,Yes,Well drained,No,,no,False,False,False,False,True,False,LINKAGE_UNRESOLVED,False,False
39239,S2018VA071004,N,128,,0,False,11,1,10,False,Indicator evidence only; no final hydric/nonhydric label assigned.,MLBS,VA606,2525406.0,59D,"Gilpin channery silt loam, 15 to 35 percent slopes",Series Not Desiganted,"Loamy-skeletal, mesic Typic Hapludults",AMBIGUOUS,Multiple plausible candidates remain without a decisive name/taxonomy margin.,,,,,,,,,False,False,False,False,True,False,LINKAGE_UNRESOLVED,False,False
39240,S2018VA071030,N,128,,0,False,11,1,10,False,Indicator evidence only; no final hydric/nonhydric label assigned.,MLBS,VA606,2525407.0,59E,"Gilpin channery silt loam, 35 to 60 percent slopes",Grimsley,"Loamy-skeletal, mesic Typic Hapludults",AMBIGUOUS,Multiple plausible candidates remain without a decisive name/taxonomy margin.,,,,,,,,,False,False,False,False,True,False,LINKAGE_UNRESOLVED,False,False
39241,S2018VA071009,N,128,,0,False,11,1,10,False,Indicator evidence only; no final hydric/nonhydric label assigned.,MLBS,VA071,516648.0,12,"Fluvaquents, nearly level",Series Not Designated,"Fine-loamy, mesic Oxyaquic Hapludults",UNMATCHED,No candidate has adequate name or taxonomic agreement.,,,,,,,,,False,False,False,False,True,False,LINKAGE_UNRESOLVED,False,False
39242,S2018VA071001,N,128,,0,False,11,1,10,False,Indicator evidence only; no final hydric/nonhydric label assigned.,MLBS,VA071,516682.0,27C,"Lily-Bailegap complex, very stony, 2 to 15 percent slopes",Hazleton,"Loamy-skeletal, mesic Typic Dystrudepts",UNMATCHED,No candidate has adequate name or taxonomic agreement.,,,,,,,,,False,False,False,False,True,False,LINKAGE_UNRESOLVED,False,False
39243,S2018VA071014,N,128,,0,False,11,1,10,False,Indicator evidence only; no final hydric/nonhydric label assigned.,MLBS,VA606,2525434.0,26C,"Jefferson loam, 3 to 15 percent slopes",Grimsley,"Loamy-skeletal, mesic Typic Hapludults",AMBIGUOUS,Multiple plausible candidates remain without a decisive name/taxonomy margin.,,,,,,,,,False,False,False,False,True,False,LINKAGE_UNRESOLVED,False,False
39248,S2018CA019002,D,22A,,0,False,11,3,8,False,Indicator evidence only; no final hydric/nonhydric label assigned.,SOAP,CA750,465122.0,147,Rock outcrop,Cumulic Humixerepts,"Sandy, mixed, mesic Cumulic Humixerepts",UNMATCHED,No candidate has adequate name or taxonomic agreement.,,,,,,,,,False,False,False,False,True,False,LINKAGE_UNRESOLVED,False,False
39249,S2018CA019004,D,22A,,0,False,11,5,6,False,Indicator evidence only; no final hydric/nonhydric label assigned.,SOAP,CA750,465112.0,137,"Holland family, 35 to 65 percent slopes",Holland,"Fine-loamy, mixed, active, mesic Ultic Haploxeralfs",MEDIUM,No name match; unique candidate supported by at least three taxonomic ranks.,26638431.0,Holland family,85.0,Yes,Well drained,No,,no,False,False,False,False,True,False,LINKAGE_UNRESOLVED,False,False
39250,S2018CA019005,D,22A,,0,False,11,5,6,False,Indicator evidence only; no final hydric/nonhydric label assigned.,SOAP,CA750,465112.0,137,"Holland family, 35 to 65 percent slopes",Holland,"Fine-loamy, mixed, active, mesic Ultic Haploxeralfs",MEDIUM,No name match; unique candidate supported by at least three taxonomic ranks.,26638431.0,Holland family,85.0,Yes,Well drained,No,,no,False,False,False,False,True,False,LINKAGE_UNRESOLVED,False,False
39251,S2018CA019008,D,22A,,0,False,11,5,6,False,Indicator evidence only; no final hydric/nonhydric label assigned.,SOAP,CA750,465112.0,137,"Holland family, 35 to 65 percent slopes",Holland,"Fine-loamy, mixed, semiactive, mesic Ultic Haploxeralfs",MEDIUM,No name match; unique candidate supported by at least three taxonomic ranks.,26638431.0,Holland family,85.0,Yes,Well drained,No,,no,False,False,False,False,True,False,LINKAGE_UNRESOLVED,False,False
39252,S2018CA019010,D,22A,,0,False,11,1,10,False,Indicator evidence only; no final hydric/nonhydric label assigned.,SOAP,CA750,465112.0,137,"Holland family, 35 to 65 percent slopes",Lithic xerorthent,"Loamy, mixed, superactive, mesic Lithic Xerorthents",UNMATCHED,No candidate has adequate name or taxonomic agreement.,,,,,,,,,False,False,False,False,True,False,LINKAGE_UNRESOLVED,False,False
39253,S2018CA019012,D,22A,,0,False,11,3,8,False,Indicator evidence only; no final hydric/nonhydric label assigned.,SOAP,CA750,465112.0,137,"Holland family, 35 to 65 percent slopes",Holland,"Fine-loamy, mixed, active, mesic Ultic Haploxeralfs",MEDIUM,No name match; unique candidate supported by at least three taxonomic ranks.,26638431.0,Holland family,85.0,Yes,Well drained,No,,no,False,False,False,False,True,False,LINKAGE_UNRESOLVED,False,False
39254,S2018CA019015,D,22A,,0,False,11,1,10,False,Indicator evidence only; no final hydric/nonhydric label assigned.,SOAP,CA750,465112.0,137,"Holland family, 35 to 65 percent slopes",Dystric Xeropsamments,"Mixed, mesic Dystric Xeropsamments",UNMATCHED,No candidate has adequate name or taxonomic agreement.,,,,,,,,,False,False,False,False,True,False,LINKAGE_UNRESOLVED,False,False
39255,S2018CA019016,D,22A,,0,False,11,3,8,False,Indicator evidence only; no final hydric/nonhydric label assigned.,SOAP,CA750,465111.0,136,"Holland family, 5 to 35 percent slopes",Featherfalls,"Fine-loamy, mixed, semiactive, mesic Ultic Palexeralfs",AMBIGUOUS,Multiple plausible candidates remain without a decisive name/taxonomy margin.,,,,,,,,,False,False,False,False,True,False,LINKAGE_UNRESOLVED,False,False
39256,S2018CA019019,D,22A,,0,False,11,5,6,False,Indicator evidence only; no final hydric/nonhydric label assigned.,SOAP,CA750,465112.0,137,"Holland family, 35 to 65 percent slopes",Typic Humixerepts,"Loamy-skeletal, superactive, mesic Typic Humixerepts",UNMATCHED,No candidate has adequate name or taxonomic agreement.,,,,,,,,,False,False,False,False,True,False,LINKAGE_UNRESOLVED,False,False
39257,S2018CA019025,D,22A,,0,False,11,3,8,False,Indicator evidence only; no final hydric/nonhydric label assigned.,SOAP,CA750,465112.0,137,"Holland family, 35 to 65 percent slopes",Lithic Humixerepts,"Loamy, mixed, superactive, mesic Lithic Humixerepts",UNMATCHED,No candidate has adequate name or taxonomic agreement.,,,,,,,,,False,False,False,False,True,False,LINKAGE_UNRESOLVED,False,False
39258,S2018CA019026,D,22A,,0,False,11,3,8,False,Indicator evidence only; no final hydric/nonhydric label assigned.,SOAP,CA750,465141.0,166,"Tollhouse family-Rock outcrop complex, 30 to 60 percent slopes",Lithic Humixerepts,"Sandy-skeletal, superactive, mesic Lithic Humixerepts",UNMATCHED,No candidate has adequate name or taxonomic agreement.,,,,,,,,,False,False,False,False,True,False,LINKAGE_UNRESOLVED,False,False
39259,S2018CA019028,D,22A,,0,False,11,1,10,False,Indicator evidence only; no final hydric/nonhydric label assigned.,SOAP,CA750,465114.0,139,"Holland-Chaix families complex, 35 to 65 percent slopes",Holland,"Fine-loamy, mixed, semiactive, mesic Ultic Haploxeralfs",MEDIUM,No name match; unique candidate supported by at least three taxonomic ranks.,26638440.0,Holland family,60.0,Yes,Well drained,No,,no,False,False,False,False,True,False,LINKAGE_UNRESOLVED,False,False
39260,S2018AL023002,P,133C,,0,False,12,1,11,False,Indicator evidence only; no final hydric/nonhydric label assigned.,LENO,AL023,328570.0,UrB,"Urbo-Mooreville-Una complex, 0 to 3 percent slopes, frequently flooded",Urbo,"Fine, mixed, active, acid, thermic Vertic Epiaquepts",EXACT,Unique exact normalized NASIS taxon/component-name match within the intersected map unit.,26923239.0,Urbo,40.0,Yes,Somewhat poorly drained,No,,no,True,False,True,False,True,False,PARTIAL_NEGATIVE_SUPPORT,False,False
39261,S2018AL023003,P,133C,,0,False,12,1,11,False,Indicator evidence only; no final hydric/nonhydric label assigned.,LENO,AL023,328570.0,UrB,"Urbo-Mooreville-Una complex, 0 to 3 percent slopes, frequently flooded",Mooreville,"Fine-loamy, siliceous, active, thermic Fluvaquentic Dystrudepts",EXACT,Unique exact normalized NASIS taxon/component-name match within the intersected map unit.,26923237.0,Mooreville,20.0,Yes,Moderately well drained,No,,no,True,False,True,False,True,False,PARTIAL_NEGATIVE_SUPPORT,False,False
39262,S2018AL023006,P,133C,,0,False,12,1,11,False,Indicator evidence only; no final hydric/nonhydric label assigned.,LENO,AL023,328570.0,UrB,"Urbo-Mooreville-Una complex, 0 to 3 percent slopes, frequently flooded",Urbo,"Fine, mixed, active, acid, thermic Vertic Epiaquepts",EXACT,Unique exact normalized NASIS taxon/component-name match within the intersected map unit.,26923239.0,Urbo,40.0,Yes,Somewhat poorly drained,No,,no,True,False,True,False,True,False,PARTIAL_NEGATIVE_SUPPORT,False,False
39263,S2018AL023007,P,133C,,0,False,12,1,11,False,Indicator evidence only; no final hydric/nonhydric label assigned.,LENO,AL023,328613.0,UnA,"Una clay, ponded",Una,"Fine, mixed, active, acid, thermic Typic Epiaquepts",EXACT,Unique exact normalized NASIS taxon/component-name match within the intersected map unit.,26923188.0,Una,90.0,Yes,Poorly drained,Yes,2; 3; 4,yes,True,True,False,False,True,False,SSURGO_POSITIVE_MORPH_NOT_DEMONSTRATED,False,False
39264,S2018AL023009,P,133C,,0,False,12,1,11,False,Indicator evidence only; no final hydric/nonhydric label assigned.,LENO,AL023,328570.0,UrB,"Urbo-Mooreville-Una complex, 0 to 3 percent slopes, frequently flooded",Mooreville,"Fine-loamy, siliceous, active, thermic Fluvaquentic Dystrudepts",EXACT,Unique exact normalized NASIS taxon/component-name match within the intersected map unit.,26923237.0,Mooreville,20.0,Yes,Moderately well drained,No,,no,True,False,True,False,True,False,PARTIAL_NEGATIVE_SUPPORT,False,False
39265,S2018AL023011,P,133C,,0,False,12,1,11,False,Indicator evidence only; no final hydric/nonhydric label assigned.,LENO,AL023,328570.0,UrB,"Urbo-Mooreville-Una complex, 0 to 3 percent slopes, frequently flooded",Mooreville,"Fine-loamy, siliceous, active, thermic Fluvaquentic Dystrudepts",EXACT,Unique exact normalized NASIS taxon/component-name match within the intersected map unit.,26923237.0,Mooreville,20.0,Yes,Moderately well drained,No,,no,True,False,True,False,True,False,PARTIAL_NEGATIVE_SUPPORT,False,False
39266,S2018AL023012,P,133C,,0,False,12,1,11,False,Indicator evidence only; no final hydric/nonhydric label assigned.,LENO,AL023,328570.0,UrB,"Urbo-Mooreville-Una complex, 0 to 3 percent slopes, frequently flooded",Urbo,"Fine, mixed, active, acid, thermic Vertic Epiaquepts",EXACT,Unique exact normalized NASIS taxon/component-name match within the intersected map unit.,26923239.0,Urbo,40.0,Yes,Somewhat poorly drained,No,,no,True,False,True,False,True,False,PARTIAL_NEGATIVE_SUPPORT,False,False
39267,S2018AL023014,P,133C,,0,False,12,1,11,False,Indicator evidence only; no final hydric/nonhydric label assigned.,LENO,AL023,328570.0,UrB,"Urbo-Mooreville-Una complex, 0 to 3 percent slopes, frequently flooded",Urbo,"Fine, mixed, active, acid, thermic Vertic Epiaquepts",EXACT,Unique exact normalized NASIS taxon/component-name match within the intersected map unit.,26923239.0,Urbo,40.0,Yes,Somewhat poorly drained,No,,no,True,False,True,False,True,False,PARTIAL_NEGATIVE_SUPPORT,False,False
39268,S2018AL023015,P,133C,,0,False,12,1,11,False,Indicator evidence only; no final hydric/nonhydric label assigned.,LENO,AL023,328570.0,UrB,"Urbo-Mooreville-Una complex, 0 to 3 percent slopes, frequently flooded",Mooreville,"Fine-loamy, siliceous, active, thermic Fluvaquentic Dystrudepts",EXACT,Unique exact normalized NASIS taxon/component-name match within the intersected map unit.,26923237.0,Mooreville,20.0,Yes,Moderately well drained,No,,no,True,False,True,False,True,False,PARTIAL_NEGATIVE_SUPPORT,False,False
39269,S2018AL023016,P,133C,,0,False,12,1,11,False,Indicator evidence only; no final hydric/nonhydric label assigned.,LENO,AL023,328570.0,UrB,"Urbo-Mooreville-Una complex, 0 to 3 percent slopes, frequently flooded",Urbo,"Fine, mixed, active, acid, thermic Vertic Epiaquepts",EXACT,Unique exact normalized NASIS taxon/component-name match within the intersected map unit.,26923239.0,Urbo,40.0,Yes,Somewhat poorly drained,No,,no,True,False,True,False,True,False,PARTIAL_NEGATIVE_SUPPORT,False,False
39270,S2018AL023017,P,133C,,0,False,12,1,11,False,Indicator evidence only; no final hydric/nonhydric label assigned.,LENO,AL023,328570.0,UrB,"Urbo-Mooreville-Una complex, 0 to 3 percent slopes, frequently flooded",Mooreville,"Fine-loamy, siliceous, active, thermic Fluvaquentic Dystrudepts",EXACT,Unique exact normalized NASIS taxon/component-name match within the intersected map unit.,26923237.0,Mooreville,20.0,Yes,Moderately well drained,No,,no,True,False,True,False,True,False,PARTIAL_NEGATIVE_SUPPORT,False,False
39271,S2018AL023019,P,133C,,0,False,12,1,11,False,Indicator evidence only; no final hydric/nonhydric label assigned.,LENO,AL023,328570.0,UrB,"Urbo-Mooreville-Una complex, 0 to 3 percent slopes, frequently flooded",Urbo,"Fine, mixed, active, acid, thermic Vertic Epiaquepts",EXACT,Unique exact normalized NASIS taxon/component-name match within the intersected map unit.,26923239.0,Urbo,40.0,Yes,Somewhat poorly drained,No,,no,True,False,True,False,True,False,PARTIAL_NEGATIVE_SUPPORT,False,False
39272,S2018AL023020,P,133C,,0,False,12,1,11,False,Indicator evidence only; no final hydric/nonhydric label assigned.,LENO,AL023,328570.0,UrB,"Urbo-Mooreville-Una complex, 0 to 3 percent slopes, frequently flooded",Lenoir,"Fine, mixed, semiactive, thermic Aeric Paleaquults",UNMATCHED,No candidate has adequate name or taxonomic agreement.,,,,,,,,,False,False,False,False,True,False,LINKAGE_UNRESOLVED,False,False
39273,S2018AL023021,P,133C,,0,False,12,1,11,False,Indicator evidence only; no final hydric/nonhydric label assigned.,LENO,AL023,328570.0,UrB,"Urbo-Mooreville-Una complex, 0 to 3 percent slopes, frequently flooded",Mooreville,"Fine-loamy, siliceous, active, thermic Fluvaquentic Dystrudepts",EXACT,Unique exact normalized NASIS taxon/component-name match within the intersected map unit.,26923237.0,Mooreville,20.0,Yes,Moderately well drained,No,,no,True,False,True,False,True,False,PARTIAL_NEGATIVE_SUPPORT,False,False
39274,S2018AL023022,P,133C,,0,False,12,1,11,False,Indicator evidence only; no final hydric/nonhydric label assigned.,LENO,AL023,328570.0,UrB,"Urbo-Mooreville-Una complex, 0 to 3 percent slopes, frequently flooded",Mantachie,"Fine-loamy, siliceous, active, acid, thermic Fluventic Endoaquepts",AMBIGUOUS,Multiple plausible candidates remain without a decisive name/taxonomy margin.,,,,,,,,,False,False,False,False,True,False,LINKAGE_UNRESOLVED,False,False
39275,S2018AL023023,P,133C,,0,False,12,1,11,False,Indicator evidence only; no final hydric/nonhydric label assigned.,LENO,AL023,328600.0,BeB,"Bigbee loamy sand, 0 to 5 percent slopes, rarely flooded",Riverview,"Fine-loamy, active, thermic Fluventic Dystrudepts",AMBIGUOUS,Multiple plausible candidates remain without a decisive name/taxonomy margin.,,,,,,,,,False,False,False,False,True,False,LINKAGE_UNRESOLVED,False,False
39276,S2018AL023027,P,133C,,0,False,12,1,11,False,Indicator evidence only; no final hydric/nonhydric label assigned.,LENO,AL023,328613.0,UnA,"Una clay, ponded",Urbo,"Fine, mixed, active, acid, thermic Vertic Epiaquepts",EXACT,Unique exact normalized NASIS taxon/component-name match within the intersected map unit.,26923189.0,Urbo,10.0,No ,Somewhat poorly drained,Yes,4,yes,True,True,False,False,True,False,SSURGO_POSITIVE_MORPH_NOT_DEMONSTRATED,False,False
39277,S2018AL023029,P,133C,,0,False,12,1,11,False,Indicator evidence only; no final hydric/nonhydric label assigned.,LENO,AL023,328561.0,RvA,"Riverview loam, 0 to 2 percent slopes, occasionally flooded",Riverview,"Fine-loamy, mixed, active, thermic Fluventic Dystrudepts",EXACT,Unique exact normalized NASIS taxon/component-name match within the intersected map unit.,26923153.0,Riverview,85.0,Yes,Well drained,No,,no,True,False,True,False,True,False,PARTIAL_NEGATIVE_SUPPORT,False,False
39278,S2018PR153001,Z,271,,0,False,12,3,9,False,Indicator evidence only; no final hydric/nonhydric label assigned.,GUAN,PR787,1716023.0,LcE,"La Covana-Limestone outcrop-Seboruco complex, 12 to 40 percent slopes",Tuque,"Clayey, carbonatic, isohyperthermic Calcic Lithic Petrocalcids",MEDIUM,No name match; unique candidate supported by at least three taxonomic ranks.,27626967.0,La Covana,60.0,Yes,Well drained,No,,no,False,False,False,False,True,False,LINKAGE_UNRESOLVED,False,False
39279,S2018PR059002,Z,271,,0,False,12,3,9,False,Indicator evidence only; no final hydric/nonhydric label assigned.,GUAN,PR688,326850.0,TuF,"Tuque stony clay loam, 12 to 60 percent slopes",Pitahaya,"Clayey-skeletal, mixed, superactive, nonacid, isohyperthermic, shallow Typic Torriorthents",UNMATCHED,No candidate has adequate name or taxonomic agreement.,,,,,,,,,False,False,False,False,True,False,LINKAGE_UNRESOLVED,False,False
39280,S2018PR153003,Z,271,A7,1,True,12,8,3,False,Indicator evidence only; no final hydric/nonhydric label assigned.,GUAN,PR787,1407028.0,PsF,"Pitahaya-Limestone outcrop-Seboruco complex, 40 to 60 percent slopes",La Covana,"Clayey-skeletal, carbonatic, isohyperthermic Calcic Lithic Petrocalcids",EXACT,Unique exact normalized NASIS taxon/component-name match within the intersected map unit.,27626924.0,La Covana,5.0,No ,Well drained,No,,no,True,False,True,True,True,False,MORPH_POSITIVE_SSURGO_NEGATIVE_CONFLICT,False,True
39281,S2018PR153004,Z,271,,0,False,12,3,9,False,Indicator evidence only; no final hydric/nonhydric label assigned.,GUAN,PR787,1716023.0,LcE,"La Covana-Limestone outcrop-Seboruco complex, 12 to 40 percent slopes",Seboruco,"Fine-loamy, mixed, superactive, isohyperthermic Typic Calciargids",EXACT,Unique exact normalized NASIS taxon/component-name match within the intersected map unit.,27626969.0,Seboruco,15.0,Yes,Well drained,No,,no,True,False,True,False,True,False,PARTIAL_NEGATIVE_SUPPORT,False,False
39282,S2018PR055006,Z,271,A7,1,True,12,5,6,False,Indicator evidence only; no final hydric/nonhydric label assigned.,GUAN,PR787,1407028.0,PsF,"Pitahaya-Limestone outcrop-Seboruco complex, 40 to 60 percent slopes",La Covana,"Clayey-skeletal, carbonatic, isohyperthermic Calcic Lithic Petrocalcids",EXACT,Unique exact normalized NASIS taxon/component-name match within the intersected map unit.,27626924.0,La Covana,5.0,No ,Well drained,No,,no,True,False,True,True,True,False,MORPH_POSITIVE_SSURGO_NEGATIVE_CONFLICT,False,True
39283,S2018PR059008,Z,271,,0,False,12,3,9,False,Indicator evidence only; no final hydric/nonhydric label assigned.,GUAN,PR688,326850.0,TuF,"Tuque stony clay loam, 12 to 60 percent slopes",Seboruco,"Fine-loamy, mixed, superactive, isohyperthermic Typic Calciargids",UNMATCHED,No candidate has adequate name or taxonomic agreement.,,,,,,,,,False,False,False,False,True,False,LINKAGE_UNRESOLVED,False,False
39284,S2018PR055009,Z,271,,0,False,12,1,11,False,Indicator evidence only; no final hydric/nonhydric label assigned.,GUAN,PR787,1716017.0,MoC,"Montalva clay, 5 to 12 percent slopes",Montalva,"Fine, mixed, superactive, isohyperthermic Typic Haplotorrerts",EXACT,Unique exact normalized NASIS taxon/component-name match within the intersected map unit.,27626961.0,Montalva,80.0,Yes,Well drained,No,,no,True,False,True,False,True,False,PARTIAL_NEGATIVE_SUPPORT,False,False
39285,S2018PR055010,Z,271,,0,False,12,3,9,False,Indicator evidence only; no final hydric/nonhydric label assigned.,GUAN,PR787,1716023.0,LcE,"La Covana-Limestone outcrop-Seboruco complex, 12 to 40 percent slopes",La Covana,"Clayey-skeletal, carbonatic, isohyperthermic Calcic Lithic Petrocalcids",EXACT,Unique exact normalized NASIS taxon/component-name match within the intersected map unit.,27626967.0,La Covana,60.0,Yes,Well drained,No,,no,True,False,True,False,True,False,PARTIAL_NEGATIVE_SUPPORT,False,False
39286,S2018PR055012,Z,271,A7,1,True,12,5,6,False,Indicator evidence only; no final hydric/nonhydric label assigned.,GUAN,PR787,1407028.0,PsF,"Pitahaya-Limestone outcrop-Seboruco complex, 40 to 60 percent slopes",La Covana,"Clayey-skeletal, carbonatic, isohyperthermic Calcic Lithic Petrocalcids",EXACT,Unique exact normalized NASIS taxon/component-name match within the intersected map unit.,27626924.0,La Covana,5.0,No ,Well drained,No,,no,True,False,True,True,True,False,MORPH_POSITIVE_SSURGO_NEGATIVE_CONFLICT,False,True
39287,S2018PR059013,Z,271,,0,False,12,0,12,True,Indicator evidence only; no final hydric/nonhydric label assigned.,GUAN,PR688,326850.0,TuF,"Tuque stony clay loam, 12 to 60 percent slopes",Pitahaya,"Clayey-skeletal, mixed, superactive, nonacid, isohyperthermic, shallow Typic Torriorthents",UNMATCHED,No candidate has adequate name or taxonomic agreement.,,,,,,,,,False,False,False,False,False,False,LINKAGE_UNRESOLVED,False,False
39288,S2018PR153014,Z,271,A7,1,True,12,5,6,False,Indicator evidence only; no final hydric/nonhydric label assigned.,GUAN,PR787,1407028.0,PsF,"Pitahaya-Limestone outcrop-Seboruco complex, 40 to 60 percent slopes",Pitahaya,"Clayey-skeletal, mixed, superactive, nonacid, isohyperthermic, shallow Typic Torriorthents",EXACT,Unique exact normalized NASIS taxon/component-name match within the intersected map unit.,27626922.0,Pitahaya,60.0,Yes,Well drained,No,,no,True,False,True,True,True,False,MORPH_POSITIVE_SSURGO_NEGATIVE_CONFLICT,False,True
39289,S2018PR153015,Z,271,A7,1,True,12,5,6,False,Indicator evidence only; no final hydric/nonhydric label assigned.,GUAN,PR787,1716023.0,LcE,"La Covana-Limestone outcrop-Seboruco complex, 12 to 40 percent slopes",Altamira,"Coarse-loamy, carbonatic, isohyperthermic Typic Haplocalcids",AMBIGUOUS,Multiple plausible candidates remain without a decisive name/taxonomy margin.,,,,,,,,,False,False,False,True,True,False,MORPH_POSITIVE_SSURGO_UNRESOLVED,False,False
39290,S2018PR055016,Z,271,,0,False,12,3,9,False,Indicator evidence only; no final hydric/nonhydric label assigned.,GUAN,PR787,1716023.0,LcE,"La Covana-Limestone outcrop-Seboruco complex, 12 to 40 percent slopes",La Covana,"Clayey-skeletal, carbonatic, isohyperthermic Calcic Lithic Petrocalcids",EXACT,Unique exact normalized NASIS taxon/component-name match within the intersected map unit.,27626967.0,La Covana,60.0,Yes,Well drained,No,,no,True,False,True,False,True,False,PARTIAL_NEGATIVE_SUPPORT,False,False
39291,S2018PR059017,Z,271,A7,1,True,12,5,6,False,Indicator evidence only; no final hydric/nonhydric label assigned.,GUAN,PR688,326850.0,TuF,"Tuque stony clay loam, 12 to 60 percent slopes",Pitahaya,"Clayey-skeletal, mixed, superactive, nonacid, isohyperthermic, shallow Typic Torriorthents",UNMATCHED,No candidate has adequate name or taxonomic agreement.,,,,,,,,,False,False,False,True,True,False,MORPH_POSITIVE_SSURGO_UNRESOLVED,False,False
39292,S2018PR055020,Z,271,,0,False,12,3,9,False,Indicator evidence only; no final hydric/nonhydric label assigned.,GUAN,PR787,1407028.0,PsF,"Pitahaya-Limestone outcrop-Seboruco complex, 40 to 60 percent slopes",Seboruco,"Fine-loamy, mixed, superactive, isohyperthermic Typic Calciargids",EXACT,Unique exact normalized NASIS taxon/component-name match within the intersected map unit.,27626923.0,Seboruco,15.0,Yes,Well drained,No,,no,True,False,True,False,True,False,PARTIAL_NEGATIVE_SUPPORT,False,False
39293,S2018PR059022,Z,271,,0,False,12,3,9,False,Indicator evidence only; no final hydric/nonhydric label assigned.,GUAN,PR688,326850.0,TuF,"Tuque stony clay loam, 12 to 60 percent slopes",La Covana,"Clayey-skeletal, carbonatic, isohyperthermic Calcic Lithic Petrocalcids",UNMATCHED,No candidate has adequate name or taxonomic agreement.,,,,,,,,,False,False,False,False,True,False,LINKAGE_UNRESOLVED,False,False
39294,S2018PR055023,Z,271,,0,False,12,3,9,False,Indicator evidence only; no final hydric/nonhydric label assigned.,GUAN,PR787,1716023.0,LcE,"La Covana-Limestone outcrop-Seboruco complex, 12 to 40 percent slopes",Seboruco,"Fine-loamy, mixed, superactive, isohyperthermic Typic Calciargids",EXACT,Unique exact normalized NASIS taxon/component-name match within the intersected map unit.,27626969.0,Seboruco,15.0,Yes,Well drained,No,,no,True,False,True,False,True,False,PARTIAL_NEGATIVE_SUPPORT,False,False
39295,S2018PR055024,Z,271,,0,False,12,3,9,False,Indicator evidence only; no final hydric/nonhydric label assigned.,GUAN,PR787,1407028.0,PsF,"Pitahaya-Limestone outcrop-Seboruco complex, 40 to 60 percent slopes",Seboruco,"Fine-loamy, mixed, superactive, isohyperthermic Typic Calciargids",EXACT,Unique exact normalized NASIS taxon/component-name match within the intersected map unit.,27626923.0,Seboruco,15.0,Yes,Well drained,No,,no,True,False,True,False,True,False,PARTIAL_NEGATIVE_SUPPORT,False,False
39304,S2018WA059002,A,3,,0,False,10,1,9,False,Indicator evidence only; no final hydric/nonhydric label assigned.,WREF,WA760,2511987.0,NOTCOM,No Digital Data Available,Stabler,"Medial, amorphic, mesic Vitric Hapludands",UNMATCHED,No candidate has adequate name or taxonomic agreement.,,,,,,,,,False,False,False,False,True,False,LINKAGE_UNRESOLVED,False,False
39305,S2018WA059011,A,3,,0,False,10,1,9,False,Indicator evidence only; no final hydric/nonhydric label assigned.,WREF,WA760,2511987.0,NOTCOM,No Digital Data Available,Stabler,"Medial, amorphic, frigid Vitric Hapludands",UNMATCHED,No candidate has adequate name or taxonomic agreement.,,,,,,,,,False,False,False,False,True,False,LINKAGE_UNRESOLVED,False,False
39306,S2018WA059012,A,3,,0,False,10,1,9,False,Indicator evidence only; no final hydric/nonhydric label assigned.,WREF,WA760,2511987.0,NOTCOM,No Digital Data Available,Vitrandic Humudepts,"Loamy-skeletal, mixed, superactive, mesic Vitrandic Humudepts",UNMATCHED,No candidate has adequate name or taxonomic agreement.,,,,,,,,,False,False,False,False,True,False,LINKAGE_UNRESOLVED,False,False
39307,S2018WA059013,A,3,,0,False,10,1,9,False,Indicator evidence only; no final hydric/nonhydric label assigned.,WREF,WA760,2511987.0,NOTCOM,No Digital Data Available,Stabler,"Medial, amorphic, frigid Vitric Hapludands",UNMATCHED,No candidate has adequate name or taxonomic agreement.,,,,,,,,,False,False,False,False,True,False,LINKAGE_UNRESOLVED,False,False
39308,S2018WA059016,A,3,,0,False,10,1,9,False,Indicator evidence only; no final hydric/nonhydric label assigned.,WREF,WA760,2511987.0,NOTCOM,No Digital Data Available,Stabler,"Medial, amorphic, mesic Vitric Hapludands",UNMATCHED,No candidate has adequate name or taxonomic agreement.,,,,,,,,,False,False,False,False,True,False,LINKAGE_UNRESOLVED,False,False
39309,S2018WA059019,A,3,,0,False,10,1,9,False,Indicator evidence only; no final hydric/nonhydric label assigned.,WREF,WA760,2511987.0,NOTCOM,No Digital Data Available,Stabler,"Medial, amorphic, mesic Vitric Hapludands",UNMATCHED,No candidate has adequate name or taxonomic agreement.,,,,,,,,,False,False,False,False,True,False,LINKAGE_UNRESOLVED,False,False
39310,S2018WA059024,A,3,,0,False,10,1,9,False,Indicator evidence only; no final hydric/nonhydric label assigned.,WREF,WA760,2511987.0,NOTCOM,No Digital Data Available,Stabler,"Medial, amorphic, frigid Vitric Hapludands",UNMATCHED,No candidate has adequate name or taxonomic agreement.,,,,,,,,,False,False,False,False,True,False,LINKAGE_UNRESOLVED,False,False
39311,S2018WA059026,A,3,,0,False,10,1,9,False,Indicator evidence only; no final hydric/nonhydric label assigned.,WREF,WA760,2511987.0,NOTCOM,No Digital Data Available,Vitric Hapludands,"Medial-skeletal, amorphic, frigid Vitric Hapludands",UNMATCHED,No candidate has adequate name or taxonomic agreement.,,,,,,,,,False,False,False,False,True,False,LINKAGE_UNRESOLVED,False,False
39312,S2018WA059027,A,3,,0,False,10,1,9,False,Indicator evidence only; no final hydric/nonhydric label assigned.,WREF,WA760,2511987.0,NOTCOM,No Digital Data Available,Stabler,"Medial, amorphic, mesic Vitric Hapludands",UNMATCHED,No candidate has adequate name or taxonomic agreement.,,,,,,,,,False,False,False,False,True,False,LINKAGE_UNRESOLVED,False,False
39313,S2018WA059070,A,3,,0,False,10,1,9,False,Indicator evidence only; no final hydric/nonhydric label assigned.,WREF,WA659,1385487.0,120,"Stabler loam, 0 to 8 percent slopes",Stabler,"Medial, amorphic, mesic Vitric Hapludands",EXACT,Unique exact normalized NASIS taxon/component-name match within the intersected map unit.,26588010.0,Stabler,100.0,Yes,Well drained,No,,no,True,False,True,False,True,False,PARTIAL_NEGATIVE_SUPPORT,False,False
39374,S2018CO013001,E,48A,,0,False,10,1,9,False,Indicator evidence only; no final hydric/nonhydric label assigned.,NIWO,CO645,762993.0,7701C,"Leighcan family, 40 to 75 percent slopes, south aspects",snd,"Loamy-skeletal, mixed, superactive Typic Haplocryalfs",UNMATCHED,No candidate has adequate name or taxonomic agreement.,,,,,,,,,False,False,False,False,True,False,LINKAGE_UNRESOLVED,False,False
39375,S2018CO013003,E,48A,,0,False,10,1,9,False,Indicator evidence only; no final hydric/nonhydric label assigned.,NIWO,CO645,763013.0,8776B,"Moran family-Lithic Cryorthents-Rubble land complex, 5 to 40 percent slopes",snd,"Loamy-skeletal, mixed, superactive Typic Humicryepts",AMBIGUOUS,Multiple plausible candidates remain without a decisive name/taxonomy margin.,,,,,,,,,False,False,False,False,True,False,LINKAGE_UNRESOLVED,False,False
39376,S2018CO013005,E,48A,,0,False,10,1,9,False,Indicator evidence only; no final hydric/nonhydric label assigned.,NIWO,CO645,762986.0,7201B,"Leighcan family, till substratum, 5 to 40 percent slopes",snd,"Loamy-skeletal, mixed, superactive Typic Dystrocryepts",MEDIUM,No name match; unique candidate supported by at least three taxonomic ranks.,26663599.0,Leighcan family,85.0,Yes,Somewhat excessively drained,No,,no,False,False,False,False,True,False,LINKAGE_UNRESOLVED,False,False
39378,S2018CO013007,E,48A,,0,False,10,1,9,False,Indicator evidence only; no final hydric/nonhydric label assigned.,NIWO,CO645,766495.0,7202B,"Leighcan family, till substratum-Cryaquolls complex, 5 to 40 percent slopes",snd,"Loamy-skeletal, mixed, superactive Typic Haplocryalfs",UNMATCHED,No candidate has adequate name or taxonomic agreement.,,,,,,,,,False,False,False,False,True,False,LINKAGE_UNRESOLVED,False,False
39379,S2018CO013008,E,48A,,0,False,10,1,9,False,Indicator evidence only; no final hydric/nonhydric label assigned.,NIWO,CO645,763013.0,8776B,"Moran family-Lithic Cryorthents-Rubble land complex, 5 to 40 percent slopes",snd,"Loamy-skeletal over fragmental, mixed, superactive Typic Humicryepts",AMBIGUOUS,Multiple plausible candidates remain without a decisive name/taxonomy margin.,,,,,,,,,False,False,False,False,True,False,LINKAGE_UNRESOLVED,False,False
39380,S2018CO013011,E,48A,,0,False,10,1,9,False,Indicator evidence only; no final hydric/nonhydric label assigned.,NIWO,CO645,766495.0,7202B,"Leighcan family, till substratum-Cryaquolls complex, 5 to 40 percent slopes",Leighcan,"Loamy-skeletal, mixed, superactive Typic Dystrocryepts",MEDIUM,No name match; unique candidate supported by at least three taxonomic ranks.,26663606.0,Leighcan family,60.0,Yes,Somewhat excessively drained,No,,no,False,False,False,False,True,False,LINKAGE_UNRESOLVED,False,False
39381,S2018CO013014,E,48A,,0,False,10,1,9,False,Indicator evidence only; no final hydric/nonhydric label assigned.,NIWO,CO645,763012.0,8772C,"Moran family-Lithic Cryorthents-Leighcan family complex, 40 to 75 percent slopes",snd,"Loamy-skeletal, mixed, superactive Umbric Haplocryalfs",UNMATCHED,No candidate has adequate name or taxonomic agreement.,,,,,,,,,False,False,False,False,True,False,LINKAGE_UNRESOLVED,False,False
39382,S2018CO013015,E,48A,,0,False,10,1,9,False,Indicator evidence only; no final hydric/nonhydric label assigned.,NIWO,CO645,762986.0,7201B,"Leighcan family, till substratum, 5 to 40 percent slopes",snd,"Fine-loamy, mixed, superactive Aquic Humicryepts",UNMATCHED,No candidate has adequate name or taxonomic agreement.,,,,,,,,,False,False,False,False,True,False,LINKAGE_UNRESOLVED,False,False
39383,S2018CO013016,E,48A,,0,False,10,1,9,False,Indicator evidence only; no final hydric/nonhydric label assigned.,NIWO,CO645,763003.0,7757D,"Leighcan-Catamount, moist families-Rock outcrop complex, 40 to 150 percent slopes",snd,"Loamy-skeletal, mixed, superactive Typic Haplocryalfs",UNMATCHED,No candidate has adequate name or taxonomic agreement.,,,,,,,,,False,False,False,False,True,False,LINKAGE_UNRESOLVED,False,False
39384,S2018CO013018,E,48A,,0,False,10,1,9,False,Indicator evidence only; no final hydric/nonhydric label assigned.,NIWO,CO645,763013.0,8776B,"Moran family-Lithic Cryorthents-Rubble land complex, 5 to 40 percent slopes",snd,"Coarse-loamy, mixed, superactive Typic Humicryepts",UNMATCHED,No candidate has adequate name or taxonomic agreement.,,,,,,,,,False,False,False,False,True,False,LINKAGE_UNRESOLVED,False,False
39385,S2018CO013022,E,48A,,0,False,10,1,9,False,Indicator evidence only; no final hydric/nonhydric label assigned.,NIWO,CO645,762993.0,7701C,"Leighcan family, 40 to 75 percent slopes, south aspects",Leighcan,"Loamy-skeletal, mixed, superactive Typic Dystrocryepts",MEDIUM,No name match; unique candidate supported by at least three taxonomic ranks.,26663635.0,Leighcan family,85.0,Yes,Somewhat excessively drained,No,,no,False,False,False,False,True,False,LINKAGE_UNRESOLVED,False,False
39386,S2018CO013026,E,48A,,0,False,10,1,9,False,Indicator evidence only; no final hydric/nonhydric label assigned.,NIWO,CO645,763012.0,8772C,"Moran family-Lithic Cryorthents-Leighcan family complex, 40 to 75 percent slopes",snd,"Coarse-loamy, mixed, superactive Typic Humicryepts",UNMATCHED,No candidate has adequate name or taxonomic agreement.,,,,,,,,,False,False,False,False,True,False,LINKAGE_UNRESOLVED,False,False
39387,S2018CO013029,E,48A,,0,False,10,1,9,False,Indicator evidence only; no final hydric/nonhydric label assigned.,NIWO,CO645,763013.0,8776B,"Moran family-Lithic Cryorthents-Rubble land complex, 5 to 40 percent slopes",Leighcan,"Loamy-skeletal, mixed, superactive Typic Dystrocryepts",AMBIGUOUS,Multiple plausible candidates remain without a decisive name/taxonomy margin.,,,,,,,,,False,False,False,False,True,False,LINKAGE_UNRESOLVED,False,False
39388,S2018WY029001,E,43B,,0,False,10,1,9,False,Indicator evidence only; no final hydric/nonhydric label assigned.,YELL,WY665,3056544.0,2996,"Shook-Badwater-Passcreek families, complex",snd,"Fine-loamy, mixed, superactive Pachic Haplocryolls",AMBIGUOUS,Multiple plausible candidates remain without a decisive name/taxonomy margin.,,,,,,,,,False,False,False,False,True,False,LINKAGE_UNRESOLVED,False,False
39389,S2018WY029004,E,43B,,0,False,10,1,9,False,Indicator evidence only; no final hydric/nonhydric label assigned.,YELL,WY665,3056544.0,2996,"Shook-Badwater-Passcreek families, complex",snd,"Loamy-skeletal, mixed, superactive Pachic Argicryolls",MEDIUM,No name match; unique candidate supported by at least three taxonomic ranks.,27252200.0,Badwater,30.0,Yes,Well drained,No,,no,False,False,False,False,True,False,LINKAGE_UNRESOLVED,False,False
39390,S2018WY029005,E,43B,,0,False,10,1,9,False,Indicator evidence only; no final hydric/nonhydric label assigned.,YELL,WY665,3056522.0,2213,"Hobacker-Greyback-Shadow families, complex",snd,"Fine-loamy, mixed, superactive Ustic Argicryolls",AMBIGUOUS,Multiple plausible candidates remain without a decisive name/taxonomy margin.,,,,,,,,,False,False,False,False,True,False,LINKAGE_UNRESOLVED,False,False
39391,S2018WY029007,E,43B,,0,False,10,1,9,False,Indicator evidence only; no final hydric/nonhydric label assigned.,YELL,WY665,3056531.0,2546,"Arrowpeak-Hobacker families-Rock outcrop, complex",snd,"Fine-loamy, mixed, superactive Pachic Argicryolls",UNMATCHED,No candidate has adequate name or taxonomic agreement.,,,,,,,,,False,False,False,False,True,False,LINKAGE_UNRESOLVED,False,False
39392,S2018WY029012,E,43B,,0,False,10,1,9,False,Indicator evidence only; no final hydric/nonhydric label assigned.,YELL,WY665,3056530.0,2543,"Midfork-Arrowpeak, dry families-Rock outcrop, complex",snd,"Loamy-skeletal, mixed, superactive Pachic Haplocryolls",AMBIGUOUS,Multiple plausible candidates remain without a decisive name/taxonomy margin.,,,,,,,,,False,False,False,False,True,False,LINKAGE_UNRESOLVED,False,False
39394,S2018WY029019,E,43B,,0,False,10,1,9,False,Indicator evidence only; no final hydric/nonhydric label assigned.,YELL,WY665,3056543.0,2924,"Hobacker-Libeg-Greyback families, complex",snd,"Fine-loamy, mixed, superactive Ustic Haplocryolls",AMBIGUOUS,Multiple plausible candidates remain without a decisive name/taxonomy margin.,,,,,,,,,False,False,False,False,True,False,LINKAGE_UNRESOLVED,False,False
39395,S2018WY029021,E,43B,,0,False,10,1,9,False,Indicator evidence only; no final hydric/nonhydric label assigned.,YELL,WY665,3056498.0,1324,"Como-Como, moderately deep-McCort families, complex",snd,"Loamy-skeletal over fragmental, mixed, superactive Ustic Haplocryepts",AMBIGUOUS,Multiple plausible candidates remain without a decisive name/taxonomy margin.,,,,,,,,,False,False,False,False,True,False,LINKAGE_UNRESOLVED,False,False
39396,S2018WY029022,E,43B,,0,False,10,1,9,False,Indicator evidence only; no final hydric/nonhydric label assigned.,YELL,WY665,3056490.0,522,"Rock outcrop-Hobacker family-Rubble land, complex",snd,"Loamy-skeletal, mixed, superactive Lithic Haplocryepts",AMBIGUOUS,Multiple plausible candidates remain without a decisive name/taxonomy margin.,,,,,,,,,False,False,False,False,True,False,LINKAGE_UNRESOLVED,False,False
39397,S2018WY029024,E,43B,,0,False,10,3,7,False,Indicator evidence only; no final hydric/nonhydric label assigned.,YELL,WY665,3056543.0,2924,"Hobacker-Libeg-Greyback families, complex",snd,"Fine-loamy, mixed, superactive, frigid Calcic Haplustepts",UNMATCHED,No candidate has adequate name or taxonomic agreement.,,,,,,,,,False,False,False,False,True,False,LINKAGE_UNRESOLVED,False,False
39398,S2018WY029025,E,43B,,0,False,10,1,9,False,Indicator evidence only; no final hydric/nonhydric label assigned.,YELL,WY665,3056519.0,2246,"Arrowpeak-Lionhead-Midfork families, complex",snd,"Fine-loamy, mixed, superactive Ustic Argicryolls",AMBIGUOUS,Multiple plausible candidates remain without a decisive name/taxonomy margin.,,,,,,,,,False,False,False,False,True,False,LINKAGE_UNRESOLVED,False,False
39399,S2018WY029029,E,43B,,0,False,10,1,9,False,Indicator evidence only; no final hydric/nonhydric label assigned.,YELL,WY665,3056522.0,2213,"Hobacker-Greyback-Shadow families, complex",Shadow,"Loamy-skeletal, mixed, superactive Ustic Haplocryepts",EXACT,Unique exact normalized NASIS taxon/component-name match within the intersected map unit.,27252122.0,Shadow,15.0,Yes,Well drained,No,,no,True,False,True,False,True,False,PARTIAL_NEGATIVE_SUPPORT,False,False
39413,S2018WA059009,E,44B,,0,False,10,1,9,False,Indicator evidence only; no final hydric/nonhydric label assigned.,WREF,MT636,146488.0,62,"Kalsted sandy loam, 2 to 8 percent slopes",Vitric Hapludands,"Medial-skeletal, amorphic, frigid Vitric Hapludands",UNMATCHED,No candidate has adequate name or taxonomic agreement.,,,,,,,,,False,False,False,False,True,False,LINKAGE_UNRESOLVED,False,False
39463,S2018AK185102,Y,245,,0,False,3,1,2,False,Indicator evidence only; no final hydric/nonhydric label assigned.,TOOL,AK739,3375522.0,E45H2,Arctic Foothills-Arctic Upland-Glaciated Hills and Plains,TS_ Historthel,"Coarse-silty, mixed, superactive Typic Historthels",UNMATCHED,No candidate has adequate name or taxonomic agreement.,,,,,,,,,False,False,False,False,True,False,LINKAGE_UNRESOLVED,False,False
39464,S2018AK185103,Y,245,,0,False,3,1,2,False,Indicator evidence only; no final hydric/nonhydric label assigned.,TOOL,AK739,3375522.0,E45H2,Arctic Foothills-Arctic Upland-Glaciated Hills and Plains,SS_ Hemistel,Typic Hemistels,AMBIGUOUS,Multiple plausible candidates remain without a decisive name/taxonomy margin.,,,,,,,,,False,False,False,False,True,False,LINKAGE_UNRESOLVED,False,False
39465,S2018AK185108,Y,245,,0,False,3,1,2,False,Indicator evidence only; no final hydric/nonhydric label assigned.,TOOL,AK739,3375522.0,E45H2,Arctic Foothills-Arctic Upland-Glaciated Hills and Plains,TD_Aquorthel,"Loamy-skeletal, mixed, superactive, acid Typic Aquorthels",MEDIUM,No name match; unique candidate supported by at least three taxonomic ranks.,26846720.0,E45-Arctic scrub-sedge-gravelly frozen till slopes,18.0,Yes,Poorly drained,Yes,2,yes,False,False,False,False,True,False,LINKAGE_UNRESOLVED,False,False
39466,S2018AK185109,Y,245,,0,False,3,1,2,False,Indicator evidence only; no final hydric/nonhydric label assigned.,TOOL,AK739,3375522.0,E45H2,Arctic Foothills-Arctic Upland-Glaciated Hills and Plains,TS_Historthel,"Coarse-loamy, mixed, superactive, acid Typic Historthels",UNMATCHED,No candidate has adequate name or taxonomic agreement.,,,,,,,,,False,False,False,False,True,False,LINKAGE_UNRESOLVED,False,False
39467,S2018AK185111,Y,245,,0,False,3,1,2,False,Indicator evidence only; no final hydric/nonhydric label assigned.,TOOL,AK739,3375522.0,E45H2,Arctic Foothills-Arctic Upland-Glaciated Hills and Plains,OW_Sapristel,Dysic Typic Cryosaprists,UNMATCHED,No candidate has adequate name or taxonomic agreement.,,,,,,,,,False,False,False,False,True,False,LINKAGE_UNRESOLVED,False,False
39468,S2018AK185113,Y,245,,0,False,3,1,2,False,Indicator evidence only; no final hydric/nonhydric label assigned.,TOOL,AK739,3375522.0,E45H2,Arctic Foothills-Arctic Upland-Glaciated Hills and Plains,TS_Gelaquept,"Loamy-skeletal, mixed, superactive, nonacid Histic Gelaquepts",AMBIGUOUS,Multiple plausible candidates remain without a decisive name/taxonomy margin.,,,,,,,,,False,False,False,False,True,False,LINKAGE_UNRESOLVED,False,False
39469,S2018AK185117,Y,245,,0,False,3,1,2,False,Indicator evidence only; no final hydric/nonhydric label assigned.,TOOL,AK739,3375522.0,E45H2,Arctic Foothills-Arctic Upland-Glaciated Hills and Plains,SS_Gelaquepts,"Loamy-skeletal, mixed, superactive, acid Typic Gelaquepts",AMBIGUOUS,Multiple plausible candidates remain without a decisive name/taxonomy margin.,,,,,,,,,False,False,False,False,True,False,LINKAGE_UNRESOLVED,False,False
39470,S2018AK185118,Y,245,,0,False,3,1,2,False,Indicator evidence only; no final hydric/nonhydric label assigned.,TOOL,AK739,3375522.0,E45H2,Arctic Foothills-Arctic Upland-Glaciated Hills and Plains,TD_ Gelaquent,"Loamy-skeletal, mixed, superactive, nonacid Typic Gelaquents",UNMATCHED,No candidate has adequate name or taxonomic agreement.,,,,,,,,,False,False,False,False,True,False,LINKAGE_UNRESOLVED,False,False
39471,S2018AK185119,Y,245,,0,False,3,1,2,False,Indicator evidence only; no final hydric/nonhydric label assigned.,TOOL,AK739,3375522.0,E45H2,Arctic Foothills-Arctic Upland-Glaciated Hills and Plains,TS_ Historthel,"Coarse-silty, mixed, superactive, acid Typic Historthels",UNMATCHED,No candidate has adequate name or taxonomic agreement.,,,,,,,,,False,False,False,False,True,False,LINKAGE_UNRESOLVED,False,False
39472,S2018AK185120,Y,245,,0,False,3,1,2,False,Indicator evidence only; no final hydric/nonhydric label assigned.,TOOL,AK739,3375522.0,E45H2,Arctic Foothills-Arctic Upland-Glaciated Hills and Plains,TP_ Gelaquept,"Loamy-skeletal, mixed, superactive, acid Typic Cryaquepts",UNMATCHED,No candidate has adequate name or taxonomic agreement.,,,,,,,,,False,False,False,False,True,False,LINKAGE_UNRESOLVED,False,False
39473,S2018AK185122,Y,245,,0,False,3,1,2,False,Indicator evidence only; no final hydric/nonhydric label assigned.,TOOL,AK739,3375522.0,E45H2,Arctic Foothills-Arctic Upland-Glaciated Hills and Plains,TS_Aquorthel,"Coarse-gypseous, mixed, superactive, acid Typic Aquorthels",AMBIGUOUS,Multiple plausible candidates remain without a decisive name/taxonomy margin.,,,,,,,,,False,False,False,False,True,False,LINKAGE_UNRESOLVED,False,False
39474,S2018AK185123,Y,245,,0,False,3,1,2,False,Indicator evidence only; no final hydric/nonhydric label assigned.,TOOL,AK739,3375522.0,E45H2,Arctic Foothills-Arctic Upland-Glaciated Hills and Plains,TC_ Haplogelept,"Loamy-skeletal, superactive Typic Haplogelepts",MEDIUM,No name match; unique candidate supported by at least three taxonomic ranks.,26846716.0,E45-Arctic dwarf scrub-gravelly till slopes,12.0,Yes,Well drained,No,,no,False,False,False,False,True,False,LINKAGE_UNRESOLVED,False,False
39475,S2018AK185128,Y,245,,0,False,3,1,2,False,Indicator evidence only; no final hydric/nonhydric label assigned.,TOOL,AK739,3375522.0,E45H2,Arctic Foothills-Arctic Upland-Glaciated Hills and Plains,TD_Historthel,"Loamy-skeletal, superactive, acid Typic Historthels",AMBIGUOUS,Multiple plausible candidates remain without a decisive name/taxonomy margin.,,,,,,,,,False,False,False,False,True,False,LINKAGE_UNRESOLVED,False,False
39476,S2018AK185131,Y,245,,0,False,3,1,2,False,Indicator evidence only; no final hydric/nonhydric label assigned.,TOOL,AK739,3375522.0,E45H2,Arctic Foothills-Arctic Upland-Glaciated Hills and Plains,SS_Aquiturbels,"Coarse-silty, mixed, superactive, acid Glacic Aquiturbels",AMBIGUOUS,Multiple plausible candidates remain without a decisive name/taxonomy margin.,,,,,,,,,False,False,False,False,True,False,LINKAGE_UNRESOLVED,False,False
39477,S2018AK185132,Y,245,,0,False,3,1,2,False,Indicator evidence only; no final hydric/nonhydric label assigned.,TOOL,AK739,3375522.0,E45H2,Arctic Foothills-Arctic Upland-Glaciated Hills and Plains,TD_Gelaquepts,"Loamy-skeletal, mixed, superactive, acid Typic Gelaquepts",AMBIGUOUS,Multiple plausible candidates remain without a decisive name/taxonomy margin.,,,,,,,,,False,False,False,False,True,False,LINKAGE_UNRESOLVED,False,False
39478,S2018AK185135,Y,245,,0,False,3,1,2,False,Indicator evidence only; no final hydric/nonhydric label assigned.,TOOL,AK739,3375522.0,E45H2,Arctic Foothills-Arctic Upland-Glaciated Hills and Plains,SS_Aquiturbels,"Fine-silty, mixed, superactive, acid Typic Aquiturbels",AMBIGUOUS,Multiple plausible candidates remain without a decisive name/taxonomy margin.,,,,,,,,,False,False,False,False,True,False,LINKAGE_UNRESOLVED,False,False
39479,S2018AK185136,Y,245,,0,False,3,1,2,False,Indicator evidence only; no final hydric/nonhydric label assigned.,TOOL,AK739,3375522.0,E45H2,Arctic Foothills-Arctic Upland-Glaciated Hills and Plains,TD_Aquorthels,"Loamy-skeletal, mixed, superactive, acid Typic Aquorthels",MEDIUM,No name match; unique candidate supported by at least three taxonomic ranks.,26846720.0,E45-Arctic scrub-sedge-gravelly frozen till slopes,18.0,Yes,Poorly drained,Yes,2,yes,False,False,False,False,True,False,LINKAGE_UNRESOLVED,False,False
39480,S2018AK185171,Y,245,,0,False,3,1,2,False,Indicator evidence only; no final hydric/nonhydric label assigned.,TOOL,AK739,3375522.0,E45H2,Arctic Foothills-Arctic Upland-Glaciated Hills and Plains,SS_Aquorthel,"Coarse-silty, mixed, superactive, acid Typic Aquorthels",AMBIGUOUS,Multiple plausible candidates remain without a decisive name/taxonomy margin.,,,,,,,,,False,False,False,False,True,False,LINKAGE_UNRESOLVED,False,False
39481,S2018AK185172,Y,245,,0,False,3,1,2,False,Indicator evidence only; no final hydric/nonhydric label assigned.,TOOL,AK739,3375522.0,E45H2,Arctic Foothills-Arctic Upland-Glaciated Hills and Plains,TS_Histoturbels,"Superactive, acid Typic Histoturbels",AMBIGUOUS,Multiple plausible candidates remain without a decisive name/taxonomy margin.,,,,,,,,,False,False,False,False,True,False,LINKAGE_UNRESOLVED,False,False
39489,S2018AK090001,X1,231,,0,False,0,0,0,False,Indicator evidence only; no final hydric/nonhydric label assigned.,BONA,AK642,51748.0,112,"Gilmore silt loam, 12 to 45 percent slopes",steese,"Loamy-skeletal, mixed, superactive Typic Haplocryepts",AMBIGUOUS,Multiple plausible candidates remain without a decisive name/taxonomy margin.,,,,,,,,,False,False,False,False,False,False,LINKAGE_UNRESOLVED,False,False
39490,S2018AK090002,X1,231,,0,False,0,0,0,False,Indicator evidence only; no final hydric/nonhydric label assigned.,BONA,AK642,51748.0,112,"Gilmore silt loam, 12 to 45 percent slopes",Steese,"Coarse-loamy, mixed, superactive Typic Haplocryepts",AMBIGUOUS,Multiple plausible candidates remain without a decisive name/taxonomy margin.,,,,,,,,,False,False,False,False,False,False,LINKAGE_UNRESOLVED,False,False
39491,S2018AK090003,X1,231,,0,False,0,0,0,False,Indicator evidence only; no final hydric/nonhydric label assigned.,BONA,AK642,51755.0,119,"Histic Pergelic Cryaquepts, 15 to 45 percent slopes",Histic Pergelic Cryaquept,"Coarse-loamy, mixed, superactive Typic Haplocryepts",AMBIGUOUS,Multiple plausible candidates remain without a decisive name/taxonomy margin.,,,,,,,,,False,False,False,False,False,False,LINKAGE_UNRESOLVED,False,False
39492,S2018AK090007,X1,231,,0,False,0,0,0,False,Indicator evidence only; no final hydric/nonhydric label assigned.,BONA,AK642,51748.0,112,"Gilmore silt loam, 12 to 45 percent slopes",Steese,"Loamy-skeletal, mixed, superactive Typic Haplocryepts",AMBIGUOUS,Multiple plausible candidates remain without a decisive name/taxonomy margin.,,,,,,,,,False,False,False,False,False,False,LINKAGE_UNRESOLVED,False,False
39493,S2018AK090008,X1,231,,0,False,0,0,0,False,Indicator evidence only; no final hydric/nonhydric label assigned.,BONA,AK642,51748.0,112,"Gilmore silt loam, 12 to 45 percent slopes",Steese,"Coarse-loamy, mixed, superactive Typic Haplocryepts",AMBIGUOUS,Multiple plausible candidates remain without a decisive name/taxonomy margin.,,,,,,,,,False,False,False,False,False,False,LINKAGE_UNRESOLVED,False,False
39494,S2018AK090010,X1,231,,0,False,0,0,0,False,Indicator evidence only; no final hydric/nonhydric label assigned.,BONA,AK642,51754.0,118,"Histic Pergelic Cryaquepts, fans, 1 to 20 percent slopes",HisticPergelic Cryaquept,"Coarse-loamy, mixed, superactive, acid Typic Aquiturbels",UNMATCHED,No candidate has adequate name or taxonomic agreement.,,,,,,,,,False,False,False,False,False,False,LINKAGE_UNRESOLVED,False,False
39495,S2018AK090013,X1,231,,0,False,0,0,0,False,Indicator evidence only; no final hydric/nonhydric label assigned.,BONA,AK642,51748.0,112,"Gilmore silt loam, 12 to 45 percent slopes",Steese,"Loamy-skeletal, mixed, superactive Typic Haplocryepts",AMBIGUOUS,Multiple plausible candidates remain without a decisive name/taxonomy margin.,,,,,,,,,False,False,False,False,False,False,LINKAGE_UNRESOLVED,False,False
39496,S2018AK090015,X1,231,,0,False,0,0,0,False,Indicator evidence only; no final hydric/nonhydric label assigned.,BONA,AK642,51748.0,112,"Gilmore silt loam, 12 to 45 percent slopes",Steese,"Loamy-skeletal, mixed, superactive Typic Haplocryepts",AMBIGUOUS,Multiple plausible candidates remain without a decisive name/taxonomy margin.,,,,,,,,,False,False,False,False,False,False,LINKAGE_UNRESOLVED,False,False
39497,S2018AK090016,X1,231,,0,False,0,0,0,False,Indicator evidence only; no final hydric/nonhydric label assigned.,BONA,AK642,51755.0,119,"Histic Pergelic Cryaquepts, 15 to 45 percent slopes",HisticPergelic Cryaquept,"Loamy-skeletal, mixed, superactive Aquic Haplocryepts",AMBIGUOUS,Multiple plausible candidates remain without a decisive name/taxonomy margin.,,,,,,,,,False,False,False,False,False,False,LINKAGE_UNRESOLVED,False,False
39498,S2018AK090018,X1,231,,0,False,0,0,0,False,Indicator evidence only; no final hydric/nonhydric label assigned.,BONA,AK642,51755.0,119,"Histic Pergelic Cryaquepts, 15 to 45 percent slopes",HisticPergelic Cryaquept,"Loamy-skeletal, mixed, superactive Typic Haplocryepts",AMBIGUOUS,Multiple plausible candidates remain without a decisive name/taxonomy margin.,,,,,,,,,False,False,False,False,False,False,LINKAGE_UNRESOLVED,False,False
39499,S2018AK090019,X1,231,,0,False,0,0,0,False,Indicator evidence only; no final hydric/nonhydric label assigned.,BONA,AK642,51774.0,138,"Typic Cryochrepts-Rock outcrop complex, 6 to 35 percent slopes",typic cryochrept,"Coarse-loamy, mixed, superactive Typic Haplocryepts",AMBIGUOUS,Multiple plausible candidates remain without a decisive name/taxonomy margin.,,,,,,,,,False,False,False,False,False,False,LINKAGE_UNRESOLVED,False,False
39500,S2018AK090021,X1,231,,0,False,0,0,0,False,Indicator evidence only; no final hydric/nonhydric label assigned.,BONA,AK642,51772.0,136,"Steese-Gilmore complex, 10 to 45 percent slopes",Steese,"Loamy-skeletal, mixed, superactive Typic Haplocryepts",EXACT,Unique exact normalized NASIS taxon/component-name match within the intersected map unit.,26724683.0,Steese,50.0,Yes,Well drained,No,,no,True,False,True,False,False,False,SSURGO_NEGATIVE_MORPH_INSUFFICIENT,False,False
39501,S2018AK090022,X1,231,,0,False,0,0,0,False,Indicator evidence only; no final hydric/nonhydric label assigned.,BONA,AK642,51754.0,118,"Histic Pergelic Cryaquepts, fans, 1 to 20 percent slopes",HisticPergelic Cryaquept,"Coarse-silty, mixed, superactive Typic Aquiturbels",UNMATCHED,No candidate has adequate name or taxonomic agreement.,,,,,,,,,False,False,False,False,False,False,LINKAGE_UNRESOLVED,False,False
39502,S2018AK090023,X1,231,,0,False,0,0,0,False,Indicator evidence only; no final hydric/nonhydric label assigned.,BONA,AK642,51755.0,119,"Histic Pergelic Cryaquepts, 15 to 45 percent slopes",HisticPergelic Cryaquepts,"Loamy-skeletal, mixed, superactive, acid Typic Cryorthents",EXACT,Unique exact normalized NASIS taxon/component-name match within the intersected map unit.,26724666.0,Histic Pergelic Cryaquepts,90.0,Yes,Poorly drained,Yes,2,yes,True,True,False,False,False,False,SSURGO_POSITIVE_MORPH_NOT_DEMONSTRATED,False,False
39503,S2018AK090027,X1,231,,0,False,0,0,0,False,Indicator evidence only; no final hydric/nonhydric label assigned.,BONA,AK642,51758.0,122,"Histic Pergelic Cryaquepts-Typic Cryochrepts complex, 15 to 45 percent slopes",Steese,"Loamy-skeletal, superactive Typic Haplocryepts",UNMATCHED,No candidate has adequate name or taxonomic agreement.,,,,,,,,,False,False,False,False,False,False,LINKAGE_UNRESOLVED,False,False
39504,S2018AK090028,X1,231,,0,False,0,0,0,False,Indicator evidence only; no final hydric/nonhydric label assigned.,BONA,AK642,51754.0,118,"Histic Pergelic Cryaquepts, fans, 1 to 20 percent slopes",Fairbanks,"Coarse-loamy, mixed, superactive Fluvaquentic Haplocryepts",UNMATCHED,No candidate has adequate name or taxonomic agreement.,,,,,,,,,False,False,False,False,False,False,LINKAGE_UNRESOLVED,False,False
43156,S2021CA019001,D,22A,,0,False,11,1,10,False,Indicator evidence only; no final hydric/nonhydric label assigned.,TEAK,CA750,465137.0,162,"Stecum family, 3 to 35 percent slopes",Sirretta,"Sandy-skeletal, isotic, frigid Vitrandic Xerorthents",AMBIGUOUS,Multiple plausible candidates remain without a decisive name/taxonomy margin.,,,,,,,,,False,False,False,False,True,False,LINKAGE_UNRESOLVED,False,False
43157,S2021CA019002,D,22A,,0,False,11,3,8,False,Indicator evidence only; no final hydric/nonhydric label assigned.,TEAK,CA750,465139.0,164,"Stecum family-Rock outcrop complex, 5 to 45 percent slopes",Windowpeak,"Sandy-skeletal, isotic, frigid Vitrandic Humixerepts",UNMATCHED,No candidate has adequate name or taxonomic agreement.,,,,,,,,,False,False,False,False,True,False,LINKAGE_UNRESOLVED,False,False
43158,S2021CA019003,D,22A,,0,False,11,1,10,False,Indicator evidence only; no final hydric/nonhydric label assigned.,TEAK,CA750,465137.0,162,"Stecum family, 3 to 35 percent slopes",Lackey,"Sandy-skeletal, isotic, frigid Vitrandic Xerorthents",AMBIGUOUS,Multiple plausible candidates remain without a decisive name/taxonomy margin.,,,,,,,,,False,False,False,False,True,False,LINKAGE_UNRESOLVED,False,False
43159,S2021CA019004,D,22A,,0,False,11,5,6,False,Indicator evidence only; no final hydric/nonhydric label assigned.,TEAK,CA750,465122.0,147,Rock outcrop,Windowpeak,"Sandy-skeletal, isotic, frigid Vitrandic Humixerepts",UNMATCHED,No candidate has adequate name or taxonomic agreement.,,,,,,,,,False,False,False,False,True,False,LINKAGE_UNRESOLVED,False,False
43160,S2021CA019005,D,22A,,0,False,11,3,8,False,Indicator evidence only; no final hydric/nonhydric label assigned.,TEAK,CA750,465134.0,159,"Sirretta family-Rock outcrop complex, 15 to 45 percent slopes",Hockett,"Sandy, isotic, frigid Vitrandic Humixerepts",UNMATCHED,No candidate has adequate name or taxonomic agreement.,,,,,,,,,False,False,False,False,True,False,LINKAGE_UNRESOLVED,False,False
43161,S2021CA019006,D,22A,,0,False,11,5,6,False,Indicator evidence only; no final hydric/nonhydric label assigned.,TEAK,CA750,465086.0,111,"Cagwin family, 25 to 60 percent slopes",Cannell,"Coarse-loamy, isotic, superactive, frigid Vitrandic Dystroxerepts",UNMATCHED,No candidate has adequate name or taxonomic agreement.,,,,,,,,,False,False,False,False,True,False,LINKAGE_UNRESOLVED,False,False
43162,S2021CA019007,D,22A,,0,False,11,1,10,False,Indicator evidence only; no final hydric/nonhydric label assigned.,TEAK,CA750,465133.0,158,"Sirretta family, 25 to 50 percent slopes",Hockett,"Sandy, isotic, frigid Vitrandic Humixerepts",UNMATCHED,No candidate has adequate name or taxonomic agreement.,,,,,,,,,False,False,False,False,True,False,LINKAGE_UNRESOLVED,False,False
43163,S2021CA019008,D,22A,,0,False,11,5,6,False,Indicator evidence only; no final hydric/nonhydric label assigned.,TEAK,CA750,465136.0,161,"Sirretta family and Umpa family, wet, 2 to 25 percent slopes",Beetlerock,"Coarse-loamy, isotic, frigid Vitrandic Humixerepts",UNMATCHED,No candidate has adequate name or taxonomic agreement.,,,,,,,,,False,False,False,False,True,False,LINKAGE_UNRESOLVED,False,False
43164,S2021CA019009,D,22A,,0,False,11,1,10,False,Indicator evidence only; no final hydric/nonhydric label assigned.,TEAK,CA750,465136.0,161,"Sirretta family and Umpa family, wet, 2 to 25 percent slopes",Dorst,"Mixed, frigid Lithic Xeropsamments",UNMATCHED,No candidate has adequate name or taxonomic agreement.,,,,,,,,,False,False,False,False,True,False,LINKAGE_UNRESOLVED,False,False
43165,S2021CA019010,D,22A,,0,False,11,3,8,False,Indicator evidence only; no final hydric/nonhydric label assigned.,TEAK,CA750,465119.0,144,"Lithic Xeropsamments-Rock outcrop association, 5 to 40 percent slopes",Halstead,"Sandy-skeletal, isotic, frigid Vitrandic Humixerepts",UNMATCHED,No candidate has adequate name or taxonomic agreement.,,,,,,,,,False,False,False,False,True,False,LINKAGE_UNRESOLVED,False,False
43166,S2021CA019011,D,22A,,0,False,11,3,8,False,Indicator evidence only; no final hydric/nonhydric label assigned.,TEAK,CA750,465086.0,111,"Cagwin family, 25 to 60 percent slopes",Hockett,"Sandy, isotic, frigid Vitrandic Humixerepts",UNMATCHED,No candidate has adequate name or taxonomic agreement.,,,,,,,,,False,False,False,False,True,False,LINKAGE_UNRESOLVED,False,False
43167,S2021CA019012,D,22A,,0,False,11,5,6,False,Indicator evidence only; no final hydric/nonhydric label assigned.,TEAK,CA750,465134.0,159,"Sirretta family-Rock outcrop complex, 15 to 45 percent slopes",Badgerpass,"Sandy, isotic, frigid Humic Dystroxerepts",UNMATCHED,No candidate has adequate name or taxonomic agreement.,,,,,,,,,False,False,False,False,True,False,LINKAGE_UNRESOLVED,False,False
